DateTime,1RV-T,2RH-T,3RH-T,4RH-T
2026-04-30 23:48:00,0.23725,0.0966,0.54914,0.32442
2026-05-01 00:48:00,0.25068,0.11733,0.54403,0.33099
2026-05-01 01:48:00,0.23998,0.09797,0.55125,0.34484
2026-05-01 02:48:00,0.24168,0.11417,0.54062,0.32734
2026-05-01 03:48:00,0.23965,0.09558,0.56422,0.31847
2026-05-01 04:48:00,0.23975,0.09795,0.55913,0.33418
2026-05-01 05:48:00,0.23456,0.10791,0.55899,0.3524
2026-05-01 06:48:00,0.23645,0.10214,0.55782,0.33795
2026-05-01 07:48:00,0.22591,0.10037,0.54249,0.315
2026-05-01 08:48:00,0.2271,0.08414,0.56251,0.30575
2026-05-01 09:48:00,0.22987,0.10292,0.54384,0.27912
2026-05-01 10:48:00,0.22028,0.09645,0.54666,0.24722
2026-05-01 11:48:00,0.21209,0.09165,0.55433,0.25832
2026-05-01 12:48:00,0.21188,0.09851,0.54523,0.24908
2026-05-01 13:48:00,0.22158,0.11473,0.5543,0.24649
2026-05-01 14:48:00,0.21165,0.09199,0.54969,0.24769
2026-05-01 15:48:00,0.21729,0.09347,0.55454,0.2513
2026-05-01 16:48:00,0.22395,0.08881,0.54726,0.2478
2026-05-01 17:48:00,0.2366,0.10253,0.56126,0.25547
2026-05-01 18:48:00,0.2297,0.08981,0.57181,0.25241
2026-05-01 19:48:00,0.24932,0.12588,0.54901,0.24188
2026-05-01 20:48:00,0.25233,0.11655,0.52241,0.27323
2026-05-01 21:48:00,0.24433,0.09539,0.54779,0.30679
2026-05-01 22:48:00,0.39536,0.15362,0.55213,0.29999
2026-05-01 23:48:00,0.27128,0.12212,0.53619,0.30968
2026-05-02 00:48:00,0.28377,0.11087,0.53605,0.31454
2026-05-02 01:48:00,0.2541,0.10255,0.54117,0.31121
2026-05-02 02:48:00,0.23673,0.10958,0.5444,0.31286
2026-05-02 03:48:00,0.24142,0.10452,0.55155,0.32234
2026-05-02 04:48:00,0.24236,0.09691,0.54804,0.31883
2026-05-02 05:48:00,0.24086,0.0998,0.5536,0.32434
2026-05-02 06:48:00,0.24811,0.09981,0.54047,0.32042
2026-05-02 07:48:00,0.23864,0.09831,0.54015,0.32051
2026-05-02 08:48:00,0.2322,0.10311,0.54136,0.27619
2026-05-02 09:48:00,0.22011,0.09253,0.5312,0.27232
2026-05-02 10:48:00,0.23149,0.09628,0.52914,0.31844
2026-05-02 11:48:00,0.22999,0.10409,0.53914,0.29326
2026-05-02 12:48:00,0.22275,0.09335,0.52728,0.27784
2026-05-02 13:48:00,0.2319,0.10944,0.5417,0.28337
2026-05-02 14:48:00,0.2248,0.10083,0.55214,0.2697
2026-05-02 15:48:00,0.24456,0.10769,0.52682,0.25586
2026-05-02 16:48:00,0.23507,0.10042,0.52968,0.2659
2026-05-02 17:48:00,0.24458,0.09906,0.54548,0.28812
2026-05-02 18:48:00,0.25198,0.10887,0.54364,0.30196
2026-05-02 19:48:00,0.26491,0.11642,0.55212,0.32442
2026-05-02 20:48:00,0.2669,0.11987,0.53644,0.29631
2026-05-02 21:48:00,0.26499,0.10249,0.54013,0.29274
2026-05-02 22:48:00,0.25992,0.10946,0.52339,0.26852
2026-05-02 23:48:00,0.26629,0.10937,0.56119,0.25021
2026-05-03 00:48:00,0.26858,0.105,0.55559,0.25111
2026-05-03 01:48:00,0.2642,0.09365,0.57136,0.25314
2026-05-03 02:48:00,0.27074,0.09939,0.57498,0.24316
2026-05-03 03:48:00,0.2704,0.11632,0.52389,0.24536
2026-05-03 04:48:00,0.27613,0.09822,0.54895,0.26122
2026-05-03 05:48:00,0.27021,0.10309,0.54248,0.24363
2026-05-03 06:48:00,0.27094,0.09015,0.56434,0.26713
2026-05-03 07:48:00,0.27348,0.09533,0.55087,0.28224
2026-05-03 08:48:00,0.24805,0.07781,0.55346,0.33475
2026-05-03 09:48:00,0.25673,0.10881,0.49972,0.28244
2026-05-03 10:48:00,0.26064,0.10377,0.5098,0.24304
2026-05-03 11:48:00,0.2714,0.11519,0.52855,0.3319
2026-05-03 12:48:00,0.26489,0.09469,0.53229,0.34227
2026-05-03 13:48:00,0.26551,0.0952,0.56376,0.33597
2026-05-03 14:48:00,0.27131,0.09976,0.57304,0.33209
2026-05-03 15:48:00,0.26809,0.09621,0.55563,0.31997
2026-05-03 16:48:00,0.26477,0.10428,0.58873,0.35007
2026-05-03 17:48:00,0.25783,0.08977,0.5715,0.31888
2026-05-03 18:48:00,0.27894,0.11963,0.58654,0.33233
2026-05-03 19:48:00,0.26792,0.11032,0.58499,0.31941
2026-05-03 20:48:00,0.26699,0.10129,0.65168,0.31841
2026-05-03 21:48:00,0.26426,0.09096,0.64437,0.28109
2026-05-03 22:48:00,0.27055,0.0954,0.63576,0.27936
2026-05-03 23:48:00,0.26943,0.11162,0.55492,0.32025
2026-05-04 00:48:00,0.26891,0.11417,0.54292,0.29965
2026-05-04 01:48:00,0.26218,0.09641,0.48162,0.28623
2026-05-04 02:48:00,0.27951,0.10626,0.51486,0.26843
2026-05-04 03:48:00,0.2794,0.11092,0.52492,0.26273
2026-05-04 04:48:00,0.27705,0.10408,0.47845,0.26128
2026-05-04 05:48:00,0.26996,0.0918,0.47779,0.27537
2026-05-04 06:48:00,0.27989,0.09843,0.52133,0.3187
2026-05-04 07:48:00,0.2792,0.09392,0.47111,0.32546
2026-05-04 08:48:00,0.26191,0.08945,0.49662,0.29075
2026-05-04 09:48:00,0.26525,0.09662,0.48573,0.27583
2026-05-04 10:48:00,0.26673,0.08809,0.51585,0.27355
2026-05-04 11:48:00,0.26576,0.09799,0.00253,0.00305
2026-05-04 12:48:00,0.41503,0.11493,0.00259,0.00327
2026-05-04 13:48:00,0.24095,0.1105,0.68528,0.29859
2026-05-04 14:48:00,0.24169,0.11017,0.77081,0.30297
2026-05-04 15:48:00,0.23987,0.12089,0.92628,0.31612
2026-05-04 16:48:00,0.22744,0.09027,0.75268,0.33554
2026-05-04 17:48:00,0.23082,0.10554,0.79501,0.32296
2026-05-04 18:48:00,0.23706,0.09419,0.65756,0.33062
2026-05-04 19:48:00,0.27687,0.10915,0.54791,0.34749
2026-05-04 20:48:00,0.28591,0.11788,0.55819,0.35058
2026-05-04 21:48:00,0.26712,0.08116,0.67366,0.34581
2026-05-04 22:48:00,0.28839,0.10741,0.6815,0.33611
2026-05-04 23:48:00,0.28809,0.1032,0.71046,0.34866
2026-05-05 00:48:00,0.29752,0.10866,0.66272,0.35918
2026-05-05 01:48:00,0.28824,0.0875,0.65028,0.34456
2026-05-05 02:48:00,0.29501,0.10311,0.65205,0.3195
2026-05-05 03:48:00,0.29802,0.10975,0.66107,0.34504
2026-05-05 04:48:00,0.2951,0.08923,0.64113,0.32873
2026-05-05 05:48:00,0.30463,0.11321,0.65806,0.33907
2026-05-05 06:48:00,0.30713,0.11496,0.6603,0.33848
2026-05-05 07:48:00,0.30286,0.10206,0.65826,0.36158
2026-05-05 08:48:00,0.28845,0.11464,0.65738,0.3397
2026-05-05 09:48:00,0.28394,0.09894,0.65528,0.33038
2026-05-05 10:48:00,0.28452,0.09923,0.66251,0.32808
2026-05-05 11:48:00,0.29294,0.10845,0.67167,0.33015
2026-05-05 12:48:00,0.33429,0.09877,0.66986,0.34794
2026-05-05 13:48:00,0.32362,0.09412,0.66066,0.3369
2026-05-05 14:48:00,0.31612,0.11229,0.66876,0.31953
2026-05-05 15:48:00,0.31485,0.12064,0.66008,0.34021
2026-05-05 16:48:00,0.29833,0.11124,0.65525,0.34672
2026-05-05 17:48:00,0.28685,0.10346,0.66848,0.35182
2026-05-05 18:48:00,0.30146,0.0876,0.6605,0.34669
2026-05-05 19:48:00,0.30702,0.11362,0.65078,0.35845
2026-05-05 20:48:00,0.21282,0.11549,0.6456,0.35391
2026-05-05 21:48:00,0.20001,0.09456,0.64001,0.32959
2026-05-05 22:48:00,0.21725,0.11494,0.63683,0.31439
2026-05-05 23:48:00,0.21665,0.12472,0.62906,0.35625
2026-05-06 00:48:00,0.19664,0.09079,0.62358,0.35332
2026-05-06 01:48:00,0.20664,0.10438,0.59326,0.36408
2026-05-06 02:48:00,0.21029,0.11153,0.62428,0.34184
2026-05-06 03:48:00,0.19176,0.09134,0.63082,0.30936
2026-05-06 04:48:00,0.20781,0.10354,0.63095,0.32088
2026-05-06 05:48:00,0.1947,0.09425,0.63126,0.34541
2026-05-06 06:48:00,0.20328,0.10717,0.60492,0.29223
2026-05-06 07:48:00,0.20106,0.10565,0.62604,0.39385
2026-05-06 08:48:00,0.18032,0.09569,0.57448,0.27903
2026-05-06 09:48:00,0.17406,0.09908,0.59249,0.27356
2026-05-06 10:48:00,0.16944,0.09058,0.60014,0.2917
2026-05-06 11:48:00,0.17319,0.10216,0.00148,0.00147
2026-05-06 12:48:00,0.17424,0.10599,0.00138,0.00135
2026-05-06 13:48:00,0.16419,0.09219,0.00142,0.00135
2026-05-06 14:48:00,0.166,0.10051,0.00135,0.0013
2026-05-06 15:48:00,0.16688,0.10201,0.00138,0.0013
2026-05-06 16:48:00,0.15502,0.0796,0.00137,0.00131
2026-05-06 17:48:00,0.16976,0.09699,0.14781,0.24469
2026-05-06 18:48:00,0.15881,0.08279,0.42666,0.20981
2026-05-06 19:48:00,0.18054,0.09088,0.44313,0.27384
2026-05-06 20:48:00,0.18494,0.08683,0.43988,0.31741
2026-05-06 21:48:00,0.1884,0.10198,0.41772,0.3044
2026-05-06 22:48:00,0.18707,0.09137,0.41494,0.31789
2026-05-06 23:48:00,0.20629,0.11491,0.38104,0.31689
2026-05-07 00:48:00,0.20043,0.11115,0.41704,0.29558
2026-05-07 01:48:00,0.19774,0.10314,0.40459,0.30273
2026-05-07 02:48:00,0.191,0.09464,0.43163,0.31558
2026-05-07 03:48:00,0.20308,0.11343,0.44646,0.33077
2026-05-07 04:48:00,0.19832,0.10186,0.46928,0.32897
2026-05-07 05:48:00,0.20098,0.1042,0.42831,0.33652
2026-05-07 06:48:00,0.18981,0.09181,0.45662,0.34124
2026-05-07 07:48:00,0.18738,0.08226,0.51421,0.35624
2026-05-07 08:48:00,0.18117,0.10681,0.58226,0.34435
2026-05-07 09:48:00,0.17903,0.09383,0.59607,0.32491
2026-05-07 10:48:00,0.18561,0.10002,0.63279,0.29484
2026-05-07 11:48:00,0.18474,0.11065,0.60074,0.29126
2026-05-07 12:48:00,0.1872,0.10846,0.62947,0.32098
2026-05-07 13:48:00,0.18818,0.11108,0.60657,0.30616
2026-05-07 14:48:00,0.19154,0.11833,0.60184,0.33159
2026-05-07 15:48:00,0.18859,0.11412,0.60547,0.31324
2026-05-07 16:48:00,0.18093,0.10742,0.61291,0.31865
2026-05-07 17:48:00,0.19117,0.11173,0.60144,0.34908
2026-05-07 18:48:00,0.18124,0.10037,0.59173,0.28626
2026-05-07 19:48:00,0.22397,0.12762,0.58935,0.30579
2026-05-07 20:48:00,0.18854,0.09115,0.59457,0.3116
2026-05-07 21:48:00,0.21074,0.11415,0.60091,0.30024
2026-05-07 22:48:00,0.20023,0.10633,0.60966,0.24461
2026-05-07 23:48:00,0.18956,0.09282,0.62141,0.24025
2026-05-08 00:48:00,0.19856,0.1129,0.64327,0.24022
2026-05-08 01:48:00,0.20057,0.10841,0.64014,0.23468
2026-05-08 02:48:00,0.20831,0.11837,0.66052,0.2408
2026-05-08 03:48:00,0.20441,0.11371,0.64682,0.23386
2026-05-08 04:48:00,0.19606,0.08842,0.63632,0.23467
2026-05-08 05:48:00,0.2064,0.10886,0.64171,0.23718
2026-05-08 06:48:00,0.20888,0.11138,0.66711,0.24081
2026-05-08 07:48:00,0.20158,0.09945,0.65373,0.23741
2026-05-08 08:48:00,0.1902,0.10133,0.66142,0.23482
2026-05-08 09:48:00,0.19155,0.09964,0.64321,0.23003
2026-05-08 10:48:00,0.19627,0.09103,0.59068,0.22457
2026-05-08 11:48:00,0.21954,0.11382,0.5911,0.22989
2026-05-08 12:48:00,0.1861,0.09356,0.59131,0.24281
2026-05-08 13:48:00,0.19844,0.11711,0.59658,0.23947
2026-05-08 14:48:00,0.20449,0.11229,0.58416,0.25878
2026-05-08 15:48:00,0.19729,0.12151,0.56988,0.24463
2026-05-08 16:48:00,0.19329,0.08589,0.57705,0.25796
2026-05-08 17:48:00,0.18479,0.10639,0.57008,0.25766
2026-05-08 18:48:00,0.2033,0.11807,0.57924,0.24501
2026-05-08 19:48:00,0.1844,0.10228,0.58362,0.2873
2026-05-08 20:48:00,0.19193,0.10679,0.58244,0.2865
2026-05-08 21:48:00,0.18605,0.10494,0.58302,0.30062
2026-05-08 22:48:00,0.18675,0.0988,0.59628,0.28253
2026-05-08 23:48:00,0.18112,0.08903,0.57592,0.28284
2026-05-09 00:48:00,0.202,0.10865,0.58384,0.30515
2026-05-09 01:48:00,0.20056,0.10091,0.61156,0.29268
2026-05-09 02:48:00,0.18475,0.08937,0.59938,0.30592
2026-05-09 03:48:00,0.20371,0.10909,0.60363,0.32703
2026-05-09 04:48:00,0.17944,0.08904,0.59555,0.31365
2026-05-09 05:48:00,0.21489,0.12197,0.60823,0.29804
2026-05-09 06:48:00,0.19983,0.07792,0.60096,0.29923
2026-05-09 07:48:00,0.20283,0.10295,0.55642,0.29662
2026-05-09 08:48:00,0.18664,0.08663,0.57099,0.31894
2026-05-09 09:48:00,0.19703,0.10133,0.57039,0.29469
2026-05-09 10:48:00,0.21433,0.10853,0.54744,0.27203
2026-05-09 11:48:00,0.18853,0.10147,0.5576,0.26038
2026-05-09 12:48:00,0.19067,0.10723,0.56197,0.26397
2026-05-09 13:48:00,0.19389,0.1007,0.57251,0.29973
2026-05-09 14:48:00,0.18669,0.09777,0.56825,0.33178
2026-05-09 15:48:00,0.19445,0.10963,0.58415,0.31655
2026-05-09 16:48:00,0.19661,0.11417,0.5894,0.32967
2026-05-09 17:48:00,0.20762,0.10269,0.58023,0.33798
2026-05-09 18:48:00,0.21117,0.10928,0.60246,0.30651
2026-05-09 19:48:00,0.19624,0.11728,0.56864,0.30843
2026-05-09 20:48:00,0.2096,0.12047,0.56176,0.28619
2026-05-09 21:48:00,0.20579,0.08932,0.58363,0.2902
2026-05-09 22:48:00,0.20146,0.1028,0.59104,0.28417
2026-05-09 23:48:00,0.20623,0.11378,0.59226,0.29614
2026-05-10 00:48:00,0.22027,0.11388,0.5595,0.2981
2026-05-10 01:48:00,0.20212,0.10131,0.54465,0.30212
2026-05-10 02:48:00,0.21046,0.09577,0.5546,0.29633
2026-05-10 03:48:00,0.21397,0.10397,0.52493,0.30448
2026-05-10 04:48:00,0.20959,0.09373,0.53321,0.31545
2026-05-10 05:48:00,0.21204,0.10158,0.53332,0.29695
2026-05-10 06:48:00,0.21859,0.10282,0.53657,0.28036
2026-05-10 07:48:00,0.21485,0.09386,0.54366,0.31208
2026-05-10 08:48:00,0.20571,0.11615,0.54936,0.30451
2026-05-10 09:48:00,0.19428,0.10073,0.53516,0.26749
2026-05-10 10:48:00,0.19436,0.09907,0.5517,0.28678
2026-05-10 11:48:00,0.20458,0.11786,0.55452,0.2944
2026-05-10 12:48:00,0.20881,0.11944,0.55141,0.29534
2026-05-10 13:48:00,0.19575,0.09485,0.56129,0.30143
2026-05-10 14:48:00,0.20049,0.11248,0.55968,0.32386
2026-05-10 15:48:00,0.20584,0.10955,0.54083,0.2841
2026-05-10 16:48:00,0.20958,0.12271,0.54849,0.29796
2026-05-10 17:48:00,0.20504,0.10992,0.5849,0.32392
2026-05-10 18:48:00,0.21367,0.09707,0.5526,0.28338
2026-05-10 19:48:00,0.20376,0.10672,0.54681,0.30325
2026-05-10 20:48:00,0.20908,0.11568,0.54293,0.30281
2026-05-10 21:48:00,0.20021,0.09469,0.49438,0.31234
2026-05-10 22:48:00,0.19975,0.10711,0.50006,0.30847
2026-05-10 23:48:00,0.21174,0.08966,0.51408,0.29328
2026-05-11 00:48:00,0.19829,0.08209,0.48065,0.30192
2026-05-11 01:48:00,0.2015,0.10937,0.49936,0.30816
2026-05-11 02:48:00,0.22226,0.10942,0.47108,0.30283
2026-05-11 03:48:00,0.1949,0.09268,0.49083,0.30324
2026-05-11 04:48:00,0.22733,0.1101,0.47447,0.31924
2026-05-11 05:48:00,0.19661,0.079,0.51995,0.32583
2026-05-11 06:48:00,0.19931,0.09092,0.5173,0.32257
2026-05-11 07:48:00,0.20476,0.10058,0.52556,0.29845
2026-05-11 08:48:00,0.20723,0.10448,0.54663,0.2974
2026-05-11 09:48:00,0.21542,0.10981,0.5474,0.2823
2026-05-11 10:48:00,0.21341,0.10679,0.53879,0.30449
2026-05-11 11:48:00,0.20789,0.11655,0.6725,0.29825
2026-05-11 12:48:00,0.2157,0.09933,0.72952,0.28414
2026-05-11 13:48:00,0.21246,0.09106,0.74632,0.30565
2026-05-11 14:48:00,0.20852,0.10925,0.74501,0.3326
2026-05-11 15:48:00,0.1976,0.09918,0.71051,0.36381
2026-05-11 16:48:00,0.21047,0.11598,0.76,0.3861
2026-05-11 17:48:00,0.20769,0.11922,0.75114,0.37912
2026-05-11 18:48:00,0.20094,0.10188,0.69457,0.3854
2026-05-11 19:48:00,0.20739,0.11913,0.70674,0.36772
2026-05-11 20:48:00,0.20853,0.0976,0.74832,0.30508
2026-05-11 21:48:00,0.17993,0.08186,0.79842,0.34855
2026-05-11 22:48:00,0.2106,0.09413,0.82734,0.33264
2026-05-11 23:48:00,0.20071,0.10977,0.86763,0.33216
2026-05-12 00:48:00,0.19297,0.09883,0.82119,0.34349
2026-05-12 01:48:00,0.19216,0.09832,0.77238,0.35749
2026-05-12 02:48:00,0.18691,0.09674,0.77459,0.32424
2026-05-12 03:48:00,0.19996,0.1009,0.73031,0.31986
2026-05-12 04:48:00,0.2127,0.09059,0.70915,0.32873
2026-05-12 05:48:00,0.2078,0.10648,0.70366,0.34969
2026-05-12 06:48:00,0.19739,0.09561,0.6777,0.35387
2026-05-12 07:48:00,0.19388,0.10486,0.60868,0.35903
2026-05-12 08:48:00,0.19916,0.10723,0.65535,0.29111
2026-05-12 09:48:00,0.19785,0.08886,0.60237,0.30427
2026-05-12 10:48:00,0.2022,0.09835,0.66865,0.28437
2026-05-12 11:48:00,0.19487,0.10274,0.48846,0.2946
2026-05-12 12:48:00,0.1913,0.10535,0.58751,0.29501
2026-05-12 13:48:00,0.18405,0.08553,0.70793,0.29084
2026-05-12 14:48:00,0.20819,0.12209,0.52041,0.30832
2026-05-12 15:48:00,0.19976,0.11547,0.52655,0.31301
2026-05-12 16:48:00,0.18336,0.08446,0.53761,0.33735
2026-05-12 17:48:00,0.20347,0.09871,0.57561,0.39139
2026-05-12 18:48:00,0.18885,0.09443,0.56818,0.38494
2026-05-12 19:48:00,0.20158,0.11926,0.62628,0.36258
2026-05-12 20:48:00,0.19876,0.10599,0.64957,0.37087
2026-05-12 21:48:00,0.19764,0.10341,0.62603,0.32419
2026-05-12 22:48:00,0.19909,0.09946,0.56688,0.31924
2026-05-12 23:48:00,0.19531,0.09462,0.62966,0.33424
2026-05-13 00:48:00,0.21001,0.10476,0.62249,0.30938
2026-05-13 01:48:00,0.23239,0.11772,0.61948,0.27914
2026-05-13 02:48:00,0.20185,0.09802,0.60843,0.3018
2026-05-13 03:48:00,0.20433,0.10628,0.64118,0.28793
2026-05-13 04:48:00,0.19419,0.09005,0.60693,0.30797
2026-05-13 05:48:00,0.21769,0.10908,0.62453,0.2448
2026-05-13 06:48:00,0.22624,0.09358,0.61021,0.24441
2026-05-13 07:48:00,0.21259,0.09452,0.50576,0.23953
2026-05-13 08:48:00,0.20583,0.09833,0.53588,0.29785
2026-05-13 09:48:00,0.21772,0.11673,0.55177,0.29907
2026-05-13 10:48:00,0.21563,0.11034,0.49688,0.26131
2026-05-13 11:48:00,0.2162,0.09681,0.54371,0.31061
2026-05-13 12:48:00,0.21537,0.12641,0.55308,0.31783
2026-05-13 13:48:00,0.20979,0.10179,0.50188,0.33388
2026-05-13 14:48:00,0.21043,0.11468,0.50352,0.38557
2026-05-13 15:48:00,0.20199,0.08755,0.53869,0.36578
2026-05-13 16:48:00,0.22678,0.11471,0.60141,0.36474
2026-05-13 17:48:00,0.21512,0.11824,0.65075,0.36437
2026-05-13 18:48:00,0.21416,0.10657,0.65141,0.35592
2026-05-13 19:48:00,0.2117,0.09827,0.45116,0.38383
2026-05-13 20:48:00,0.19989,0.08624,0.55101,0.38632
2026-05-13 21:48:00,0.21396,0.08919,0.59702,0.36717
2026-05-13 22:48:00,0.21295,0.09136,0.62717,0.33203
2026-05-13 23:48:00,0.21994,0.10486,0.55272,0.27333
2026-05-14 00:48:00,0.21036,0.08627,0.61709,0.27569
2026-05-14 01:48:00,0.20985,0.08211,0.6393,0.36259
2026-05-14 02:48:00,0.21575,0.0907,0.63964,0.36435
2026-05-14 03:48:00,0.22037,0.10649,0.61796,0.34746
2026-05-14 04:48:00,0.23074,0.11918,0.62268,0.3475
2026-05-14 05:48:00,0.22403,0.11249,0.6167,0.36408
2026-05-14 06:48:00,0.21888,0.0903,0.6204,0.37354
2026-05-14 07:48:00,0.21249,0.10011,0.60836,0.33903
2026-05-14 08:48:00,0.20976,0.0911,0.60461,0.36923
2026-05-14 09:48:00,0.22918,0.09405,0.58645,0.33926
2026-05-14 10:48:00,0.21568,0.09458,0.58974,0.36495
2026-05-14 11:48:00,0.23298,0.10209,0.63097,0.4913
2026-05-14 12:48:00,0.21834,0.1044,0.64005,0.46002
2026-05-14 13:48:00,0.23279,0.10301,0.60464,0.3432
2026-05-14 14:48:00,0.21837,0.09414,0.61494,0.37479
2026-05-14 15:48:00,0.21587,0.10119,0.61547,0.35588
2026-05-14 16:48:00,0.22686,0.1102,0.60513,0.35563
2026-05-14 17:48:00,0.21943,0.09999,0.63382,0.3511
2026-05-14 18:48:00,0.20711,0.0845,0.62041,0.36225
2026-05-14 19:48:00,0.22315,0.10728,0.62149,0.33512
2026-05-14 20:48:00,0.21759,0.09316,0.58889,0.32971
2026-05-14 21:48:00,0.22477,0.09016,0.58142,0.3264
2026-05-14 22:48:00,0.22639,0.0892,0.58619,0.33063
2026-05-14 23:48:00,0.21517,0.09214,0.59138,0.32322
2026-05-15 00:48:00,0.21918,0.09299,0.59861,0.31653
2026-05-15 01:48:00,0.24276,0.09147,0.60077,0.31906
2026-05-15 02:48:00,0.21891,0.0951,0.59733,0.34878
2026-05-15 03:48:00,0.2219,0.10706,0.5765,0.36798
2026-05-15 04:48:00,0.21385,0.0987,0.61161,0.37254
2026-05-15 05:48:00,0.2222,0.10774,0.61069,0.32244
2026-05-15 06:48:00,0.21404,0.09671,0.60172,0.33106
2026-05-15 07:48:00,0.21046,0.09717,0.60822,0.34956
2026-05-15 08:48:00,0.21959,0.08749,0.60597,0.34279
2026-05-15 09:48:00,0.2232,0.109,0.61272,0.33825
2026-05-15 10:48:00,0.21969,0.09282,0.60084,0.35398
2026-05-15 11:48:00,0.22742,0.09063,0.61103,0.3427
2026-05-15 12:48:00,0.21679,0.10081,0.59669,0.33487
2026-05-15 13:48:00,0.22945,0.08831,0.59028,0.33743
2026-05-15 14:48:00,0.22462,0.12045,0.56497,0.34643
2026-05-15 15:48:00,0.21835,0.10274,0.57034,0.36899
2026-05-15 16:48:00,0.22627,0.09818,0.50302,0.35293
2026-05-15 17:48:00,0.22248,0.11677,0.55105,0.35664
2026-05-15 18:48:00,0.22407,0.11765,0.50377,0.33873
2026-05-15 19:48:00,0.22701,0.11697,0.49736,0.33318
2026-05-15 20:48:00,0.22459,0.1253,0.51014,0.34215
2026-05-15 21:48:00,0.22186,0.11515,0.49598,0.33153
2026-05-15 22:48:00,0.23635,0.10639,0.52427,0.34291
2026-05-15 23:48:00,0.21726,0.09052,0.49664,0.33057
2026-05-16 00:48:00,0.20363,0.08083,0.48261,0.34303
2026-05-16 01:48:00,0.22857,0.09168,0.47465,0.32708
2026-05-16 02:48:00,0.23024,0.104,0.48878,0.3412
2026-05-16 03:48:00,0.20706,0.09355,0.53469,0.33837
2026-05-16 04:48:00,0.23242,0.08143,0.59907,0.3392
2026-05-16 05:48:00,0.24313,0.10512,0.58544,0.33666
2026-05-16 06:48:00,0.23523,0.0837,0.60119,0.33282
2026-05-16 07:48:00,0.22608,0.09968,0.62422,0.34094
2026-05-16 08:48:00,0.21993,0.09788,0.61494,0.34974
2026-05-16 09:48:00,0.23911,0.10027,0.6385,0.34662
2026-05-16 10:48:00,0.23921,0.11445,0.63832,0.34747
2026-05-16 11:48:00,0.23241,0.09774,0.5828,0.36503
2026-05-16 12:48:00,0.23628,0.10496,0.60046,0.3637
2026-05-16 13:48:00,0.21854,0.09112,0.61188,0.35193
2026-05-16 14:48:00,0.2357,0.10034,0.61245,0.35067
2026-05-16 15:48:00,0.22819,0.11802,0.61388,0.33449
2026-05-16 16:48:00,0.2157,0.09412,0.62771,0.33881
2026-05-16 17:48:00,0.23813,0.11447,0.62918,0.33691
2026-05-16 18:48:00,0.21494,0.09331,0.63206,0.36642
2026-05-16 19:48:00,0.22084,0.09612,0.62964,0.39615
2026-05-16 20:48:00,0.21843,0.09718,0.61863,0.37869
2026-05-16 21:48:00,0.22703,0.11305,0.63213,0.36731
2026-05-16 22:48:00,0.22014,0.0963,0.63605,0.3566
2026-05-16 23:48:00,0.21734,0.08954,0.63175,0.35596
2026-05-17 00:48:00,0.22571,0.10082,0.61441,0.33572
2026-05-17 01:48:00,0.25218,0.11782,0.6129,0.3464
2026-05-17 02:48:00,0.24883,0.10823,0.59622,0.34037
2026-05-17 03:48:00,0.22812,0.09232,0.59484,0.33994
2026-05-17 04:48:00,0.23891,0.09373,0.59076,0.33688
2026-05-17 05:48:00,0.233,0.089,0.55376,0.32032
2026-05-17 06:48:00,0.25844,0.10723,0.59418,0.33412
2026-05-17 07:48:00,0.26346,0.09847,0.62159,0.3456
2026-05-17 08:48:00,0.23792,0.10401,0.60393,0.33588
2026-05-17 09:48:00,0.24117,0.10487,0.5286,0.35263
2026-05-17 10:48:00,0.23818,0.0934,0.56155,0.33134
2026-05-17 11:48:00,0.23966,0.1086,0.35406,0.37359
2026-05-17 12:48:00,0.25032,0.11833,0.47926,0.34978
2026-05-17 13:48:00,0.24462,0.08426,0.46708,0.34566
2026-05-17 14:48:00,0.24444,0.11446,0.4796,0.3624
2026-05-17 15:48:00,0.24648,0.12482,0.44372,0.38755
2026-05-17 16:48:00,0.25356,0.1054,0.45452,0.36909
2026-05-17 17:48:00,0.25539,0.10032,0.5211,0.35778
2026-05-17 18:48:00,0.25778,0.11946,0.57966,0.35474
2026-05-17 19:48:00,0.24562,0.09763,0.5961,0.34904
2026-05-17 20:48:00,0.24078,0.08714,0.60142,0.36682
2026-05-17 21:48:00,0.25305,0.10802,0.59396,0.36
2026-05-17 22:48:00,0.24323,0.10544,0.60642,0.36174
2026-05-17 23:48:00,0.24353,0.11011,0.56186,0.40184
2026-05-18 00:48:00,0.24469,0.10225,0.61156,0.39921
2026-05-18 01:48:00,0.24384,0.10307,0.61111,0.35846
2026-05-18 02:48:00,0.23632,0.09714,0.54329,0.3245
2026-05-18 03:48:00,0.23651,0.09776,0.56609,0.31428
2026-05-18 04:48:00,0.24491,0.11577,0.57682,0.32461
2026-05-18 05:48:00,0.24715,0.09797,0.59208,0.33088
2026-05-18 06:48:00,0.23962,0.10504,0.60102,0.32166
2026-05-18 07:48:00,0.24271,0.10545,0.60005,0.32733
2026-05-18 08:48:00,0.25057,0.11161,0.60272,0.27828
2026-05-18 09:48:00,0.23696,0.09396,0.60383,0.29588
2026-05-18 10:48:00,0.23714,0.10652,0.0024,0.00369
2026-05-18 11:48:00,0.2365,0.11478,0.00247,0.00319
2026-05-18 12:48:00,0.22885,0.09854,0.18093,0.20905
2026-05-18 13:48:00,0.25092,0.12112,0.39258,0.30779
2026-05-18 14:48:00,0.23279,0.09578,0.52318,0.37523
2026-05-18 15:48:00,0.23687,0.11301,0.46419,0.36382
2026-05-18 16:48:00,0.24852,0.11641,0.4871,0.37692
2026-05-18 17:48:00,0.23163,0.09398,0.53946,0.38378
2026-05-18 18:48:00,0.24586,0.10352,0.50466,0.37633
2026-05-18 19:48:00,0.24137,0.09124,0.5714,0.3614
2026-05-18 20:48:00,0.23889,0.12125,0.61201,0.39002
2026-05-18 21:48:00,0.23062,0.09966,0.62954,0.39623
2026-05-18 22:48:00,0.23979,0.10754,0.60789,0.39909
2026-05-18 23:48:00,0.24102,0.09085,0.58389,0.41665
2026-05-19 00:48:00,0.25518,0.09727,0.61572,0.42562
2026-05-19 01:48:00,0.25556,0.09727,0.61826,0.40268
2026-05-19 02:48:00,0.24377,0.10125,0.60307,0.40943
2026-05-19 03:48:00,0.27508,0.11796,0.59807,0.3854
2026-05-19 04:48:00,0.24743,0.10133,0.59749,0.38339
2026-05-19 05:48:00,0.26748,0.11079,0.59477,0.37245
2026-05-19 06:48:00,0.24915,0.0986,0.57987,0.36393
2026-05-19 07:48:00,0.26123,0.09582,0.59333,0.35625
2026-05-19 08:48:00,0.25581,0.11291,0.6146,0.3404
2026-05-19 09:48:00,0.26573,0.11738,0.58639,0.40067
2026-05-19 10:48:00,0.25299,0.10813,0.59455,0.42946
2026-05-19 11:48:00,0.24832,0.10811,0.3068,0.45572
2026-05-19 12:48:00,0.24468,0.10372,0.38733,0.45457
2026-05-19 13:48:00,0.24176,0.09743,0.46622,0.42131
2026-05-19 14:48:00,0.24576,0.11115,0.53055,0.41283
2026-05-19 15:48:00,0.24504,0.11536,0.40065,0.42823
2026-05-19 16:48:00,0.25836,0.1134,0.44011,0.40848
2026-05-19 17:48:00,0.25875,0.11116,0.41812,0.3933
2026-05-19 18:48:00,0.25755,0.11986,0.4535,0.36348
2026-05-19 19:48:00,0.26379,0.10253,0.49378,0.39278
2026-05-19 20:48:00,0.26444,0.10401,0.57316,0.36712
2026-05-19 21:48:00,0.26514,0.11672,0.59729,0.37778
2026-05-19 22:48:00,0.25417,0.09596,0.57848,0.39208
2026-05-19 23:48:00,0.27829,0.12775,0.62275,0.36611
2026-05-20 00:48:00,0.24584,0.10254,0.6169,0.37265
2026-05-20 01:48:00,0.24827,0.10264,0.55177,0.40078
2026-05-20 02:48:00,0.2669,0.11258,0.51033,0.41645
2026-05-20 03:48:00,0.25616,0.08988,0.56928,0.39493
2026-05-20 04:48:00,0.24681,0.09191,0.56024,0.39464
2026-05-20 05:48:00,0.23268,0.08523,0.54211,0.35907
2026-05-20 06:48:00,0.24163,0.09514,0.5524,0.3721
2026-05-20 07:48:00,0.24534,0.09262,0.54999,0.4182
2026-05-20 08:48:00,0.25163,0.11023,0.56278,0.37578
2026-05-20 09:48:00,0.23918,0.10047,0.55122,0.35653
2026-05-20 10:48:00,0.23376,0.1096,0.56621,0.36768
2026-05-20 11:48:00,0.24478,0.14215,0.44635,0.37505
2026-05-20 12:48:00,0.23096,0.12226,0.47326,0.37985
2026-05-20 13:48:00,0.23568,0.11585,0.53768,0.36852
2026-05-20 14:48:00,0.23066,0.11824,0.50954,0.34992
2026-05-20 15:48:00,0.21005,0.11266,0.53678,0.37281
2026-05-20 16:48:00,0.21315,0.11659,0.51638,0.40842
2026-05-20 17:48:00,0.22101,0.13041,0.48458,0.39459
2026-05-20 18:48:00,0.23064,0.1404,0.54847,0.40209
2026-05-20 19:48:00,0.20837,0.10533,0.54657,0.37518
2026-05-20 20:48:00,0.20729,0.11388,0.57442,0.38302
2026-05-20 21:48:00,0.23402,0.1347,0.57329,0.43079
2026-05-20 22:48:00,0.22211,0.09511,0.55623,0.39164
2026-05-20 23:48:00,0.2222,0.10019,0.5545,0.36754
2026-05-21 00:48:00,0.22012,0.10523,0.56246,0.38796
2026-05-21 01:48:00,0.22116,0.13229,0.52707,0.37151
2026-05-21 02:48:00,0.21054,0.12004,0.58264,0.39344
2026-05-21 03:48:00,0.20018,0.11218,0.57906,0.3864
2026-05-21 04:48:00,0.20317,0.11535,0.57154,0.37542
2026-05-21 05:48:00,0.20451,0.10907,0.5831,0.38459
2026-05-21 06:48:00,0.22118,0.12505,0.57187,0.3745
2026-05-21 07:48:00,0.20101,0.09708,0.55508,0.35801
2026-05-21 08:48:00,0.20703,0.09908,0.57363,0.37529
2026-05-21 09:48:00,0.19662,0.11074,0.58872,0.37556
2026-05-21 10:48:00,0.21304,0.12248,0.55914,0.36345
2026-05-21 11:48:00,0.19461,0.12344,0.57648,0.36643
2026-05-21 12:48:00,0.19085,0.11355,0.51799,0.37921
2026-05-21 13:48:00,0.19299,0.13084,0.4858,0.38791
2026-05-21 14:48:00,0.20937,0.13147,0.53951,0.35727
2026-05-21 15:48:00,0.20888,0.13867,0.58941,0.35109
2026-05-21 16:48:00,0.20937,0.12623,0.64082,0.35424
2026-05-21 17:48:00,0.2034,0.11635,0.58888,0.38829
2026-05-21 18:48:00,0.20072,0.10365,0.63529,0.37022
2026-05-21 19:48:00,0.20266,0.09968,0.65006,0.36817
2026-05-21 20:48:00,0.21482,0.11577,0.63088,0.35228
2026-05-21 21:48:00,0.21138,0.10674,0.57844,0.34312
2026-05-21 22:48:00,0.19177,0.09887,0.54161,0.41173
2026-05-21 23:48:00,0.18584,0.10954,0.59816,0.36895
2026-05-22 00:48:00,0.20425,0.11009,0.60251,0.35166
2026-05-22 01:48:00,0.19295,0.11696,0.63149,0.362
2026-05-22 02:48:00,0.20436,0.10676,0.6253,0.37319
2026-05-22 03:48:00,0.21812,0.11176,0.61508,0.34449
2026-05-22 04:48:00,0.20986,0.12636,0.60686,0.33475
2026-05-22 05:48:00,0.19225,0.11504,0.62255,0.35201
2026-05-22 06:48:00,0.21301,0.11638,0.62121,0.32215
2026-05-22 07:48:00,0.19278,0.11504,0.5694,0.34308
2026-05-22 08:48:00,0.21389,0.11793,0.5913,0.3731
2026-05-22 09:48:00,0.19367,0.11784,0.59686,0.36863
2026-05-22 10:48:00,0.1825,0.11155,0.62558,0.42419
2026-05-22 11:48:00,0.18678,0.11249,0.60841,0.4086
2026-05-22 12:48:00,0.17628,0.08798,0.59825,0.38679
2026-05-22 13:48:00,0.23813,0.11613,0.61054,0.37667
2026-05-22 14:48:00,0.21622,0.08425,0.60186,0.34989
2026-05-22 15:48:00,0.28813,0.11616,0.5955,0.35533
2026-05-22 16:48:00,0.28933,0.11094,0.60018,0.36547
2026-05-22 17:48:00,0.2822,0.11136,0.57772,0.3628
2026-05-22 18:48:00,0.29212,0.11828,0.52285,0.34756
2026-05-22 19:48:00,0.29651,0.09825,0.55838,0.33093
2026-05-22 20:48:00,0.29008,0.10157,0.58291,0.36028
2026-05-22 21:48:00,0.31166,0.11779,0.59086,0.37755
2026-05-22 22:48:00,0.26807,0.1119,0.60679,0.36518
2026-05-22 23:48:00,0.24557,0.10664,0.57676,0.33454
2026-05-23 00:48:00,0.24924,0.11176,0.57344,0.32909
2026-05-23 01:48:00,0.24382,0.114,0.54279,0.34252
2026-05-23 02:48:00,0.25744,0.10164,0.57939,0.34896
2026-05-23 03:48:00,0.2623,0.12484,0.57429,0.37572
2026-05-23 04:48:00,0.2635,0.10974,0.57439,0.36192
2026-05-23 05:48:00,0.16544,0.11743,0.56394,0.34203
2026-05-23 06:48:00,0.19537,0.10328,0.57523,0.34853
2026-05-23 07:48:00,0.18052,0.11078,0.57484,0.33204
2026-05-23 08:48:00,0.16392,0.09522,0.53765,0.3358
2026-05-23 09:48:00,0.16672,0.11311,0.56077,0.34439
2026-05-23 10:48:00,0.18867,0.11348,0.56976,0.36007
2026-05-23 11:48:00,0.20101,0.10851,0.57611,0.3639
2026-05-23 12:48:00,0.19724,0.15651,0.56856,0.34071
2026-05-23 13:48:00,0.16078,0.12508,0.58341,0.32565
2026-05-23 14:48:00,0.20561,0.12836,0.57808,0.3536
2026-05-23 15:48:00,0.19723,0.10536,0.54111,0.35231
2026-05-23 16:48:00,0.16327,0.11247,0.56224,0.3521
2026-05-23 17:48:00,0.18646,0.1236,0.5669,0.35037
2026-05-23 18:48:00,0.19881,0.12696,0.57855,0.35975
2026-05-23 19:48:00,0.20248,0.10299,0.57298,0.36966
2026-05-23 20:48:00,0.1816,0.08941,0.58183,0.35219
2026-05-23 21:48:00,0.19864,0.10359,0.58689,0.34375
2026-05-23 22:48:00,0.18719,0.11421,0.57504,0.35356
2026-05-23 23:48:00,0.18366,0.10586,0.58454,0.35246
2026-05-24 00:48:00,0.20194,0.1029,0.57445,0.38426
2026-05-24 01:48:00,0.19602,0.11568,0.58278,0.35854
2026-05-24 02:48:00,0.17528,0.10552,0.58608,0.36242
2026-05-24 03:48:00,0.18158,0.10235,0.57893,0.35918
2026-05-24 04:48:00,0.19909,0.10858,0.59354,0.3576
2026-05-24 05:48:00,0.20679,0.11576,0.59758,0.35496
2026-05-24 06:48:00,0.17351,0.10311,0.59458,0.35297
2026-05-24 07:48:00,0.19034,0.1073,0.60378,0.35069
2026-05-24 08:48:00,0.177,0.09388,0.60461,0.3477
2026-05-24 09:48:00,0.18331,0.0918,0.60694,0.32278
2026-05-24 10:48:00,0.17649,0.10687,0.64776,0.34786
2026-05-24 11:48:00,0.17912,0.10356,0.61622,0.34128
2026-05-24 12:48:00,0.18039,0.10885,0.51226,0.35155
2026-05-24 13:48:00,0.17902,0.12184,0.48449,0.32971
2026-05-24 14:48:00,0.17155,0.11321,0.47609,0.3658
2026-05-24 15:48:00,0.1838,0.11619,0.49184,0.37061
2026-05-24 16:48:00,0.18196,0.11414,0.50142,0.3875
2026-05-24 17:48:00,0.18528,0.12606,0.49467,0.38101
2026-05-24 18:48:00,0.1872,0.10946,0.50517,0.3873
2026-05-24 19:48:00,0.17913,0.12003,0.52179,0.41029
2026-05-24 20:48:00,0.18802,0.10703,0.51118,0.40187
2026-05-24 21:48:00,0.18405,0.10338,0.5244,0.40531
2026-05-24 22:48:00,0.20141,0.10743,0.52855,0.40873
2026-05-24 23:48:00,0.18217,0.11176,0.52123,0.42377
2026-05-25 00:48:00,0.18088,0.10852,0.52805,0.43328
2026-05-25 01:48:00,0.17845,0.11444,0.53893,0.43083
2026-05-25 02:48:00,0.18571,0.10207,0.54727,0.44556
2026-05-25 03:48:00,0.19167,0.11292,0.5318,0.46349
2026-05-25 04:48:00,0.19226,0.09828,0.568,0.46366
2026-05-25 05:48:00,0.19311,0.1122,0.58026,0.47416
2026-05-25 06:48:00,0.17305,0.08953,0.56382,0.46153
2026-05-25 07:48:00,0.18036,0.10079,0.56444,0.46059
2026-05-25 08:48:00,0.17205,0.09171,0.58283,0.45256
2026-05-25 09:48:00,0.16039,0.10001,0.58971,0.42191
2026-05-25 10:48:00,0.16541,0.10272,0.59566,0.38131
2026-05-25 11:48:00,0.15262,0.0988,0.54601,0.46823
2026-05-25 12:48:00,0.17007,0.11778,0.55462,0.43304
2026-05-25 13:48:00,0.15833,0.10354,0.5294,0.43016
2026-05-25 14:48:00,0.14772,0.08472,0.51866,0.46115
2026-05-25 15:48:00,0.1565,0.11528,0.47934,0.49934
2026-05-25 16:48:00,0.14635,0.09789,0.46869,0.49364
2026-05-25 17:48:00,0.16778,0.1213,0.46293,0.50347
2026-05-25 18:48:00,0.17639,0.12422,0.48508,0.53212
2026-05-25 19:48:00,0.20411,0.12702,0.50569,0.50519
2026-05-25 20:48:00,0.17852,0.09674,0.5093,0.54768
2026-05-25 21:48:00,0.19745,0.10634,0.51491,0.5556
2026-05-25 22:48:00,0.20332,0.12032,0.51326,0.54831
2026-05-25 23:48:00,0.21201,0.11754,0.52586,0.54965
2026-05-26 00:48:00,0.17487,0.11305,0.46184,0.50777
2026-05-26 01:48:00,0.20305,0.10806,0.5217,0.53781
2026-05-26 02:48:00,0.17631,0.11577,0.50118,0.52207
2026-05-26 03:48:00,0.16628,0.09874,0.50477,0.53972
2026-05-26 04:48:00,0.16329,0.09595,0.49661,0.49937
2026-05-26 05:48:00,0.17772,0.09105,0.50275,0.49556
2026-05-26 06:48:00,0.19336,0.0997,0.5046,0.48146
2026-05-26 07:48:00,0.17359,0.09428,0.50766,0.49012
2026-05-26 08:48:00,0.16702,0.10853,0.50948,0.46643
2026-05-26 09:48:00,0.17425,0.1186,0.51778,0.45055
2026-05-26 10:48:00,0.15975,0.10463,0.63312,0.46113
2026-05-26 11:48:00,0.17762,0.13132,0.83494,0.41515
2026-05-26 12:48:00,0.1636,0.11755,0.95521,0.42445
2026-05-26 13:48:00,0.16159,0.12083,0.73454,0.49865
2026-05-26 14:48:00,0.15698,0.1093,0.50864,0.4869
2026-05-26 15:48:00,0.1718,0.13225,0.65639,0.54669
2026-05-26 16:48:00,0.15786,0.11268,0.71425,0.52365
2026-05-26 17:48:00,0.17163,0.13407,0.00153,0.0015
2026-05-26 18:48:00,0.16573,0.13022,0.00127,0.00128
2026-05-26 19:48:00,0.16862,0.13067,0.00122,0.00121
2026-05-26 20:48:00,0.16849,0.12205,0.00121,0.00118
2026-05-26 21:48:00,0.18199,0.13845,0.0014,0.00135
2026-05-26 22:48:00,0.18939,0.14886,0.00127,0.00125
2026-05-26 23:48:00,0.17373,0.12626,0.00141,0.00139
2026-05-27 00:48:00,0.15589,0.08912,0.00125,0.00125
2026-05-27 01:48:00,0.18164,0.12087,0.0013,0.00126
2026-05-27 02:48:00,0.16636,0.09714,0.00132,0.00136
2026-05-27 03:48:00,0.1896,0.12864,0.00131,0.00139
2026-05-27 04:48:00,0.17179,0.09988,0.00131,0.00131
2026-05-27 05:48:00,0.16999,0.10249,0.00139,0.00134
2026-05-27 06:48:00,0.17205,0.10348,0.00135,0.00133
2026-05-27 07:48:00,0.16944,0.09158,0.0014,0.00133
2026-05-27 08:48:00,0.17679,0.104,0.00127,0.00121
2026-05-27 09:48:00,0.18224,0.11095,0.0013,0.00123
2026-05-27 10:48:00,0.18368,0.11296,0.00131,0.00123
2026-05-27 11:48:00,0.18754,0.11434,0.00133,0.00127
2026-05-27 12:48:00,0.17924,0.09924,0.00131,0.00125
2026-05-27 13:48:00,0.19311,0.11594,0.00134,0.00128
2026-05-27 14:48:00,0.1872,0.11187,0.00133,0.00126
2026-05-27 15:48:00,0.18686,0.10582,0.00136,0.00127
2026-05-27 16:48:00,0.18262,0.10054,0.00131,0.00125
2026-05-27 17:48:00,0.18653,0.10081,0.00129,0.00123
2026-05-27 18:48:00,0.19496,0.11149,0.00137,0.0013
2026-05-27 19:48:00,0.17772,0.08053,0.00134,0.00128
2026-05-27 20:48:00,0.19284,0.10779,0.00134,0.00128
2026-05-27 21:48:00,0.19684,0.11592,0.00134,0.00126
2026-05-27 22:48:00,0.18572,0.08818,0.00135,0.00128
2026-05-27 23:48:00,0.18559,0.09262,0.00132,0.00126
2026-05-28 00:48:00,0.18589,0.09626,0.00134,0.00128
2026-05-28 01:48:00,0.19125,0.1008,0.00137,0.00132
2026-05-28 02:48:00,0.18916,0.10038,0.00133,0.00127
2026-05-28 03:48:00,0.19807,0.11501,0.00135,0.00126
2026-05-28 04:48:00,0.18157,0.09261,0.00134,0.00126
2026-05-28 05:48:00,0.18691,0.09604,0.00137,0.0013
2026-05-28 06:48:00,0.18513,0.09902,0.00136,0.00128
2026-05-28 07:48:00,0.1988,0.11875,0.00209,0.00272
2026-05-28 08:48:00,0.20077,0.11001,0.002,0.00267
2026-05-28 09:48:00,0.18867,0.08904,0.0022,0.00304
2026-05-28 10:48:00,0.19056,0.08908,0.00223,0.00274
2026-05-28 11:48:00,0.18804,0.09184,0.00224,0.003
2026-05-28 12:48:00,0.19916,0.11091,0.00221,0.00289
2026-05-28 13:48:00,0.18542,0.08879,0.0022,0.00314
2026-05-28 14:48:00,0.19626,0.10733,0.00226,0.00292
2026-05-28 15:48:00,0.18707,0.09562,0.0023,0.00343
2026-05-28 16:48:00,0.18667,0.09086,0.00222,0.00279
2026-05-28 17:48:00,0.19122,0.10335,0.00225,0.00288
2026-05-28 18:48:00,0.20055,0.11657,0.00222,0.003
2026-05-28 19:48:00,0.18718,0.08805,0.00224,0.00293
2026-05-28 20:48:00,0.20318,0.11435,0.0022,0.0031
2026-05-28 21:48:00,0.18612,0.10194,0.00152,0.00178
2026-05-28 22:48:00,0.19172,0.09589,0.00157,0.00182
2026-05-28 23:48:00,0.19772,0.10759,0.00156,0.00184
2026-05-29 00:48:00,0.20058,0.11084,0.00158,0.00177
2026-05-29 01:48:00,0.18995,0.07778,0.00165,0.00189
2026-05-29 02:48:00,0.19263,0.08775,0.00165,0.00197
2026-05-29 03:48:00,0.19334,0.08881,0.00155,0.0017
2026-05-29 04:48:00,0.19299,0.08597,0.00158,0.00182
2026-05-29 05:48:00,0.19551,0.09342,0.00154,0.00181
2026-05-29 06:48:00,0.19366,0.07483,0.00157,0.00183
2026-05-29 07:48:00,0.19535,0.08267,0.00164,0.00182
2026-05-29 08:48:00,0.19344,0.09218,0.00291,0.00358
2026-05-29 09:48:00,0.1951,0.08469,0.00221,0.00266
2026-05-29 10:48:00,0.1993,0.0974,0.00226,0.00295
2026-05-29 11:48:00,0.20215,0.09461,0.00226,0.00299
2026-05-29 12:48:00,0.20816,0.10379,0.00205,0.00282
2026-05-29 13:48:00,0.20027,0.09674,0.00225,0.00277
2026-05-29 14:48:00,0.19405,0.08262,0.00228,0.00283
2026-05-29 15:48:00,0.20586,0.11171,0.00218,0.00275
2026-05-29 16:48:00,0.20515,0.11317,0.00228,0.00291
2026-05-29 17:48:00,0.20708,0.11076,0.00233,0.00294
2026-05-29 18:48:00,0.20481,0.10134,0.00213,0.00309
2026-05-29 19:48:00,0.20095,0.10401,0.0016,0.00178
2026-05-29 20:48:00,0.1986,0.09436,0.00139,0.00131
2026-05-29 21:48:00,0.19434,0.09844,0.00134,0.00127
2026-05-29 22:48:00,0.19517,0.08666,0.00142,0.00133
2026-05-29 23:48:00,0.2032,0.10454,0.00139,0.00131
2026-05-30 00:48:00,0.19085,0.07787,0.0014,0.00132
2026-05-30 01:48:00,0.18982,0.08153,0.0014,0.00131
2026-05-30 02:48:00,0.19815,0.09288,0.00144,0.00135
2026-05-30 03:48:00,0.19572,0.08436,0.00141,0.00132
2026-05-30 04:48:00,0.19937,0.09081,0.00141,0.00132
2026-05-30 05:48:00,0.1991,0.08083,0.00144,0.00135
2026-05-30 06:48:00,0.19867,0.07642,0.00146,0.00137
2026-05-30 07:48:00,0.20724,0.08563,0.00148,0.00139
2026-05-30 08:48:00,0.19427,0.07031,0.00147,0.00137
2026-05-30 09:48:00,0.19784,0.08334,0.00139,0.00129
2026-05-30 10:48:00,0.19618,0.07672,0.00144,0.00133
2026-05-30 11:48:00,0.20418,0.09992,0.00142,0.00133
2026-05-30 12:48:00,0.19453,0.07605,0.0014,0.00133
2026-05-30 13:48:00,0.20332,0.09975,0.00142,0.00133
2026-05-30 14:48:00,0.20493,0.1029,0.00138,0.0013
2026-05-30 15:48:00,0.20308,0.09593,0.00141,0.00131
2026-05-30 16:48:00,0.20806,0.10975,0.00143,0.00135
2026-05-30 17:48:00,0.2205,0.12977,0.00138,0.00131
2026-05-30 18:48:00,0.216,0.11844,0.00138,0.00132
2026-05-30 19:48:00,0.20335,0.09181,0.00143,0.00134
2026-05-30 20:48:00,0.20567,0.09961,0.00139,0.00133
2026-05-30 21:48:00,0.20974,0.10447,0.00225,0.00278
2026-05-30 22:48:00,0.2138,0.1019,0.00242,0.00321
2026-05-30 23:48:00,0.22251,0.09881,0.63941,0.45748
