DateTime,1RV-V,2RH-V,3RH-V,4RH-V
2026-05-10 08:48:00,4.72285,3.66919,1.33752,1.50569
2026-05-10 09:48:00,5.49345,4.72045,1.37585,1.52355
2026-05-10 10:48:00,4.56146,3.56063,1.42118,1.64951
2026-05-10 11:48:00,5.3021,4.487,1.46702,1.69061
2026-05-10 12:48:00,4.77529,3.83135,1.48517,1.66961
2026-05-10 13:48:00,4.47712,3.50017,1.44939,1.67644
2026-05-10 14:48:00,4.31432,3.27272,1.43885,1.67424
2026-05-10 15:48:00,4.47892,3.43068,1.40892,1.53878
2026-05-10 16:48:00,4.89771,3.95553,1.45513,1.68488
2026-05-10 17:48:00,4.9392,4.02467,1.51058,1.69983
2026-05-10 18:48:00,4.74481,3.79879,1.44259,1.58983
2026-05-10 19:48:00,4.78163,3.82756,1.46482,1.66687
2026-05-10 20:48:00,4.85099,3.91784,1.43715,1.73143
2026-05-10 21:48:00,4.33845,3.15861,1.43579,1.69335
2026-05-10 22:48:00,4.79511,3.76999,1.39974,1.68678
2026-05-10 23:48:00,4.61624,3.52921,1.39664,1.61931
2026-05-11 00:48:00,5.31557,4.39599,1.3819,1.66741
2026-05-11 01:48:00,4.85919,3.80975,1.34462,1.64381
2026-05-11 02:48:00,4.65606,3.4979,1.48256,1.66383
2026-05-11 03:48:00,4.42504,3.19282,1.47148,1.67918
2026-05-11 04:48:00,4.656,3.47822,1.42825,1.79225
2026-05-11 05:48:00,4.99259,3.91928,1.45344,1.77874
2026-05-11 06:48:00,4.30602,2.91145,1.44559,1.76388
2026-05-11 07:48:00,5.48471,4.43914,1.43931,1.67488
2026-05-11 08:48:00,4.28604,2.85797,1.51469,1.59562
2026-05-11 09:48:00,5.05691,3.96672,1.4396,1.58966
2026-05-11 10:48:00,5.72228,4.81953,1.34539,1.68816
2026-05-11 11:48:00,5.23091,4.09447,1.41906,1.68326
2026-05-11 12:48:00,4.718,3.49811,1.51158,1.59974
2026-05-11 13:48:00,4.95401,3.83126,1.45485,1.58048
2026-05-11 14:48:00,4.11875,2.70087,1.47841,1.63807
2026-05-11 15:48:00,5.48147,4.57228,1.45998,1.6877
2026-05-11 16:48:00,6.00153,5.13309,1.46923,1.6754
2026-05-11 17:48:00,5.40701,4.41013,1.48168,1.72603
2026-05-11 18:48:00,4.42956,3.20546,1.47323,1.77152
2026-05-11 19:48:00,4.33195,3.1711,1.50489,1.7765
2026-05-11 20:48:00,4.15494,3.0876,1.43011,1.67814
2026-05-11 21:48:00,4.06867,2.95045,1.48783,1.64982
2026-05-11 22:48:00,4.6165,3.67704,1.3558,1.66326
2026-05-11 23:48:00,5.36964,4.55605,1.4204,1.66904
2026-05-12 00:48:00,5.76845,5.04799,1.39744,1.64124
2026-05-12 01:48:00,3.97379,2.78675,1.51953,1.65585
2026-05-12 02:48:00,4.24758,3.12146,1.54817,1.63509
2026-05-12 03:48:00,4.18721,2.98423,1.52453,1.73052
2026-05-12 04:48:00,3.97987,2.55938,1.46528,1.70076
2026-05-12 05:48:00,5.43353,4.50028,1.50409,1.73623
2026-05-12 06:48:00,4.85628,3.83501,1.44096,1.70874
2026-05-12 07:48:00,5.28072,4.35149,1.48487,1.70826
2026-05-12 08:48:00,5.78928,4.9341,1.33793,1.61574
2026-05-12 09:48:00,4.90344,3.85277,1.4162,1.69797
2026-05-12 10:48:00,4.90553,3.86498,1.45203,1.67159
2026-05-12 11:48:00,4.52601,3.45001,1.26809,1.69869
2026-05-12 12:48:00,4.725,3.71767,1.31424,1.68128
2026-05-12 13:48:00,5.473,4.64248,1.52577,1.70441
2026-05-12 14:48:00,4.76559,3.76769,1.32992,1.61028
2026-05-12 15:48:00,5.14235,4.25615,1.26499,1.64095
2026-05-12 16:48:00,4.83462,3.86848,1.32976,1.60407
2026-05-12 17:48:00,4.64734,3.61139,1.44097,1.67471
2026-05-12 18:48:00,4.56524,3.51464,1.39615,1.68075
2026-05-12 19:48:00,4.74902,3.68813,1.4553,1.70502
2026-05-12 20:48:00,4.75877,3.66941,1.50555,1.7341
2026-05-12 21:48:00,5.02309,3.95059,1.45238,1.51008
2026-05-12 22:48:00,4.16184,2.71857,1.44134,1.49533
2026-05-12 23:48:00,4.34366,2.96335,1.43604,1.48075
2026-05-13 00:48:00,4.84621,3.63186,1.48875,1.62265
2026-05-13 01:48:00,5.60255,4.54601,1.47887,1.60177
2026-05-13 02:48:00,5.56869,4.55179,1.4949,1.68736
2026-05-13 03:48:00,4.79248,3.48524,1.4718,1.63058
2026-05-13 04:48:00,4.79441,3.45848,1.47442,1.68194
2026-05-13 05:48:00,5.68192,4.51244,1.49925,1.48614
2026-05-13 06:48:00,5.331,4.1532,1.38633,1.39966
2026-05-13 07:48:00,5.24966,4.0246,1.43263,1.43325
2026-05-13 08:48:00,5.48087,4.35186,1.45013,1.75063
2026-05-13 09:48:00,5.48703,4.36538,1.41427,1.68826
2026-05-13 10:48:00,4.99868,3.71953,1.47297,1.68936
2026-05-13 11:48:00,5.6261,4.5466,1.48271,1.69399
2026-05-13 12:48:00,5.41776,4.28512,1.49035,1.73513
2026-05-13 13:48:00,5.26811,4.12125,1.48442,1.78475
2026-05-13 14:48:00,6.37418,5.46972,1.53645,1.7746
2026-05-13 15:48:00,4.51581,3.09291,1.49557,1.7961
2026-05-13 16:48:00,5.91008,4.89345,1.50179,1.76582
2026-05-13 17:48:00,5.70789,4.64494,1.44877,1.65312
2026-05-13 18:48:00,5.1175,3.87868,1.29686,1.53489
2026-05-13 19:48:00,5.16574,3.90676,1.39636,1.61702
2026-05-13 20:48:00,4.54835,2.86884,1.39101,1.64773
2026-05-13 21:48:00,5.05326,3.40265,1.44137,1.56915
2026-05-13 22:48:00,5.37209,3.97189,1.42109,1.5095
2026-05-13 23:48:00,5.06674,3.57501,1.36602,1.52183
2026-05-14 00:48:00,5.12552,3.675,1.41672,1.43916
2026-05-14 01:48:00,5.57028,4.25813,1.43454,1.65235
2026-05-14 02:48:00,5.44635,4.15227,1.42399,1.56489
2026-05-14 03:48:00,5.09078,3.57755,1.44813,1.51581
2026-05-14 04:48:00,5.61542,4.27561,1.44691,1.56702
2026-05-14 05:48:00,5.47396,4.12617,1.42964,1.60326
2026-05-14 06:48:00,5.19201,3.64942,1.46022,1.69537
2026-05-14 07:48:00,5.42621,3.96399,1.45354,1.47812
2026-05-14 08:48:00,5.22796,3.73488,1.41614,1.67393
2026-05-14 09:48:00,4.79009,3.04675,1.38645,1.42498
2026-05-14 10:48:00,5.31648,3.78383,1.44554,1.6899
2026-05-14 11:48:00,6.15358,4.89878,1.49611,1.73113
2026-05-14 12:48:00,5.3886,3.85323,1.39132,1.52717
2026-05-14 13:48:00,5.86002,4.51387,1.36923,1.51961
2026-05-14 14:48:00,5.20633,3.70776,1.51342,1.58944
2026-05-14 15:48:00,5.90016,4.59221,1.50584,1.6261
2026-05-14 16:48:00,5.25905,3.68049,1.4735,1.54573
2026-05-14 17:48:00,4.96985,3.34509,1.44432,1.64186
2026-05-14 18:48:00,5.60779,4.12535,1.45491,1.54042
2026-05-14 19:48:00,5.33094,3.74865,1.53689,1.53459
2026-05-14 20:48:00,5.39721,3.67551,1.50526,1.50414
2026-05-14 21:48:00,5.25224,3.52362,1.38818,1.4267
2026-05-14 22:48:00,5.79474,4.34455,1.25591,1.32032
2026-05-14 23:48:00,4.95899,3.15253,1.40545,1.37092
2026-05-15 00:48:00,5.15579,3.46983,1.37258,1.39621
2026-05-15 01:48:00,5.46848,3.91766,1.33059,1.35564
2026-05-15 02:48:00,5.97705,4.63616,1.28888,1.30903
2026-05-15 03:48:00,4.89599,3.14805,1.33808,1.36275
2026-05-15 04:48:00,5.15976,3.45835,1.38592,1.42758
2026-05-15 05:48:00,5.89279,4.47188,1.36586,1.4073
2026-05-15 06:48:00,5.60556,4.10941,1.40802,1.38724
2026-05-15 07:48:00,4.7993,2.96381,1.35844,1.37484
2026-05-15 08:48:00,5.30394,3.68321,1.42677,1.39113
2026-05-15 09:48:00,5.52737,4.03535,1.42467,1.42984
2026-05-15 10:48:00,4.98399,3.22323,1.40405,1.46776
2026-05-15 11:48:00,5.31917,3.72678,1.40409,1.36622
2026-05-15 12:48:00,5.92225,4.51707,1.32088,1.39434
2026-05-15 13:48:00,4.85156,3.04427,1.19164,1.3262
2026-05-15 14:48:00,5.76911,4.4196,1.16571,1.36954
2026-05-15 15:48:00,5.03099,3.39031,1.20516,1.43076
2026-05-15 16:48:00,5.35843,3.84971,1.25997,1.46372
2026-05-15 17:48:00,5.30493,3.81647,1.37467,1.45451
2026-05-15 18:48:00,5.29312,3.85908,1.40678,1.41465
2026-05-15 19:48:00,5.23457,3.72864,1.4223,1.39651
2026-05-15 20:48:00,5.7295,4.37701,1.40853,1.36182
2026-05-15 21:48:00,5.87771,4.56812,1.43052,1.41286
2026-05-15 22:48:00,5.8189,4.4819,1.40199,1.37389
2026-05-15 23:48:00,4.87805,3.08255,1.44018,1.4308
2026-05-16 00:48:00,4.54588,2.5532,1.29431,1.34807
2026-05-16 01:48:00,5.61422,4.1643,1.31601,1.32324
2026-05-16 02:48:00,5.44818,3.99783,1.42608,1.39253
2026-05-16 03:48:00,6.39955,5.19985,1.43707,1.47246
2026-05-16 04:48:00,5.72059,4.30199,1.48131,1.45334
2026-05-16 05:48:00,5.69899,4.31765,1.45601,1.43578
2026-05-16 06:48:00,5.45266,3.98005,1.42598,1.48235
2026-05-16 07:48:00,5.70922,4.29984,1.24001,1.4062
2026-05-16 08:48:00,5.55023,4.08991,1.48631,1.52936
2026-05-16 09:48:00,6.17056,4.91968,1.50822,1.58766
2026-05-16 10:48:00,5.08697,3.44528,1.47273,1.57514
2026-05-16 11:48:00,4.97784,3.26049,1.46843,1.58367
2026-05-16 12:48:00,5.02597,3.36355,1.52164,1.55201
2026-05-16 13:48:00,6.07267,4.75355,1.57784,1.58066
2026-05-16 14:48:00,4.56189,2.66327,1.4965,1.61968
2026-05-16 15:48:00,4.90292,3.1884,1.46495,1.52393
2026-05-16 16:48:00,4.62551,2.80505,1.50245,1.49648
2026-05-16 17:48:00,5.04959,3.41814,1.51191,1.54866
2026-05-16 18:48:00,5.17031,3.57653,1.54992,1.57495
2026-05-16 19:48:00,5.4166,3.95854,1.46609,1.5479
2026-05-16 20:48:00,5.0256,3.35096,1.47425,1.53237
2026-05-16 21:48:00,5.97712,4.49518,1.48981,1.51564
2026-05-16 22:48:00,5.23581,3.34,1.48155,1.50291
2026-05-16 23:48:00,5.99016,4.46437,1.4484,1.46584
2026-05-17 00:48:00,5.0697,3.08014,1.47937,1.45484
2026-05-17 01:48:00,5.02409,2.89354,1.52992,1.49121
2026-05-17 02:48:00,5.52835,3.52833,1.38702,1.41989
2026-05-17 03:48:00,6.96558,5.56381,1.39185,1.38527
2026-05-17 04:48:00,6.12409,4.0574,1.39549,1.41129
2026-05-17 05:48:00,5.47692,3.18653,1.34785,1.37086
2026-05-17 06:48:00,5.59125,3.32772,1.33652,1.41135
2026-05-17 07:48:00,5.48837,3.28708,1.43573,1.43094
2026-05-17 08:48:00,5.90809,4.076,1.38799,1.41452
2026-05-17 09:48:00,5.5232,3.45548,1.38971,1.4481
2026-05-17 10:48:00,5.11453,2.77336,1.32402,1.38128
2026-05-17 11:48:00,6.16722,4.31668,1.33109,1.47835
2026-05-17 12:48:00,7.00312,5.45883,1.32558,1.46787
2026-05-17 13:48:00,6.08313,4.26011,1.37902,1.48652
2026-05-17 14:48:00,6.69144,5.0445,1.30589,1.51944
2026-05-17 15:48:00,5.85754,3.90288,1.41106,1.52883
2026-05-17 16:48:00,6.09712,4.1366,1.41832,1.5575
2026-05-17 17:48:00,5.78096,3.64117,1.44754,1.4896
2026-05-17 18:48:00,6.53899,4.52038,1.34357,1.48306
2026-05-17 19:48:00,6.26086,4.42142,1.49875,1.4967
2026-05-17 20:48:00,5.89401,3.81751,1.43451,1.48972
2026-05-17 21:48:00,6.05222,3.92882,1.4647,1.51555
2026-05-17 22:48:00,5.7601,3.66448,1.55352,1.49793
2026-05-17 23:48:00,6.14328,4.21063,1.52183,1.60372
2026-05-18 00:48:00,6.87526,5.13024,1.56629,1.64716
2026-05-18 01:48:00,6.03428,3.9287,1.47458,1.60433
2026-05-18 02:48:00,5.4548,3.16133,1.50083,1.64284
2026-05-18 03:48:00,5.63442,3.50536,1.72969,1.76947
2026-05-18 04:48:00,5.59649,3.4674,1.67507,1.70934
2026-05-18 05:48:00,5.71817,3.24872,1.54025,1.7185
2026-05-18 06:48:00,5.81699,3.72727,1.49864,1.63555
2026-05-18 07:48:00,5.69226,3.52583,1.64284,1.60149
2026-05-18 08:48:00,5.70186,3.50094,1.55349,1.49669
2026-05-18 09:48:00,5.83927,3.89296,1.62583,1.57644
2026-05-18 10:48:00,5.29761,3.06687,0.05888,0.06239
2026-05-18 11:48:00,5.40943,3.30453,0.05794,0.05734
2026-05-18 12:48:00,5.49734,3.33808,1.60558,1.68243
2026-05-18 13:48:00,5.63383,3.34434,1.43406,1.4895
2026-05-18 14:48:00,5.28412,2.90719,1.44316,1.57422
2026-05-18 15:48:00,5.95795,3.97062,1.46201,1.6019
2026-05-18 16:48:00,5.72284,3.44975,1.48131,1.59701
2026-05-18 17:48:00,5.38309,3.18705,1.48717,1.63906
2026-05-18 18:48:00,5.85641,3.58844,1.49827,1.55488
2026-05-18 19:48:00,5.55861,3.60352,1.50642,1.49894
2026-05-18 20:48:00,5.58759,3.37715,1.52969,1.50127
2026-05-18 21:48:00,6.43409,4.62167,1.51487,1.50904
2026-05-18 22:48:00,5.85828,3.51159,1.62986,1.49498
2026-05-18 23:48:00,5.88968,3.62039,1.56307,1.45538
2026-05-19 00:48:00,5.60025,3.08023,1.43003,1.34163
2026-05-19 01:48:00,6.29472,4.09055,1.53955,1.40567
2026-05-19 02:48:00,5.94436,3.42742,1.49054,1.39105
2026-05-19 03:48:00,5.87197,3.23937,1.45113,1.45729
2026-05-19 04:48:00,6.79218,4.71801,1.37519,1.41153
2026-05-19 05:48:00,5.91852,3.22732,1.49227,1.36753
2026-05-19 06:48:00,6.25549,3.67452,1.38607,1.35982
2026-05-19 07:48:00,6.192,3.57823,1.55792,1.41579
2026-05-19 08:48:00,6.45298,4.10026,1.60384,1.41442
2026-05-19 09:48:00,6.21841,3.75914,1.60461,1.45553
2026-05-19 10:48:00,6.34997,4.17756,1.64093,1.50017
2026-05-19 11:48:00,5.93808,3.64948,1.39775,1.36976
2026-05-19 12:48:00,5.68879,3.23112,1.49275,1.58548
2026-05-19 13:48:00,5.97582,3.77723,1.54084,1.64462
2026-05-19 14:48:00,5.80539,3.48318,1.533,1.53224
2026-05-19 15:48:00,6.58002,4.71015,1.5152,1.52304
2026-05-19 16:48:00,6.18327,3.96232,1.39526,1.45284
2026-05-19 17:48:00,5.95962,3.45767,1.17448,1.36582
2026-05-19 18:48:00,6.9891,5.09113,1.35514,1.42481
2026-05-19 19:48:00,6.07911,3.27244,1.4268,1.41184
2026-05-19 20:48:00,6.28859,3.66369,1.60837,1.4751
2026-05-19 21:48:00,6.43392,3.78896,1.63141,1.45627
2026-05-19 22:48:00,6.72323,4.34908,1.59221,1.53523
2026-05-19 23:48:00,6.40361,4.07827,1.60009,1.49438
2026-05-20 00:48:00,6.32435,3.92322,1.56518,1.51981
2026-05-20 01:48:00,5.82526,3.22425,1.54097,1.49883
2026-05-20 02:48:00,6.48641,4.19661,1.49548,1.56721
2026-05-20 03:48:00,6.53567,4.38798,1.32358,1.3935
2026-05-20 04:48:00,5.81993,3.33517,1.33962,1.43753
2026-05-20 05:48:00,5.48121,2.78186,1.43634,1.42805
2026-05-20 06:48:00,5.57297,3.02769,1.60711,1.47326
2026-05-20 07:48:00,6.64206,4.82648,1.58527,1.40907
2026-05-20 08:48:00,5.96233,3.74106,1.32015,1.29049
2026-05-20 09:48:00,5.37089,2.92273,1.51862,1.38692
2026-05-20 10:48:00,5.86265,4.03697,1.71223,1.48691
2026-05-20 11:48:00,5.10682,3.01727,1.72701,1.51532
2026-05-20 12:48:00,5.61124,3.90405,1.63341,1.5316
2026-05-20 13:48:00,4.82922,2.84565,1.59796,1.49309
2026-05-20 14:48:00,5.50534,3.94839,1.56665,1.48583
2026-05-20 15:48:00,5.93412,4.63036,1.65361,1.51825
2026-05-20 16:48:00,5.28506,3.8149,1.65754,1.63099
2026-05-20 17:48:00,5.07037,3.44352,1.74185,1.61789
2026-05-20 18:48:00,4.72907,3.01513,1.82355,1.6582
2026-05-20 19:48:00,5.21367,3.94429,1.77845,1.63026
2026-05-20 20:48:00,5.76079,4.66537,1.89003,1.65552
2026-05-20 21:48:00,5.34258,4.0808,1.87237,1.65892
2026-05-20 22:48:00,4.67277,3.1915,1.75792,1.56689
2026-05-20 23:48:00,5.71126,4.61952,1.7375,1.54948
2026-05-21 00:48:00,5.45067,4.33639,1.72366,1.55985
2026-05-21 01:48:00,5.21629,4.02936,1.6626,1.56609
2026-05-21 02:48:00,5.56413,4.50149,1.60704,1.36499
2026-05-21 03:48:00,4.25243,2.84694,1.52591,1.3919
2026-05-21 04:48:00,4.79365,3.58343,1.49076,1.36639
2026-05-21 05:48:00,5.58724,4.57418,1.323,1.3572
2026-05-21 06:48:00,4.7105,3.40395,1.52583,1.47909
2026-05-21 07:48:00,4.7047,3.36679,1.65286,1.50706
2026-05-21 08:48:00,4.74096,3.63504,1.46127,1.43265
2026-05-21 09:48:00,4.77566,3.8746,1.46812,1.42523
2026-05-21 10:48:00,5.26116,4.47947,1.57837,1.4723
2026-05-21 11:48:00,4.20701,3.23607,1.34019,1.46691
2026-05-21 12:48:00,4.5645,3.89461,1.46495,1.54379
2026-05-21 13:48:00,4.70853,3.89323,1.56926,1.54005
2026-05-21 14:48:00,5.80148,5.25567,1.59095,1.51155
2026-05-21 15:48:00,4.02078,2.95387,1.57774,1.48458
2026-05-21 16:48:00,4.20442,2.99296,1.75287,1.58153
2026-05-21 17:48:00,4.24787,2.94003,1.74212,1.58862
2026-05-21 18:48:00,4.307,3.01779,1.66813,1.54241
2026-05-21 19:48:00,4.62025,3.37201,1.66136,1.46613
2026-05-21 20:48:00,4.95841,3.71315,1.68706,1.50978
2026-05-21 21:48:00,5.24313,4.50442,1.56997,1.44718
2026-05-21 22:48:00,4.66139,3.81144,1.55915,1.45145
2026-05-21 23:48:00,4.16603,3.12655,1.45974,1.4244
2026-05-22 00:48:00,4.38148,3.42677,1.46579,1.38817
2026-05-22 01:48:00,5.65825,4.95075,1.35809,1.36866
2026-05-22 02:48:00,5.16542,4.208,1.48509,1.43674
2026-05-22 03:48:00,4.46336,3.33808,1.56058,1.42869
2026-05-22 04:48:00,4.73048,3.79554,1.56016,1.41527
2026-05-22 05:48:00,4.59645,3.74403,1.48737,1.38186
2026-05-22 06:48:00,5.08095,4.26382,1.48894,1.37925
2026-05-22 07:48:00,4.39626,3.56182,1.31302,1.30507
2026-05-22 08:48:00,4.27996,3.32456,1.40038,1.32783
2026-05-22 09:48:00,5.65493,5.07067,1.56846,1.41365
2026-05-22 10:48:00,5.27047,4.6802,1.5673,1.44786
2026-05-22 11:48:00,4.87921,4.24801,1.52132,1.4258
2026-05-22 12:48:00,4.15429,3.05155,1.54009,1.48431
2026-05-22 13:48:00,10.15328,3.50029,1.56957,1.49552
2026-05-22 14:48:00,4.78884,3.02541,1.52726,1.47076
2026-05-22 15:48:00,8.12566,4.70861,1.59618,1.55515
2026-05-22 16:48:00,8.82916,5.32849,1.61237,1.52341
2026-05-22 17:48:00,7.91356,4.0547,1.61953,1.55181
2026-05-22 18:48:00,8.36697,4.53164,1.50672,1.5
2026-05-22 19:48:00,8.69699,4.06237,1.54108,1.51027
2026-05-22 20:48:00,7.87515,2.75523,1.48691,1.44177
2026-05-22 21:48:00,9.53156,5.54475,1.59968,1.545
2026-05-22 22:48:00,7.67829,4.09137,1.48819,1.47848
2026-05-22 23:48:00,7.28587,4.01178,1.45155,1.39917
2026-05-23 00:48:00,7.51562,4.6882,1.44344,1.40234
2026-05-23 01:48:00,6.44562,3.54918,1.44811,1.44837
2026-05-23 02:48:00,8.34071,5.25143,1.37738,1.46847
2026-05-23 03:48:00,7.44941,3.49508,1.34609,1.44765
2026-05-23 04:48:00,8.40862,4.86114,1.50409,1.48509
2026-05-23 05:48:00,10.6357,3.75906,1.40696,1.42451
2026-05-23 06:48:00,7.41046,4.04129,1.43473,1.43663
2026-05-23 07:48:00,6.49236,3.44425,1.43688,1.39932
2026-05-23 08:48:00,6.23133,4.75494,1.39288,1.34713
2026-05-23 09:48:00,4.48577,3.30214,1.41876,1.43765
2026-05-23 10:48:00,6.85189,4.07096,1.43969,1.45826
2026-05-23 11:48:00,6.12179,4.31067,1.19682,1.3502
2026-05-23 12:48:00,47.26546,5.23536,1.40831,1.42748
2026-05-23 13:48:00,9.10486,4.0964,1.43788,1.42168
2026-05-23 14:48:00,9.49482,5.50969,1.47712,1.483
2026-05-23 15:48:00,5.12412,3.40712,1.42814,1.44195
2026-05-23 16:48:00,4.63499,4.01322,1.42407,1.42864
2026-05-23 17:48:00,4.83766,4.29756,1.4234,1.35887
2026-05-23 18:48:00,5.19724,4.23058,1.42739,1.38073
2026-05-23 19:48:00,5.02701,3.95245,1.4538,1.38315
2026-05-23 20:48:00,5.03822,4.21572,1.44258,1.33429
2026-05-23 21:48:00,4.61922,3.69899,1.40305,1.35296
2026-05-23 22:48:00,4.0154,3.03829,1.45117,1.3928
2026-05-23 23:48:00,5.00691,4.2598,1.42579,1.33169
2026-05-24 00:48:00,5.37865,4.65909,1.49698,1.39954
2026-05-24 01:48:00,5.17019,4.52371,1.46925,1.3631
2026-05-24 02:48:00,4.98578,4.34302,1.37597,1.43485
2026-05-24 03:48:00,4.94873,4.26127,1.34561,1.36162
2026-05-24 04:48:00,4.88597,4.21794,1.42809,1.30498
2026-05-24 05:48:00,4.39389,3.59712,1.31345,1.31264
2026-05-24 06:48:00,5.1048,4.53944,1.40262,1.32139
2026-05-24 07:48:00,4.86169,4.30318,1.46614,1.33356
2026-05-24 08:48:00,4.03571,3.1821,1.48874,1.35049
2026-05-24 09:48:00,5.92224,5.45922,1.47717,1.38119
2026-05-24 10:48:00,4.83446,4.19954,1.51645,1.33084
2026-05-24 11:48:00,4.77966,4.01455,1.5055,1.37676
2026-05-24 12:48:00,4.43395,3.78769,1.49129,1.48826
2026-05-24 13:48:00,4.72916,4.14101,1.44583,1.49067
2026-05-24 14:48:00,4.86237,4.2092,1.48663,1.5366
2026-05-24 15:48:00,4.63886,4.08941,1.44312,1.49106
2026-05-24 16:48:00,4.17464,3.56688,1.47273,1.50059
2026-05-24 17:48:00,4.35159,3.78004,1.46623,1.49765
2026-05-24 18:48:00,4.71418,4.06709,1.41749,1.4527
2026-05-24 19:48:00,4.69491,4.12465,1.45358,1.47575
2026-05-24 20:48:00,5.22076,4.61999,1.51561,1.50318
2026-05-24 21:48:00,6.32072,5.81268,1.52203,1.50388
2026-05-24 22:48:00,4.52158,3.73711,1.56147,1.47883
2026-05-24 23:48:00,4.09086,3.20305,1.57898,1.51975
2026-05-25 00:48:00,4.25472,3.5765,1.5596,1.50504
2026-05-25 01:48:00,4.31251,3.5993,1.54262,1.462
2026-05-25 02:48:00,5.56292,5.09065,1.49688,1.51437
2026-05-25 03:48:00,4.71768,4.10241,1.54141,1.50858
2026-05-25 04:48:00,3.90027,3.02721,1.44885,1.42806
2026-05-25 05:48:00,4.00554,3.16247,1.37481,1.27557
2026-05-25 06:48:00,3.79431,2.92135,1.42144,1.37264
2026-05-25 07:48:00,3.8403,2.88927,1.30927,1.31819
2026-05-25 08:48:00,5.26573,4.5994,1.43209,1.33383
2026-05-25 09:48:00,4.49675,4.17191,1.48905,1.37216
2026-05-25 10:48:00,5.21273,4.7684,1.41325,1.33488
2026-05-25 11:48:00,3.85641,3.35691,1.5029,1.56256
2026-05-25 12:48:00,4.10455,3.58469,1.45078,1.37878
2026-05-25 13:48:00,4.83852,4.53347,1.23552,1.39262
2026-05-25 14:48:00,4.0177,3.48155,1.23275,1.38273
2026-05-25 15:48:00,4.16242,3.87127,1.34088,1.47916
2026-05-25 16:48:00,4.4844,4.07621,1.49258,1.52846
2026-05-25 17:48:00,3.90891,3.50149,1.53401,1.48735
2026-05-25 18:48:00,4.86119,4.49462,1.4873,1.49076
2026-05-25 19:48:00,4.08767,3.5513,1.50431,1.48295
2026-05-25 20:48:00,4.13467,3.56521,1.51938,1.49374
2026-05-25 21:48:00,4.46548,3.89491,1.51068,1.50397
2026-05-25 22:48:00,4.92663,4.38769,1.44423,1.42916
2026-05-25 23:48:00,4.81367,4.24596,1.53328,1.52649
2026-05-26 00:48:00,3.71093,2.98874,1.44182,1.49259
2026-05-26 01:48:00,4.6694,4.06673,1.48643,1.50316
2026-05-26 02:48:00,4.37183,3.84007,1.44119,1.40339
2026-05-26 03:48:00,4.00672,3.42564,1.42692,1.41758
2026-05-26 04:48:00,3.78552,3.16699,1.39903,1.36641
2026-05-26 05:48:00,3.70899,3.06048,1.38888,1.34791
2026-05-26 06:48:00,4.35699,3.82295,1.39058,1.35759
2026-05-26 07:48:00,4.3186,3.79182,1.36803,1.34654
2026-05-26 08:48:00,4.29656,3.7756,1.3753,1.34331
2026-05-26 09:48:00,4.30295,3.78619,1.42055,1.33169
2026-05-26 10:48:00,4.94489,4.61115,1.4046,1.36065
2026-05-26 11:48:00,4.1523,3.76332,1.53827,1.46619
2026-05-26 12:48:00,4.56248,4.21167,1.63475,1.48636
2026-05-26 13:48:00,4.14943,3.79324,1.48105,1.45504
2026-05-26 14:48:00,4.19173,3.83338,1.53342,2.09107
2026-05-26 15:48:00,3.59776,3.23061,1.48763,1.52678
2026-05-26 16:48:00,3.52624,3.14953,1.48483,1.62895
2026-05-26 17:48:00,4.42775,4.14485,0.05856,0.04539
2026-05-26 18:48:00,4.82159,4.56106,0.04075,0.04701
2026-05-26 19:48:00,4.71491,4.40724,0.04067,0.04192
2026-05-26 20:48:00,4.09789,3.68029,0.03902,0.04294
2026-05-26 21:48:00,4.5197,4.08932,0.04256,0.05023
2026-05-26 22:48:00,4.2308,3.75261,0.04298,0.04219
2026-05-26 23:48:00,4.3416,3.87811,0.05018,0.04919
2026-05-27 00:48:00,4.11021,3.58138,0.04446,0.04609
2026-05-27 01:48:00,4.15828,3.61714,0.04493,0.04916
2026-05-27 02:48:00,4.26264,3.72187,0.03493,0.04966
2026-05-27 03:48:00,4.23893,3.66077,0.04011,0.03415
2026-05-27 04:48:00,4.2499,3.65211,0.04567,0.04014
2026-05-27 05:48:00,4.43032,3.84961,0.04218,0.04906
2026-05-27 06:48:00,4.6678,4.12883,0.04141,0.04236
2026-05-27 07:48:00,5.03165,4.43748,0.03493,0.04513
2026-05-27 08:48:00,5.04876,4.45703,0.03871,0.04119
2026-05-27 09:48:00,5.18905,4.65157,0.03754,0.04627
2026-05-27 10:48:00,3.9862,3.18716,0.04531,0.0492
2026-05-27 11:48:00,4.27409,3.52089,0.04057,0.04152
2026-05-27 12:48:00,4.5001,3.75226,0.0365,0.04308
2026-05-27 13:48:00,5.17114,4.50956,0.04563,0.0385
2026-05-27 14:48:00,4.4573,3.64564,0.03889,0.0442
2026-05-27 15:48:00,4.29337,3.44453,0.04369,0.04794
2026-05-27 16:48:00,4.50846,3.69048,0.04359,0.0517
2026-05-27 17:48:00,4.22995,3.31873,0.03959,0.04487
2026-05-27 18:48:00,4.21183,3.24345,0.05144,0.0464
2026-05-27 19:48:00,4.39344,3.43257,0.03663,0.04702
2026-05-27 20:48:00,4.54536,3.59962,0.04093,0.04592
2026-05-27 21:48:00,5.30504,4.54416,0.04404,0.04597
2026-05-27 22:48:00,4.01598,2.83659,0.0381,0.04442
2026-05-27 23:48:00,5.45616,4.67323,0.04531,0.04415
2026-05-28 00:48:00,4.59874,3.61734,0.03812,0.03893
2026-05-28 01:48:00,4.88163,3.9533,0.04294,0.04613
2026-05-28 02:48:00,4.96898,4.02719,0.04345,0.04921
2026-05-28 03:48:00,4.07548,2.8702,0.04503,0.04336
2026-05-28 04:48:00,5.02793,4.14869,0.04664,0.04178
2026-05-28 05:48:00,4.45919,3.46258,0.03431,0.04706
2026-05-28 06:48:00,4.20895,3.14674,0.04426,0.04399
2026-05-28 07:48:00,4.33753,3.32055,0.04536,0.05239
2026-05-28 08:48:00,5.2391,4.44523,0.04954,0.05005
2026-05-28 09:48:00,4.30741,3.30198,0.0517,0.05459
2026-05-28 10:48:00,4.4459,3.48924,0.05502,0.05666
2026-05-28 11:48:00,4.09031,3.03079,0.05762,0.0571
2026-05-28 12:48:00,5.40474,4.65814,0.0479,0.05502
2026-05-28 13:48:00,4.78028,3.96037,0.04917,0.05714
2026-05-28 14:48:00,4.2801,3.33391,0.04631,0.05247
2026-05-28 15:48:00,4.91348,4.10688,0.0526,0.05805
2026-05-28 16:48:00,4.11402,3.08729,0.04916,0.05715
2026-05-28 17:48:00,4.07647,3.06325,0.0514,0.05316
2026-05-28 18:48:00,3.83382,2.76776,0.0525,0.05155
2026-05-28 19:48:00,4.96885,4.21084,0.04818,0.05419
2026-05-28 20:48:00,4.67801,3.82495,0.04568,0.04935
2026-05-28 21:48:00,4.74494,3.86624,0.04627,0.04983
2026-05-28 22:48:00,5.04441,4.16439,0.0444,0.04315
2026-05-28 23:48:00,4.0974,2.91301,0.03791,0.04822
2026-05-29 00:48:00,4.12733,2.91635,0.04261,0.04216
2026-05-29 01:48:00,5.27206,4.37477,0.04366,0.05083
2026-05-29 02:48:00,6.26261,5.52503,0.04358,0.04784
2026-05-29 03:48:00,4.62104,3.52693,0.04493,0.04552
2026-05-29 04:48:00,4.78144,3.70021,0.04432,0.05109
2026-05-29 05:48:00,5.36933,4.43659,0.04162,0.04215
2026-05-29 06:48:00,3.85496,2.37505,0.0418,0.04907
2026-05-29 07:48:00,5.58451,4.686,0.04264,0.04476
2026-05-29 08:48:00,5.61433,4.72059,0.05123,0.05198
2026-05-29 09:48:00,5.16703,4.2006,0.05041,0.0488
2026-05-29 10:48:00,4.24693,3.00696,0.04903,0.04957
2026-05-29 11:48:00,4.17321,2.84344,0.05741,0.05067
2026-05-29 12:48:00,4.68063,3.53856,0.04472,0.04949
2026-05-29 13:48:00,4.61542,3.45023,0.05027,0.05353
2026-05-29 14:48:00,4.42594,3.20678,0.05073,0.05048
2026-05-29 15:48:00,4.47619,3.29669,0.05032,0.05335
2026-05-29 16:48:00,5.08877,4.11425,0.04995,0.05039
2026-05-29 17:48:00,5.80511,4.97127,0.04803,0.05623
2026-05-29 18:48:00,5.30079,4.36207,0.0474,0.04911
2026-05-29 19:48:00,4.19614,2.86546,0.04512,0.04924
2026-05-29 20:48:00,4.00823,2.56221,0.04586,0.03943
2026-05-29 21:48:00,5.33158,4.3418,0.04453,0.04634
2026-05-29 22:48:00,4.63762,3.42366,0.04091,0.04545
2026-05-29 23:48:00,4.70128,3.49926,0.0449,0.04384
2026-05-30 00:48:00,5.32527,4.30189,0.04581,0.04743
2026-05-30 01:48:00,5.09576,4.0075,0.03917,0.04941
2026-05-30 02:48:00,4.71483,3.48977,0.04417,0.04575
2026-05-30 03:48:00,4.85145,3.66304,0.05645,0.04937
2026-05-30 04:48:00,4.47148,3.10675,0.03814,0.04459
2026-05-30 05:48:00,4.96288,3.77317,0.04155,0.04289
2026-05-30 06:48:00,4.19559,2.70577,0.04428,0.04824
2026-05-30 07:48:00,4.29078,2.81072,0.04308,0.04516
2026-05-30 08:48:00,4.55824,3.22932,0.04048,0.044
2026-05-30 09:48:00,4.64625,3.3505,0.04001,0.05277
2026-05-30 10:48:00,4.31148,2.85063,0.04113,0.04931
2026-05-30 11:48:00,5.63271,4.61972,0.03983,0.04468
2026-05-30 12:48:00,4.54826,3.18638,0.04139,0.04289
2026-05-30 13:48:00,5.0396,3.85186,0.04546,0.04578
2026-05-30 14:48:00,4.41917,3.00001,0.04866,0.04231
2026-05-30 15:48:00,4.8994,3.65421,0.0426,0.04998
2026-05-30 16:48:00,5.90015,4.94201,0.03902,0.04048
2026-05-30 17:48:00,4.33559,2.80014,0.04064,0.04112
2026-05-30 18:48:00,4.54466,3.09693,0.04826,0.04432
2026-05-30 19:48:00,5.08004,3.75215,0.04188,0.05105
2026-05-30 20:48:00,6.46825,5.50205,0.04401,0.05091
2026-05-30 21:48:00,5.16309,3.83799,0.04835,0.0547
2026-05-30 22:48:00,4.99873,3.58921,0.05434,0.05327
2026-05-30 23:48:00,5.6581,4.44981,1.6117,1.85595
2026-05-31 00:48:00,4.67236,3.08757,1.55846,1.78011
2026-05-31 01:48:00,4.67484,3.09333,1.52703,1.76511
2026-05-31 02:48:00,4.86513,3.42351,1.57458,1.80231
2026-05-31 03:48:00,5.25417,4.0284,1.57861,1.79363
2026-05-31 04:48:00,5.14202,3.91224,1.57158,1.76213
2026-05-31 05:48:00,5.51515,4.41004,1.57342,1.82568
2026-05-31 06:48:00,5.10255,3.87286,1.59141,1.77478
2026-05-31 07:48:00,4.91761,3.67423,1.57316,1.81641
2026-05-31 08:48:00,4.37675,2.87622,1.54581,1.79482
2026-05-31 09:48:00,4.76872,3.48654,1.60952,1.80182
2026-05-31 10:48:00,4.3368,2.86647,1.56728,1.75452
2026-05-31 11:48:00,4.98046,3.80006,1.5563,1.7456
2026-05-31 12:48:00,4.77725,3.56322,1.5379,1.80921
2026-05-31 13:48:00,5.2547,4.20343,0.04212,0.03659
2026-05-31 14:48:00,4.67957,3.52685,0.03765,0.04409
2026-05-31 15:48:00,4.61216,3.465,0.0335,0.03665
2026-05-31 16:48:00,5.29766,4.35959,0.03969,0.04879
2026-05-31 17:48:00,6.24795,5.48376,0.03768,0.03949
2026-05-31 18:48:00,6.02221,5.18859,0.03768,0.04608
2026-05-31 19:48:00,4.96161,3.99285,0.04584,0.04331
2026-05-31 20:48:00,4.19903,2.86982,0.03938,0.04084
2026-05-31 21:48:00,5.41469,4.37874,0.05331,0.0464
2026-05-31 22:48:00,4.94236,3.7432,0.05323,0.05198
2026-05-31 23:48:00,5.0842,3.89535,0.05075,0.05264
2026-06-01 00:48:00,4.64687,3.18065,0.05026,0.05223
2026-06-01 01:48:00,5.05079,3.74373,0.04907,0.0575
2026-06-01 02:48:00,4.69162,3.2346,0.05486,0.06151
2026-06-01 03:48:00,5.57777,4.39514,0.04103,0.04527
2026-06-01 04:48:00,4.90038,3.47321,0.04179,0.03756
2026-06-01 05:48:00,5.04762,3.63734,0.03893,0.04695
2026-06-01 06:48:00,4.87886,3.39888,0.04415,0.04499
2026-06-01 07:48:00,5.82544,4.67565,0.0398,0.04306
2026-06-01 08:48:00,5.04196,3.56933,0.04131,0.04002
2026-06-01 09:48:00,5.52744,4.24269,0.04169,0.04509
2026-06-01 10:48:00,5.03156,3.555,0.04569,0.04619
2026-06-01 11:48:00,4.71155,3.04024,0.03638,0.04125
2026-06-01 12:48:00,4.89729,3.29215,0.04337,0.04441
2026-06-01 13:48:00,4.79178,3.05331,0.04334,0.03829
2026-06-01 14:48:00,5.70168,4.3427,0.04611,0.04791
2026-06-01 15:48:00,5.32983,3.89129,0.04208,0.04383
2026-06-01 16:48:00,5.97227,4.71895,0.04092,0.0415
2026-06-01 17:48:00,5.37463,3.96563,0.04144,0.03827
2026-06-01 18:48:00,4.89114,3.13835,0.03587,0.04312
2026-06-01 19:48:00,5.09867,3.59178,0.04679,0.04886
2026-06-01 20:48:00,5.41229,3.98357,0.05371,0.05604
2026-06-01 21:48:00,5.96972,4.62384,0.05464,0.05519
2026-06-01 22:48:00,4.9986,3.27345,0.05388,0.0566
2026-06-01 23:48:00,4.96768,3.15756,0.05338,0.05251
2026-06-02 00:48:00,6.20714,4.88402,0.05199,0.05675
2026-06-02 01:48:00,5.5268,3.99958,0.04687,0.05359
2026-06-02 02:48:00,5.49915,3.95562,0.04588,0.04778
2026-06-02 03:48:00,5.36426,3.77148,0.04546,0.05197
2026-06-02 04:48:00,5.51455,3.97244,0.04553,0.04605
2026-06-02 05:48:00,5.05123,3.28725,0.04793,0.05453
2026-06-02 06:48:00,5.34605,3.7688,0.04778,0.04671
2026-06-02 07:48:00,4.97914,3.21154,0.04416,0.04922
2026-06-02 08:48:00,5.42744,3.8699,0.05092,0.05529
2026-06-02 09:48:00,5.55309,4.03059,0.05404,0.05843
2026-06-02 10:48:00,4.95158,3.18392,0.05621,0.05736
2026-06-02 11:48:00,5.66981,4.17435,0.05105,0.05473
2026-06-02 12:48:00,4.53664,2.44898,0.05336,0.05326
2026-06-02 13:48:00,5.34783,3.80186,0.05204,0.05669
2026-06-02 14:48:00,5.29482,3.69075,0.04174,0.04546
2026-06-02 15:48:00,5.63819,4.19648,0.04672,0.04919
2026-06-02 16:48:00,4.67157,2.76569,0.0462,0.05352
2026-06-02 17:48:00,5.82752,4.39796,0.04649,0.04746
2026-06-02 18:48:00,4.86056,3.0049,0.04138,0.04944
2026-06-02 19:48:00,5.12255,3.3275,0.044,0.05596
2026-06-02 20:48:00,4.84787,2.91746,0.04879,0.05856
2026-06-02 21:48:00,5.71294,4.14898,0.05047,0.05395
2026-06-02 22:48:00,4.93793,2.97732,0.05133,0.05768
2026-06-02 23:48:00,5.29043,3.51824,0.04963,0.05395
2026-06-03 00:48:00,6.38845,5.05826,0.04552,0.04874
2026-06-03 01:48:00,5.30282,3.5715,0.04583,0.05407
2026-06-03 02:48:00,5.33763,3.57018,0.04207,0.04881
2026-06-03 03:48:00,5.38654,3.62344,0.04412,0.04778
2026-06-03 04:48:00,5.73103,4.13367,0.04192,0.04717
2026-06-03 05:48:00,5.5899,3.91583,0.04309,0.0555
2026-06-03 06:48:00,5.93302,4.33237,0.05213,0.04895
2026-06-03 07:48:00,5.3752,3.55598,0.05212,0.051
2026-06-03 08:48:00,5.38125,3.62896,0.04805,0.05578
2026-06-03 09:48:00,5.93312,4.31823,0.04559,0.05195
2026-06-03 10:48:00,5.60031,3.71961,0.04373,0.04841
2026-06-03 11:48:00,5.21143,3.27136,0.04596,0.04102
2026-06-03 12:48:00,5.78333,4.16125,0.04321,0.04874
2026-06-03 13:48:00,6.2335,4.63241,0.03894,0.04485
2026-06-03 14:48:00,6.32789,4.89889,0.0426,0.0487
2026-06-03 15:48:00,5.3544,3.53805,0.04983,0.0456
2026-06-03 16:48:00,6.2665,4.83606,0.05032,0.04999
2026-06-03 17:48:00,5.12706,3.2209,0.04306,0.04349
2026-06-03 18:48:00,5.96666,4.27142,0.0446,0.04508
2026-06-03 19:48:00,5.15952,3.27597,0.04285,0.04761
2026-06-03 20:48:00,5.8134,4.08227,0.05382,0.04817
2026-06-03 21:48:00,5.39393,3.38883,0.04977,0.05625
2026-06-03 22:48:00,6.29934,4.68149,0.05536,0.05102
2026-06-03 23:48:00,5.66587,3.68988,0.05632,0.05674
2026-06-04 00:48:00,5.88705,4.03244,0.05387,0.05178
2026-06-04 01:48:00,5.47787,3.30753,0.05442,0.0515
2026-06-04 02:48:00,5.31384,3.06973,0.04098,0.0516
2026-06-04 03:48:00,5.90714,3.91619,0.04284,0.0548
2026-06-04 04:48:00,5.77926,3.76517,0.04173,0.04762
2026-06-04 05:48:00,6.212,4.45188,0.04942,0.04735
2026-06-04 06:48:00,5.25244,2.94782,0.04303,0.05495
2026-06-04 07:48:00,5.71479,3.63487,0.04191,0.04424
2026-06-04 08:48:00,5.67606,3.56035,0.04933,0.04598
2026-06-04 09:48:00,5.70399,3.56866,0.04565,0.05107
2026-06-04 10:48:00,6.29004,4.37142,0.04914,0.04359
2026-06-04 11:48:00,5.99088,4.03768,0.04073,0.04734
2026-06-04 12:48:00,6.46312,4.75919,0.03852,0.04712
2026-06-04 13:48:00,5.51991,3.25069,0.0527,0.04462
2026-06-04 14:48:00,5.91577,3.84147,0.04471,0.05309
2026-06-04 15:48:00,5.72924,3.63317,0.04528,0.04273
2026-06-04 16:48:00,5.48616,3.27094,0.05023,0.05153
2026-06-04 17:48:00,5.89123,3.91444,0.04135,0.05039
2026-06-04 18:48:00,5.97331,3.99554,0.04536,0.05326
2026-06-04 19:48:00,5.49522,3.163,0.04258,0.05394
2026-06-04 20:21:05,6.99318,4.11074,0.03811,0.04666
2026-06-04 21:48:00,5.92712,3.77888,0.04393,0.04908
2026-06-04 22:48:00,6.37949,4.4327,0.04459,0.04819
2026-06-04 23:48:00,6.20146,4.15105,0.03805,0.04509
2026-06-05 00:48:00,5.96834,3.80804,0.04644,0.04805
2026-06-05 01:48:00,5.35414,2.74556,0.04187,0.04602
2026-06-05 02:48:00,6.20582,4.16558,0.04283,0.04715
2026-06-05 03:48:00,6.51647,4.61354,0.0406,0.04978
2026-06-05 04:48:00,5.90119,3.69787,0.04374,0.04423
2026-06-05 05:48:00,5.97253,3.78253,0.04277,0.04368
2026-06-05 06:48:00,5.64546,3.24867,0.04253,0.04855
2026-06-05 07:48:00,5.39217,2.80443,0.04184,0.05024
2026-06-05 08:48:00,5.65507,3.34412,0.04004,0.04581
2026-06-05 09:48:00,6.21132,4.27211,0.03824,0.0486
2026-06-05 10:48:00,5.39239,2.96593,0.04344,0.04472
2026-06-05 11:48:00,6.09011,4.1049,0.0418,0.05004
2026-06-05 12:48:00,6.46515,4.6503,0.04594,0.05773
2026-06-05 13:48:00,5.42811,2.72316,0.04326,0.0423
2026-06-05 14:48:00,3.89624,2.92806,0.04103,0.04305
2026-06-05 15:48:00,5.04029,4.34717,0.04058,0.03966
2026-06-05 16:48:00,5.57924,4.90534,0.03635,0.0395
2026-06-05 17:48:00,4.75221,3.88788,0.04312,0.03297
2026-06-05 18:48:00,4.70112,3.78383,0.05345,0.06249
2026-06-05 19:48:00,4.96615,4.14479,0.05079,0.0564
2026-06-05 20:48:00,4.73359,3.79374,0.04781,0.05679
2026-06-05 21:48:00,5.38261,4.54785,0.05099,0.05749
2026-06-05 22:48:00,4.1403,2.91673,0.05474,0.05154
2026-06-05 23:48:00,4.05522,2.79495,0.04877,0.04611
2026-06-06 00:48:00,4.72203,3.70577,0.05855,0.05419
2026-06-06 01:48:00,4.8812,3.86672,0.05544,0.05993
2026-06-06 02:48:00,4.19316,2.96541,0.05185,0.05268
2026-06-06 03:48:00,4.78538,3.74921,0.04912,0.06205
2026-06-06 04:48:00,4.86672,3.85209,0.05062,0.05514
2026-06-06 05:48:00,5.19929,4.25268,0.04519,0.04425
2026-06-06 06:48:00,4.46734,3.27842,0.04257,0.04235
2026-06-06 07:48:00,4.76678,3.65674,0.03985,0.04237
2026-06-06 08:48:00,4.8336,3.76643,0.04088,0.04063
2026-06-06 09:48:00,4.7314,3.61411,0.03971,0.04181
2026-06-06 10:48:00,4.65452,3.54802,0.04311,0.04573
2026-06-06 11:48:00,4.71383,3.60951,0.03605,0.04617
2026-06-06 12:48:00,5.48307,4.60635,0.04079,0.04711
2026-06-06 13:48:00,4.76532,3.63885,0.04869,0.0384
2026-06-06 14:48:00,5.40424,4.53603,0.03815,0.04229
2026-06-06 15:48:00,4.86453,3.80468,0.04731,0.04271
2026-06-06 16:48:00,4.23152,2.95535,0.03667,0.04367
2026-06-06 17:48:00,6.07188,5.26348,0.0401,0.04414
2026-06-06 18:48:00,4.74116,3.58859,0.03812,0.03702
2026-06-06 19:48:00,4.32843,3.17893,0.03882,0.04426
2026-06-06 20:48:00,5.25903,4.31214,0.0427,0.03946
2026-06-06 21:48:00,5.19158,4.16318,0.04167,0.05344
2026-06-06 22:48:00,4.99982,3.9205,0.03509,0.04592
2026-06-06 23:48:00,4.32903,3.00532,0.04272,0.04521
2026-06-07 00:48:00,4.65597,3.46609,0.04539,0.04889
2026-06-07 01:48:00,4.3311,2.955,0.03654,0.04956
2026-06-07 02:48:00,4.80666,3.57945,0.03982,0.04687
2026-06-07 03:48:00,5.51105,4.47765,0.0418,0.04658
2026-06-07 04:48:00,5.59136,4.5444,0.04169,0.04293
2026-06-07 05:48:00,4.83955,3.6074,0.03872,0.04581
2026-06-07 06:48:00,4.64897,3.30847,0.04016,0.05053
2026-06-07 07:48:00,4.56835,3.18815,0.03799,0.0485
2026-06-07 08:48:00,5.69537,4.67263,0.04292,0.04716
2026-06-07 09:48:00,4.85717,3.62694,0.03545,0.04806
2026-06-07 10:48:00,4.6116,3.28927,0.04123,0.03862
2026-06-07 11:48:00,5.01738,3.81992,0.0427,0.04389
2026-06-07 12:48:00,4.98792,3.83281,0.04106,0.03779
2026-06-07 13:48:00,5.30449,4.17343,0.03871,0.04538
2026-06-07 14:48:00,4.83776,3.63749,0.04296,0.0421
2026-06-07 15:48:00,5.63402,4.64169,0.03898,0.04592
2026-06-07 16:48:00,5.00938,3.882,0.04639,0.04409
2026-06-07 17:48:00,4.9484,3.76485,0.04422,0.04313
2026-06-07 18:48:00,4.65992,3.3779,0.04413,0.04587
2026-06-07 19:48:00,4.67088,3.3051,0.04097,0.03843
2026-06-07 20:48:00,4.70075,3.38469,0.03778,0.04421
2026-06-07 21:48:00,4.73582,3.39418,0.03895,0.03897
2026-06-07 22:48:00,5.28465,4.14077,0.04156,0.04175
2026-06-07 23:48:00,5.25212,4.11244,0.04485,0.04429
2026-06-08 00:48:00,6.42445,5.57152,0.03771,0.04533
2026-06-08 01:48:00,5.50962,4.42635,0.04066,0.04315
2026-06-08 02:48:00,4.79338,3.53261,0.04046,0.04126
2026-06-08 03:48:00,5.72418,4.69564,0.03467,0.0384
2026-06-08 04:48:00,4.52649,3.06642,0.03857,0.04018
2026-06-08 05:48:00,4.39133,2.8468,0.03981,0.04803
2026-06-08 06:48:00,4.5059,3.00903,0.04132,0.05041
2026-06-08 07:48:00,5.42889,4.25267,0.03516,0.04367
2026-06-08 08:48:00,4.75133,3.38328,0.0462,0.04838
2026-06-08 09:48:00,6.11676,5.16005,0.04137,0.04041
2026-06-08 10:48:00,5.08939,3.87209,0.05149,0.05181
2026-06-08 11:48:00,4.61358,3.21765,0.04924,0.05925
2026-06-08 12:48:00,5.81132,4.7603,0.05007,0.05604
2026-06-08 13:48:00,5.30007,4.05966,0.04982,0.05331
2026-06-08 14:48:00,5.40249,4.30194,0.04681,0.05292
2026-06-08 15:48:00,5.09656,3.93292,0.04915,0.04962
2026-06-08 16:48:00,5.06181,3.87148,0.0512,0.04953
2026-06-08 17:48:00,6.52844,5.67354,0.05711,0.0515
2026-06-08 18:48:00,4.72399,3.22932,0.04983,0.05088
2026-06-08 19:48:00,4.66083,3.4794,0.05939,0.0658
2026-06-08 20:48:00,4.76846,3.52618,0.05528,0.06029
2026-06-08 21:48:00,4.99308,3.77139,0.05242,0.05617
2026-06-08 22:48:00,5.16815,3.94554,0.05208,0.05556
2026-06-08 23:48:00,5.37773,4.24066,0.053,0.05877
2026-06-09 00:48:00,5.67035,4.58773,0.05001,0.05794
2026-06-09 01:48:00,4.77473,3.44478,0.0463,0.05542
2026-06-09 02:48:00,4.68987,3.41853,0.05355,0.05162
2026-06-09 03:48:00,4.8319,3.70143,0.05075,0.0505
2026-06-09 04:48:00,4.88664,3.79856,0.0532,0.05808
2026-06-09 05:48:00,4.5187,3.30067,0.05554,0.05318
2026-06-09 06:48:00,4.40817,3.14498,0.054,0.05675
2026-06-09 07:48:00,5.5947,4.64416,0.0566,0.05503
2026-06-09 08:48:00,4.43961,3.19362,0.05111,0.05145
2026-06-09 09:48:00,4.7775,3.64636,0.04548,0.0509
2026-06-09 10:48:00,5.02254,3.9862,0.04607,0.05629
2026-06-09 11:48:00,4.80494,3.71563,0.05904,0.05202
2026-06-09 12:48:00,5.46147,4.50846,0.04845,0.05504
2026-06-09 13:48:00,4.99069,3.83783,0.04603,0.04809
2026-06-09 14:48:00,5.37171,4.40457,0.05088,0.04721
2026-06-09 15:48:00,5.39646,4.45904,0.04825,0.05214
2026-06-09 16:48:00,4.98949,3.93909,0.05102,0.0491
2026-06-09 17:48:00,4.39485,3.20721,0.04429,0.04952
2026-06-09 18:48:00,4.89014,3.86084,0.05028,0.04703
2026-06-09 19:48:00,5.1871,4.2244,0.04443,0.05444
2026-06-09 20:48:00,4.8196,3.73833,0.04507,0.05095
2026-06-09 21:48:00,4.33878,3.06264,0.05288,0.05421
2026-06-09 22:48:00,5.64761,4.7265,0.04923,0.05128
2026-06-09 23:48:00,5.00046,3.92493,0.04808,0.05198
2026-06-10 00:48:00,4.52384,3.26669,0.05239,0.05867
2026-06-10 01:48:00,4.39487,3.09045,0.04591,0.05153
2026-06-10 02:48:00,4.6681,3.46293,0.04447,0.05131
2026-06-10 03:48:00,5.57019,4.62431,0.04815,0.05221
2026-06-10 04:48:00,4.38101,3.08216,0.05126,0.05816
2026-06-10 05:48:00,4.48562,3.21431,0.04864,0.05117
2026-06-10 06:48:00,4.96876,3.84552,0.04972,0.05414
2026-06-10 07:48:00,4.63655,3.45081,0.04482,0.05512
2026-06-10 08:48:00,4.30574,2.93803,0.0548,0.05594
