"Frequency (HZ)","11RH 2026-06-10 10:02:00"
0,1.0665433001992934
0.3125,0.5374294379730236
0.625,0.32134467671022654
0.9375,0.7064138165409847
1.25,2.166327690182166
1.5625,18.95396898543416
1.875,78.86312433098881
2.1875,90.7723723032245
2.5,79.24818639975176
2.8125,53.88943510916077
3.125,48.191052478409304
3.4375,42.81956531260038
3.75,32.73866920234312
4.0625,21.136913684974207
4.375,18.82930605991097
4.6875,22.943104820430253
5,21.425017271900856
5.3125,20.21996589540274
5.625,13.615715838341
5.9375,11.770739895936872
6.25,11.748579169414485
6.5625,15.053468985459796
6.875,19.61882613644481
7.1875,16.773789073408548
7.5,13.795780580170154
7.8125,13.330384109996604
8.125,8.806583624541926
8.4375,6.180403181350712
8.75,6.097289850290045
9.0625,8.177739421897105
9.375,7.476869322520622
9.6875,7.427004152311348
10,5.831346989885784
10.3125,4.701093368701582
10.625,5.3548701564510415
10.9375,7.418695647632405
11.25,7.961661731702119
11.5625,7.26633534949014
11.875,6.438030466008217
12.1875,5.25513981603249
12.5,5.039062125837505
12.8125,5.41858754850376
13.125,4.210764313423396
13.4375,3.662254512189179
13.75,3.376922783844783
14.0625,2.9807732807528313
14.375,2.5015245887358373
14.6875,3.4267808829862463
15,4.435150508297323
15.3125,4.972579946270346
15.625,4.767575548268742
15.9375,3.6400937856667923
16.25,2.4405790552653683
16.5625,2.2522058087572723
16.875,3.113744710954962
17.1875,3.313205391792063
17.5,2.5790942026320014
17.8125,2.941995544872561
18.125,2.0388929060767267
18.4375,2.6344960189379676
18.75,3.1386772960595994
19.0625,2.454431277108813
19.375,2.3463924320113203
19.6875,2.396257602220596
20,1.847747800986379
20.3125,2.490444225474644
20.625,2.5541616175273636
20.9375,2.559698263624054
21.25,2.459967923205504
21.5625,1.8061982065238575
21.875,1.229983961602752
22.1875,1.091475885303931
22.5,1.8782241032555194
22.8125,2.1774080534433593
23.125,1.714776370784249
23.4375,0.9501888793550468
23.75,0.988973686303129
24.0625,1.7314004512099446
24.375,2.1109188028083885
24.6875,1.7895741260981617
25,1.5097790438504568
25.3125,1.2438361834461964
25.625,1.3768076136483267
25.9375,1.7590978238290216
26.25,1.7812656214192197
26.5625,1.606737525686756
26.875,1.3214057973423605
27.1875,1.512550902432708
27.5,1.3186339387601094
27.8125,0.9003237091457715
28.125,1.4543772275444908
28.4375,1.5762682944854278
28.75,1.5679527187386741
29.0625,1.108092894661815
29.375,0.7479634110035062
29.6875,0.7562719156824482
30,0.6343879198093229
30.3125,0.8255330248996705
30.625,1.2244473155060611
30.9375,1.0471473611913462
31.25,0.9114111434747766
31.5625,0.6648571510106512
31.875,1.241064324863945
32.1875,1.1496495601921481
32.5,0.9723566769452451
32.8125,1.232755820185003
33.125,1.0609995830347907
33.4375,0.7839763593693371
33.75,0.7590437742646994
34.0625,0.8061370858917235
34.375,0.7258026844811198
34.6875,0.7091786040554241
35,0.7784397132726465
35.3125,0.8172174491529167
35.625,0.7202589673166172
35.9375,0.5346575793907723
36.25,0.5678986691743518
36.5625,0.4958727724426901
36.875,0.37952542266625566
37.1875,0.34351247430042475
37.5,0.32134467671022654
37.8125,0.3074995259345939
38.125,0.5180334989650766
38.4375,0.7562719156824482
38.75,0.606683476122434
39.0625,0.4598598240768593
39.375,0.37952542266625566
39.6875,0.5429660840697142
40,0.5817508910177963
40.3125,0.7119504626376754
40.625,0.9224915067359698
40.9375,0.6648571510106512
41.25,0.6122201222191247
41.5625,0.44600760223341485
41.875,0.3185798891957871
42.1875,0.33519689855367096
42.5,0.27979508224770494
42.8125,0.46539647017354996
43.125,0.5069531357038833
43.4375,0.44600760223341485
43.75,0.6565486463317093
44.0625,0.7507352695857575
44.375,0.8920152044668297
44.6875,0.9224915067359698
45,0.839385246743115
45.3125,0.606683476122434
45.625,0.6897897361152889
45.9375,0.8199893077351679
46.25,0.8006004397950328
46.5625,0.4958727724426901
46.875,0.5069531357038833
47.1875,0.540194225487463
47.5,0.587287537114487
47.8125,0.5429660840697142
48.125,0.5041812771216321
48.4375,0.4376990975544729
48.75,0.5568183059131587
49.0625,0.7479634110035062
49.375,0.8560022561009987
49.6875,0.9197196481537186
50,1.2853928489765298
50.3125,0.7230308258988686
50.625,0.6704008681751538
50.9375,0.8504656100043081
51.25,0.7701241375258927
51.5625,0.8753981951089458
51.875,0.8421500342575543
52.1875,0.6953263822119796
52.5,0.46816832875580117
52.8125,0.31303617203128453
53.125,0.41830315854652594
53.4375,0.5374294379730236
53.75,0.6122201222191247
54.0625,0.531885720808521
54.375,0.43215538038997037
54.6875,0.4958727724426901
55,0.5041812771216321
55.3125,0.4349272389722216
55.625,0.37675356408400434
55.9375,0.3462772618148641
56.25,0.3684450594050624
56.5625,0.3573576250760574
56.875,0.44877946081566605
57.1875,0.46539647017354996
57.5,0.457087965494608
57.8125,0.4986446310249414
58.125,0.4238468757110284
58.4375,0.32966025245698033
58.75,0.44877946081566605
59.0625,0.5457379426519655
59.375,0.5956031128612408
59.6875,0.35459283756161797
60,0.21054104409829452
60.3125,0.24101027529962282
60.625,0.1689843785679611
60.9375,0.32411653529247775
61.25,0.401686149188642
61.5625,0.5485098012342168
61.875,0.531885720808521
62.1875,0.3712098469195019
62.5,0.326888393874729
62.8125,0.3573576250760574
63.125,0.42661873429327973
63.4375,0.5208053575473278
63.75,0.5014164896071927
64.0625,0.4072227952853327
64.375,0.3601294836583086
64.6875,0.41553837103208646
65,0.5235772161295791
65.3125,0.5429660840697142
65.625,0.5817508910177963
65.9375,0.6011397589579315
66.25,0.587287537114487
66.5625,0.5457379426519655
66.875,0.5845227496000477
67.1875,0.606683476122434
67.5,0.6316160612270717
67.8125,0.5956031128612408
68.125,0.5235772161295791
68.4375,0.38783392734519756
68.75,0.47924869201699444
69.0625,0.5235772161295791
69.375,0.6371527073237624
69.6875,0.6426964244882649
70,0.531885720808521
70.3125,0.47371204592030375
70.625,0.3933705734418882
70.9375,0.40999465386758394
71.25,0.4986446310249414
71.5625,0.5235772161295791
71.875,0.587287537114487
72.1875,0.44600760223341485
72.5,0.3684450594050624
72.8125,0.37675356408400434
73.125,0.4598598240768593
73.4375,0.5124968528683859
73.75,0.4931009138604389
74.0625,0.44877946081566605
74.375,0.42107501712877715
74.6875,0.3656732008228112
75,0.4238468757110284
75.3125,0.43215538038997037
75.625,0.35459283756161797
75.9375,0.27702322366545373
76.25,0.2327017706206809
76.5625,0.25763435572531856
76.875,0.2991839501878401
77.1875,0.30195580877009137
77.5,0.34904912039711544
77.8125,0.28533172834439563
78.125,0.19668882225485007
78.4375,0.1634406614034586
78.75,0.16067587388901916
79.0625,0.21607769019498518
79.375,0.2437821338818741
79.6875,0.27702322366545373
80,0.2437821338818741
80.3125,0.14127993488107218
80.625,0.15790401530676793
80.9375,0.19668882225485007
81.25,0.24931877997856478
81.5625,0.2991839501878401
81.875,0.29087544550889816
82.1875,0.27148657756876304
82.5,0.20776918551604323
82.8125,0.19391696367259878
83.125,0.18560845899365686
83.4375,0.19391696367259878
83.75,0.26039914323975794
84.0625,0.26039914323975794
84.375,0.21607769019498518
84.6875,0.18837324650809625
85,0.20776918551604323
85.3125,0.19114510509034752
85.625,0.11358256226199512
85.9375,0.14127993488107218
86.25,0.2133058316127339
86.5625,0.24655399246412538
86.875,0.2133058316127339
87.1875,0.20776918551604323
87.5,0.25209063856081604
87.8125,0.2327017706206809
88.125,0.21607769019498518
88.4375,0.19114510509034752
88.75,0.19391696367259878
89.0625,0.24655399246412538
89.375,0.27979508224770494
89.6875,0.25209063856081604
90,0.2687147189865118
90.3125,0.2243861948739271
90.625,0.22162140735948768
90.9375,0.1634406614034586
91.25,0.16067587388901916
91.5625,0.1828366004114056
91.875,0.20222546835154073
92.1875,0.26317100182200925
92.5,0.30195580877009137
92.8125,0.27148657756876304
93.125,0.24101027529962282
93.4375,0.20499732693379197
93.75,0.23547362920293216
94.0625,0.25209063856081604
94.375,0.2548624971430673
94.6875,0.2548624971430673
95,0.22992991203842966
95.3125,0.24931877997856478
95.625,0.2327017706206809
95.9375,0.19114510509034752
96.25,0.18837324650809625
96.5625,0.21054104409829452
96.875,0.21054104409829452
97.1875,0.19391696367259878
97.5,0.14959551062782597
97.8125,0.1689843785679611
98.125,0.17729288324690307
98.4375,0.14405179346332347
98.75,0.10803884509749259
99.0625,0.09973034041855065
99.375,0.16067587388901916
99.6875,0.19945360976928944
100,0.21054104409829452
100.3125,0.2133058316127339
100.625,0.20499732693379197
100.9375,0.19114510509034752
101.25,0.13297143020213026
101.5625,0.1468236520455747
101.875,0.1468236520455747
102.1875,0.1800647418291543
102.5,0.17729288324690307
102.8125,0.11081070367974384
103.125,0.08864997715735747
103.4375,0.09141476467179686
103.75,0.09418662325404813
104.0625,0.11634734977643452
104.375,0.1468236520455747
104.6875,0.18837324650809625
105,0.18560845899365686
105.3125,0.13574328878438152
105.625,0.15513215672451666
105.9375,0.1468236520455747
106.25,0.12742771303762773
106.5625,0.10803884509749259
106.875,0.08587811857510619
107.1875,0.11634734977643452
107.5,0.09695848183629939
107.8125,0.13297143020213026
108.125,0.17175623715021238
108.4375,0.12466292552318833
108.75,0.15236029814226537
109.0625,0.17452809573246367
109.375,0.14959551062782597
109.6875,0.1191192083586858
110,0.13574328878438152
110.3125,0.13019957161987897
110.625,0.08033440141060366
110.9375,0.10250219900080193
111.25,0.13851514736663278
111.5625,0.14405179346332347
111.875,0.1468236520455747
112.1875,0.12742771303762773
112.5,0.15790401530676793
112.8125,0.14405179346332347
113.125,0.15513215672451666
113.4375,0.19945360976928944
113.75,0.21054104409829452
114.0625,0.1828366004114056
114.375,0.15513215672451666
114.6875,0.10803884509749259
115,0.13019957161987897
115.3125,0.16067587388901916
115.625,0.21884954877723645
115.9375,0.2243861948739271
116.25,0.1800647418291543
116.5625,0.14127993488107218
116.875,0.10250219900080193
117.1875,0.12742771303762773
117.5,0.1689843785679611
117.8125,0.18837324650809625
118.125,0.2243861948739271
118.4375,0.19668882225485007
118.75,0.19945360976928944
119.0625,0.19391696367259878
119.375,0.1634406614034586
119.6875,0.15236029814226537
120,0.1689843785679611
120.3125,0.17729288324690307
120.625,0.15790401530676793
120.9375,0.12189106694093706
121.25,0.19114510509034752
121.5625,0.17452809573246367
121.875,0.15236029814226537
122.1875,0.15790401530676793
122.5,0.15790401530676793
122.8125,0.17175623715021238
123.125,0.15236029814226537
123.4375,0.1634406614034586
123.75,0.18837324650809625
124.0625,0.15236029814226537
124.375,0.11358256226199512
124.6875,0.07479775531391299
125,0.09695848183629939
125.3125,0.14127993488107218
125.625,0.1634406614034586
125.9375,0.19391696367259878
126.25,0.19114510509034752
126.5625,0.16067587388901916
126.875,0.11634734977643452
127.1875,0.09973034041855065
127.5,0.13019957161987897
127.8125,0.13851514736663278
128.125,0.14405179346332347
128.4375,0.1468236520455747
128.75,0.13851514736663278
129.0625,0.14127993488107218
129.375,0.11634734977643452
129.6875,0.09141476467179686
130,0.12189106694093706
130.3125,0.14405179346332347
130.625,0.16067587388901916
130.9375,0.1468236520455747
131.25,0.12466292552318833
131.5625,0.15513215672451666
131.875,0.12742771303762773
132.1875,0.11081070367974384
132.5,0.09973034041855065
132.8125,0.11634734977643452
133.125,0.15513215672451666
133.4375,0.14405179346332347
133.75,0.14405179346332347
134.0625,0.1468236520455747
134.375,0.13019957161987897
134.6875,0.10803884509749259
135,0.08864997715735747
135.3125,0.12466292552318833
135.625,0.16067587388901916
135.9375,0.17729288324690307
136.25,0.1800647418291543
136.5625,0.14127993488107218
136.875,0.12466292552318833
137.1875,0.11634734977643452
137.5,0.10803884509749259
137.8125,0.11081070367974384
138.125,0.1191192083586858
138.4375,0.15236029814226537
138.75,0.15790401530676793
139.0625,0.14127993488107218
139.375,0.1191192083586858
139.6875,0.10803884509749259
140,0.1191192083586858
140.3125,0.11634734977643452
140.625,0.13851514736663278
140.9375,0.1689843785679611
141.25,0.15790401530676793
141.5625,0.13851514736663278
141.875,0.12466292552318833
142.1875,0.11081070367974384
142.5,0.10803884509749259
142.8125,0.10803884509749259
143.125,0.13574328878438152
143.4375,0.14127993488107218
143.75,0.12742771303762773
144.0625,0.11634734977643452
144.375,0.13019957161987897
144.6875,0.14405179346332347
145,0.13574328878438152
145.3125,0.10250219900080193
145.625,0.11081070367974384
145.9375,0.10526698651524133
146.25,0.13019957161987897
146.5625,0.1191192083586858
146.875,0.11081070367974384
147.1875,0.11634734977643452
147.5,0.08310625999285493
147.8125,0.09141476467179686
148.125,0.11634734977643452
148.4375,0.14959551062782597
148.75,0.18837324650809625
149.0625,0.17452809573246367
149.375,0.1689843785679611
149.6875,0.16621251998570985
150,0.18560845899365686
150.3125,0.13297143020213026
150.625,0.12189106694093706
150.9375,0.12742771303762773
151.25,0.14405179346332347
151.5625,0.13019957161987897
151.875,0.1191192083586858
152.1875,0.09973034041855065
152.5,0.1191192083586858
152.8125,0.13019957161987897
153.125,0.1468236520455747
153.4375,0.14959551062782597
153.75,0.12189106694093706
154.0625,0.11358256226199512
154.375,0.1191192083586858
154.6875,0.1191192083586858
155,0.11634734977643452
155.3125,0.09141476467179686
155.625,0.10526698651524133
155.9375,0.10803884509749259
156.25,0.1191192083586858
156.5625,0.12742771303762773
156.875,0.13297143020213026
157.1875,0.12189106694093706
157.5,0.09141476467179686
157.8125,0.07202589673166174
158.125,0.07202589673166174
158.4375,0.0526370287915266
158.75,0.07479775531391299
159.0625,0.08587811857510619
159.375,0.08864997715735747
159.6875,0.07202589673166174
160,0.06371739205271978
160.3125,0.08310625999285493
160.625,0.0664821795671592
160.9375,0.08033440141060366
161.25,0.09973034041855065
161.5625,0.07202589673166174
161.875,0.06371739205271978
162.1875,0.0664821795671592
162.5,0.0664821795671592
162.8125,0.06371739205271978
163.125,0.0664821795671592
163.4375,0.09141476467179686
163.75,0.08864997715735747
164.0625,0.0664821795671592
164.375,0.055401816305965995
164.6875,0.05817367488821726
165,0.08864997715735747
165.3125,0.09695848183629939
165.625,0.10803884509749259
165.9375,0.11634734977643452
166.25,0.06925403814941046
166.5625,0.04709331162702406
166.875,0.055401816305965995
167.1875,0.055401816305965995
167.5,0.06925403814941046
167.8125,0.07479775531391299
168.125,0.08033440141060366
168.4375,0.06925403814941046
168.75,0.0664821795671592
169.0625,0.06371739205271978
169.375,0.04709331162702406
169.6875,0.04432145304477279
170,0.04709331162702406
170.3125,0.04986517020927533
170.625,0.04986517020927533
170.9375,0.0526370287915266
171.25,0.07202589673166174
171.5625,0.055401816305965995
171.875,0.03878480694808213
172.1875,0.03878480694808213
172.5,0.03878480694808213
172.8125,0.0526370287915266
173.125,0.041556665530333395
173.4375,0.03878480694808213
173.75,0.041556665530333395
174.0625,0.0332410897835796
174.375,0.07479775531391299
174.6875,0.08587811857510619
175,0.07202589673166174
175.3125,0.07479775531391299
175.625,0.04709331162702406
175.9375,0.03601294836583087
176.25,0.041556665530333395
176.5625,0.05817367488821726
176.875,0.06925403814941046
177.1875,0.07202589673166174
177.5,0.07756961389616426
177.8125,0.07479775531391299
178.125,0.055401816305965995
178.4375,0.06925403814941046
178.75,0.05817367488821726
179.0625,0.0526370287915266
179.375,0.06371739205271978
179.6875,0.08587811857510619
180,0.10803884509749259
180.3125,0.09141476467179686
180.625,0.07756961389616426
180.9375,0.08864997715735747
181.25,0.07756961389616426
181.5625,0.07479775531391299
181.875,0.05817367488821726
182.1875,0.07202589673166174
182.5,0.07756961389616426
182.8125,0.07479775531391299
183.125,0.07479775531391299
183.4375,0.06925403814941046
183.75,0.05817367488821726
184.0625,0.055401816305965995
184.375,0.05817367488821726
184.6875,0.06925403814941046
185,0.06371739205271978
185.3125,0.07479775531391299
185.625,0.07202589673166174
185.9375,0.07202589673166174
186.25,0.07756961389616426
186.5625,0.06094553347046853
186.875,0.04709331162702406
187.1875,0.04432145304477279
187.5,0.0526370287915266
187.8125,0.08033440141060366
188.125,0.08864997715735747
188.4375,0.09141476467179686
188.75,0.08033440141060366
189.0625,0.055401816305965995
189.375,0.04432145304477279
189.6875,0.030469231201328332
190,0.03601294836583087
190.3125,0.04709331162702406
190.625,0.0526370287915266
190.9375,0.0664821795671592
191.25,0.0526370287915266
191.5625,0.0526370287915266
191.875,0.06094553347046853
192.1875,0.041556665530333395
192.5,0.04432145304477279
192.8125,0.06094553347046853
193.125,0.0664821795671592
193.4375,0.05817367488821726
193.75,0.04432145304477279
194.0625,0.055401816305965995
194.375,0.04986517020927533
194.6875,0.041556665530333395
195,0.06094553347046853
195.3125,0.0664821795671592
195.625,0.07202589673166174
195.9375,0.055401816305965995
196.25,0.03878480694808213
196.5625,0.04432145304477279
196.875,0.05817367488821726
197.1875,0.08310625999285493
197.5,0.09141476467179686
197.8125,0.07756961389616426
198.125,0.06925403814941046
198.4375,0.07202589673166174
198.75,0.07479775531391299
199.0625,0.0664821795671592
199.375,0.07479775531391299
199.6875,0.08864997715735747
200,0.08864997715735747
200.3125,0.09418662325404813
200.625,0.09973034041855065
200.9375,0.10803884509749259
201.25,0.10250219900080193
201.5625,0.08587811857510619
201.875,0.07202589673166174
202.1875,0.07202589673166174
202.5,0.08864997715735747
202.8125,0.11081070367974384
203.125,0.10803884509749259
203.4375,0.10526698651524133
203.75,0.07756961389616426
204.0625,0.05817367488821726
204.375,0.0664821795671592
204.6875,0.06371739205271978
205,0.08587811857510619
205.3125,0.09418662325404813
205.625,0.09973034041855065
205.9375,0.08033440141060366
206.25,0.06371739205271978
206.5625,0.06925403814941046
206.875,0.04986517020927533
207.1875,0.04432145304477279
207.5,0.04709331162702406
207.8125,0.04709331162702406
208.125,0.04986517020927533
208.4375,0.055401816305965995
208.75,0.0664821795671592
209.0625,0.06371739205271978
209.375,0.041556665530333395
209.6875,0.04709331162702406
210,0.041556665530333395
210.3125,0.03878480694808213
210.625,0.0332410897835796
210.9375,0.030469231201328332
211.25,0.03601294836583087
211.5625,0.03601294836583087
211.875,0.04709331162702406
212.1875,0.0664821795671592
212.5,0.06925403814941046
212.8125,0.0664821795671592
213.125,0.04709331162702406
213.4375,0.041556665530333395
213.75,0.05817367488821726
214.0625,0.05817367488821726
214.375,0.06094553347046853
214.6875,0.055401816305965995
215,0.06371739205271978
215.3125,0.0664821795671592
215.625,0.0526370287915266
215.9375,0.0526370287915266
216.25,0.04709331162702406
216.5625,0.055401816305965995
216.875,0.06094553347046853
217.1875,0.05817367488821726
217.5,0.07202589673166174
217.8125,0.07202589673166174
218.125,0.05817367488821726
218.4375,0.0526370287915266
218.75,0.041556665530333395
219.0625,0.041556665530333395
219.375,0.055401816305965995
219.6875,0.07756961389616426
220,0.08310625999285493
220.3125,0.06371739205271978
220.625,0.04986517020927533
220.9375,0.03878480694808213
221.25,0.02770444368688893
221.5625,0.03601294836583087
221.875,0.0332410897835796
222.1875,0.03878480694808213
222.5,0.04709331162702406
222.8125,0.06094553347046853
223.125,0.0664821795671592
223.4375,0.04986517020927533
223.75,0.04432145304477279
224.0625,0.03601294836583087
224.375,0.02770444368688893
224.6875,0.024932585104637663
225,0.022160726522386397
225.3125,0.03601294836583087
225.625,0.05817367488821726
225.9375,0.055401816305965995
226.25,0.055401816305965995
226.5625,0.03878480694808213
226.875,0.024932585104637663
227.1875,0.02770444368688893
227.5,0.024932585104637663
227.8125,0.024932585104637663
228.125,0.02770444368688893
228.4375,0.030469231201328332
228.75,0.03878480694808213
229.0625,0.04432145304477279
229.375,0.055401816305965995
229.6875,0.055401816305965995
230,0.04709331162702406
230.3125,0.03601294836583087
230.625,0.030469231201328332
230.9375,0.03601294836583087
231.25,0.04432145304477279
231.5625,0.05817367488821726
231.875,0.06925403814941046
232.1875,0.0664821795671592
232.5,0.06925403814941046
232.8125,0.06925403814941046
233.125,0.0664821795671592
233.4375,0.06371739205271978
233.75,0.06371739205271978
234.0625,0.0664821795671592
234.375,0.06094553347046853
234.6875,0.06925403814941046
235,0.08033440141060366
235.3125,0.08033440141060366
235.625,0.07479775531391299
235.9375,0.0526370287915266
236.25,0.04709331162702406
236.5625,0.06371739205271978
236.875,0.07756961389616426
237.1875,0.09141476467179686
237.5,0.08033440141060366
237.8125,0.07479775531391299
238.125,0.06371739205271978
238.4375,0.05817367488821726
238.75,0.06371739205271978
239.0625,0.04986517020927533
239.375,0.05817367488821726
239.6875,0.0664821795671592
240,0.06094553347046853
240.3125,0.0664821795671592
240.625,0.0664821795671592
240.9375,0.05817367488821726
241.25,0.04432145304477279
241.5625,0.030469231201328332
241.875,0.024932585104637663
242.1875,0.030469231201328332
242.5,0.04432145304477279
242.8125,0.06094553347046853
243.125,0.055401816305965995
243.4375,0.04432145304477279
243.75,0.030469231201328332
244.0625,0.030469231201328332
244.375,0.030469231201328332
244.6875,0.022160726522386397
245,0.02770444368688893
245.3125,0.03601294836583087
245.625,0.0332410897835796
245.9375,0.04432145304477279
246.25,0.04709331162702406
246.5625,0.04432145304477279
246.875,0.03878480694808213
247.1875,0.04986517020927533
247.5,0.055401816305965995
247.8125,0.0526370287915266
248.125,0.04986517020927533
248.4375,0.04432145304477279
248.75,0.041556665530333395
249.0625,0.055401816305965995
249.375,0.06371739205271978
249.6875,0.07479775531391299
250,0.06371739205271978
250.3125,0.041556665530333395
250.625,0.03878480694808213
250.9375,0.041556665530333395
251.25,0.0526370287915266
251.5625,0.05817367488821726
251.875,0.06371739205271978
252.1875,0.06094553347046853
252.5,0.055401816305965995
252.8125,0.06094553347046853
253.125,0.05817367488821726
253.4375,0.055401816305965995
253.75,0.0526370287915266
254.0625,0.055401816305965995
254.375,0.05817367488821726
254.6875,0.06371739205271978
255,0.06925403814941046
255.3125,0.07202589673166174
255.625,0.0664821795671592
255.9375,0.055401816305965995
256.25,0.03878480694808213
256.5625,0.04432145304477279
256.875,0.05817367488821726
257.1875,0.0664821795671592
257.5,0.0664821795671592
257.8125,0.06371739205271978
258.125,0.07202589673166174
258.4375,0.06371739205271978
258.75,0.0526370287915266
259.0625,0.04986517020927533
259.375,0.041556665530333395
259.6875,0.04709331162702406
260,0.05817367488821726
260.3125,0.05817367488821726
260.625,0.06094553347046853
260.9375,0.06094553347046853
261.25,0.04986517020927533
261.5625,0.03878480694808213
261.875,0.024932585104637663
262.1875,0.030469231201328332
262.5,0.03878480694808213
262.8125,0.04432145304477279
263.125,0.04432145304477279
263.4375,0.03878480694808213
263.75,0.03601294836583087
264.0625,0.02770444368688893
264.375,0.024932585104637663
264.6875,0.022160726522386397
265,0.01662408042569573
265.3125,0.01938886794013513
265.625,0.01938886794013513
265.9375,0.024932585104637663
266.25,0.024932585104637663
266.5625,0.024932585104637663
266.875,0.0332410897835796
267.1875,0.030469231201328332
267.5,0.024932585104637663
267.8125,0.024932585104637663
268.125,0.01938886794013513
268.4375,0.022160726522386397
268.75,0.0332410897835796
269.0625,0.041556665530333395
269.375,0.04709331162702406
269.6875,0.04432145304477279
270,0.04709331162702406
270.3125,0.041556665530333395
270.625,0.041556665530333395
270.9375,0.03878480694808213
271.25,0.03601294836583087
271.5625,0.04709331162702406
271.875,0.0526370287915266
272.1875,0.0526370287915266
272.5,0.05817367488821726
272.8125,0.04709331162702406
273.125,0.0332410897835796
273.4375,0.030469231201328332
273.75,0.02770444368688893
274.0625,0.0332410897835796
274.375,0.03601294836583087
274.6875,0.0526370287915266
275,0.055401816305965995
275.3125,0.0526370287915266
275.625,0.04709331162702406
275.9375,0.03878480694808213
276.25,0.0332410897835796
276.5625,0.030469231201328332
276.875,0.0332410897835796
277.1875,0.03878480694808213
277.5,0.03601294836583087
277.8125,0.041556665530333395
278.125,0.041556665530333395
278.4375,0.0332410897835796
278.75,0.030469231201328332
279.0625,0.022160726522386397
279.375,0.01938886794013513
279.6875,0.02770444368688893
280,0.0332410897835796
280.3125,0.03601294836583087
280.625,0.030469231201328332
280.9375,0.03878480694808213
281.25,0.04986517020927533
281.5625,0.0526370287915266
281.875,0.0526370287915266
282.1875,0.03878480694808213
282.5,0.030469231201328332
282.8125,0.030469231201328332
283.125,0.04432145304477279
283.4375,0.055401816305965995
283.75,0.0526370287915266
284.0625,0.04709331162702406
284.375,0.03878480694808213
284.6875,0.03601294836583087
285,0.03878480694808213
285.3125,0.03878480694808213
285.625,0.0526370287915266
285.9375,0.05817367488821726
286.25,0.0526370287915266
286.5625,0.0526370287915266
286.875,0.0526370287915266
287.1875,0.055401816305965995
287.5,0.04986517020927533
287.8125,0.03878480694808213
288.125,0.0332410897835796
288.4375,0.024932585104637663
288.75,0.041556665530333395
289.0625,0.04986517020927533
289.375,0.0526370287915266
289.6875,0.04986517020927533
290,0.0332410897835796
290.3125,0.02770444368688893
290.625,0.02770444368688893
290.9375,0.0332410897835796
291.25,0.03878480694808213
291.5625,0.03878480694808213
291.875,0.041556665530333395
292.1875,0.04432145304477279
292.5,0.04432145304477279
292.8125,0.04432145304477279
293.125,0.03601294836583087
293.4375,0.030469231201328332
293.75,0.024932585104637663
294.0625,0.024932585104637663
294.375,0.030469231201328332
294.6875,0.03878480694808213
295,0.04432145304477279
295.3125,0.041556665530333395
295.625,0.030469231201328332
295.9375,0.030469231201328332
296.25,0.030469231201328332
296.5625,0.02770444368688893
296.875,0.024932585104637663
297.1875,0.030469231201328332
297.5,0.030469231201328332
297.8125,0.030469231201328332
298.125,0.03601294836583087
298.4375,0.03878480694808213
298.75,0.030469231201328332
299.0625,0.022160726522386397
299.375,0.02770444368688893
299.6875,0.02770444368688893
300,0.01662408042569573
300.3125,0.022160726522386397
300.625,0.030469231201328332
300.9375,0.02770444368688893
301.25,0.0332410897835796
301.5625,0.041556665530333395
301.875,0.041556665530333395
302.1875,0.0332410897835796
302.5,0.024932585104637663
302.8125,0.024932585104637663
303.125,0.030469231201328332
303.4375,0.04432145304477279
303.75,0.04986517020927533
304.0625,0.04709331162702406
304.375,0.041556665530333395
304.6875,0.03601294836583087
305,0.03601294836583087
305.3125,0.0332410897835796
305.625,0.02770444368688893
305.9375,0.03878480694808213
306.25,0.041556665530333395
306.5625,0.04986517020927533
306.875,0.055401816305965995
307.1875,0.0526370287915266
307.5,0.0526370287915266
307.8125,0.04432145304477279
308.125,0.03878480694808213
308.4375,0.03601294836583087
308.75,0.03878480694808213
309.0625,0.0526370287915266
309.375,0.055401816305965995
309.6875,0.055401816305965995
310,0.04432145304477279
310.3125,0.0332410897835796
310.625,0.030469231201328332
310.9375,0.02770444368688893
311.25,0.02770444368688893
311.5625,0.030469231201328332
311.875,0.0332410897835796
312.1875,0.03878480694808213
312.5,0.03601294836583087
312.8125,0.03601294836583087
313.125,0.0332410897835796
313.4375,0.01938886794013513
313.75,0.01938886794013513
314.0625,0.01662408042569573
314.375,0.024932585104637663
314.6875,0.024932585104637663
315,0.02770444368688893
315.3125,0.02770444368688893
315.625,0.022160726522386397
315.9375,0.022160726522386397
316.25,0.013852221843444465
316.5625,0.013852221843444465
316.875,0.011080363261193198
317.1875,0.011080363261193198
317.5,0.022160726522386397
317.8125,0.022160726522386397
318.125,0.022160726522386397
318.4375,0.024932585104637663
318.75,0.022160726522386397
319.0625,0.024932585104637663
319.375,0.01938886794013513
319.6875,0.013852221843444465
320,0.01662408042569573
320.3125,0.013852221843444465
320.625,0.024932585104637663
320.9375,0.0332410897835796
321.25,0.03601294836583087
321.5625,0.03601294836583087
321.875,0.02770444368688893
322.1875,0.01662408042569573
322.5,0.008308504678941933
322.8125,0.008308504678941933
323.125,0.01662408042569573
323.4375,0.022160726522386397
323.75,0.022160726522386397
324.0625,0.022160726522386397
324.375,0.02770444368688893
324.6875,0.024932585104637663
325,0.01938886794013513
325.3125,0.013852221843444465
325.625,0.011080363261193198
325.9375,0.013852221843444465
326.25,0.013852221843444465
326.5625,0.024932585104637663
326.875,0.030469231201328332
327.1875,0.030469231201328332
327.5,0.02770444368688893
327.8125,0.022160726522386397
328.125,0.022160726522386397
328.4375,0.01662408042569573
328.75,0.01662408042569573
329.0625,0.024932585104637663
329.375,0.02770444368688893
329.6875,0.030469231201328332
330,0.02770444368688893
330.3125,0.030469231201328332
330.625,0.02770444368688893
330.9375,0.01662408042569573
331.25,0.013852221843444465
331.5625,0.01662408042569573
331.875,0.02770444368688893
332.1875,0.03601294836583087
332.5,0.03878480694808213
332.8125,0.03601294836583087
333.125,0.030469231201328332
333.4375,0.024932585104637663
333.75,0.01938886794013513
334.0625,0.01938886794013513
334.375,0.022160726522386397
334.6875,0.022160726522386397
335,0.02770444368688893
335.3125,0.0332410897835796
335.625,0.03878480694808213
335.9375,0.03601294836583087
336.25,0.02770444368688893
336.5625,0.022160726522386397
336.875,0.01662408042569573
337.1875,0.013852221843444465
337.5,0.024932585104637663
337.8125,0.0332410897835796
338.125,0.03601294836583087
338.4375,0.03878480694808213
338.75,0.030469231201328332
339.0625,0.030469231201328332
339.375,0.024932585104637663
339.6875,0.01938886794013513
340,0.022160726522386397
340.3125,0.024932585104637663
340.625,0.024932585104637663
340.9375,0.02770444368688893
341.25,0.0332410897835796
341.5625,0.03601294836583087
341.875,0.030469231201328332
342.1875,0.022160726522386397
342.5,0.013852221843444465
342.8125,0.01938886794013513
343.125,0.02770444368688893
343.4375,0.0332410897835796
343.75,0.024932585104637663
344.0625,0.01938886794013513
344.375,0.01662408042569573
344.6875,0.013852221843444465
345,0.013852221843444465
345.3125,0.013852221843444465
345.625,0.01662408042569573
345.9375,0.01938886794013513
346.25,0.01662408042569573
346.5625,0.022160726522386397
346.875,0.024932585104637663
347.1875,0.022160726522386397
347.5,0.01938886794013513
347.8125,0.011080363261193198
348.125,0.008308504678941933
348.4375,0.011080363261193198
348.75,0.011080363261193198
349.0625,0.01662408042569573
349.375,0.01938886794013513
349.6875,0.030469231201328332
350,0.0332410897835796
350.3125,0.022160726522386397
350.625,0.022160726522386397
350.9375,0.01662408042569573
351.25,0.013852221843444465
351.5625,0.008308504678941933
351.875,0.008308504678941933
352.1875,0.01938886794013513
352.5,0.024932585104637663
352.8125,0.02770444368688893
353.125,0.02770444368688893
353.4375,0.022160726522386397
353.75,0.022160726522386397
354.0625,0.01662408042569573
354.375,0.013852221843444465
354.6875,0.01662408042569573
355,0.024932585104637663
355.3125,0.030469231201328332
355.625,0.030469231201328332
355.9375,0.030469231201328332
356.25,0.024932585104637663
356.5625,0.01938886794013513
356.875,0.013852221843444465
357.1875,0.013852221843444465
357.5,0.01938886794013513
357.8125,0.022160726522386397
358.125,0.02770444368688893
358.4375,0.030469231201328332
358.75,0.030469231201328332
359.0625,0.02770444368688893
359.375,0.01938886794013513
359.6875,0.013852221843444465
360,0.013852221843444465
360.3125,0.01938886794013513
360.625,0.024932585104637663
360.9375,0.030469231201328332
361.25,0.0332410897835796
361.5625,0.030469231201328332
361.875,0.024932585104637663
362.1875,0.022160726522386397
362.5,0.01662408042569573
362.8125,0.01938886794013513
363.125,0.024932585104637663
363.4375,0.024932585104637663
363.75,0.02770444368688893
364.0625,0.030469231201328332
364.375,0.030469231201328332
364.6875,0.02770444368688893
365,0.022160726522386397
365.3125,0.01662408042569573
365.625,0.013852221843444465
365.9375,0.01938886794013513
366.25,0.024932585104637663
366.5625,0.0332410897835796
366.875,0.0332410897835796
367.1875,0.02770444368688893
367.5,0.022160726522386397
367.8125,0.022160726522386397
368.125,0.022160726522386397
368.4375,0.024932585104637663
368.75,0.02770444368688893
369.0625,0.030469231201328332
369.375,0.024932585104637663
369.6875,0.01938886794013513
370,0.01938886794013513
370.3125,0.01662408042569573
370.625,0.013852221843444465
370.9375,0.013852221843444465
371.25,0.011080363261193198
371.5625,0.013852221843444465
371.875,0.01662408042569573
372.1875,0.01938886794013513
372.5,0.01662408042569573
372.8125,0.01662408042569573
373.125,0.022160726522386397
373.4375,0.01938886794013513
373.75,0.01662408042569573
374.0625,0.013852221843444465
374.375,0.013852221843444465
374.6875,0.011080363261193198
375,0.013852221843444465
375.3125,0.01938886794013513
375.625,0.022160726522386397
375.9375,0.022160726522386397
376.25,0.024932585104637663
376.5625,0.024932585104637663
376.875,0.024932585104637663
377.1875,0.01938886794013513
377.5,0.022160726522386397
377.8125,0.01938886794013513
378.125,0.01938886794013513
378.4375,0.022160726522386397
378.75,0.02770444368688893
379.0625,0.02770444368688893
379.375,0.022160726522386397
379.6875,0.013852221843444465
380,0.011080363261193198
380.3125,0.013852221843444465
380.625,0.022160726522386397
380.9375,0.02770444368688893
381.25,0.030469231201328332
381.5625,0.02770444368688893
381.875,0.022160726522386397
382.1875,0.024932585104637663
382.5,0.01938886794013513
382.8125,0.01662408042569573
383.125,0.01938886794013513
383.4375,0.022160726522386397
383.75,0.022160726522386397
384.0625,0.024932585104637663
384.375,0.024932585104637663
384.6875,0.024932585104637663
385,0.022160726522386397
385.3125,0.01938886794013513
385.625,0.011080363261193198
385.9375,0.013852221843444465
386.25,0.022160726522386397
386.5625,0.030469231201328332
386.875,0.030469231201328332
387.1875,0.02770444368688893
387.5,0.02770444368688893
387.8125,0.024932585104637663
388.125,0.022160726522386397
388.4375,0.01938886794013513
388.75,0.022160726522386397
389.0625,0.02770444368688893
389.375,0.02770444368688893
389.6875,0.030469231201328332
390,0.030469231201328332
390.3125,0.030469231201328332
390.625,0.02770444368688893
390.9375,0.01938886794013513
391.25,0.01662408042569573
391.5625,0.01938886794013513
391.875,0.022160726522386397
392.1875,0.02770444368688893
392.5,0.0332410897835796
392.8125,0.02770444368688893
393.125,0.01938886794013513
393.4375,0.013852221843444465
393.75,0.011080363261193198
394.0625,0.01662408042569573
394.375,0.01938886794013513
394.6875,0.022160726522386397
395,0.022160726522386397
395.3125,0.01938886794013513
395.625,0.013852221843444465
395.9375,0.011080363261193198
396.25,0.011080363261193198
396.5625,0.013852221843444465
396.875,0.013852221843444465
397.1875,0.013852221843444465
397.5,0.011080363261193198
397.8125,0.011080363261193198
398.125,0.011080363261193198
398.4375,0.013852221843444465
398.75,0.01938886794013513
399.0625,0.01938886794013513
399.375,0.01938886794013513
399.6875,0.01662408042569573
400,0.013852221843444465
400.3125,0.011080363261193198
400.625,0.01662408042569573
400.9375,0.01662408042569573
401.25,0.013852221843444465
401.5625,0.01662408042569573
401.875,0.01938886794013513
402.1875,0.01938886794013513
402.5,0.01662408042569573
402.8125,0.013852221843444465
403.125,0.011080363261193198
403.4375,0.013852221843444465
403.75,0.01662408042569573
404.0625,0.01938886794013513
404.375,0.022160726522386397
404.6875,0.01938886794013513
405,0.01662408042569573
405.3125,0.01662408042569573
405.625,0.011080363261193198
405.9375,0.011080363261193198
406.25,0.01938886794013513
406.5625,0.01938886794013513
406.875,0.01938886794013513
407.1875,0.022160726522386397
407.5,0.01938886794013513
407.8125,0.013852221843444465
408.125,0.013852221843444465
408.4375,0.013852221843444465
408.75,0.011080363261193198
409.0625,0.013852221843444465
409.375,0.022160726522386397
409.6875,0.030469231201328332
410,0.02770444368688893
410.3125,0.022160726522386397
410.625,0.022160726522386397
410.9375,0.01938886794013513
411.25,0.013852221843444465
411.5625,0.011080363261193198
411.875,0.013852221843444465
412.1875,0.01662408042569573
412.5,0.024932585104637663
412.8125,0.030469231201328332
413.125,0.030469231201328332
413.4375,0.024932585104637663
413.75,0.01662408042569573
414.0625,0.013852221843444465
414.375,0.011080363261193198
414.6875,0.01662408042569573
415,0.01938886794013513
415.3125,0.024932585104637663
415.625,0.024932585104637663
415.9375,0.022160726522386397
416.25,0.01938886794013513
416.5625,0.013852221843444465
416.875,0.013852221843444465
417.1875,0.01938886794013513
417.5,0.022160726522386397
417.8125,0.022160726522386397
418.125,0.01662408042569573
418.4375,0.013852221843444465
418.75,0.013852221843444465
419.0625,0.011080363261193198
419.375,0.011080363261193198
419.6875,0.013852221843444465
420,0.011080363261193198
420.3125,0.011080363261193198
420.625,0.011080363261193198
420.9375,0.011080363261193198
421.25,0.011080363261193198
421.5625,0.011080363261193198
421.875,0.01662408042569573
422.1875,0.01938886794013513
422.5,0.01662408042569573
422.8125,0.013852221843444465
423.125,0.011080363261193198
423.4375,0.011080363261193198
423.75,0.013852221843444465
424.0625,0.01662408042569573
424.375,0.01938886794013513
424.6875,0.01938886794013513
425,0.01938886794013513
425.3125,0.01938886794013513
425.625,0.01662408042569573
425.9375,0.013852221843444465
426.25,0.01662408042569573
426.5625,0.01938886794013513
426.875,0.01938886794013513
427.1875,0.01938886794013513
427.5,0.022160726522386397
427.8125,0.022160726522386397
428.125,0.01662408042569573
428.4375,0.011080363261193198
428.75,0.005543717164502532
429.0625,0.008308504678941933
429.375,0.013852221843444465
429.6875,0.022160726522386397
430,0.01938886794013513
430.3125,0.01662408042569573
430.625,0.011080363261193198
430.9375,0.011080363261193198
431.25,0.011080363261193198
431.5625,0.008308504678941933
431.875,0.011080363261193198
432.1875,0.013852221843444465
432.5,0.013852221843444465
432.8125,0.01662408042569573
433.125,0.01662408042569573
433.4375,0.013852221843444465
433.75,0.008308504678941933
434.0625,0.008308504678941933
434.375,0.008308504678941933
434.6875,0.008308504678941933
435,0.008308504678941933
435.3125,0.013852221843444465
435.625,0.01662408042569573
435.9375,0.01938886794013513
436.25,0.01938886794013513
436.5625,0.01662408042569573
436.875,0.011080363261193198
437.1875,0.005543717164502532
437.5,0.005543717164502532
437.8125,0.011080363261193198
438.125,0.013852221843444465
438.4375,0.01938886794013513
438.75,0.022160726522386397
439.0625,0.01938886794013513
439.375,0.013852221843444465
439.6875,0.008308504678941933
440,0.005543717164502532
440.3125,0.011080363261193198
440.625,0.011080363261193198
440.9375,0.013852221843444465
441.25,0.013852221843444465
441.5625,0.013852221843444465
441.875,0.013852221843444465
442.1875,0.011080363261193198
442.5,0.008308504678941933
442.8125,0.008308504678941933
443.125,0.011080363261193198
443.4375,0.013852221843444465
443.75,0.013852221843444465
444.0625,0.013852221843444465
444.375,0.011080363261193198
444.6875,0.011080363261193198
445,0.011080363261193198
445.3125,0.008308504678941933
445.625,0.008308504678941933
445.9375,0.008308504678941933
446.25,0.005543717164502532
446.5625,0.008308504678941933
446.875,0.011080363261193198
447.1875,0.008308504678941933
447.5,0.008308504678941933
447.8125,0.011080363261193198
448.125,0.011080363261193198
448.4375,0.011080363261193198
448.75,0.011080363261193198
449.0625,0.008308504678941933
449.375,0.011080363261193198
449.6875,0.022160726522386397
450,0.01938886794013513
450.3125,0.01662408042569573
450.625,0.013852221843444465
450.9375,0.01662408042569573
451.25,0.011080363261193198
451.5625,0.008308504678941933
451.875,0.008308504678941933
452.1875,0.011080363261193198
452.5,0.01662408042569573
452.8125,0.01938886794013513
453.125,0.01662408042569573
453.4375,0.011080363261193198
453.75,0.011080363261193198
454.0625,0.011080363261193198
454.375,0.011080363261193198
454.6875,0.008308504678941933
455,0.008308504678941933
455.3125,0.011080363261193198
455.625,0.013852221843444465
455.9375,0.01662408042569573
456.25,0.01662408042569573
456.5625,0.013852221843444465
456.875,0.008308504678941933
457.1875,0.011080363261193198
457.5,0.011080363261193198
457.8125,0.011080363261193198
458.125,0.013852221843444465
458.4375,0.01938886794013513
458.75,0.022160726522386397
459.0625,0.01662408042569573
459.375,0.01662408042569573
459.6875,0.013852221843444465
460,0.011080363261193198
460.3125,0.008308504678941933
460.625,0.008308504678941933
460.9375,0.013852221843444465
461.25,0.01662408042569573
461.5625,0.022160726522386397
461.875,0.024932585104637663
462.1875,0.022160726522386397
462.5,0.01662408042569573
462.8125,0.008308504678941933
463.125,0.008308504678941933
463.4375,0.013852221843444465
463.75,0.01662408042569573
464.0625,0.01938886794013513
464.375,0.01938886794013513
464.6875,0.01662408042569573
465,0.01662408042569573
465.3125,0.013852221843444465
465.625,0.011080363261193198
465.9375,0.013852221843444465
466.25,0.01662408042569573
466.5625,0.013852221843444465
466.875,0.011080363261193198
467.1875,0.011080363261193198
467.5,0.011080363261193198
467.8125,0.008308504678941933
468.125,0.008308504678941933
468.4375,0.011080363261193198
468.75,0.011080363261193198
469.0625,0.011080363261193198
469.375,0.011080363261193198
469.6875,0.011080363261193198
470,0.008308504678941933
470.3125,0.011080363261193198
470.625,0.013852221843444465
470.9375,0.013852221843444465
471.25,0.013852221843444465
471.5625,0.013852221843444465
471.875,0.013852221843444465
472.1875,0.011080363261193198
472.5,0.011080363261193198
472.8125,0.013852221843444465
473.125,0.013852221843444465
473.4375,0.013852221843444465
473.75,0.013852221843444465
474.0625,0.01662408042569573
474.375,0.01662408042569573
474.6875,0.011080363261193198
475,0.008308504678941933
475.3125,0.008308504678941933
475.625,0.011080363261193198
475.9375,0.01938886794013513
476.25,0.01938886794013513
476.5625,0.022160726522386397
476.875,0.01662408042569573
477.1875,0.011080363261193198
477.5,0.008308504678941933
477.8125,0.008308504678941933
478.125,0.013852221843444465
478.4375,0.01662408042569573
478.75,0.01662408042569573
479.0625,0.01662408042569573
479.375,0.013852221843444465
479.6875,0.013852221843444465
480,0.008308504678941933
480.3125,0.008308504678941933
480.625,0.008308504678941933
480.9375,0.011080363261193198
481.25,0.011080363261193198
481.5625,0.011080363261193198
481.875,0.013852221843444465
482.1875,0.013852221843444465
482.5,0.008308504678941933
482.8125,0.008308504678941933
483.125,0.008308504678941933
483.4375,0.005543717164502532
483.75,0.008308504678941933
484.0625,0.011080363261193198
484.375,0.011080363261193198
484.6875,0.011080363261193198
485,0.008308504678941933
485.3125,0.005543717164502532
485.625,0.005543717164502532
485.9375,0.011080363261193198
486.25,0.011080363261193198
486.5625,0.011080363261193198
486.875,0.008308504678941933
487.1875,0.005543717164502532
487.5,0.005543717164502532
487.8125,0.005543717164502532
488.125,0.005543717164502532
488.4375,0.008308504678941933
488.75,0.011080363261193198
489.0625,0.013852221843444465
489.375,0.011080363261193198
489.6875,0.008308504678941933
490,0.005543717164502532
490.3125,0.005543717164502532
490.625,0.011080363261193198
490.9375,0.011080363261193198
491.25,0.011080363261193198
491.5625,0.013852221843444465
491.875,0.011080363261193198
492.1875,0.008308504678941933
492.5,0.008308504678941933
492.8125,0.008308504678941933
493.125,0.013852221843444465
493.4375,0.01662408042569573
493.75,0.01662408042569573
494.0625,0.01662408042569573
494.375,0.013852221843444465
494.6875,0.011080363261193198
495,0.005543717164502532
495.3125,0.008308504678941933
495.625,0.011080363261193198
495.9375,0.01662408042569573
496.25,0.01662408042569573
496.5625,0.013852221843444465
496.875,0.013852221843444465
497.1875,0.011080363261193198
497.5,0.008308504678941933
497.8125,0.011080363261193198
498.125,0.011080363261193198
498.4375,0.013852221843444465
498.75,0.013852221843444465
499.0625,0.013852221843444465
499.375,0.013852221843444465
499.6875,0.011080363261193198
500,0.008308504678941933
500.3125,0.008308504678941933
500.625,0.011080363261193198
500.9375,0.013852221843444465
501.25,0.01662408042569573
501.5625,0.01938886794013513
501.875,0.01662408042569573
502.1875,0.011080363261193198
502.5,0.008308504678941933
502.8125,0.008308504678941933
503.125,0.011080363261193198
503.4375,0.011080363261193198
503.75,0.011080363261193198
504.0625,0.011080363261193198
504.375,0.008308504678941933
504.6875,0.008308504678941933
505,0.008308504678941933
505.3125,0.008308504678941933
505.625,0.01662408042569573
505.9375,0.01662408042569573
506.25,0.01662408042569573
506.5625,0.011080363261193198
506.875,0.008308504678941933
507.1875,0.008308504678941933
507.5,0.005543717164502532
507.8125,0.008308504678941933
508.125,0.013852221843444465
508.4375,0.013852221843444465
508.75,0.013852221843444465
509.0625,0.013852221843444465
509.375,0.01662408042569573
509.6875,0.013852221843444465
510,0.011080363261193198
510.3125,0.013852221843444465
510.625,0.013852221843444465
510.9375,0.011080363261193198
511.25,0.011080363261193198
511.5625,0.011080363261193198
511.875,0.013852221843444465
512.1875,0.011080363261193198
512.5,0.008308504678941933
512.8125,0.008308504678941933
513.125,0.008308504678941933
513.4375,0.011080363261193198
513.75,0.013852221843444465
514.0625,0.013852221843444465
514.375,0.011080363261193198
514.6875,0.011080363261193198
515,0.013852221843444465
515.3125,0.008308504678941933
515.625,0.008308504678941933
515.9375,0.011080363261193198
516.25,0.013852221843444465
516.5625,0.013852221843444465
516.875,0.011080363261193198
517.1875,0.011080363261193198
517.5,0.008308504678941933
517.8125,0.008308504678941933
518.125,0.008308504678941933
518.4375,0.008308504678941933
518.75,0.008308504678941933
519.0625,0.011080363261193198
519.375,0.013852221843444465
519.6875,0.013852221843444465
520,0.008308504678941933
520.3125,0.008308504678941933
520.625,0.008308504678941933
520.9375,0.008308504678941933
521.25,0.011080363261193198
521.5625,0.011080363261193198
521.875,0.013852221843444465
522.1875,0.011080363261193198
522.5,0.008308504678941933
522.8125,0.008308504678941933
523.125,0.008308504678941933
523.4375,0.011080363261193198
523.75,0.013852221843444465
524.0625,0.01662408042569573
524.375,0.013852221843444465
524.6875,0.008308504678941933
525,0.005543717164502532
525.3125,0.005543717164502532
525.625,0.008308504678941933
525.9375,0.011080363261193198
526.25,0.011080363261193198
526.5625,0.011080363261193198
526.875,0.008308504678941933
527.1875,0.008308504678941933
527.5,0.008308504678941933
527.8125,0.008308504678941933
528.125,0.008308504678941933
528.4375,0.011080363261193198
528.75,0.011080363261193198
529.0625,0.011080363261193198
529.375,0.011080363261193198
529.6875,0.008308504678941933
530,0.005543717164502532
530.3125,0.005543717164502532
530.625,0.005543717164502532
530.9375,0.008308504678941933
531.25,0.011080363261193198
531.5625,0.011080363261193198
531.875,0.011080363261193198
532.1875,0.011080363261193198
532.5,0.008308504678941933
532.8125,0.008308504678941933
533.125,0.005543717164502532
533.4375,0.008308504678941933
533.75,0.005543717164502532
534.0625,0.005543717164502532
534.375,0.005543717164502532
534.6875,0.005543717164502532
535,0.008308504678941933
535.3125,0.008308504678941933
535.625,0.005543717164502532
535.9375,0.005543717164502532
536.25,0.002771858582251266
536.5625,0.002771858582251266
536.875,0.005543717164502532
537.1875,0.005543717164502532
537.5,0.005543717164502532
537.8125,0.008308504678941933
538.125,0.008308504678941933
538.4375,0.008308504678941933
538.75,0.008308504678941933
539.0625,0.005543717164502532
539.375,0.002771858582251266
539.6875,0.005543717164502532
540,0.008308504678941933
540.3125,0.008308504678941933
540.625,0.008308504678941933
540.9375,0.008308504678941933
541.25,0.011080363261193198
541.5625,0.008308504678941933
541.875,0.005543717164502532
542.1875,0.008308504678941933
542.5,0.011080363261193198
542.8125,0.008308504678941933
543.125,0.008308504678941933
543.4375,0.008308504678941933
543.75,0.005543717164502532
544.0625,0.008308504678941933
544.375,0.005543717164502532
544.6875,0.005543717164502532
545,0.008308504678941933
545.3125,0.011080363261193198
545.625,0.013852221843444465
545.9375,0.011080363261193198
546.25,0.008308504678941933
546.5625,0.008308504678941933
546.875,0.008308504678941933
547.1875,0.008308504678941933
547.5,0.008308504678941933
547.8125,0.008308504678941933
548.125,0.011080363261193198
548.4375,0.008308504678941933
548.75,0.008308504678941933
549.0625,0.005543717164502532
549.375,0.011080363261193198
549.6875,0.01938886794013513
550,0.01662408042569573
550.3125,0.013852221843444465
550.625,0.011080363261193198
550.9375,0.008308504678941933
551.25,0.005543717164502532
551.5625,0.005543717164502532
551.875,0.008308504678941933
552.1875,0.013852221843444465
552.5,0.01662408042569573
552.8125,0.013852221843444465
553.125,0.011080363261193198
553.4375,0.011080363261193198
553.75,0.011080363261193198
554.0625,0.011080363261193198
554.375,0.011080363261193198
554.6875,0.013852221843444465
555,0.013852221843444465
555.3125,0.013852221843444465
555.625,0.01662408042569573
555.9375,0.01662408042569573
556.25,0.013852221843444465
556.5625,0.013852221843444465
556.875,0.011080363261193198
557.1875,0.013852221843444465
557.5,0.013852221843444465
557.8125,0.01662408042569573
558.125,0.01938886794013513
558.4375,0.01662408042569573
558.75,0.013852221843444465
559.0625,0.008308504678941933
559.375,0.008308504678941933
559.6875,0.013852221843444465
560,0.01662408042569573
560.3125,0.01938886794013513
560.625,0.01938886794013513
560.9375,0.013852221843444465
561.25,0.013852221843444465
561.5625,0.011080363261193198
561.875,0.011080363261193198
562.1875,0.011080363261193198
562.5,0.013852221843444465
562.8125,0.01662408042569573
563.125,0.013852221843444465
563.4375,0.011080363261193198
563.75,0.011080363261193198
564.0625,0.011080363261193198
564.375,0.011080363261193198
564.6875,0.008308504678941933
565,0.011080363261193198
565.3125,0.011080363261193198
565.625,0.011080363261193198
565.9375,0.011080363261193198
566.25,0.008308504678941933
566.5625,0.008308504678941933
566.875,0.005543717164502532
567.1875,0.005543717164502532
567.5,0.008308504678941933
567.8125,0.013852221843444465
568.125,0.01662408042569573
568.4375,0.01662408042569573
568.75,0.013852221843444465
569.0625,0.008308504678941933
569.375,0.011080363261193198
569.6875,0.013852221843444465
570,0.013852221843444465
570.3125,0.013852221843444465
570.625,0.013852221843444465
570.9375,0.013852221843444465
571.25,0.013852221843444465
571.5625,0.011080363261193198
571.875,0.011080363261193198
572.1875,0.01662408042569573
572.5,0.01938886794013513
572.8125,0.022160726522386397
573.125,0.01938886794013513
573.4375,0.01662408042569573
573.75,0.013852221843444465
574.0625,0.011080363261193198
574.375,0.013852221843444465
574.6875,0.01662408042569573
575,0.01662408042569573
575.3125,0.01938886794013513
575.625,0.01938886794013513
575.9375,0.01938886794013513
576.25,0.01662408042569573
576.5625,0.013852221843444465
576.875,0.013852221843444465
577.1875,0.013852221843444465
577.5,0.013852221843444465
577.8125,0.013852221843444465
578.125,0.01662408042569573
578.4375,0.01662408042569573
578.75,0.01662408042569573
579.0625,0.013852221843444465
579.375,0.011080363261193198
579.6875,0.011080363261193198
580,0.013852221843444465
580.3125,0.013852221843444465
580.625,0.013852221843444465
580.9375,0.013852221843444465
581.25,0.013852221843444465
581.5625,0.011080363261193198
581.875,0.008308504678941933
582.1875,0.008308504678941933
582.5,0.008308504678941933
582.8125,0.011080363261193198
583.125,0.011080363261193198
583.4375,0.011080363261193198
583.75,0.011080363261193198
584.0625,0.008308504678941933
584.375,0.005543717164502532
584.6875,0.005543717164502532
585,0.005543717164502532
585.3125,0.008308504678941933
585.625,0.008308504678941933
585.9375,0.008308504678941933
586.25,0.008308504678941933
586.5625,0.005543717164502532
586.875,0.002771858582251266
587.1875,0.005543717164502532
587.5,0.008308504678941933
587.8125,0.008308504678941933
588.125,0.008308504678941933
588.4375,0.008308504678941933
588.75,0.005543717164502532
589.0625,0.005543717164502532
589.375,0.005543717164502532
589.6875,0.008308504678941933
590,0.008308504678941933
590.3125,0.008308504678941933
590.625,0.008308504678941933
590.9375,0.011080363261193198
591.25,0.011080363261193198
591.5625,0.008308504678941933
591.875,0.008308504678941933
592.1875,0.008308504678941933
592.5,0.011080363261193198
592.8125,0.013852221843444465
593.125,0.011080363261193198
593.4375,0.011080363261193198
593.75,0.008308504678941933
594.0625,0.008308504678941933
594.375,0.008308504678941933
594.6875,0.008308504678941933
595,0.011080363261193198
595.3125,0.013852221843444465
595.625,0.01662408042569573
595.9375,0.013852221843444465
596.25,0.011080363261193198
596.5625,0.011080363261193198
596.875,0.008308504678941933
597.1875,0.008308504678941933
597.5,0.008308504678941933
597.8125,0.008308504678941933
598.125,0.011080363261193198
598.4375,0.011080363261193198
598.75,0.013852221843444465
599.0625,0.013852221843444465
599.375,0.008308504678941933
599.6875,0.005543717164502532
600,0.005543717164502532
600.3125,0.008308504678941933
600.625,0.011080363261193198
600.9375,0.011080363261193198
601.25,0.013852221843444465
601.5625,0.011080363261193198
601.875,0.011080363261193198
602.1875,0.011080363261193198
602.5,0.008308504678941933
602.8125,0.005543717164502532
603.125,0.008308504678941933
603.4375,0.011080363261193198
603.75,0.008308504678941933
604.0625,0.011080363261193198
604.375,0.013852221843444465
604.6875,0.013852221843444465
605,0.011080363261193198
605.3125,0.008308504678941933
605.625,0.005543717164502532
605.9375,0.008308504678941933
606.25,0.008308504678941933
606.5625,0.011080363261193198
606.875,0.011080363261193198
607.1875,0.011080363261193198
607.5,0.011080363261193198
607.8125,0.011080363261193198
608.125,0.011080363261193198
608.4375,0.008308504678941933
608.75,0.008308504678941933
609.0625,0.011080363261193198
609.375,0.011080363261193198
609.6875,0.011080363261193198
610,0.011080363261193198
610.3125,0.008308504678941933
610.625,0.008308504678941933
610.9375,0.008308504678941933
611.25,0.011080363261193198
611.5625,0.008308504678941933
611.875,0.011080363261193198
612.1875,0.011080363261193198
612.5,0.011080363261193198
612.8125,0.011080363261193198
613.125,0.011080363261193198
613.4375,0.011080363261193198
613.75,0.011080363261193198
614.0625,0.008308504678941933
614.375,0.005543717164502532
614.6875,0.008308504678941933
615,0.008308504678941933
615.3125,0.011080363261193198
615.625,0.011080363261193198
615.9375,0.011080363261193198
616.25,0.011080363261193198
616.5625,0.011080363261193198
616.875,0.011080363261193198
617.1875,0.011080363261193198
617.5,0.008308504678941933
617.8125,0.008308504678941933
618.125,0.011080363261193198
618.4375,0.011080363261193198
618.75,0.013852221843444465
619.0625,0.013852221843444465
619.375,0.011080363261193198
619.6875,0.011080363261193198
620,0.011080363261193198
620.3125,0.008308504678941933
620.625,0.011080363261193198
620.9375,0.011080363261193198
621.25,0.013852221843444465
621.5625,0.013852221843444465
621.875,0.01662408042569573
622.1875,0.01662408042569573
622.5,0.013852221843444465
622.8125,0.011080363261193198
623.125,0.011080363261193198
623.4375,0.011080363261193198
623.75,0.013852221843444465
624.0625,0.013852221843444465
624.375,0.01662408042569573
624.6875,0.01662408042569573
625,0.01662408042569573
625.3125,0.013852221843444465
625.625,0.011080363261193198
625.9375,0.011080363261193198
626.25,0.011080363261193198
626.5625,0.013852221843444465
626.875,0.013852221843444465
627.1875,0.01662408042569573
627.5,0.01662408042569573
627.8125,0.01662408042569573
628.125,0.013852221843444465
628.4375,0.011080363261193198
628.75,0.011080363261193198
629.0625,0.011080363261193198
629.375,0.011080363261193198
629.6875,0.013852221843444465
630,0.013852221843444465
630.3125,0.013852221843444465
630.625,0.013852221843444465
630.9375,0.011080363261193198
631.25,0.011080363261193198
631.5625,0.011080363261193198
631.875,0.011080363261193198
632.1875,0.013852221843444465
632.5,0.011080363261193198
632.8125,0.008308504678941933
633.125,0.008308504678941933
633.4375,0.005543717164502532
633.75,0.005543717164502532
634.0625,0.005543717164502532
634.375,0.005543717164502532
634.6875,0.005543717164502532
635,0.008308504678941933
635.3125,0.008308504678941933
635.625,0.008308504678941933
635.9375,0.005543717164502532
636.25,0.008308504678941933
636.5625,0.008308504678941933
636.875,0.008308504678941933
637.1875,0.008308504678941933
637.5,0.008308504678941933
637.8125,0.011080363261193198
638.125,0.008308504678941933
638.4375,0.005543717164502532
638.75,0.008308504678941933
639.0625,0.011080363261193198
639.375,0.013852221843444465
639.6875,0.01662408042569573
640,0.013852221843444465
640.3125,0.011080363261193198
640.625,0.011080363261193198
640.9375,0.008308504678941933
641.25,0.008308504678941933
641.5625,0.013852221843444465
641.875,0.013852221843444465
642.1875,0.01662408042569573
642.5,0.013852221843444465
642.8125,0.011080363261193198
643.125,0.011080363261193198
643.4375,0.011080363261193198
643.75,0.011080363261193198
644.0625,0.013852221843444465
644.375,0.013852221843444465
644.6875,0.013852221843444465
645,0.013852221843444465
645.3125,0.013852221843444465
645.625,0.013852221843444465
645.9375,0.011080363261193198
646.25,0.011080363261193198
646.5625,0.011080363261193198
646.875,0.011080363261193198
647.1875,0.011080363261193198
647.5,0.013852221843444465
647.8125,0.013852221843444465
648.125,0.011080363261193198
648.4375,0.005543717164502532
648.75,0.005543717164502532
649.0625,0.005543717164502532
649.375,0.011080363261193198
649.6875,0.01662408042569573
650,0.011080363261193198
650.3125,0.008308504678941933
650.625,0.008308504678941933
650.9375,0.005543717164502532
651.25,0.005543717164502532
651.5625,0.005543717164502532
651.875,0.008308504678941933
652.1875,0.008308504678941933
652.5,0.005543717164502532
652.8125,0.005543717164502532
653.125,0.005543717164502532
653.4375,0.005543717164502532
653.75,0.005543717164502532
654.0625,0.005543717164502532
654.375,0.008308504678941933
654.6875,0.008308504678941933
655,0.008308504678941933
655.3125,0.005543717164502532
655.625,0.005543717164502532
655.9375,0.008308504678941933
656.25,0.011080363261193198
656.5625,0.011080363261193198
656.875,0.011080363261193198
657.1875,0.008308504678941933
657.5,0.008308504678941933
657.8125,0.005543717164502532
658.125,0.005543717164502532
658.4375,0.005543717164502532
658.75,0.008308504678941933
659.0625,0.011080363261193198
659.375,0.011080363261193198
659.6875,0.013852221843444465
660,0.013852221843444465
660.3125,0.011080363261193198
660.625,0.011080363261193198
660.9375,0.008308504678941933
661.25,0.008308504678941933
661.5625,0.011080363261193198
661.875,0.011080363261193198
662.1875,0.013852221843444465
662.5,0.013852221843444465
662.8125,0.013852221843444465
663.125,0.011080363261193198
663.4375,0.008308504678941933
663.75,0.008308504678941933
664.0625,0.011080363261193198
664.375,0.011080363261193198
664.6875,0.011080363261193198
665,0.011080363261193198
665.3125,0.013852221843444465
665.625,0.013852221843444465
665.9375,0.011080363261193198
666.25,0.008308504678941933
666.5625,0.008308504678941933
666.875,0.011080363261193198
667.1875,0.011080363261193198
667.5,0.011080363261193198
667.8125,0.011080363261193198
668.125,0.011080363261193198
668.4375,0.008308504678941933
668.75,0.005543717164502532
669.0625,0.005543717164502532
669.375,0.008308504678941933
669.6875,0.008308504678941933
670,0.011080363261193198
670.3125,0.008308504678941933
670.625,0.008308504678941933
670.9375,0.005543717164502532
671.25,0.005543717164502532
671.5625,0.005543717164502532
671.875,0.005543717164502532
672.1875,0.005543717164502532
672.5,0.005543717164502532
672.8125,0.005543717164502532
673.125,0.005543717164502532
673.4375,0.005543717164502532
673.75,0.005543717164502532
674.0625,0.005543717164502532
674.375,0.008308504678941933
674.6875,0.008308504678941933
675,0.008308504678941933
675.3125,0.008308504678941933
675.625,0.008308504678941933
675.9375,0.008308504678941933
676.25,0.011080363261193198
676.5625,0.011080363261193198
676.875,0.011080363261193198
677.1875,0.008308504678941933
677.5,0.008308504678941933
677.8125,0.008308504678941933
678.125,0.008308504678941933
678.4375,0.008308504678941933
678.75,0.008308504678941933
679.0625,0.011080363261193198
679.375,0.013852221843444465
679.6875,0.013852221843444465
680,0.011080363261193198
680.3125,0.008308504678941933
680.625,0.008308504678941933
680.9375,0.008308504678941933
681.25,0.008308504678941933
681.5625,0.011080363261193198
681.875,0.011080363261193198
682.1875,0.011080363261193198
682.5,0.011080363261193198
682.8125,0.008308504678941933
683.125,0.008308504678941933
683.4375,0.005543717164502532
683.75,0.005543717164502532
684.0625,0.005543717164502532
684.375,0.005543717164502532
684.6875,0.008308504678941933
685,0.008308504678941933
685.3125,0.008308504678941933
685.625,0.005543717164502532
685.9375,0.002771858582251266
686.25,0.002771858582251266
686.5625,0.002771858582251266
686.875,0.002771858582251266
687.1875,0.002771858582251266
687.5,0.002771858582251266
687.8125,0.002771858582251266
688.125,0.005543717164502532
688.4375,0.005543717164502532
688.75,0.005543717164502532
689.0625,0.002771858582251266
689.375,0.002771858582251266
689.6875,0.002771858582251266
690,0.002771858582251266
690.3125,0.005543717164502532
690.625,0.005543717164502532
690.9375,0.005543717164502532
691.25,0.005543717164502532
691.5625,0.008308504678941933
691.875,0.008308504678941933
692.1875,0.005543717164502532
692.5,0.002771858582251266
692.8125,0.002771858582251266
693.125,0.002771858582251266
693.4375,0.005543717164502532
693.75,0.005543717164502532
694.0625,0.008308504678941933
694.375,0.008308504678941933
694.6875,0.005543717164502532
695,0.005543717164502532
695.3125,0.002771858582251266
695.625,0.005543717164502532
695.9375,0.005543717164502532
696.25,0.005543717164502532
696.5625,0.005543717164502532
696.875,0.005543717164502532
697.1875,0.005543717164502532
697.5,0.008308504678941933
697.8125,0.005543717164502532
698.125,0.005543717164502532
698.4375,0.002771858582251266
698.75,0.005543717164502532
699.0625,0.005543717164502532
699.375,0.005543717164502532
699.6875,0.008308504678941933
700,0.005543717164502532
700.3125,0.005543717164502532
700.625,0.005543717164502532
700.9375,0.005543717164502532
701.25,0.005543717164502532
701.5625,0.005543717164502532
701.875,0.008308504678941933
702.1875,0.008308504678941933
702.5,0.008308504678941933
702.8125,0.008308504678941933
703.125,0.008308504678941933
703.4375,0.005543717164502532
703.75,0.005543717164502532
704.0625,0.005543717164502532
704.375,0.008308504678941933
704.6875,0.005543717164502532
705,0.008308504678941933
705.3125,0.008308504678941933
705.625,0.008308504678941933
705.9375,0.008308504678941933
706.25,0.005543717164502532
706.5625,0.005543717164502532
706.875,0.005543717164502532
707.1875,0.005543717164502532
707.5,0.005543717164502532
707.8125,0.008308504678941933
708.125,0.008308504678941933
708.4375,0.011080363261193198
708.75,0.008308504678941933
709.0625,0.008308504678941933
709.375,0.005543717164502532
709.6875,0.005543717164502532
710,0.005543717164502532
710.3125,0.005543717164502532
710.625,0.008308504678941933
710.9375,0.008308504678941933
711.25,0.008308504678941933
711.5625,0.008308504678941933
711.875,0.005543717164502532
712.1875,0.005543717164502532
712.5,0.002771858582251266
712.8125,0.005543717164502532
713.125,0.005543717164502532
713.4375,0.008308504678941933
713.75,0.008308504678941933
714.0625,0.011080363261193198
714.375,0.008308504678941933
714.6875,0.008308504678941933
715,0.005543717164502532
715.3125,0.005543717164502532
715.625,0.005543717164502532
715.9375,0.005543717164502532
716.25,0.005543717164502532
716.5625,0.005543717164502532
716.875,0.005543717164502532
717.1875,0.005543717164502532
717.5,0.005543717164502532
717.8125,0.005543717164502532
718.125,0.005543717164502532
718.4375,0.005543717164502532
718.75,0.005543717164502532
719.0625,0.005543717164502532
719.375,0.005543717164502532
719.6875,0.005543717164502532
720,0.005543717164502532
720.3125,0.005543717164502532
720.625,0.005543717164502532
720.9375,0.005543717164502532
721.25,0.005543717164502532
721.5625,0.008308504678941933
721.875,0.005543717164502532
722.1875,0.005543717164502532
722.5,0.005543717164502532
722.8125,0.005543717164502532
723.125,0.008308504678941933
723.4375,0.008308504678941933
723.75,0.008308504678941933
724.0625,0.008308504678941933
724.375,0.008308504678941933
724.6875,0.005543717164502532
725,0.005543717164502532
725.3125,0.005543717164502532
725.625,0.008308504678941933
725.9375,0.011080363261193198
726.25,0.011080363261193198
726.5625,0.008308504678941933
726.875,0.008308504678941933
727.1875,0.008308504678941933
727.5,0.008308504678941933
727.8125,0.011080363261193198
728.125,0.011080363261193198
728.4375,0.011080363261193198
728.75,0.011080363261193198
729.0625,0.011080363261193198
729.375,0.011080363261193198
729.6875,0.008308504678941933
730,0.008308504678941933
730.3125,0.008308504678941933
730.625,0.008308504678941933
730.9375,0.008308504678941933
731.25,0.008308504678941933
731.5625,0.008308504678941933
731.875,0.008308504678941933
732.1875,0.005543717164502532
732.5,0.005543717164502532
732.8125,0.002771858582251266
733.125,0.005543717164502532
733.4375,0.008308504678941933
733.75,0.008308504678941933
734.0625,0.008308504678941933
734.375,0.008308504678941933
734.6875,0.005543717164502532
735,0.002771858582251266
735.3125,0.002771858582251266
735.625,0.005543717164502532
735.9375,0.005543717164502532
736.25,0.005543717164502532
736.5625,0.005543717164502532
736.875,0.002771858582251266
737.1875,0.002771858582251266
737.5,0.002771858582251266
737.8125,0.005543717164502532
738.125,0.005543717164502532
738.4375,0.005543717164502532
738.75,0.005543717164502532
739.0625,0.005543717164502532
739.375,0.002771858582251266
739.6875,0.002771858582251266
740,0.005543717164502532
740.3125,0.005543717164502532
740.625,0.005543717164502532
740.9375,0.005543717164502532
741.25,0.005543717164502532
741.5625,0.008308504678941933
741.875,0.008308504678941933
742.1875,0.008308504678941933
742.5,0.005543717164502532
742.8125,0.005543717164502532
743.125,0.008308504678941933
743.4375,0.008308504678941933
743.75,0.008308504678941933
744.0625,0.008308504678941933
744.375,0.008308504678941933
744.6875,0.008308504678941933
745,0.005543717164502532
745.3125,0.005543717164502532
745.625,0.008308504678941933
745.9375,0.011080363261193198
746.25,0.011080363261193198
746.5625,0.011080363261193198
746.875,0.011080363261193198
747.1875,0.008308504678941933
747.5,0.008308504678941933
747.8125,0.008308504678941933
748.125,0.008308504678941933
748.4375,0.011080363261193198
748.75,0.011080363261193198
749.0625,0.011080363261193198
749.375,0.013852221843444465
749.6875,0.013852221843444465
750,0.011080363261193198
750.3125,0.008308504678941933
750.625,0.008308504678941933
750.9375,0.008308504678941933
751.25,0.011080363261193198
751.5625,0.011080363261193198
751.875,0.011080363261193198
752.1875,0.011080363261193198
752.5,0.008308504678941933
752.8125,0.005543717164502532
753.125,0.008308504678941933
753.4375,0.008308504678941933
753.75,0.011080363261193198
754.0625,0.008308504678941933
754.375,0.005543717164502532
754.6875,0.008308504678941933
755,0.005543717164502532
755.3125,0.005543717164502532
755.625,0.005543717164502532
755.9375,0.005543717164502532
756.25,0.005543717164502532
756.5625,0.005543717164502532
756.875,0.005543717164502532
757.1875,0.005543717164502532
757.5,0.005543717164502532
757.8125,0.005543717164502532
758.125,0.005543717164502532
758.4375,0.008308504678941933
758.75,0.008308504678941933
759.0625,0.008308504678941933
759.375,0.005543717164502532
759.6875,0.005543717164502532
760,0.005543717164502532
760.3125,0.005543717164502532
760.625,0.008308504678941933
760.9375,0.008308504678941933
761.25,0.008308504678941933
761.5625,0.011080363261193198
761.875,0.008308504678941933
762.1875,0.008308504678941933
762.5,0.005543717164502532
762.8125,0.005543717164502532
763.125,0.008308504678941933
763.4375,0.008308504678941933
763.75,0.008308504678941933
764.0625,0.008308504678941933
764.375,0.008308504678941933
764.6875,0.011080363261193198
765,0.008308504678941933
765.3125,0.005543717164502532
765.625,0.008308504678941933
765.9375,0.008308504678941933
766.25,0.008308504678941933
766.5625,0.008308504678941933
766.875,0.008308504678941933
767.1875,0.008308504678941933
767.5,0.008308504678941933
767.8125,0.008308504678941933
768.125,0.005543717164502532
768.4375,0.005543717164502532
768.75,0.008308504678941933
769.0625,0.011080363261193198
769.375,0.008308504678941933
769.6875,0.008308504678941933
770,0.008308504678941933
770.3125,0.008308504678941933
770.625,0.008308504678941933
770.9375,0.008308504678941933
771.25,0.008308504678941933
771.5625,0.008308504678941933
771.875,0.008308504678941933
772.1875,0.011080363261193198
772.5,0.008308504678941933
772.8125,0.008308504678941933
773.125,0.005543717164502532
773.4375,0.005543717164502532
773.75,0.005543717164502532
774.0625,0.005543717164502532
774.375,0.008308504678941933
774.6875,0.008308504678941933
775,0.008308504678941933
775.3125,0.005543717164502532
775.625,0.005543717164502532
775.9375,0.002771858582251266
776.25,0.005543717164502532
776.5625,0.005543717164502532
776.875,0.005543717164502532
777.1875,0.005543717164502532
777.5,0.005543717164502532
777.8125,0.005543717164502532
778.125,0.005543717164502532
778.4375,0.005543717164502532
778.75,0.005543717164502532
779.0625,0.005543717164502532
779.375,0.005543717164502532
779.6875,0.005543717164502532
780,0.002771858582251266
780.3125,0.002771858582251266
780.625,0.002771858582251266
780.9375,0.005543717164502532
781.25,0.005543717164502532
781.5625,0.008308504678941933
781.875,0.005543717164502532
782.1875,0.002771858582251266
782.5,0.002771858582251266
782.8125,0.002771858582251266
783.125,0.005543717164502532
783.4375,0.005543717164502532
783.75,0.005543717164502532
784.0625,0.005543717164502532
784.375,0.005543717164502532
784.6875,0.005543717164502532
785,0.005543717164502532
785.3125,0.005543717164502532
785.625,0.002771858582251266
785.9375,0.002771858582251266
786.25,0.002771858582251266
786.5625,0.005543717164502532
786.875,0.005543717164502532
787.1875,0.005543717164502532
787.5,0.005543717164502532
787.8125,0.005543717164502532
788.125,0.005543717164502532
788.4375,0.002771858582251266
788.75,0.005543717164502532
789.0625,0.005543717164502532
789.375,0.002771858582251266
789.6875,0.002771858582251266
790,0.005543717164502532
790.3125,0.005543717164502532
790.625,0.005543717164502532
790.9375,0.005543717164502532
791.25,0.002771858582251266
791.5625,0.005543717164502532
791.875,0.005543717164502532
792.1875,0.005543717164502532
792.5,0.008308504678941933
792.8125,0.008308504678941933
793.125,0.005543717164502532
793.4375,0.005543717164502532
793.75,0.005543717164502532
794.0625,0.005543717164502532
794.375,0.005543717164502532
794.6875,0.005543717164502532
795,0.005543717164502532
795.3125,0.005543717164502532
795.625,0.005543717164502532
795.9375,0.005543717164502532
796.25,0.005543717164502532
796.5625,0.005543717164502532
796.875,0.005543717164502532
797.1875,0.005543717164502532
797.5,0.005543717164502532
797.8125,0.008308504678941933
798.125,0.008308504678941933
798.4375,0.005543717164502532
798.75,0.005543717164502532
799.0625,0.005543717164502532
799.375,0.002771858582251266
799.6875,0.005543717164502532
800,0.002771858582251266
800.3125,0.002771858582251266
800.625,0.005543717164502532
800.9375,0.005543717164502532
801.25,0.005543717164502532
801.5625,0.002771858582251266
801.875,0.002771858582251266
802.1875,0.005543717164502532
802.5,0.005543717164502532
802.8125,0.005543717164502532
803.125,0.002771858582251266
803.4375,0.002771858582251266
803.75,0.002771858582251266
804.0625,0.002771858582251266
804.375,0.002771858582251266
804.6875,0.005543717164502532
805,0.005543717164502532
805.3125,0.005543717164502532
805.625,0.005543717164502532
805.9375,0.002771858582251266
806.25,0.005543717164502532
806.5625,0.005543717164502532
806.875,0.005543717164502532
807.1875,0.005543717164502532
807.5,0.005543717164502532
807.8125,0.005543717164502532
808.125,0.005543717164502532
808.4375,0.005543717164502532
808.75,0.002771858582251266
809.0625,0.005543717164502532
809.375,0.005543717164502532
809.6875,0.005543717164502532
810,0.008308504678941933
810.3125,0.005543717164502532
810.625,0.005543717164502532
810.9375,0.005543717164502532
811.25,0.005543717164502532
811.5625,0.005543717164502532
811.875,0.005543717164502532
812.1875,0.005543717164502532
812.5,0.005543717164502532
812.8125,0.008308504678941933
813.125,0.008308504678941933
813.4375,0.008308504678941933
813.75,0.008308504678941933
814.0625,0.005543717164502532
814.375,0.005543717164502532
814.6875,0.005543717164502532
815,0.005543717164502532
815.3125,0.008308504678941933
815.625,0.008308504678941933
815.9375,0.008308504678941933
816.25,0.008308504678941933
816.5625,0.005543717164502532
816.875,0.005543717164502532
817.1875,0.005543717164502532
817.5,0.008308504678941933
817.8125,0.008308504678941933
818.125,0.008308504678941933
818.4375,0.008308504678941933
818.75,0.005543717164502532
819.0625,0.005543717164502532
819.375,0.005543717164502532
819.6875,0.005543717164502532
820,0.005543717164502532
820.3125,0.005543717164502532
820.625,0.005543717164502532
820.9375,0.005543717164502532
821.25,0.005543717164502532
821.5625,0.005543717164502532
821.875,0.005543717164502532
822.1875,0.002771858582251266
822.5,0.002771858582251266
822.8125,0.005543717164502532
823.125,0.005543717164502532
823.4375,0.005543717164502532
823.75,0.005543717164502532
824.0625,0.002771858582251266
824.375,0.005543717164502532
824.6875,0.002771858582251266
825,0.002771858582251266
825.3125,0.005543717164502532
825.625,0.005543717164502532
825.9375,0.005543717164502532
826.25,0.002771858582251266
826.5625,0.002771858582251266
826.875,0.002771858582251266
827.1875,0.002771858582251266
827.5,0.002771858582251266
827.8125,0.005543717164502532
828.125,0.005543717164502532
828.4375,0.005543717164502532
828.75,0.005543717164502532
829.0625,0.002771858582251266
829.375,0.005543717164502532
829.6875,0.005543717164502532
830,0.005543717164502532
830.3125,0.005543717164502532
830.625,0.005543717164502532
830.9375,0.005543717164502532
831.25,0.005543717164502532
831.5625,0.005543717164502532
831.875,0.005543717164502532
832.1875,0.005543717164502532
832.5,0.005543717164502532
832.8125,0.005543717164502532
833.125,0.005543717164502532
833.4375,0.005543717164502532
833.75,0.005543717164502532
834.0625,0.005543717164502532
834.375,0.002771858582251266
834.6875,0.002771858582251266
835,0.002771858582251266
835.3125,0.005543717164502532
835.625,0.005543717164502532
835.9375,0.005543717164502532
836.25,0.005543717164502532
836.5625,0.002771858582251266
836.875,0.002771858582251266
837.1875,0.002771858582251266
837.5,0.005543717164502532
837.8125,0.002771858582251266
838.125,0.002771858582251266
838.4375,0.002771858582251266
838.75,0.002771858582251266
839.0625,0.002771858582251266
839.375,0.002771858582251266
839.6875,0.002771858582251266
840,0.002771858582251266
840.3125,0.002771858582251266
840.625,0.002771858582251266
840.9375,0.002771858582251266
841.25,0.002771858582251266
841.5625,0.002771858582251266
841.875,0.002771858582251266
842.1875,0.002771858582251266
842.5,0.002771858582251266
842.8125,0.002771858582251266
843.125,0.002771858582251266
843.4375,0.002771858582251266
843.75,0.002771858582251266
844.0625,0.002771858582251266
844.375,0.002771858582251266
844.6875,0.002771858582251266
845,0.002771858582251266
845.3125,0.002771858582251266
845.625,0.002771858582251266
845.9375,0.002771858582251266
846.25,0.002771858582251266
846.5625,0.002771858582251266
846.875,0.002771858582251266
847.1875,0.002771858582251266
847.5,0.002771858582251266
847.8125,0.002771858582251266
848.125,0.002771858582251266
848.4375,0.005543717164502532
848.75,0.002771858582251266
849.0625,0.002771858582251266
849.375,0.002771858582251266
849.6875,0.002771858582251266
850,0.002771858582251266
850.3125,0.002771858582251266
850.625,0.002771858582251266
850.9375,0.002771858582251266
851.25,0.002771858582251266
851.5625,0.002771858582251266
851.875,0.002771858582251266
852.1875,0.002771858582251266
852.5,0.002771858582251266
852.8125,0.002771858582251266
853.125,0.002771858582251266
853.4375,0.002771858582251266
853.75,0.002771858582251266
854.0625,0.005543717164502532
854.375,0.005543717164502532
854.6875,0.005543717164502532
855,0.002771858582251266
855.3125,0.002771858582251266
855.625,0.005543717164502532
855.9375,0.005543717164502532
856.25,0.005543717164502532
856.5625,0.005543717164502532
856.875,0.002771858582251266
857.1875,0.002771858582251266
857.5,0.002771858582251266
857.8125,0.002771858582251266
858.125,0.002771858582251266
858.4375,0.005543717164502532
858.75,0.005543717164502532
859.0625,0.005543717164502532
859.375,0.002771858582251266
859.6875,0.002771858582251266
860,0.002771858582251266
860.3125,0.002771858582251266
860.625,0.002771858582251266
860.9375,0.002771858582251266
861.25,0.005543717164502532
861.5625,0.005543717164502532
861.875,0.005543717164502532
862.1875,0.005543717164502532
862.5,0.002771858582251266
862.8125,0.002771858582251266
863.125,0.002771858582251266
863.4375,0.002771858582251266
863.75,0.002771858582251266
864.0625,0.002771858582251266
864.375,0.002771858582251266
864.6875,0.002771858582251266
865,0.002771858582251266
865.3125,0.002771858582251266
865.625,0.002771858582251266
865.9375,0.002771858582251266
866.25,0.002771858582251266
866.5625,0.002771858582251266
866.875,0.002771858582251266
867.1875,0.002771858582251266
867.5,0.002771858582251266
867.8125,0.002771858582251266
868.125,0.002771858582251266
868.4375,0.002771858582251266
868.75,0.002771858582251266
869.0625,0.002771858582251266
869.375,0.002771858582251266
869.6875,0.002771858582251266
870,0.002771858582251266
870.3125,0.002771858582251266
870.625,0.002771858582251266
870.9375,0.005543717164502532
871.25,0.002771858582251266
871.5625,0.002771858582251266
871.875,0.002771858582251266
872.1875,0.002771858582251266
872.5,0.002771858582251266
872.8125,0.002771858582251266
873.125,0.002771858582251266
873.4375,0.002771858582251266
873.75,0.002771858582251266
874.0625,0.002771858582251266
874.375,0.002771858582251266
874.6875,0.002771858582251266
875,0.002771858582251266
875.3125,0.002771858582251266
875.625,0.005543717164502532
875.9375,0.002771858582251266
876.25,0.002771858582251266
876.5625,0.002771858582251266
876.875,0.002771858582251266
877.1875,0.002771858582251266
877.5,0.002771858582251266
877.8125,0.002771858582251266
878.125,0.002771858582251266
878.4375,0.002771858582251266
878.75,0.002771858582251266
879.0625,0.002771858582251266
879.375,0.002771858582251266
879.6875,0.002771858582251266
880,0.002771858582251266
880.3125,0.002771858582251266
880.625,0.002771858582251266
880.9375,0.002771858582251266
881.25,0.002771858582251266
881.5625,0.002771858582251266
881.875,0.002771858582251266
882.1875,0.002771858582251266
882.5,0.002771858582251266
882.8125,0.002771858582251266
883.125,0.002771858582251266
883.4375,0.002771858582251266
883.75,0.002771858582251266
884.0625,0.002771858582251266
884.375,0.002771858582251266
884.6875,0.002771858582251266
885,0.002771858582251266
885.3125,0.002771858582251266
885.625,0.002771858582251266
885.9375,0.002771858582251266
886.25,0.002771858582251266
886.5625,0.002771858582251266
886.875,0.002771858582251266
887.1875,0.002771858582251266
887.5,0.002771858582251266
887.8125,0.002771858582251266
888.125,0.002771858582251266
888.4375,0.002771858582251266
888.75,0.002771858582251266
889.0625,0.002771858582251266
889.375,0.002771858582251266
889.6875,0.002771858582251266
890,0.002771858582251266
890.3125,0.002771858582251266
890.625,0.002771858582251266
890.9375,0.002771858582251266
891.25,0.002771858582251266
891.5625,0.002771858582251266
891.875,0.002771858582251266
892.1875,0.002771858582251266
892.5,0.002771858582251266
892.8125,0.002771858582251266
893.125,0.002771858582251266
893.4375,0.002771858582251266
893.75,0.002771858582251266
894.0625,0.002771858582251266
894.375,0.002771858582251266
894.6875,0.002771858582251266
895,0.002771858582251266
895.3125,0.002771858582251266
895.625,0.002771858582251266
895.9375,0.002771858582251266
896.25,0.002771858582251266
896.5625,0.002771858582251266
896.875,0.002771858582251266
897.1875,0.002771858582251266
897.5,0.002771858582251266
897.8125,0.002771858582251266
898.125,0.002771858582251266
898.4375,0.002771858582251266
898.75,0.002771858582251266
899.0625,0.005543717164502532
899.375,0.005543717164502532
899.6875,0.005543717164502532
900,0.002771858582251266
900.3125,0.002771858582251266
900.625,0.002771858582251266
900.9375,0.002771858582251266
901.25,0.002771858582251266
901.5625,0.005543717164502532
901.875,0.002771858582251266
902.1875,0.002771858582251266
902.5,0.002771858582251266
902.8125,0.002771858582251266
903.125,0.002771858582251266
903.4375,0.005543717164502532
903.75,0.005543717164502532
904.0625,0.005543717164502532
904.375,0.005543717164502532
904.6875,0.005543717164502532
905,0.002771858582251266
905.3125,0.005543717164502532
905.625,0.005543717164502532
905.9375,0.005543717164502532
906.25,0.005543717164502532
906.5625,0.002771858582251266
906.875,0.002771858582251266
907.1875,0.002771858582251266
907.5,0.005543717164502532
907.8125,0.005543717164502532
908.125,0.002771858582251266
908.4375,0.002771858582251266
908.75,0.002771858582251266
909.0625,0.002771858582251266
909.375,0.005543717164502532
909.6875,0.002771858582251266
910,0.002771858582251266
910.3125,0.002771858582251266
910.625,0.005543717164502532
910.9375,0.005543717164502532
911.25,0.005543717164502532
911.5625,0.005543717164502532
911.875,0.005543717164502532
912.1875,0.005543717164502532
912.5,0.002771858582251266
912.8125,0.002771858582251266
913.125,0.002771858582251266
913.4375,0.002771858582251266
913.75,0.002771858582251266
914.0625,0.002771858582251266
914.375,0.002771858582251266
914.6875,0.002771858582251266
915,0.005543717164502532
915.3125,0.005543717164502532
915.625,0.005543717164502532
915.9375,0.002771858582251266
916.25,0.002771858582251266
916.5625,0.002771858582251266
916.875,0.005543717164502532
917.1875,0.005543717164502532
917.5,0.005543717164502532
917.8125,0.005543717164502532
918.125,0.002771858582251266
918.4375,0.002771858582251266
918.75,0.002771858582251266
919.0625,0.002771858582251266
919.375,0.002771858582251266
919.6875,0.002771858582251266
920,0.002771858582251266
920.3125,0.002771858582251266
920.625,0.002771858582251266
920.9375,0.002771858582251266
921.25,0.002771858582251266
921.5625,0.002771858582251266
921.875,0.002771858582251266
922.1875,0.002771858582251266
922.5,0.002771858582251266
922.8125,0.002771858582251266
923.125,0.002771858582251266
923.4375,0.005543717164502532
923.75,0.005543717164502532
924.0625,0.002771858582251266
924.375,0.002771858582251266
924.6875,0.005543717164502532
925,0.005543717164502532
925.3125,0.005543717164502532
925.625,0.005543717164502532
925.9375,0.005543717164502532
926.25,0.005543717164502532
926.5625,0.005543717164502532
926.875,0.005543717164502532
927.1875,0.005543717164502532
927.5,0.005543717164502532
927.8125,0.005543717164502532
928.125,0.005543717164502532
928.4375,0.005543717164502532
928.75,0.002771858582251266
929.0625,0.005543717164502532
929.375,0.005543717164502532
929.6875,0.005543717164502532
930,0.005543717164502532
930.3125,0.005543717164502532
930.625,0.005543717164502532
930.9375,0.005543717164502532
931.25,0.002771858582251266
931.5625,0.002771858582251266
931.875,0.005543717164502532
932.1875,0.005543717164502532
932.5,0.005543717164502532
932.8125,0.002771858582251266
933.125,0.002771858582251266
933.4375,0.002771858582251266
933.75,0.002771858582251266
934.0625,0.002771858582251266
934.375,0.002771858582251266
934.6875,0.002771858582251266
935,0.002771858582251266
935.3125,0.002771858582251266
935.625,0.002771858582251266
935.9375,0.002771858582251266
936.25,0.002771858582251266
936.5625,0.002771858582251266
936.875,0.002771858582251266
937.1875,0.002771858582251266
937.5,0.002771858582251266
937.8125,0.002771858582251266
938.125,0.002771858582251266
938.4375,0.002771858582251266
938.75,0.002771858582251266
939.0625,0.002771858582251266
939.375,0.002771858582251266
939.6875,0.002771858582251266
940,0.002771858582251266
940.3125,0.002771858582251266
940.625,0.002771858582251266
940.9375,0.002771858582251266
941.25,0.002771858582251266
941.5625,0.002771858582251266
941.875,0.002771858582251266
942.1875,0.002771858582251266
942.5,0.002771858582251266
942.8125,0.002771858582251266
943.125,0.002771858582251266
943.4375,0.002771858582251266
943.75,0.002771858582251266
944.0625,0.002771858582251266
944.375,0.002771858582251266
944.6875,0.002771858582251266
945,0.002771858582251266
945.3125,0.002771858582251266
945.625,0.002771858582251266
945.9375,0.002771858582251266
946.25,0.002771858582251266
946.5625,0.002771858582251266
946.875,0.005543717164502532
947.1875,0.002771858582251266
947.5,0.002771858582251266
947.8125,0.002771858582251266
948.125,0.005543717164502532
948.4375,0.005543717164502532
948.75,0.005543717164502532
949.0625,0.005543717164502532
949.375,0.005543717164502532
949.6875,0.005543717164502532
950,0.005543717164502532
950.3125,0.005543717164502532
950.625,0.005543717164502532
950.9375,0.005543717164502532
951.25,0.005543717164502532
951.5625,0.005543717164502532
951.875,0.005543717164502532
952.1875,0.005543717164502532
952.5,0.008308504678941933
952.8125,0.005543717164502532
953.125,0.005543717164502532
953.4375,0.005543717164502532
953.75,0.005543717164502532
954.0625,0.005543717164502532
954.375,0.005543717164502532
954.6875,0.005543717164502532
955,0.005543717164502532
955.3125,0.005543717164502532
955.625,0.005543717164502532
955.9375,0.005543717164502532
956.25,0.005543717164502532
956.5625,0.005543717164502532
956.875,0.005543717164502532
957.1875,0.002771858582251266
957.5,0.002771858582251266
957.8125,0.002771858582251266
958.125,0.002771858582251266
958.4375,0.002771858582251266
958.75,0.002771858582251266
959.0625,0.002771858582251266
959.375,0.002771858582251266
959.6875,0.002771858582251266
960,0.002771858582251266
960.3125,0.002771858582251266
960.625,0.002771858582251266
960.9375,0.002771858582251266
961.25,0.002771858582251266
961.5625,0.002771858582251266
961.875,0.002771858582251266
962.1875,0.002771858582251266
962.5,0.002771858582251266
962.8125,0
963.125,0.002771858582251266
963.4375,0.002771858582251266
963.75,0.002771858582251266
964.0625,0.002771858582251266
964.375,0.002771858582251266
964.6875,0.002771858582251266
965,0.002771858582251266
965.3125,0.002771858582251266
965.625,0
965.9375,0
966.25,0.002771858582251266
966.5625,0.002771858582251266
966.875,0.002771858582251266
967.1875,0.002771858582251266
967.5,0.002771858582251266
967.8125,0.002771858582251266
968.125,0.002771858582251266
968.4375,0.002771858582251266
968.75,0.002771858582251266
969.0625,0.002771858582251266
969.375,0.002771858582251266
969.6875,0.002771858582251266
970,0.002771858582251266
970.3125,0.002771858582251266
970.625,0.002771858582251266
970.9375,0.002771858582251266
971.25,0.002771858582251266
971.5625,0.002771858582251266
971.875,0.002771858582251266
972.1875,0.002771858582251266
972.5,0.005543717164502532
972.8125,0.005543717164502532
973.125,0.002771858582251266
973.4375,0.002771858582251266
973.75,0.002771858582251266
974.0625,0.005543717164502532
974.375,0.005543717164502532
974.6875,0.005543717164502532
975,0.002771858582251266
975.3125,0.005543717164502532
975.625,0.002771858582251266
975.9375,0.005543717164502532
976.25,0.005543717164502532
976.5625,0.002771858582251266
976.875,0.002771858582251266
977.1875,0.005543717164502532
977.5,0.002771858582251266
977.8125,0.002771858582251266
978.125,0.002771858582251266
978.4375,0.005543717164502532
978.75,0.005543717164502532
979.0625,0.005543717164502532
979.375,0.002771858582251266
979.6875,0.002771858582251266
980,0.002771858582251266
980.3125,0.002771858582251266
980.625,0.002771858582251266
980.9375,0.002771858582251266
981.25,0.002771858582251266
981.5625,0.002771858582251266
981.875,0.002771858582251266
982.1875,0.002771858582251266
982.5,0.002771858582251266
982.8125,0.002771858582251266
983.125,0.002771858582251266
983.4375,0.002771858582251266
983.75,0.002771858582251266
984.0625,0.002771858582251266
984.375,0.002771858582251266
984.6875,0.002771858582251266
985,0.002771858582251266
985.3125,0.002771858582251266
985.625,0.002771858582251266
985.9375,0.002771858582251266
986.25,0.002771858582251266
986.5625,0.002771858582251266
986.875,0.002771858582251266
987.1875,0.002771858582251266
987.5,0.002771858582251266
987.8125,0.002771858582251266
988.125,0.002771858582251266
988.4375,0.002771858582251266
988.75,0.002771858582251266
989.0625,0.002771858582251266
989.375,0.002771858582251266
989.6875,0.002771858582251266
990,0.002771858582251266
990.3125,0.002771858582251266
990.625,0.002771858582251266
990.9375,0.002771858582251266
991.25,0.002771858582251266
991.5625,0.002771858582251266
991.875,0.002771858582251266
992.1875,0.002771858582251266
992.5,0.002771858582251266
992.8125,0.002771858582251266
993.125,0.002771858582251266
993.4375,0.002771858582251266
993.75,0.002771858582251266
994.0625,0.002771858582251266
994.375,0.005543717164502532
994.6875,0.005543717164502532
995,0.005543717164502532
995.3125,0.005543717164502532
995.625,0.005543717164502532
995.9375,0.005543717164502532
996.25,0.005543717164502532
996.5625,0.005543717164502532
996.875,0.005543717164502532
997.1875,0.005543717164502532
997.5,0.002771858582251266
997.8125,0.005543717164502532
998.125,0.002771858582251266
998.4375,0.005543717164502532
998.75,0.005543717164502532
999.0625,0.005543717164502532
999.375,0.005543717164502532
999.6875,0.005543717164502532