"Frequency (HZ)","3RV 2026-05-07 23:56:00"
0,0.0011384419177103415
0.3125,0.0005515432893255071
0.625,0.00021213203435596422
0.9375,0.0004384062043356594
1.25,0.0012727922061357853
1.5625,0.020152543263816602
1.875,0.054666425253531985
2.1875,0.06807316982482892
2.5,0.07056218569460558
2.8125,0.08205267088888697
3.125,0.06351940215398756
3.4375,0.05311079033492158
3.75,0.03996567527266366
4.0625,0.03747665940288702
4.375,0.018271639225860385
4.6875,0.016977633816289004
5,0.021884954877723642
5.3125,0.03392698336133055
5.625,0.04064449778260275
5.9375,0.04418003168853549
6.25,0.04507098623283054
6.5625,0.03770293357286671
6.875,0.025208356749300418
7.1875,0.019869700551341983
7.5,0.02368807716974934
7.8125,0.024027488424718885
8.125,0.017437253224060263
8.4375,0.01586040510201426
8.75,0.019756563466352135
9.0625,0.08741254029028099
9.375,0.1831618695307514
9.6875,0.10133547281184412
10,0.026877128752900672
10.3125,0.01887975105768082
10.625,0.01513915618520398
10.9375,0.013958287860622448
11.25,0.013046120112891801
11.5625,0.014700749980868321
11.875,0.01762817205498063
12.1875,0.015443212101114196
12.5,0.01614324781448888
12.8125,0.016659435764755058
13.125,0.009779286783809953
13.4375,0.01195010460205265
13.75,0.009821713190681144
14.0625,0.006512453454728102
14.375,0.00581241774135342
14.6875,0.008683271272970803
15,0.01189353605955773
15.3125,0.0195797867710555
15.625,0.022068802640832146
15.9375,0.010634885989045674
16.25,0.009899494936611665
16.5625,0.014283556979968259
16.875,0.016086679271993955
17.1875,0.016617009357883867
17.5,0.008662058069535208
17.8125,0.009574225817265853
18.125,0.01715441051158564
18.4375,0.056603897833983126
18.75,0.10553568709209221
19.0625,0.04978738846334481
19.375,0.009708576105691296
19.6875,0.006759940828143394
20,0.010691454531540598
20.3125,0.011285424227737297
20.625,0.008944900782009825
20.9375,0.010620743853421943
21.25,0.007693321779309637
21.5625,0.007481189744953673
21.875,0.013293607486307093
22.1875,0.009347951647286159
22.5,0.005508361825443205
22.8125,0.007198347032479053
23.125,0.005642712113868648
23.4375,0.0026587214972614184
23.75,0.0056780674529279766
24.0625,0.010026774157225244
24.375,0.07090866801738697
24.6875,0.37420797967173275
25,0.6223883177325873
25.3125,0.2580020512515356
25.625,0.012232947314527272
25.9375,0.008145870119269028
26.25,0.014170419894978411
26.5625,0.012402652942012043
26.875,0.014835100269293765
27.1875,0.0138451507756326
27.5,0.018462558056780754
27.8125,0.039527269068328
28.125,0.05010558651487876
28.4375,0.027350890296295657
28.75,0.020286893552242048
29.0625,0.01667357790037879
29.375,0.008796408357960651
29.6875,0.006307392488184004
30,0.005833630944789017
30.3125,0.010804591616530445
30.625,0.045226549724691575
30.9375,0.05027529214236352
31.25,0.01808072039494002
31.5625,0.0120632416870425
31.875,0.007353910524340093
32.1875,0.0057912045379178234
32.5,0.00862670273047588
32.8125,0.007940809152724928
33.125,0.006498311319104371
33.4375,0.006342747827243331
33.75,0.009291383104791235
34.0625,0.01250164789137816
34.375,0.01593818684794478
34.6875,0.00864084486609961
35,0.006477098115668775
35.3125,0.009956063479106589
35.625,0.013279465350683363
35.9375,0.039053507524933015
36.25,0.2049124741200496
36.5625,0.21969100584684845
36.875,0.053945176336721704
37.1875,0.07090866801738697
37.5,0.12920255105840595
37.8125,0.07785952767645074
38.125,0.02454367637498506
38.4375,0.020895005384062477
38.75,0.010564175310927019
39.0625,0.008358002153624991
39.375,0.01154705373677632
39.6875,0.010429825022501575
40,0.012805703807288375
40.3125,0.010634885989045674
40.625,0.017571603512485705
40.9375,0.013371389232237612
41.25,0.007898382745853735
41.5625,0.008301433611130067
41.875,0.007693321779309637
42.1875,0.006137686860699232
42.5,0.0075943268299435195
42.8125,0.00843578389955551
43.125,0.010012632021601513
43.4375,0.011794541110191611
43.75,0.018632263684265526
44.0625,0.011660190821766168
44.375,0.012515790027001891
44.6875,0.01267135351886293
45,0.008167083322704624
45.3125,0.008909545442950499
45.625,0.03158645991560308
45.9375,0.033870414818835626
46.25,0.025759900038625924
46.5625,0.030179317421041848
46.875,0.030886424202228393
47.1875,0.029401499961736643
47.5,0.01445326260745303
47.8125,0.026763991667910825
48.125,0.018915106396740145
48.4375,0.009270169901355638
48.75,0.009899494936611665
49.0625,0.014566399692442878
49.375,0.026629641379485376
49.6875,0.07254208468192791
50,0.10640542843295167
50.3125,0.04268096531242
50.625,0.011228855685242373
50.9375,0.006095260453828038
51.25,0.008492352442050434
51.5625,0.010465180361560904
51.875,0.010217692988145611
52.1875,0.00959543902070145
52.5,0.0062296107422534835
52.8125,0.012862272349783299
53.125,0.019183806973591035
53.4375,0.016008897526063433
53.75,0.009114606409494597
54.0625,0.00706399674405361
54.375,0.007106423150924802
54.6875,0.0075236161518248655
55,0.01909188309203678
55.3125,0.02009597472132168
55.625,0.021121279554042173
55.9375,0.029691413742023127
56.25,0.0468387531857969
56.5625,0.045509392437166195
56.875,0.022811264761078018
57.1875,0.01692106527379408
57.5,0.016694791103814385
57.8125,0.02158089896181343
58.125,0.021177848096537097
58.4375,0.018066578259316287
58.75,0.018554481938335005
59.0625,0.019756563466352135
59.375,0.037985776285341326
59.6875,0.025222498884924147
60,0.017324116139070415
60.3125,0.018710045430196047
60.625,0.018427202717721428
60.9375,0.022945615049503466
61.25,0.054206805845760736
61.5625,0.060782898910795614
61.875,0.03913128927086354
62.1875,0.023023396795433984
62.5,0.032215784950859104
62.8125,0.02212537118332707
63.125,0.025208356749300418
63.4375,0.03838882715061766
63.75,0.024105270170649406
64.0625,0.019947482297272504
64.375,0.026099311293595467
64.6875,0.03071671857474362
65,0.04150009698783847
65.3125,0.06424065107079784
65.625,0.1444336311251642
65.9375,0.13258252147247765
66.25,0.058329238380078294
66.5625,0.03823326365875662
66.875,0.025321493834290266
67.1875,0.017833233021524727
67.5,0.015726054813588814
67.8125,0.015747268017024415
68.125,0.020378817433796298
68.4375,0.016942278477229678
68.75,0.0217506045892982
69.0625,0.01823628388680106
69.375,0.012480434687942563
69.6875,0.01498359269334294
70,0.011964246737676385
70.3125,0.015103800846144655
70.625,0.018193857479929867
70.9375,0.010352043276571056
71.25,0.009517657274770929
71.5625,0.015839191898578662
71.875,0.014835100269293765
72.1875,0.011186429278371181
72.5,0.01267135351886293
72.8125,0.022203152929257588
73.125,0.017833233021524727
73.4375,0.011794541110191611
73.75,0.01356230806315798
74.0625,0.015556349186104044
74.375,0.020400030637231895
74.6875,0.037589796487876866
75,0.05588264891717285
75.3125,0.04287188414334037
75.625,0.023058752134493314
75.9375,0.02167282284336768
76.25,0.012155165568596752
76.5625,0.007502402948389268
76.875,0.011603622279271244
77.1875,0.015782623356083738
77.5,0.008223651865199548
77.8125,0.005260874452027914
78.125,0.009934850275670992
78.4375,0.016807928188804232
78.75,0.013350176028802016
79.0625,0.0062296107422534835
79.375,0.009058037866999673
79.6875,0.008697413408594534
80,0.0057346359954229
80.3125,0.006038691911333116
80.625,0.005777062402294093
80.9375,0.00721956023591465
81.25,0.01420577523403774
81.5625,0.015004805896778536
81.875,0.008775195154525054
82.1875,0.011794541110191611
82.5,0.00820243866176395
82.8125,0.007841814203358811
83.125,0.016489730137270286
83.4375,0.011129860735876258
83.75,0.018632263684265526
84.0625,0.025929605666110696
84.375,0.03462701907470523
84.6875,0.03823326365875662
85,0.024713382002469836
85.3125,0.01650387227289402
85.625,0.02199809196271349
85.9375,0.01929694405858088
86.25,0.05204305909532989
86.5625,0.0405313606976129
86.875,0.016051323932934628
87.1875,0.014149206691542815
87.5,0.020230325009747124
87.8125,0.0259083924626751
88.125,0.021276843045903212
88.4375,0.02714582932975156
88.75,0.01825042602242479
89.0625,0.012932983027901954
89.375,0.012763277400417182
89.6875,0.011773327906756016
90,0.013887577182503793
90.3125,0.01735947147812974
90.625,0.024062843763778208
90.9375,0.026912484091959996
91.25,0.016334166645409248
91.5625,0.014552257556819147
91.875,0.0211566348931015
92.1875,0.04355070665327946
92.5,0.0591494822462547
92.8125,0.0337926330729051
93.125,0.027506453788156696
93.4375,0.06427600640985716
93.75,0.12046271124294024
94.0625,0.07586548655350468
94.375,0.033983551903825474
94.6875,0.023214315626354353
95,0.019162593770155435
95.3125,0.016977633816289004
95.625,0.014318912319027587
95.9375,0.01595232898356851
96.25,0.0154219988976786
96.5625,0.022811264761078018
96.875,0.029366144622677316
97.1875,0.027025621176949843
97.5,0.018101933598375617
97.8125,0.021333411588398136
98.125,0.02123441663903202
98.4375,0.015895760441073586
98.75,0.01586040510201426
99.0625,0.01445326260745303
99.375,0.016716004307249982
99.6875,0.025455844122715707
100,0.035687679246485055
100.3125,0.028758032790856883
100.625,0.029974256454497746
100.9375,0.02714582932975156
101.25,0.015803836559519335
101.5625,0.01928280192295715
101.875,0.03312795269858975
102.1875,0.03739887765695649
102.5,0.03872823840558721
102.8125,0.0652093873610234
103.125,0.1251154738631477
103.4375,0.10061422389503384
103.75,0.0769049335218489
104.0625,0.05472299379602691
104.375,0.03931513703397204
104.6875,0.034570450532210306
105,0.042072853480599574
105.3125,0.026078098090159874
105.625,0.026742778464475224
105.9375,0.04391840217949646
106.25,0.039088862863992345
106.5625,0.029210581130816277
106.875,0.023214315626354353
107.1875,0.01815850214087054
107.5,0.015344217151748081
107.8125,0.021213203435596423
108.125,0.029401499961736643
108.4375,0.03029952557384356
108.75,0.054206805845760736
109.0625,0.03956262440738733
109.375,0.020704086553142112
109.6875,0.01876661397269097
110,0.027449885245661772
110.3125,0.2485763178583189
110.625,0.36427312939606177
110.9375,0.13168449586037073
111.25,0.03348857715699489
111.5625,0.026841773413841342
111.875,0.025512412665210635
112.1875,0.045261905063750905
112.5,0.0690631193184901
112.8125,0.05964445699308527
113.125,0.03454923732877471
113.4375,0.019947482297272504
113.75,0.012614784976368008
114.0625,0.013031977977268069
114.375,0.012558216433873084
114.6875,0.012324871196081524
115,0.01848377126021635
115.3125,0.02598617420860562
115.625,0.03493107499061544
115.9375,0.02527906742741907
116.25,0.011285424227737297
116.5625,0.009114606409494597
116.875,0.014566399692442878
117.1875,0.016072537136370225
117.5,0.013675445148147829
117.8125,0.014149206691542815
118.125,0.015803836559519335
118.4375,0.019678781720421618
118.75,0.02327088416884928
119.0625,0.023589082220383223
119.375,0.0138451507756326
119.6875,0.013944145724998717
120,0.016086679271993955
120.3125,0.020152543263816602
120.625,0.025208356749300418
120.9375,0.02324967096541368
121.25,0.01840598951428583
121.5625,0.03802820269221253
121.875,0.06283350857623661
122.1875,0.04854995159626835
122.5,0.02696905263445492
122.8125,0.028489332214005996
123.125,0.03692511611356151
123.4375,0.027937788924680493
123.75,0.012006673144547576
124.0625,0.010387398615630383
124.375,0.012628927111991739
124.6875,0.013258252147247764
125,0.013901719318127524
125.3125,0.01825042602242479
125.625,0.019883842686965716
125.9375,0.01453104435338355
126.25,0.012650140315427334
126.5625,0.014566399692442878
126.875,0.01356230806315798
127.1875,0.017550390309050107
127.5,0.020491954518786146
127.8125,0.021899097013347375
128.125,0.027485240584721102
128.4375,0.018024151852445096
128.75,0.013696658351583424
129.0625,0.013102688655386725
129.375,0.01420577523403774
129.6875,0.015026019100214135
130,0.012006673144547576
130.3125,0.011836967517062806
130.625,0.017324116139070415
130.9375,0.02951463704672649
131.25,0.0706187542371005
131.5625,0.0615041478276059
131.875,0.026481148955436202
132.1875,0.018710045430196047
132.5,0.015556349186104044
132.8125,0.014495689014324223
133.125,0.017076628765655123
133.4375,0.017472608563119586
133.75,0.011836967517062806
134.0625,0.02009597472132168
134.375,0.019183806973591035
134.6875,0.017210979054080568
135,0.015103800846144655
135.3125,0.019431294347006325
135.625,0.022528422048603402
135.9375,0.01812314680181121
136.25,0.04038286827356373
136.5625,0.028057997077482202
136.875,0.015386643558619274
137.1875,0.017225121189704297
137.5,0.02247185350610848
137.8125,0.018745400769255374
138.125,0.02429618900156977
138.4375,0.016256384899478726
138.75,0.01823628388680106
139.0625,0.022853691167949216
139.375,0.01868883222676045
139.6875,0.017076628765655123
140,0.01984848734790639
140.3125,0.028545900756500923
140.625,0.042758747058350526
140.9375,0.03667762874014622
141.25,0.02397091988222396
141.5625,0.01692106527379408
141.875,0.008852976900455575
142.1875,0.009722718241315029
142.5,0.00678115403157899
142.8125,0.008053946237714776
143.125,0.012020815280171309
143.4375,0.01692106527379408
143.75,0.022012234098337222
144.0625,0.011646048686142435
144.375,0.008605489527040284
144.6875,0.011716759364261092
145,0.015747268017024415
145.3125,0.010691454531540598
145.625,0.00997020561473032
145.9375,0.008131727983645295
146.25,0.00721956023591465
146.5625,0.011773327906756016
146.875,0.021920310216782972
147.1875,0.017776664479029803
147.5,0.018978746007046934
147.8125,0.025356849173349596
148.125,0.015726054813588814
148.4375,0.01831406563273158
148.75,0.01639073518790417
149.0625,0.013696658351583424
149.375,0.020760655095637036
149.6875,0.02704683438038544
150,0.038523177439043106
150.3125,0.029747982284518054
150.625,0.0177978776824654
150.9375,0.013166328265693516
151.25,0.009899494936611665
151.5625,0.007049854608429878
151.875,0.00439113311116846
152.1875,0.006858935777509511
152.5,0.00924895669792004
152.8125,0.011073292193381334
153.125,0.01569069947452949
153.4375,0.012197591975467945
153.75,0.03249862766333372
154.0625,0.062303178490346695
154.375,0.029896474708567225
154.6875,0.010712667734976195
155,0.008379215357060587
155.3125,0.006837722574073914
155.625,0.008471139238614839
155.9375,0.011433916651786473
156.25,0.011129860735876258
156.5625,0.012077383822666233
156.875,0.00820243866176395
157.1875,0.00864084486609961
157.5,0.015612917728598968
157.8125,0.01322289680818844
158.125,0.015478567440173525
158.4375,0.011151073939311853
158.75,0.016107892475429552
159.0625,0.030469231201328332
159.375,0.04750343356011226
159.6875,0.03753322794538194
160,0.020117187924757276
160.3125,0.0259083924626751
160.625,0.024727524138093565
160.9375,0.017684740597475553
161.25,0.02695491049883119
161.5625,0.01445326260745303
161.875,0.011872322856122131
162.1875,0.013279465350683363
162.5,0.01738068468156534
162.8125,0.022620345930157652
163.125,0.031833947289018366
163.4375,0.029818692962636707
163.75,0.0177978776824654
164.0625,0.010429825022501575
164.375,0.008167083322704624
164.6875,0.00820243866176395
165,0.011681404025201764
165.3125,0.016525085476329613
165.625,0.03177737874652344
165.9375,0.022528422048603402
166.25,0.01392293252156312
166.5625,0.01631295344197365
166.875,0.014036069606552968
167.1875,0.015252293270193827
167.5,0.012310729060457791
167.8125,0.011716759364261092
168.125,0.017302902935634815
168.4375,0.024883087629954604
168.75,0.031833947289018366
169.0625,0.03350271929261862
169.375,0.019035314549541858
169.6875,0.008244865068635143
170,0.009270169901355638
170.3125,0.012402652942012043
170.625,0.011165216074935584
170.9375,0.010790449480906714
171.25,0.018900964261116416
171.5625,0.018936319600175743
171.875,0.013031977977268069
172.1875,0.012232947314527272
172.5,0.01873125863363164
172.8125,0.01825042602242479
173.125,0.01472196318430392
173.4375,0.009899494936611665
173.75,0.007467047609329942
174.0625,0.006873077913133241
174.375,0.0046174072811481556
174.6875,0.005890199487283941
175,0.00976514464818622
175.3125,0.007254915574973977
175.625,0.008548920984545358
175.9375,0.008753981951089458
176.25,0.011052078989945738
176.5625,0.014700749980868321
176.875,0.02573868683519033
177.1875,0.015782623356083738
177.5,0.012232947314527272
177.8125,0.018137288937434944
178.125,0.03950605586489241
178.4375,0.03445731344722046
178.75,0.021404122266516792
179.0625,0.013944145724998717
179.375,0.009192388155425116
179.6875,0.007976164491784255
180,0.008683271272970803
180.3125,0.006477098115668775
180.625,0.008492352442050434
180.9375,0.008322646814565663
181.25,0.008930758646386094
181.5625,0.010069200564096435
181.875,0.010026774157225244
182.1875,0.005868986283848344
182.5,0.00818829652614022
182.8125,0.0060245497757093844
183.125,0.003952726906832801
183.4375,0.004900249993622774
183.75,0.004879036790187178
184.0625,0.006194255403194156
184.375,0.00959543902070145
184.6875,0.031077343033148765
185,0.03531291265245618
185.3125,0.012918840892278223
185.625,0.008223651865199548
185.9375,0.009362093782909888
186.25,0.013774440097513945
186.5625,0.01073388093841179
186.875,0.01690692313817035
187.1875,0.017911014767455248
187.5,0.023914351339729037
187.8125,0.019544431431996172
188.125,0.026177093039525985
188.4375,0.020668731214082782
188.75,0.009227743494484445
189.0625,0.010634885989045674
189.375,0.007120565286548534
189.6875,0.0060245497757093844
190,0.0070852099474892054
190.3125,0.007884240610230004
190.625,0.008167083322704624
190.9375,0.008131727983645295
191.25,0.007049854608429878
191.5625,0.005430580079512685
191.875,0.004087077195258245
192.1875,0.0049356053326821015
192.5,0.0057346359954229
192.8125,0.007233702371538381
193.125,0.00535986940139403
193.4375,0.004256782822743016
193.75,0.008506494577674167
194.0625,0.006724585489084066
194.375,0.006264966081312811
194.6875,0.00678115403157899
195,0.004822468247692254
195.3125,0.008527707781109763
195.625,0.007728677118368965
195.9375,0.004044650788387052
196.25,0.009171174951989521
196.5625,0.013102688655386725
196.875,0.02081722363813196
197.1875,0.016716004307249982
197.5,0.013010764773832473
197.8125,0.012155165568596752
198.125,0.008966113985445423
198.4375,0.006724585489084066
198.75,0.006759940828143394
199.0625,0.005904341622907671
199.375,0.009475230867899736
199.6875,0.014014856403117372
200,0.011186429278371181
200.3125,0.006894291116568838
200.625,0.0046315494167718865
200.9375,0.004504270196158307
201.25,0.005168950570473662
201.5625,0.0036062445840513925
201.875,0.005564930367938129
202.1875,0.00520430590953299
202.5,0.004751757569573599
202.8125,0.005338656197958433
203.125,0.007410479066835018
203.4375,0.005600285706997456
203.75,0.006420529573173851
204.0625,0.005013387078612622
204.375,0.0049356053326821015
204.6875,0.005564930367938129
205,0.005034600282048217
205.3125,0.006668016946589142
205.625,0.00661144840409422
205.9375,0.007841814203358811
206.25,0.014304770183403856
206.5625,0.012989551570396878
206.875,0.012077383822666233
207.1875,0.006759940828143394
207.5,0.004652762620207482
207.8125,0.002679934700697015
208.125,0.0027152900397563423
208.4375,0.003514320702497141
208.75,0.007997377695219852
209.0625,0.018292852429295983
209.375,0.014608826099314071
209.6875,0.007467047609329942
210,0.008867119036079306
210.3125,0.00924895669792004
210.625,0.0075943268299435195
210.9375,0.006689230150024739
211.25,0.005600285706997456
211.5625,0.009326738443850562
211.875,0.007898382745853735
212.1875,0.006646803743153546
212.5,0.00678115403157899
212.8125,0.009835855326304876
213.125,0.023150676016047565
213.4375,0.015216937931134503
213.75,0.0046881179592668095
214.0625,0.00535986940139403
214.375,0.005946768029778865
214.6875,0.005338656197958433
215,0.004956818536117698
215.3125,0.010196479784710015
215.625,0.0217506045892982
215.9375,0.014622968234937802
216.25,0.007997377695219852
216.5625,0.005904341622907671
216.875,0.0039315137033972035
217.1875,0.004787112908632926
217.5,0.005904341622907671
217.8125,0.005833630944789017
218.125,0.0057204938597991695
218.4375,0.004157787873376899
218.75,0.006003336572273788
219.0625,0.019756563466352135
219.375,0.02695491049883119
219.6875,0.00976514464818622
220,0.004348706704297267
220.3125,0.008944900782009825
220.625,0.03751201474194634
220.9375,0.2212112854263995
221.25,0.2441356872724674
221.5625,0.059071700500324176
221.875,0.012628927111991739
222.1875,0.008492352442050434
222.5,0.016185674221360073
222.8125,0.028475190078382267
223.125,0.022966828252939064
223.4375,0.006569021997223026
223.75,0.006081118318204308
224.0625,0.004956818536117698
224.375,0.004751757569573599
224.6875,0.007728677118368965
225,0.011433916651786473
225.3125,0.008739839815465727
225.625,0.006689230150024739
225.9375,0.0056780674529279766
226.25,0.00431335136523794
226.5625,0.007884240610230004
226.875,0.00565685424949238
227.1875,0.0027365032431919387
227.5,0.0034931074990615443
227.8125,0.008032733034279179
228.125,0.009192388155425116
228.4375,0.0065336666581636985
228.75,0.00476589970519733
229.0625,0.0033587572106361006
229.375,0.002757716446627535
229.6875,0.0031890515831513293
230,0.0034789653634378134
230.3125,0.005543717164502532
230.625,0.006003336572273788
230.9375,0.004122432534317572
231.25,0.0037830212793480288
231.5625,0.0072761287784095735
231.875,0.011716759364261092
232.1875,0.00943987552884041
232.5,0.005069955621107546
232.8125,0.0038395898218429527
233.125,0.005338656197958433
233.4375,0.0035921024484276616
233.75,0.0057204938597991695
234.0625,0.007410479066835018
234.375,0.010599530649986347
234.6875,0.008930758646386094
235,0.004978031739553294
235.3125,0.005168950570473662
235.625,0.005338656197958433
235.9375,0.006724585489084066
236.25,0.00581241774135342
236.5625,0.004596194077712558
236.875,0.005508361825443205
237.1875,0.006116473657263636
237.5,0.005699280656363572
237.8125,0.005168950570473662
238.125,0.008506494577674167
238.4375,0.0060245497757093844
238.75,0.004483056992722711
239.0625,0.004009295449327724
239.375,0.004405275246792191
239.6875,0.004023437584951455
240,0.005112382027978739
240.3125,0.0054871486220076085
240.625,0.006569021997223026
240.9375,0.005183092706097393
241.25,0.004200214280248092
241.5625,0.004023437584951455
241.875,0.004369919907732864
242.1875,0.004143645737753168
242.5,0.004709331162702406
242.8125,0.004461843789287114
243.125,0.004504270196158307
243.4375,0.0077852456608638885
243.75,0.013710800487207157
244.0625,0.010274261530640535
244.375,0.005147737367038066
244.6875,0.005642712113868648
245,0.00520430590953299
245.3125,0.0037618080759124328
245.625,0.004709331162702406
245.9375,0.004560838738653231
246.25,0.004864894654563447
246.5625,0.005282087655463509
246.875,0.006095260453828038
247.1875,0.008018590898655448
247.5,0.006038691911333116
247.8125,0.004235569619307419
248.125,0.0021496046148071044
248.4375,0.004808326112068523
248.75,0.0065336666581636985
249.0625,0.0041790010768124955
249.375,0.0035355339059327372
249.6875,0.0037830212793480288
250,0.005833630944789017
250.3125,0.0047305443661380025
250.625,0.0031324830406564055
250.9375,0.0029981327522309613
251.25,0.004101219330881975
251.5625,0.002870853531617383
251.875,0.0025455844122715707
252.1875,0.002757716446627535
252.5,0.0026233661582020914
252.8125,0.005946768029778865
253.125,0.0081105147802097
253.4375,0.0046739758236430794
253.75,0.003019345955666558
254.0625,0.002679934700697015
254.375,0.003118340905032674
254.6875,0.0023900209204105304
255,0.002411234123846127
255.3125,0.002679934700697015
255.625,0.003019345955666558
255.9375,0.002679934700697015
256.25,0.005904341622907671
256.5625,0.01392293252156312
256.875,0.008867119036079306
257.1875,0.0032102647865869254
257.5,0.0034789653634378134
257.8125,0.005013387078612622
258.125,0.002637508293825822
258.4375,0.001308147545195113
258.75,0.0021637467504308353
259.0625,0.0029981327522309613
259.375,0.0034931074990615443
259.6875,0.0034931074990615443
260,0.0033587572106361006
260.3125,0.00282842712474619
260.625,0.002276883835420683
260.9375,0.0035355339059327372
261.25,0.0029839906166072303
261.5625,0.0019162593770155438
261.875,0.002757716446627535
262.1875,0.0035496760415564686
262.5,0.00371938166904124
262.8125,0.0033446150750123696
263.125,0.0025455844122715707
263.4375,0.0025102290732122437
263.75,0.0021496046148071044
264.0625,0.0018243354954612923
264.375,0.0025102290732122437
264.6875,0.002884995667241114
265,0.002884995667241114
265.3125,0.006363961030678927
265.625,0.004483056992722711
265.9375,0.002637508293825822
266.25,0.0015556349186104045
266.5625,0.0025102290732122437
266.875,0.0046739758236430794
267.1875,0.004143645737753168
267.5,0.002637508293825822
267.8125,0.0023758787847867995
268.125,0.003040559159102154
268.4375,0.004143645737753168
268.75,0.0034931074990615443
269.0625,0.003379970414071697
269.375,0.004023437584951455
269.6875,0.002489015869776647
270,0.0027365032431919387
270.3125,0.004023437584951455
270.625,0.004751757569573599
270.9375,0.005338656197958433
271.25,0.0036628131265463155
271.5625,0.0060245497757093844
271.875,0.007693321779309637
272.1875,0.004447701653663383
272.5,0.0036274577874869885
272.8125,0.002694076836320746
273.125,0.00245366053071732
273.4375,0.0026587214972614184
273.75,0.004270924958366747
274.0625,0.0038395898218429527
274.375,0.0037971634149717597
274.6875,0.003118340905032674
275,0.0034011836175072935
275.3125,0.003019345955666558
275.625,0.002262741699796952
275.9375,0.002694076836320746
276.25,0.0034011836175072935
276.5625,0.0032880465325174457
276.875,0.003054701294725885
277.1875,0.004864894654563447
277.5,0.0034577521600022173
277.8125,0.0020506096654409876
278.125,0.0026233661582020914
278.4375,0.0023758787847867995
278.75,0.0025809397513308985
279.0625,0.0019940411229460637
279.375,0.0014990663761154806
279.6875,0.0021496046148071044
280,0.0031324830406564055
280.3125,0.002771858582251266
280.625,0.002870853531617383
280.9375,0.004101219330881975
281.25,0.004822468247692254
281.5625,0.0060245497757093844
281.875,0.0046174072811481556
282.1875,0.0035496760415564686
282.5,0.0033021886681411767
282.8125,0.003118340905032674
283.125,0.0020152543263816606
283.4375,0.0026233661582020914
283.75,0.002849640328181786
284.0625,0.00245366053071732
284.375,0.0029981327522309613
284.6875,0.003966869042456532
285,0.003075914498161481
285.3125,0.002757716446627535
285.625,0.00193747258045114
285.9375,0.001654629867976521
286.25,0.0019021172413918128
286.5625,0.0035496760415564686
286.875,0.004143645737753168
287.1875,0.002849640328181786
287.5,0.004122432534317572
287.8125,0.002814284989122459
288.125,0.002870853531617383
288.4375,0.0017465537495307722
288.75,0.0020506096654409876
289.0625,0.0019940411229460637
289.375,0.0017253405460951757
289.6875,0.0026233661582020914
290,0.0023900209204105304
290.3125,0.002262741699796952
290.625,0.00245366053071732
290.9375,0.0034789653634378134
291.25,0.004122432534317572
291.5625,0.0034365389565666205
291.875,0.0026587214972614184
292.1875,0.002276883835420683
292.5,0.002870853531617383
292.8125,0.003153696244092002
293.125,0.002870853531617383
293.4375,0.0025809397513308985
293.75,0.0024324473272817233
294.0625,0.001668772003600252
294.375,0.002298097038856279
294.6875,0.002637508293825822
295,0.001845548698896889
295.3125,0.0015980613254815972
295.625,0.0023193102422918756
295.9375,0.00371938166904124
296.25,0.0034931074990615443
296.5625,0.005147737367038066
296.875,0.00661144840409422
297.1875,0.004256782822743016
297.5,0.0023758787847867995
297.8125,0.002849640328181786
298.125,0.00185969083452062
298.4375,0.0021071782079359115
298.75,0.004292138161802343
299.0625,0.0034365389565666205
299.375,0.00290620887067671
299.6875,0.004539625535217635
300,0.004978031739553294
300.3125,0.004122432534317572
300.625,0.004292138161802343
300.9375,0.003075914498161481
301.25,0.0024324473272817233
301.5625,0.0019162593770155438
301.875,0.001845548698896889
302.1875,0.0017111984104714447
302.5,0.002262741699796952
302.8125,0.0024678026663410508
303.125,0.0021071782079359115
303.4375,0.0036628131265463155
303.75,0.0033587572106361006
304.0625,0.0019728279195104672
304.375,0.0016899852070358485
304.6875,0.0022203152929257592
305,0.0025102290732122437
305.3125,0.0025809397513308985
305.625,0.002771858582251266
305.9375,0.0029415642097360374
306.25,0.0038183766184073566
306.5625,0.0031890515831513293
306.875,0.0036486709909225846
307.1875,0.008244865068635143
307.5,0.0062296107422534835
307.8125,0.004461843789287114
308.125,0.008358002153624991
308.4375,0.004405275246792191
308.75,0.004235569619307419
309.0625,0.00565685424949238
309.375,0.009574225817265853
309.6875,0.011377348109291549
310,0.0057912045379178234
310.3125,0.00371938166904124
310.625,0.004122432534317572
310.9375,0.0027365032431919387
311.25,0.00387494516090228
311.5625,0.002814284989122459
311.875,0.0026233661582020914
312.1875,0.002411234123846127
312.5,0.0027365032431919387
312.8125,0.003054701294725885
313.125,0.0034011836175072935
313.4375,0.0023900209204105304
313.75,0.002566797615707167
314.0625,0.0024324473272817233
314.375,0.0021637467504308353
314.6875,0.0027365032431919387
315,0.0034365389565666205
315.3125,0.0041790010768124955
315.625,0.004009295449327724
315.9375,0.0029274220741123064
316.25,0.00387494516090228
316.5625,0.0037405948724768363
316.875,0.0020506096654409876
317.1875,0.003075914498161481
317.5,0.005642712113868648
317.8125,0.0057204938597991695
318.125,0.004822468247692254
318.4375,0.005699280656363572
318.75,0.006745798692519663
319.0625,0.0046174072811481556
319.375,0.004143645737753168
319.6875,0.003952726906832801
320,0.003910300499961608
320.3125,0.004292138161802343
320.625,0.0044264884502277875
320.9375,0.002637508293825822
321.25,0.0035496760415564686
321.5625,0.0036062445840513925
321.875,0.005600285706997456
322.1875,0.007771103525240157
322.5,0.006137686860699232
322.8125,0.0044264884502277875
323.125,0.005055813485483815
323.4375,0.00290620887067671
323.75,0.0034577521600022173
324.0625,0.006116473657263636
324.375,0.0052396612485923165
324.6875,0.0037830212793480288
325,0.004596194077712558
325.3125,0.004879036790187178
325.625,0.002566797615707167
325.9375,0.0029415642097360374
326.25,0.004270924958366747
326.5625,0.005260874452027914
326.875,0.004270924958366747
327.1875,0.003514320702497141
327.5,0.004787112908632926
327.8125,0.006081118318204308
328.125,0.006385174234114523
328.4375,0.007007428201558686
328.75,0.005925554826343268
329.0625,0.004787112908632926
329.375,0.00439113311116846
329.6875,0.00565685424949238
330,0.0054730064863838775
330.3125,0.0033021886681411767
330.625,0.004808326112068523
330.9375,0.005621498910433053
331.25,0.01788980156401965
331.5625,0.06446692524077753
331.875,0.05335827770833687
332.1875,0.008683271272970803
332.5,0.007558971490884192
332.8125,0.00520430590953299
333.125,0.0032880465325174457
333.4375,0.00617304219975856
333.75,0.0052396612485923165
334.0625,0.005564930367938129
334.375,0.0041790010768124955
334.6875,0.0044264884502277875
335,0.0037618080759124328
335.3125,0.006554879861599296
335.625,0.006038691911333116
335.9375,0.0034931074990615443
336.25,0.0023900209204105304
336.5625,0.0031749094475275984
336.875,0.003097127701597078
337.1875,0.003966869042456532
337.5,0.005416437943888954
337.8125,0.0033587572106361006
338.125,0.0025809397513308985
338.4375,0.004270924958366747
338.75,0.009114606409494597
339.0625,0.009991418818165915
339.375,0.005260874452027914
339.6875,0.003966869042456532
340,0.004087077195258245
340.3125,0.0032314779900225223
340.625,0.003153696244092002
340.9375,0.00512652416360247
341.25,0.005642712113868648
341.5625,0.004009295449327724
341.875,0.004009295449327724
342.1875,0.005260874452027914
342.5,0.004709331162702406
342.8125,0.0034011836175072935
343.125,0.005395224740453357
343.4375,0.005904341622907671
343.75,0.0049214631970583705
344.0625,0.004256782822743016
344.375,0.0049356053326821015
344.6875,0.004023437584951455
345,0.006307392488184004
345.3125,0.0072761287784095735
345.625,0.005642712113868648
345.9375,0.007728677118368965
346.25,0.0046739758236430794
346.5625,0.0023334523779156065
346.875,0.002962777413171634
347.1875,0.0015980613254815972
347.5,0.0031749094475275984
347.8125,0.0029981327522309613
348.125,0.00282842712474619
348.4375,0.0036274577874869885
348.75,0.0034223968209428895
349.0625,0.004461843789287114
349.375,0.003040559159102154
349.6875,0.0027930717856868626
350,0.003097127701597078
350.3125,0.0021071782079359115
350.625,0.0014637110370561532
350.9375,0.0025455844122715707
351.25,0.007481189744953673
351.5625,0.00953179941039466
351.875,0.003952726906832801
352.1875,0.002411234123846127
352.5,0.002411234123846127
352.8125,0.003514320702497141
353.125,0.0034789653634378134
353.4375,0.0024324473272817233
353.75,0.0034789653634378134
354.0625,0.0023900209204105304
354.375,0.0038961583643378765
354.6875,0.004270924958366747
355,0.003054701294725885
355.3125,0.0039315137033972035
355.625,0.004504270196158307
355.9375,0.0032314779900225223
356.25,0.0019728279195104672
356.5625,0.0031324830406564055
356.875,0.002870853531617383
357.1875,0.0022203152929257592
357.5,0.004044650788387052
357.8125,0.0034931074990615443
358.125,0.0025102290732122437
358.4375,0.0037971634149717597
358.75,0.002962777413171634
359.0625,0.0023900209204105304
359.375,0.0036840263299819124
359.6875,0.003514320702497141
360,0.0024678026663410508
360.3125,0.0022415284963613557
360.625,0.0029839906166072303
360.9375,0.0032456201256462532
361.25,0.0032456201256462532
361.5625,0.0029415642097360374
361.875,0.002884995667241114
362.1875,0.0023900209204105304
362.5,0.0025809397513308985
362.8125,0.002298097038856279
363.125,0.002814284989122459
363.4375,0.002679934700697015
363.75,0.0022061731573020282
364.0625,0.00193747258045114
364.375,0.0019586857838867363
364.6875,0.0019162593770155438
365,0.0019728279195104672
365.3125,0.0014990663761154806
365.625,0.0010040916292848973
365.9375,0.0019940411229460637
366.25,0.0014637110370561532
366.5625,0.0014212846301849605
366.875,0.00185969083452062
367.1875,0.002184959953866432
367.5,0.0017889801564019653
367.8125,0.00096873629022557
368.125,0.0013293607486307092
368.4375,0.0013293607486307092
368.75,0.0011384419177103415
369.0625,0.0009333809511662427
369.375,0.004900249993622774
369.6875,0.012706708857922258
370,0.00826607827207074
370.3125,0.002884995667241114
370.625,0.006455884912233178
370.9375,0.0047305443661380025
371.25,0.002276883835420683
371.5625,0.0017889801564019653
371.875,0.0012727922061357853
372.1875,0.0015556349186104045
372.5,0.0015414927829866735
372.8125,0.0010818733752154177
373.125,0.0017253405460951757
373.4375,0.0025809397513308985
373.75,0.0017677669529663686
374.0625,0.0019586857838867363
374.375,0.002637508293825822
374.6875,0.0023900209204105304
375,0.001251579002700189
375.3125,0.0013505739520663057
375.625,0.00245366053071732
375.9375,0.002814284989122459
376.25,0.007028641404994282
376.5625,0.008831763697019978
376.875,0.0032880465325174457
377.1875,0.0019728279195104672
377.5,0.0018809040379562164
377.8125,0.0023193102422918756
378.125,0.0017253405460951757
378.4375,0.0014637110370561532
378.75,0.0021637467504308353
379.0625,0.004157787873376899
379.375,0.0033587572106361006
379.6875,0.0015414927829866735
380,0.0012727922061357853
380.3125,0.002128391411371508
380.625,0.004009295449327724
380.9375,0.0023900209204105304
381.25,0.0013505739520663057
381.5625,0.0014637110370561532
381.875,0.0010818733752154177
382.1875,0.0012162236636408617
382.5,0.0017253405460951757
382.8125,0.001845548698896889
383.125,0.0019021172413918128
383.4375,0.003019345955666558
383.75,0.0037971634149717597
384.0625,0.0014071424945612295
384.375,0.0019162593770155438
384.6875,0.0032456201256462532
385,0.0021496046148071044
385.3125,0.0018809040379562164
385.625,0.0034011836175072935
385.9375,0.003040559159102154
386.25,0.0019586857838867363
386.5625,0.002411234123846127
386.875,0.003040559159102154
387.1875,0.0031749094475275984
387.5,0.002411234123846127
387.8125,0.0019728279195104672
388.125,0.0020506096654409876
388.4375,0.00282842712474619
388.75,0.0038183766184073566
389.0625,0.007424621202458749
389.375,0.010981368311827083
389.6875,0.005317442994522837
390,0.0034577521600022173
390.3125,0.004447701653663383
390.625,0.003379970414071697
390.9375,0.00282842712474619
391.25,0.002771858582251266
391.5625,0.00193747258045114
391.875,0.002694076836320746
392.1875,0.004879036790187178
392.5,0.005091168824543141
392.8125,0.003054701294725885
393.125,0.0036274577874869885
393.4375,0.0035355339059327372
393.75,0.0021496046148071044
394.0625,0.002602152954766495
394.375,0.002354665581351203
394.6875,0.002870853531617383
395,0.007502402948389268
395.3125,0.017741309139970476
395.625,0.014057282809988563
395.9375,0.003705239533417509
396.25,0.002602152954766495
396.5625,0.0015980613254815972
396.875,0.0031324830406564055
397.1875,0.0052255191129685855
397.5,0.0034789653634378134
397.8125,0.005543717164502532
398.125,0.006342747827243331
398.4375,0.003118340905032674
398.75,0.0038395898218429527
399.0625,0.0046174072811481556
399.375,0.0018031222920256963
399.6875,0.001385929291125633
400,0.00193747258045114
400.3125,0.006858935777509511
400.625,0.009666149698820103
400.9375,0.0044264884502277875
401.25,0.004369919907732864
401.5625,0.004978031739553294
401.875,0.002884995667241114
402.1875,0.002128391411371508
402.5,0.0017465537495307722
402.8125,0.0019162593770155438
403.125,0.0017111984104714447
403.4375,0.0019940411229460637
403.75,0.0020152543263816606
404.0625,0.0022061731573020282
404.375,0.002262741699796952
404.6875,0.00185969083452062
405,0.0029415642097360374
405.3125,0.004023437584951455
405.625,0.003118340905032674
405.9375,0.0031324830406564055
406.25,0.002128391411371508
406.5625,0.0026587214972614184
406.875,0.0020152543263816606
407.1875,0.0017677669529663686
407.5,0.00185969083452062
407.8125,0.002128391411371508
408.125,0.0032102647865869254
408.4375,0.006095260453828038
408.75,0.007537758287448596
409.0625,0.0057346359954229
409.375,0.005904341622907671
409.6875,0.005600285706997456
410,0.0046174072811481556
410.3125,0.005586143571373725
410.625,0.014495689014324223
410.9375,0.012077383822666233
411.25,0.0046174072811481556
411.5625,0.004235569619307419
411.875,0.0022203152929257592
412.1875,0.0011808683245815342
412.5,0.0018031222920256963
412.8125,0.002128391411371508
413.125,0.0014637110370561532
413.4375,0.001845548698896889
413.75,0.002298097038856279
414.0625,0.003075914498161481
414.375,0.013675445148147829
414.6875,0.017076628765655123
415,0.005168950570473662
415.3125,0.0024678026663410508
415.625,0.0029839906166072303
415.9375,0.003514320702497141
416.25,0.0033587572106361006
416.5625,0.0035708892449920647
416.875,0.0037405948724768363
417.1875,0.0039315137033972035
417.5,0.004447701653663383
417.8125,0.005374011537017761
418.125,0.0036274577874869885
418.4375,0.002524371208835974
418.75,0.0018809040379562164
419.0625,0.0032880465325174457
419.375,0.006059905114768712
419.6875,0.026898341956336263
420,0.10270018889953417
420.3125,0.08901060161576259
420.625,0.01692106527379408
420.9375,0.006151828996322962
421.25,0.003019345955666558
421.5625,0.003118340905032674
421.875,0.004200214280248092
422.1875,0.004087077195258245
422.5,0.0029274220741123064
422.8125,0.001442497833620557
423.125,0.0052255191129685855
423.4375,0.008662058069535208
423.75,0.004065863991822648
424.0625,0.0021637467504308353
424.375,0.0018031222920256963
424.6875,0.0019728279195104672
425,0.001576848122046001
425.3125,0.00774989032180456
425.625,0.017041273426595793
425.9375,0.009475230867899736
426.25,0.005508361825443205
426.5625,0.00529622979108724
426.875,0.002354665581351203
427.1875,0.0023758787847867995
427.5,0.0016122034611053282
427.8125,0.00193747258045114
428.125,0.0020152543263816606
428.4375,0.0017111984104714447
428.75,0.0017889801564019653
429.0625,0.003075914498161481
429.375,0.007410479066835018
429.6875,0.0060245497757093844
430,0.0016334166645409246
430.3125,0.001308147545195113
430.625,0.0018031222920256963
430.9375,0.004235569619307419
431.25,0.010139911242215091
431.5625,0.008966113985445423
431.875,0.003097127701597078
432.1875,0.0026233661582020914
432.5,0.002849640328181786
432.8125,0.005755849198858496
433.125,0.0039315137033972035
433.4375,0.0029981327522309613
433.75,0.0029839906166072303
434.0625,0.0013505739520663057
434.375,0.0013647160876900366
434.6875,0.001668772003600252
435,0.0019586857838867363
435.3125,0.00193747258045114
435.625,0.00245366053071732
435.9375,0.0014990663761154806
436.25,0.0012162236636408617
436.5625,0.0020152543263816606
436.875,0.0017465537495307722
437.1875,0.001576848122046001
437.5,0.0021496046148071044
437.8125,0.00431335136523794
438.125,0.0033446150750123696
438.4375,0.0021637467504308353
438.75,0.002694076836320746
439.0625,0.002411234123846127
439.375,0.0026233661582020914
439.6875,0.002771858582251266
440,0.003054701294725885
440.3125,0.0056780674529279766
440.625,0.004787112908632926
440.9375,0.002566797615707167
441.25,0.0015414927829866735
441.5625,0.0034577521600022173
441.875,0.035616968568366394
442.1875,0.08857219541142694
442.5,0.054701780592591315
442.8125,0.005091168824543141
443.125,0.001251579002700189
443.4375,0.0009121677477306461
443.75,0.002637508293825822
444.0625,0.0049356053326821015
444.375,0.0031890515831513293
444.6875,0.005034600282048217
445,0.00900146932450475
445.3125,0.006328605691619599
445.625,0.0013647160876900366
445.9375,0.0017889801564019653
446.25,0.002128391411371508
446.5625,0.001294005409571382
446.875,0.002071822868876584
447.1875,0.002679934700697015
447.5,0.002276883835420683
447.8125,0.002262741699796952
448.125,0.002814284989122459
448.4375,0.0027365032431919387
448.75,0.0019940411229460637
449.0625,0.002354665581351203
449.375,0.002757716446627535
449.6875,0.002262741699796952
450,0.001668772003600252
450.3125,0.001845548698896889
450.625,0.0036628131265463155
450.9375,0.0056780674529279766
451.25,0.0034577521600022173
451.5625,0.0039315137033972035
451.875,0.0025455844122715707
452.1875,0.0017889801564019653
452.5,0.0016899852070358485
452.8125,0.00185969083452062
453.125,0.0021496046148071044
453.4375,0.002411234123846127
453.75,0.0021637467504308353
454.0625,0.002071822868876584
454.375,0.0021071782079359115
454.6875,0.0014990663761154806
455,0.0013647160876900366
455.3125,0.001251579002700189
455.625,0.0012374368670764581
455.9375,0.0011596551211459378
456.25,0.002602152954766495
456.5625,0.004292138161802343
456.875,0.0023758787847867995
457.1875,0.002085965004500315
457.5,0.0015414927829866735
457.8125,0.0010040916292848973
458.125,0.0012727922061357853
458.4375,0.0021637467504308353
458.75,0.0026587214972614184
459.0625,0.0033446150750123696
459.375,0.005183092706097393
459.6875,0.00290620887067671
460,0.0014990663761154806
460.3125,0.0017111984104714447
460.625,0.0019940411229460637
460.9375,0.0022415284963613557
461.25,0.0016122034611053282
461.5625,0.002489015869776647
461.875,0.0034577521600022173
462.1875,0.005069955621107546
462.5,0.002694076836320746
462.8125,0.0018243354954612923
463.125,0.0010465180361560902
463.4375,0.0014990663761154806
463.75,0.0025809397513308985
464.0625,0.0019586857838867363
464.375,0.002566797615707167
464.6875,0.004044650788387052
465,0.005430580079512685
465.3125,0.003040559159102154
465.625,0.0017253405460951757
465.9375,0.002184959953866432
466.25,0.0018031222920256963
466.5625,0.0016334166645409246
466.875,0.0018031222920256963
467.1875,0.002524371208835974
467.5,0.001845548698896889
467.8125,0.0019728279195104672
468.125,0.0020506096654409876
468.4375,0.0011596551211459378
468.75,0.0017111984104714447
469.0625,0.0020293964620053916
469.375,0.004560838738653231
469.6875,0.006689230150024739
470,0.010564175310927019
470.3125,0.00661144840409422
470.625,0.0025455844122715707
470.9375,0.001668772003600252
471.25,0.0014849242404917497
471.5625,0.001251579002700189
471.875,0.0016122034611053282
472.1875,0.0018243354954612923
472.5,0.001654629867976521
472.8125,0.002128391411371508
473.125,0.002085965004500315
473.4375,0.0014071424945612295
473.75,0.0025102290732122437
474.0625,0.0029274220741123064
474.375,0.0023900209204105304
474.6875,0.002411234123846127
475,0.0014212846301849605
475.3125,0.0019728279195104672
475.625,0.002884995667241114
475.9375,0.0024678026663410508
476.25,0.0024678026663410508
476.5625,0.00245366053071732
476.875,0.0022203152929257592
477.1875,0.002085965004500315
477.5,0.0018243354954612923
477.8125,0.0012162236636408617
478.125,0.0011384419177103415
478.4375,0.0025809397513308985
478.75,0.00282842712474619
479.0625,0.0017111984104714447
479.375,0.0021071782079359115
479.6875,0.002085965004500315
480,0.0017677669529663686
480.3125,0.002276883835420683
480.625,0.0032668333290818492
480.9375,0.0033446150750123696
481.25,0.007558971490884192
481.5625,0.011242997820866105
481.875,0.004214356415871823
482.1875,0.00193747258045114
482.5,0.0017677669529663686
482.8125,0.0015556349186104045
483.125,0.001845548698896889
483.4375,0.0020506096654409876
483.75,0.0016899852070358485
484.0625,0.00193747258045114
484.375,0.0017889801564019653
484.6875,0.0014849242404917497
485,0.0023758787847867995
485.3125,0.0021496046148071044
485.625,0.002184959953866432
485.9375,0.0016899852070358485
486.25,0.0020506096654409876
486.5625,0.0027152900397563423
486.875,0.0021637467504308353
487.1875,0.002085965004500315
487.5,0.002566797615707167
487.8125,0.002637508293825822
488.125,0.0020152543263816606
488.4375,0.0046881179592668095
488.75,0.00529622979108724
489.0625,0.0034223968209428895
489.375,0.0019162593770155438
489.6875,0.0019940411229460637
490,0.0023193102422918756
490.3125,0.0017677669529663686
490.625,0.001654629867976521
490.9375,0.0022203152929257592
491.25,0.001308147545195113
491.5625,0.0017677669529663686
491.875,0.0035496760415564686
492.1875,0.0057912045379178234
492.5,0.0029274220741123064
492.8125,0.002757716446627535
493.125,0.0026587214972614184
493.4375,0.002637508293825822
493.75,0.0017253405460951757
494.0625,0.00193747258045114
494.375,0.0019021172413918128
494.6875,0.0029981327522309613
495,0.005147737367038066
495.3125,0.00290620887067671
495.625,0.002184959953866432
495.9375,0.0017677669529663686
496.25,0.0020293964620053916
496.5625,0.002814284989122459
496.875,0.002602152954766495
497.1875,0.0024678026663410508
497.5,0.0021496046148071044
497.8125,0.002184959953866432
498.125,0.002276883835420683
498.4375,0.0031749094475275984
498.75,0.0029415642097360374
499.0625,0.0031890515831513293
499.375,0.0023334523779156065
499.6875,0.0017889801564019653
500,0.0014637110370561532
500.3125,0.001654629867976521
500.625,0.0017677669529663686
500.9375,0.0021071782079359115
501.25,0.002771858582251266
501.5625,0.002884995667241114
501.875,0.0022203152929257592
502.1875,0.0017111984104714447
502.5,0.0021637467504308353
502.8125,0.0021637467504308353
503.125,0.0018243354954612923
503.4375,0.005395224740453357
503.75,0.006399316369738255
504.0625,0.002602152954766495
504.375,0.0023900209204105304
504.6875,0.002354665581351203
505,0.0015980613254815972
505.3125,0.0018031222920256963
505.625,0.002276883835420683
505.9375,0.0024678026663410508
506.25,0.0038395898218429527
506.5625,0.005416437943888954
506.875,0.0029415642097360374
507.1875,0.0020152543263816606
507.5,0.001845548698896889
507.8125,0.0018809040379562164
508.125,0.001845548698896889
508.4375,0.00245366053071732
508.75,0.00185969083452062
509.0625,0.002071822868876584
509.375,0.0021071782079359115
509.6875,0.001576848122046001
510,0.0014637110370561532
510.3125,0.0019021172413918128
510.625,0.0022415284963613557
510.9375,0.0014212846301849605
511.25,0.0011384419177103415
511.5625,0.0010040916292848973
511.875,0.0010818733752154177
512.1875,0.0009475230867899737
512.5,0.0017677669529663686
512.8125,0.002489015869776647
513.125,0.006646803743153546
513.4375,0.004978031739553294
513.75,0.0015980613254815972
514.0625,0.0016122034611053282
514.375,0.0013505739520663057
514.6875,0.0017253405460951757
515,0.0019162593770155438
515.3125,0.0018809040379562164
515.625,0.001845548698896889
515.9375,0.001668772003600252
516.25,0.0014212846301849605
516.5625,0.001308147545195113
516.875,0.0017253405460951757
517.1875,0.0016122034611053282
517.5,0.0008768124086713188
517.8125,0.0014990663761154806
518.125,0.0014212846301849605
518.4375,0.0007778174593052023
518.75,0.0010818733752154177
519.0625,0.0012727922061357853
519.375,0.001654629867976521
519.6875,0.0020293964620053916
520,0.0019586857838867363
520.3125,0.0013293607486307092
520.625,0.0008909545442950499
520.9375,0.00096873629022557
521.25,0.0010818733752154177
521.5625,0.0008909545442950499
521.875,0.0010253048327204938
522.1875,0.0014212846301849605
522.5,0.0011030865786510141
522.8125,0.0010040916292848973
523.125,0.0011384419177103415
523.4375,0.001385929291125633
523.75,0.002771858582251266
524.0625,0.0019021172413918128
524.375,0.0014212846301849605
524.6875,0.0010253048327204938
525,0.001251579002700189
525.3125,0.0014212846301849605
525.625,0.0015556349186104045
525.9375,0.0012727922061357853
526.25,0.0013505739520663057
526.5625,0.0012374368670764581
526.875,0.0010040916292848973
527.1875,0.0010606601717798212
527.5,0.001654629867976521
527.8125,0.0022061731573020282
528.125,0.001654629867976521
528.4375,0.00193747258045114
528.75,0.001654629867976521
529.0625,0.001308147545195113
529.375,0.00096873629022557
529.6875,0.0009333809511662427
530,0.0010818733752154177
530.3125,0.0017465537495307722
530.625,0.0046174072811481556
530.9375,0.0034931074990615443
531.25,0.002276883835420683
531.5625,0.002262741699796952
531.875,0.0010606601717798212
532.1875,0.0008202438661763951
532.5,0.0008202438661763951
532.8125,0.001668772003600252
533.125,0.0018243354954612923
533.4375,0.001308147545195113
533.75,0.0005515432893255071
534.0625,0.0007778174593052023
534.375,0.0014849242404917497
534.6875,0.00185969083452062
535,0.001308147545195113
535.3125,0.0009475230867899737
535.625,0.0011950104602052652
535.9375,0.0022203152929257592
536.25,0.00371938166904124
536.5625,0.0023193102422918756
536.875,0.00096873629022557
537.1875,0.0013293607486307092
537.5,0.001576848122046001
537.8125,0.002771858582251266
538.125,0.0023900209204105304
538.4375,0.0021071782079359115
538.75,0.001576848122046001
539.0625,0.0017465537495307722
539.375,0.0015980613254815972
539.6875,0.0019162593770155438
540,0.002184959953866432
540.3125,0.001442497833620557
540.625,0.0017253405460951757
540.9375,0.0017889801564019653
541.25,0.001576848122046001
541.5625,0.00282842712474619
541.875,0.003323401871576773
542.1875,0.001845548698896889
542.5,0.0014071424945612295
542.8125,0.001117228714274745
543.125,0.0013293607486307092
543.4375,0.0017465537495307722
543.75,0.0015414927829866735
544.0625,0.0010606601717798212
544.375,0.0012162236636408617
544.6875,0.0011384419177103415
545,0.0008909545442950499
545.3125,0.001668772003600252
545.625,0.0019586857838867363
545.9375,0.0012727922061357853
546.25,0.0012162236636408617
546.5625,0.0016334166645409246
546.875,0.001668772003600252
547.1875,0.002694076836320746
547.5,0.002085965004500315
547.8125,0.0011950104602052652
548.125,0.001294005409571382
548.4375,0.0011808683245815342
548.75,0.0017111984104714447
549.0625,0.0034223968209428895
549.375,0.003118340905032674
549.6875,0.0012374368670764581
550,0.0014990663761154806
550.3125,0.001385929291125633
550.625,0.006194255403194156
550.9375,0.014665394641808997
551.25,0.009043895731375942
551.5625,0.0019728279195104672
551.875,0.0023193102422918756
552.1875,0.006038691911333116
552.5,0.055352318831282936
552.8125,0.09895959402705731
553.125,0.04480935672379151
553.4375,0.005260874452027914
553.75,0.0019021172413918128
554.0625,0.002128391411371508
554.375,0.01129956636336103
554.6875,0.015365430355183677
555,0.0052396612485923165
555.3125,0.0021496046148071044
555.625,0.0022203152929257592
555.9375,0.0018243354954612923
556.25,0.0014637110370561532
556.5625,0.001294005409571382
556.875,0.0011950104602052652
557.1875,0.001520279579551077
557.5,0.0017677669529663686
557.8125,0.001385929291125633
558.125,0.001576848122046001
558.4375,0.0015414927829866735
558.75,0.001117228714274745
559.0625,0.0010465180361560902
559.375,0.0010465180361560902
559.6875,0.0014637110370561532
560,0.0015980613254815972
560.3125,0.0016334166645409246
560.625,0.0012162236636408617
560.9375,0.0013505739520663057
561.25,0.0015980613254815972
561.5625,0.0012727922061357853
561.875,0.006385174234114523
562.1875,0.01110864753244066
562.5,0.0049356053326821015
562.8125,0.0010606601717798212
563.125,0.0010040916292848973
563.4375,0.0009121677477306461
563.75,0.0016122034611053282
564.0625,0.0024324473272817233
564.375,0.002489015869776647
564.6875,0.0034931074990615443
565,0.002276883835420683
565.3125,0.0018031222920256963
565.625,0.00193747258045114
565.9375,0.0014849242404917497
566.25,0.0014990663761154806
566.5625,0.0010606601717798212
566.875,0.0012162236636408617
567.1875,0.0014212846301849605
567.5,0.0010818733752154177
567.8125,0.0017253405460951757
568.125,0.001294005409571382
568.4375,0.0016899852070358485
568.75,0.0013647160876900366
569.0625,0.0022415284963613557
569.375,0.0033587572106361006
569.6875,0.001520279579551077
570,0.0013647160876900366
570.3125,0.0014212846301849605
570.625,0.0018243354954612923
570.9375,0.002962777413171634
571.25,0.001385929291125633
571.5625,0.0010606601717798212
571.875,0.0009121677477306461
572.1875,0.0011596551211459378
572.5,0.0022061731573020282
572.8125,0.002814284989122459
573.125,0.001251579002700189
573.4375,0.0010253048327204938
573.75,0.0005303300858899106
574.0625,0.0005515432893255071
574.375,0.001654629867976521
574.6875,0.0027365032431919387
575,0.0027365032431919387
575.3125,0.001294005409571382
575.625,0.0009121677477306461
575.9375,0.0011030865786510141
576.25,0.0009475230867899737
576.5625,0.0012727922061357853
576.875,0.0013293607486307092
577.1875,0.0014637110370561532
577.5,0.002566797615707167
577.8125,0.0035355339059327372
578.125,0.0017253405460951757
578.4375,0.0009899494936611664
578.75,0.0007424621202458748
579.0625,0.0006858935777509511
579.375,0.0008909545442950499
579.6875,0.0010465180361560902
580,0.0017889801564019653
580.3125,0.004214356415871823
580.625,0.0036062445840513925
580.9375,0.0015980613254815972
581.25,0.0011596551211459378
581.5625,0.0008202438661763951
581.875,0.0014071424945612295
582.1875,0.0016122034611053282
582.5,0.0014212846301849605
582.8125,0.0010253048327204938
583.125,0.0012374368670764581
583.4375,0.002884995667241114
583.75,0.0024324473272817233
584.0625,0.0009333809511662427
584.375,0.0010253048327204938
584.6875,0.0010040916292848973
585,0.0014071424945612295
585.3125,0.002566797615707167
585.625,0.002354665581351203
585.9375,0.0029839906166072303
586.25,0.0018243354954612923
586.5625,0.0007566042558696058
586.875,0.0009899494936611664
587.1875,0.0011596551211459378
587.5,0.0010040916292848973
587.8125,0.0009121677477306461
588.125,0.0008909545442950499
588.4375,0.0010465180361560902
588.75,0.000834386001800126
589.0625,0.0013505739520663057
589.375,0.001576848122046001
589.6875,0.0011596551211459378
590,0.0008555992052357224
590.3125,0.0006434671708797583
590.625,0.0010040916292848973
590.9375,0.00096873629022557
591.25,0.0019162593770155438
591.5625,0.00282842712474619
591.875,0.001251579002700189
592.1875,0.001117228714274745
592.5,0.0009899494936611664
592.8125,0.0011808683245815342
593.125,0.0014212846301849605
593.4375,0.0010253048327204938
593.75,0.0007990306627407986
594.0625,0.000834386001800126
594.375,0.0008909545442950499
594.6875,0.0007990306627407986
595,0.0005727564927611034
595.3125,0.00047376154339498684
595.625,0.0008768124086713188
595.9375,0.0015414927829866735
596.25,0.0019728279195104672
596.5625,0.001654629867976521
596.875,0.002849640328181786
597.1875,0.002814284989122459
597.5,0.0018809040379562164
597.8125,0.0016122034611053282
598.125,0.001668772003600252
598.4375,0.001654629867976521
598.75,0.001520279579551077
599.0625,0.0015556349186104045
599.375,0.001385929291125633
599.6875,0.002071822868876584
600,0.0017253405460951757
600.3125,0.0013293607486307092
600.625,0.0010606601717798212
600.9375,0.0010818733752154177
601.25,0.0014849242404917497
601.5625,0.0018809040379562164
601.875,0.0019021172413918128
602.1875,0.0017465537495307722
602.5,0.0022415284963613557
602.8125,0.0022061731573020282
603.125,0.0014990663761154806
603.4375,0.0014212846301849605
603.75,0.0014637110370561532
604.0625,0.0015556349186104045
604.375,0.001442497833620557
604.6875,0.001294005409571382
605,0.0011596551211459378
605.3125,0.0013505739520663057
605.625,0.0014071424945612295
605.9375,0.0013505739520663057
606.25,0.0021071782079359115
606.5625,0.001385929291125633
606.875,0.0008555992052357224
607.1875,0.001442497833620557
607.5,0.0012374368670764581
607.8125,0.0021071782079359115
608.125,0.0034577521600022173
608.4375,0.0023900209204105304
608.75,0.0013647160876900366
609.0625,0.0007778174593052023
609.375,0.0009333809511662427
609.6875,0.0011596551211459378
610,0.001385929291125633
610.3125,0.0013293607486307092
610.625,0.001294005409571382
610.9375,0.0011596551211459378
611.25,0.0009899494936611664
611.5625,0.0012727922061357853
611.875,0.0016899852070358485
612.1875,0.001442497833620557
612.5,0.0021637467504308353
612.8125,0.001668772003600252
613.125,0.0011808683245815342
613.4375,0.002602152954766495
613.75,0.0027152900397563423
614.0625,0.0025102290732122437
614.375,0.002071822868876584
614.6875,0.001576848122046001
615,0.0011950104602052652
615.3125,0.001117228714274745
615.625,0.0010253048327204938
615.9375,0.0014990663761154806
616.25,0.0022061731573020282
616.5625,0.001385929291125633
616.875,0.0012374368670764581
617.1875,0.0014990663761154806
617.5,0.0017677669529663686
617.8125,0.0013647160876900366
618.125,0.001385929291125633
618.4375,0.0014212846301849605
618.75,0.0017677669529663686
619.0625,0.002870853531617383
619.375,0.0022203152929257592
619.6875,0.0015414927829866735
620,0.0010040916292848973
620.3125,0.0010253048327204938
620.625,0.001308147545195113
620.9375,0.0010040916292848973
621.25,0.0010606601717798212
621.5625,0.0012727922061357853
621.875,0.0011950104602052652
622.1875,0.000700035713374682
622.5,0.0008555992052357224
622.8125,0.0010040916292848973
623.125,0.0015556349186104045
623.4375,0.0027365032431919387
623.75,0.0017677669529663686
624.0625,0.0010818733752154177
624.375,0.002884995667241114
624.6875,0.004822468247692254
625,0.002298097038856279
625.3125,0.0017889801564019653
625.625,0.001385929291125633
625.9375,0.0008555992052357224
626.25,0.0016122034611053282
626.5625,0.0019940411229460637
626.875,0.001442497833620557
627.1875,0.0019728279195104672
627.5,0.0014071424945612295
627.8125,0.0014637110370561532
628.125,0.001520279579551077
628.4375,0.001294005409571382
628.75,0.001117228714274745
629.0625,0.0007566042558696058
629.375,0.000700035713374682
629.6875,0.001117228714274745
630,0.003952726906832801
630.3125,0.004065863991822648
630.625,0.0019728279195104672
630.9375,0.0015414927829866735
631.25,0.0010465180361560902
631.5625,0.0011030865786510141
631.875,0.0014071424945612295
632.1875,0.0013505739520663057
632.5,0.0013647160876900366
632.8125,0.0013293607486307092
633.125,0.0014212846301849605
633.4375,0.0016122034611053282
633.75,0.0009333809511662427
634.0625,0.0012374368670764581
634.375,0.0011950104602052652
634.6875,0.001294005409571382
635,0.0017677669529663686
635.3125,0.0020293964620053916
635.625,0.004518412331782038
635.9375,0.0034365389565666205
636.25,0.0016899852070358485
636.5625,0.0006858935777509511
636.875,0.0008555992052357224
637.1875,0.0008909545442950499
637.5,0.0008768124086713188
637.8125,0.00096873629022557
638.125,0.0011950104602052652
638.4375,0.0014637110370561532
638.75,0.0010253048327204938
639.0625,0.0006646803743153546
639.375,0.0013647160876900366
639.6875,0.0014990663761154806
640,0.0010253048327204938
640.3125,0.0010040916292848973
640.625,0.0010040916292848973
640.9375,0.002771858582251266
641.25,0.005091168824543141
641.5625,0.002814284989122459
641.875,0.0009899494936611664
642.1875,0.0009121677477306461
642.5,0.0006646803743153546
642.8125,0.0008768124086713188
643.125,0.0018243354954612923
643.4375,0.003097127701597078
643.75,0.0015414927829866735
644.0625,0.0009121677477306461
644.375,0.0011808683245815342
644.6875,0.001520279579551077
645,0.0017465537495307722
645.3125,0.0018809040379562164
645.625,0.0008909545442950499
645.9375,0.0006646803743153546
646.25,0.0007990306627407986
646.5625,0.002411234123846127
646.875,0.0029839906166072303
647.1875,0.0012374368670764581
647.5,0.00045254833995939044
647.8125,0.0004384062043356594
648.125,0.0004949747468305832
648.4375,0.0010465180361560902
648.75,0.0010253048327204938
649.0625,0.0005161879502661796
649.375,0.0007778174593052023
649.6875,0.0008202438661763951
650,0.0006858935777509511
650.3125,0.0011596551211459378
650.625,0.0014990663761154806
650.9375,0.0007566042558696058
651.25,0.0007212489168102785
651.5625,0.0007990306627407986
651.875,0.0010040916292848973
652.1875,0.0036062445840513925
652.5,0.003118340905032674
652.8125,0.0010606601717798212
653.125,0.0011384419177103415
653.4375,0.0014849242404917497
653.75,0.002085965004500315
654.0625,0.0024324473272817233
654.375,0.0011030865786510141
654.6875,0.0010040916292848973
655,0.0012162236636408617
655.3125,0.0007990306627407986
655.625,0.0010465180361560902
655.9375,0.001385929291125633
656.25,0.001294005409571382
656.5625,0.0008909545442950499
656.875,0.000700035713374682
657.1875,0.0007424621202458748
657.5,0.0011950104602052652
657.8125,0.0022415284963613557
658.125,0.0015414927829866735
658.4375,0.0011384419177103415
658.75,0.0008555992052357224
659.0625,0.0005868986283848344
659.375,0.0010465180361560902
659.6875,0.0013293607486307092
660,0.0010253048327204938
660.3125,0.000834386001800126
660.625,0.000834386001800126
660.9375,0.001576848122046001
661.25,0.005055813485483815
661.5625,0.008852976900455575
661.875,0.004087077195258245
662.1875,0.0008768124086713188
662.5,0.00096873629022557
662.8125,0.0029981327522309613
663.125,0.022966828252939064
663.4375,0.030370236251962217
663.75,0.009722718241315029
664.0625,0.001385929291125633
664.375,0.0011030865786510141
664.6875,0.001576848122046001
665,0.006915504320004435
665.3125,0.006929646455628165
665.625,0.0014849242404917497
665.9375,0.00096873629022557
666.25,0.0010253048327204938
666.5625,0.0010818733752154177
666.875,0.0009475230867899737
667.1875,0.0011808683245815342
667.5,0.0010606601717798212
667.8125,0.0009475230867899737
668.125,0.0007566042558696058
668.4375,0.0005515432893255071
668.75,0.0007566042558696058
669.0625,0.0006646803743153546
669.375,0.0003394112549695428
669.6875,0.00047376154339498684
670,0.00045254833995939044
670.3125,0.0004949747468305832
670.625,0.0006858935777509511
670.9375,0.0011596551211459378
671.25,0.0009899494936611664
671.5625,0.0006858935777509511
671.875,0.0007566042558696058
672.1875,0.0007990306627407986
672.5,0.002524371208835974
672.8125,0.0033446150750123696
673.125,0.0014849242404917497
673.4375,0.0007212489168102785
673.75,0.0007212489168102785
674.0625,0.0008909545442950499
674.375,0.001576848122046001
674.6875,0.0013505739520663057
675,0.0010253048327204938
675.3125,0.001117228714274745
675.625,0.0011808683245815342
675.9375,0.0010040916292848973
676.25,0.000834386001800126
676.5625,0.0005868986283848344
676.875,0.0009475230867899737
677.1875,0.0010040916292848973
677.5,0.0006646803743153546
677.8125,0.0007212489168102785
678.125,0.0009333809511662427
678.4375,0.0011950104602052652
678.75,0.000834386001800126
679.0625,0.0007778174593052023
679.375,0.0010606601717798212
679.6875,0.0012374368670764581
680,0.0007212489168102785
680.3125,0.00047376154339498684
680.625,0.0005161879502661796
680.9375,0.0006081118318204308
681.25,0.0009475230867899737
681.5625,0.0010253048327204938
681.875,0.0006081118318204308
682.1875,0.0007424621202458748
682.5,0.0008555992052357224
682.8125,0.0008202438661763951
683.125,0.0010818733752154177
683.4375,0.0009899494936611664
683.75,0.0006081118318204308
684.0625,0.0006293250352560272
684.375,0.00047376154339498684
684.6875,0.0004384062043356594
685,0.000700035713374682
685.3125,0.0007566042558696058
685.625,0.0007778174593052023
685.9375,0.0006646803743153546
686.25,0.0006858935777509511
686.5625,0.000700035713374682
686.875,0.0007778174593052023
687.1875,0.0005161879502661796
687.5,0.0006858935777509511
687.8125,0.0006081118318204308
688.125,0.00045254833995939044
688.4375,0.00045254833995939044
688.75,0.0008555992052357224
689.0625,0.0006434671708797583
689.375,0.0005161879502661796
689.6875,0.00038183766184073564
690,0.0005515432893255071
690.3125,0.0005868986283848344
690.625,0.0005727564927611034
690.9375,0.0008202438661763951
691.25,0.0004949747468305832
691.5625,0.00047376154339498684
691.875,0.0009333809511662427
692.1875,0.0007566042558696058
692.5,0.0005303300858899106
692.8125,0.0005868986283848344
693.125,0.000700035713374682
693.4375,0.0005303300858899106
693.75,0.0006858935777509511
694.0625,0.0007990306627407986
694.375,0.0006081118318204308
694.6875,0.0006293250352560272
695,0.0006293250352560272
695.3125,0.0006081118318204308
695.625,0.0006081118318204308
695.9375,0.0005161879502661796
696.25,0.00047376154339498684
696.5625,0.00039597979746446656
696.875,0.0008909545442950499
697.1875,0.0010040916292848973
697.5,0.0011808683245815342
697.8125,0.0008202438661763951
698.125,0.0009475230867899737
698.4375,0.0009333809511662427
698.75,0.0009475230867899737
699.0625,0.0006293250352560272
699.375,0.0006081118318204308
699.6875,0.0006081118318204308
700,0.0009121677477306461
700.3125,0.0007990306627407986
700.625,0.000700035713374682
700.9375,0.0006858935777509511
701.25,0.0012162236636408617
701.5625,0.001308147545195113
701.875,0.000834386001800126
702.1875,0.0011596551211459378
702.5,0.0010040916292848973
702.8125,0.0007990306627407986
703.125,0.0006434671708797583
703.4375,0.0005161879502661796
703.75,0.0005303300858899106
704.0625,0.0007566042558696058
704.375,0.0009475230867899737
704.6875,0.00096873629022557
705,0.0011384419177103415
705.3125,0.0007566042558696058
705.625,0.0006293250352560272
705.9375,0.00045254833995939044
706.25,0.000417193000900063
706.5625,0.0005868986283848344
706.875,0.0005515432893255071
707.1875,0.0003394112549695428
707.5,0.0005515432893255071
707.8125,0.0006858935777509511
708.125,0.0008909545442950499
708.4375,0.0005727564927611034
708.75,0.0005727564927611034
709.0625,0.00045254833995939044
709.375,0.0005161879502661796
709.6875,0.0005303300858899106
710,0.0006081118318204308
710.3125,0.0007566042558696058
710.625,0.0006293250352560272
710.9375,0.000417193000900063
711.25,0.0004384062043356594
711.5625,0.0005161879502661796
711.875,0.0006858935777509511
712.1875,0.0008768124086713188
712.5,0.0006646803743153546
712.8125,0.0006293250352560272
713.125,0.0008909545442950499
713.4375,0.000700035713374682
713.75,0.0007424621202458748
714.0625,0.0005515432893255071
714.375,0.00045254833995939044
714.6875,0.00039597979746446656
715,0.0005303300858899106
715.3125,0.0006434671708797583
715.625,0.0006081118318204308
715.9375,0.000700035713374682
716.25,0.0006434671708797583
716.5625,0.0007990306627407986
716.875,0.0005727564927611034
717.1875,0.0006646803743153546
717.5,0.0005303300858899106
717.8125,0.00039597979746446656
718.125,0.00026870057685088805
718.4375,0.0007566042558696058
718.75,0.0008202438661763951
719.0625,0.0004949747468305832
719.375,0.0006858935777509511
719.6875,0.0006434671708797583
720,0.0008555992052357224
720.3125,0.0015556349186104045
720.625,0.0008909545442950499
720.9375,0.0006081118318204308
721.25,0.0006081118318204308
721.5625,0.0006434671708797583
721.875,0.0007778174593052023
722.1875,0.0006646803743153546
722.5,0.0005161879502661796
722.8125,0.000417193000900063
723.125,0.0005727564927611034
723.4375,0.000834386001800126
723.75,0.0006293250352560272
724.0625,0.0006434671708797583
724.375,0.0005515432893255071
724.6875,0.0006081118318204308
725,0.0007212489168102785
725.3125,0.0005727564927611034
725.625,0.0010253048327204938
725.9375,0.0010465180361560902
726.25,0.0005303300858899106
726.5625,0.00036062445840513924
726.875,0.0005868986283848344
727.1875,0.00038183766184073564
727.5,0.00039597979746446656
727.8125,0.0005727564927611034
728.125,0.0005515432893255071
728.4375,0.0004949747468305832
728.75,0.0006434671708797583
729.0625,0.0006081118318204308
729.375,0.00039597979746446656
729.6875,0.0005515432893255071
730,0.0004949747468305832
730.3125,0.0005161879502661796
730.625,0.0004384062043356594
730.9375,0.00045254833995939044
731.25,0.00047376154339498684
731.5625,0.0008202438661763951
731.875,0.0005515432893255071
732.1875,0.0002474873734152916
732.5,0.0003040559159102154
732.8125,0.00047376154339498684
733.125,0.0007566042558696058
733.4375,0.0008555992052357224
733.75,0.0007212489168102785
734.0625,0.0007778174593052023
734.375,0.00039597979746446656
734.6875,0.00045254833995939044
735,0.00047376154339498684
735.3125,0.0004384062043356594
735.625,0.0003040559159102154
735.9375,0.00047376154339498684
736.25,0.0005868986283848344
736.5625,0.0003040559159102154
736.875,0.0005727564927611034
737.1875,0.0008909545442950499
737.5,0.0007212489168102785
737.8125,0.0005303300858899106
738.125,0.00047376154339498684
738.4375,0.0006434671708797583
738.75,0.0007424621202458748
739.0625,0.0007424621202458748
739.375,0.0007566042558696058
739.6875,0.0006434671708797583
740,0.0004384062043356594
740.3125,0.0006646803743153546
740.625,0.000700035713374682
740.9375,0.0006434671708797583
741.25,0.0013647160876900366
741.5625,0.001251579002700189
741.875,0.0007424621202458748
742.1875,0.0008555992052357224
742.5,0.0008202438661763951
742.8125,0.0007212489168102785
743.125,0.0006858935777509511
743.4375,0.0006858935777509511
743.75,0.0006858935777509511
744.0625,0.0006434671708797583
744.375,0.0009121677477306461
744.6875,0.000834386001800126
745,0.0007566042558696058
745.3125,0.0007424621202458748
745.625,0.0008555992052357224
745.9375,0.0005727564927611034
746.25,0.0007990306627407986
746.5625,0.001251579002700189
746.875,0.0012162236636408617
747.1875,0.0009899494936611664
747.5,0.0005727564927611034
747.8125,0.0006646803743153546
748.125,0.0006434671708797583
748.4375,0.000417193000900063
748.75,0.00032526911934581187
749.0625,0.0007212489168102785
749.375,0.0007566042558696058
749.6875,0.0007566042558696058
750,0.0008555992052357224
750.3125,0.0010040916292848973
750.625,0.0007566042558696058
750.9375,0.0007424621202458748
751.25,0.0006434671708797583
751.5625,0.0005727564927611034
751.875,0.0005868986283848344
752.1875,0.0005161879502661796
752.5,0.0007212489168102785
752.8125,0.0015414927829866735
753.125,0.0014212846301849605
753.4375,0.0007778174593052023
753.75,0.0006293250352560272
754.0625,0.0007212489168102785
754.375,0.0007424621202458748
754.6875,0.0005161879502661796
755,0.000700035713374682
755.3125,0.0009121677477306461
755.625,0.0008555992052357224
755.9375,0.0007778174593052023
756.25,0.0006434671708797583
756.5625,0.0009333809511662427
756.875,0.000700035713374682
757.1875,0.00047376154339498684
757.5,0.0006646803743153546
757.8125,0.0006646803743153546
758.125,0.0006646803743153546
758.4375,0.000417193000900063
758.75,0.0003394112549695428
759.0625,0.0007424621202458748
759.375,0.0006646803743153546
759.6875,0.0007212489168102785
760,0.0007212489168102785
760.3125,0.0005727564927611034
760.625,0.0005303300858899106
760.9375,0.0006434671708797583
761.25,0.0006646803743153546
761.5625,0.000834386001800126
761.875,0.0006293250352560272
762.1875,0.0004949747468305832
762.5,0.0007778174593052023
762.8125,0.0014071424945612295
763.125,0.0010040916292848973
763.4375,0.000834386001800126
763.75,0.0005868986283848344
764.0625,0.0004949747468305832
764.375,0.0015556349186104045
764.6875,0.0015980613254815972
765,0.0010253048327204938
765.3125,0.0006858935777509511
765.625,0.0006646803743153546
765.9375,0.0011030865786510141
766.25,0.0011384419177103415
766.5625,0.0008768124086713188
766.875,0.0007990306627407986
767.1875,0.0006646803743153546
767.5,0.0005161879502661796
767.8125,0.00045254833995939044
768.125,0.0011030865786510141
768.4375,0.0014990663761154806
768.75,0.0006293250352560272
769.0625,0.0003394112549695428
769.375,0.0004384062043356594
769.6875,0.00047376154339498684
770,0.0005727564927611034
770.3125,0.000834386001800126
770.625,0.0006081118318204308
770.9375,0.0005515432893255071
771.25,0.000700035713374682
771.5625,0.001117228714274745
771.875,0.0017253405460951757
772.1875,0.0019940411229460637
772.5,0.0006293250352560272
772.8125,0.0005515432893255071
773.125,0.000700035713374682
773.4375,0.0017465537495307722
773.75,0.007233702371538381
774.0625,0.007141778489984129
774.375,0.0017253405460951757
774.6875,0.0007424621202458748
775,0.0005161879502661796
775.3125,0.0007424621202458748
775.625,0.002071822868876584
775.9375,0.0016899852070358485
776.25,0.0007566042558696058
776.5625,0.0007424621202458748
776.875,0.0008909545442950499
777.1875,0.0008555992052357224
777.5,0.0007778174593052023
777.8125,0.0009475230867899737
778.125,0.0007778174593052023
778.4375,0.0005727564927611034
778.75,0.0007990306627407986
779.0625,0.0008555992052357224
779.375,0.001308147545195113
779.6875,0.000834386001800126
780,0.0006434671708797583
780.3125,0.0008555992052357224
780.625,0.0007566042558696058
780.9375,0.000700035713374682
781.25,0.0007424621202458748
781.5625,0.0008555992052357224
781.875,0.0005161879502661796
782.1875,0.00038183766184073564
782.5,0.0005161879502661796
782.8125,0.0008768124086713188
783.125,0.002298097038856279
783.4375,0.0022415284963613557
783.75,0.0010040916292848973
784.0625,0.0009899494936611664
784.375,0.0006081118318204308
784.6875,0.0007424621202458748
785,0.0012374368670764581
785.3125,0.0008555992052357224
785.625,0.00039597979746446656
785.9375,0.0004384062043356594
786.25,0.0005727564927611034
786.5625,0.0005161879502661796
786.875,0.0006434671708797583
787.1875,0.0007990306627407986
787.5,0.0005303300858899106
787.8125,0.0005515432893255071
788.125,0.0008555992052357224
788.4375,0.0009121677477306461
788.75,0.0006646803743153546
789.0625,0.0007778174593052023
789.375,0.0006293250352560272
789.6875,0.0007566042558696058
790,0.0017889801564019653
790.3125,0.0034577521600022173
790.625,0.0038183766184073566
790.9375,0.004122432534317572
791.25,0.001294005409571382
791.5625,0.0010253048327204938
791.875,0.0007990306627407986
792.1875,0.0007566042558696058
792.5,0.0006646803743153546
792.8125,0.0007778174593052023
793.125,0.0005303300858899106
793.4375,0.0005868986283848344
793.75,0.0009121677477306461
794.0625,0.0007566042558696058
794.375,0.0008555992052357224
794.6875,0.0008202438661763951
795,0.0005515432893255071
795.3125,0.0006081118318204308
795.625,0.0014637110370561532
795.9375,0.001845548698896889
796.25,0.0011596551211459378
796.5625,0.0011808683245815342
796.875,0.0009899494936611664
797.1875,0.0007566042558696058
797.5,0.0008768124086713188
797.8125,0.0010040916292848973
798.125,0.0018243354954612923
798.4375,0.0016334166645409246
798.75,0.00096873629022557
799.0625,0.0006858935777509511
799.375,0.0005303300858899106
799.6875,0.0007778174593052023
800,0.0008909545442950499
800.3125,0.0010040916292848973
800.625,0.00096873629022557
800.9375,0.00096873629022557
801.25,0.0007212489168102785
801.5625,0.0011596551211459378
801.875,0.0012374368670764581
802.1875,0.0007566042558696058
802.5,0.001385929291125633
802.8125,0.001385929291125633
803.125,0.0010465180361560902
803.4375,0.0010040916292848973
803.75,0.001251579002700189
804.0625,0.001576848122046001
804.375,0.0014071424945612295
804.6875,0.0009899494936611664
805,0.0011384419177103415
805.3125,0.0008555992052357224
805.625,0.0007990306627407986
805.9375,0.0009899494936611664
806.25,0.0010253048327204938
806.5625,0.0008768124086713188
806.875,0.0014849242404917497
807.1875,0.0018031222920256963
807.5,0.0010040916292848973
807.8125,0.0010040916292848973
808.125,0.0008909545442950499
808.4375,0.0011596551211459378
808.75,0.0015980613254815972
809.0625,0.0014071424945612295
809.375,0.001308147545195113
809.6875,0.0022203152929257592
810,0.001654629867976521
810.3125,0.0008202438661763951
810.625,0.0007424621202458748
810.9375,0.0010606601717798212
811.25,0.000834386001800126
811.5625,0.000700035713374682
811.875,0.0009333809511662427
812.1875,0.0010818733752154177
812.5,0.001308147545195113
812.8125,0.0010465180361560902
813.125,0.0007990306627407986
813.4375,0.0006293250352560272
813.75,0.0005868986283848344
814.0625,0.0005727564927611034
814.375,0.000700035713374682
814.6875,0.0008555992052357224
815,0.0036062445840513925
815.3125,0.006399316369738255
815.625,0.0031749094475275984
815.9375,0.0009899494936611664
816.25,0.0006293250352560272
816.5625,0.0006646803743153546
816.875,0.0004949747468305832
817.1875,0.0005161879502661796
817.5,0.0005727564927611034
817.8125,0.0012727922061357853
818.125,0.002602152954766495
818.4375,0.0015556349186104045
818.75,0.0007212489168102785
819.0625,0.0009899494936611664
819.375,0.0011030865786510141
819.6875,0.0014637110370561532
820,0.0011950104602052652
820.3125,0.0008202438661763951
820.625,0.0021071782079359115
820.9375,0.0022415284963613557
821.25,0.0017889801564019653
821.5625,0.0021071782079359115
821.875,0.0009899494936611664
822.1875,0.0006081118318204308
822.5,0.0005515432893255071
822.8125,0.0014212846301849605
823.125,0.001385929291125633
823.4375,0.0013293607486307092
823.75,0.001668772003600252
824.0625,0.0014849242404917497
824.375,0.0012162236636408617
824.6875,0.0014071424945612295
825,0.001668772003600252
825.3125,0.003019345955666558
825.625,0.0019021172413918128
825.9375,0.0015980613254815972
826.25,0.0011808683245815342
826.5625,0.0011596551211459378
826.875,0.0011384419177103415
827.1875,0.0009333809511662427
827.5,0.001117228714274745
827.8125,0.0014212846301849605
828.125,0.0019728279195104672
828.4375,0.0013505739520663057
828.75,0.001385929291125633
829.0625,0.004652762620207482
829.375,0.0039315137033972035
829.6875,0.0017677669529663686
830,0.001668772003600252
830.3125,0.0023193102422918756
830.625,0.009347951647286159
830.9375,0.012897627688842625
831.25,0.0046315494167718865
831.5625,0.001442497833620557
831.875,0.0014071424945612295
832.1875,0.0015414927829866735
832.5,0.00185969083452062
832.8125,0.0023193102422918756
833.125,0.0019728279195104672
833.4375,0.001654629867976521
833.75,0.0013293607486307092
834.0625,0.001251579002700189
834.375,0.008987327188881018
834.6875,0.020230325009747124
835,0.011646048686142435
835.3125,0.0020506096654409876
835.625,0.001251579002700189
835.9375,0.0013647160876900366
836.25,0.002849640328181786
836.5625,0.0036486709909225846
836.875,0.003966869042456532
837.1875,0.0054871486220076085
837.5,0.006264966081312811
837.8125,0.006646803743153546
838.125,0.003966869042456532
838.4375,0.0022061731573020282
838.75,0.00387494516090228
839.0625,0.003379970414071697
839.375,0.004992173875177025
839.6875,0.01436133872589878
840,0.13406037464515755
840.3125,0.19332299397640207
840.625,0.06986214998123089
840.9375,0.00670337228564847
841.25,0.002679934700697015
841.5625,0.0034789653634378134
841.875,0.003040559159102154
842.1875,0.0026233661582020914
842.5,0.0037971634149717597
842.8125,0.004787112908632926
843.125,0.004327493500861671
843.4375,0.0041790010768124955
843.75,0.0037830212793480288
844.0625,0.005338656197958433
844.375,0.002771858582251266
844.6875,0.0020506096654409876
845,0.0023193102422918756
845.3125,0.004504270196158307
845.625,0.02079601043469636
845.9375,0.02007476151788608
846.25,0.004065863991822648
846.5625,0.0034789653634378134
846.875,0.0052255191129685855
847.1875,0.0029981327522309613
847.5,0.004235569619307419
847.8125,0.003952726906832801
848.125,0.0029839906166072303
848.4375,0.001294005409571382
848.75,0.001576848122046001
849.0625,0.002489015869776647
849.375,0.007771103525240157
849.6875,0.010938941904955889
850,0.004087077195258245
850.3125,0.0020293964620053916
850.625,0.0014071424945612295
850.9375,0.0024678026663410508
851.25,0.005564930367938129
851.5625,0.003514320702497141
851.875,0.0015980613254815972
852.1875,0.001520279579551077
852.5,0.0018243354954612923
852.8125,0.002085965004500315
853.125,0.00245366053071732
853.4375,0.0026587214972614184
853.75,0.00185969083452062
854.0625,0.001576848122046001
854.375,0.0014849242404917497
854.6875,0.0017253405460951757
855,0.0035708892449920647
855.3125,0.0036840263299819124
855.625,0.00245366053071732
855.9375,0.0017889801564019653
856.25,0.001251579002700189
856.5625,0.0012374368670764581
856.875,0.0015414927829866735
857.1875,0.001668772003600252
857.5,0.001668772003600252
857.8125,0.0019728279195104672
858.125,0.0021071782079359115
858.4375,0.0013505739520663057
858.75,0.0018809040379562164
859.0625,0.0021496046148071044
859.375,0.0029415642097360374
859.6875,0.002814284989122459
860,0.001576848122046001
860.3125,0.0009475230867899737
860.625,0.0014212846301849605
860.9375,0.0013505739520663057
861.25,0.0010606601717798212
861.5625,0.0012162236636408617
861.875,0.0015556349186104045
862.1875,0.0018031222920256963
862.5,0.0010818733752154177
862.8125,0.0010040916292848973
863.125,0.0021637467504308353
863.4375,0.002128391411371508
863.75,0.0015414927829866735
864.0625,0.001576848122046001
864.375,0.0018243354954612923
864.6875,0.004200214280248092
865,0.00900146932450475
865.3125,0.010352043276571056
865.625,0.0034011836175072935
865.9375,0.0009333809511662427
866.25,0.000834386001800126
866.5625,0.0010818733752154177
866.875,0.0011030865786510141
867.1875,0.0014212846301849605
867.5,0.0021071782079359115
867.8125,0.0017465537495307722
868.125,0.001520279579551077
868.4375,0.0010253048327204938
868.75,0.0008909545442950499
869.0625,0.001294005409571382
869.375,0.0012374368670764581
869.6875,0.0011384419177103415
870,0.0008768124086713188
870.3125,0.0013505739520663057
870.625,0.004327493500861671
870.9375,0.0035496760415564686
871.25,0.0016122034611053282
871.5625,0.0009475230867899737
871.875,0.0012727922061357853
872.1875,0.0021496046148071044
872.5,0.0026587214972614184
872.8125,0.0012374368670764581
873.125,0.0011030865786510141
873.4375,0.001117228714274745
873.75,0.0007566042558696058
874.0625,0.0014071424945612295
874.375,0.0022061731573020282
874.6875,0.001668772003600252
875,0.0012727922061357853
875.3125,0.0010606601717798212
875.625,0.0010818733752154177
875.9375,0.0013505739520663057
876.25,0.001294005409571382
876.5625,0.0021637467504308353
876.875,0.0019021172413918128
877.1875,0.0012374368670764581
877.5,0.0012162236636408617
877.8125,0.0008909545442950499
878.125,0.0006293250352560272
878.4375,0.0009121677477306461
878.75,0.0011384419177103415
879.0625,0.0011596551211459378
879.375,0.0007424621202458748
879.6875,0.0005303300858899106
880,0.001385929291125633
880.3125,0.0011384419177103415
880.625,0.0005868986283848344
880.9375,0.0006434671708797583
881.25,0.0006081118318204308
881.5625,0.0010253048327204938
881.875,0.0009475230867899737
882.1875,0.0013293607486307092
882.5,0.0008555992052357224
882.8125,0.00038183766184073564
883.125,0.0006646803743153546
883.4375,0.0008202438661763951
883.75,0.00096873629022557
884.0625,0.000834386001800126
884.375,0.0014637110370561532
884.6875,0.001442497833620557
885,0.000700035713374682
885.3125,0.0007990306627407986
885.625,0.0006646803743153546
885.9375,0.0009121677477306461
886.25,0.0010818733752154177
886.5625,0.00096873629022557
886.875,0.0006646803743153546
887.1875,0.0009121677477306461
887.5,0.0009899494936611664
887.8125,0.0007424621202458748
888.125,0.0005303300858899106
888.4375,0.00038183766184073564
888.75,0.0004949747468305832
889.0625,0.0006293250352560272
889.375,0.0016899852070358485
889.6875,0.0031324830406564055
890,0.00245366053071732
890.3125,0.00193747258045114
890.625,0.0009475230867899737
890.9375,0.0007424621202458748
891.25,0.0007566042558696058
891.5625,0.0008555992052357224
891.875,0.0008202438661763951
892.1875,0.0007778174593052023
892.5,0.0008555992052357224
892.8125,0.00096873629022557
893.125,0.0010606601717798212
893.4375,0.0008768124086713188
893.75,0.0008768124086713188
894.0625,0.0007212489168102785
894.375,0.0005303300858899106
894.6875,0.00045254833995939044
895,0.0005727564927611034
895.3125,0.0011596551211459378
895.625,0.0018809040379562164
895.9375,0.001442497833620557
896.25,0.0008768124086713188
896.5625,0.00096873629022557
896.875,0.001845548698896889
897.1875,0.0022415284963613557
897.5,0.0009899494936611664
897.8125,0.0008555992052357224
898.125,0.0007424621202458748
898.4375,0.0007990306627407986
898.75,0.0005727564927611034
899.0625,0.0007778174593052023
899.375,0.0008909545442950499
899.6875,0.0008555992052357224
900,0.0006646803743153546
900.3125,0.0010465180361560902
900.625,0.0008555992052357224
900.9375,0.0010606601717798212
901.25,0.0012374368670764581
901.5625,0.0015414927829866735
901.875,0.0012162236636408617
902.1875,0.0013293607486307092
902.5,0.0007990306627407986
902.8125,0.0011030865786510141
903.125,0.0011808683245815342
903.4375,0.0006646803743153546
903.75,0.0007778174593052023
904.0625,0.0008909545442950499
904.375,0.000834386001800126
904.6875,0.0009333809511662427
905,0.0008909545442950499
905.3125,0.0007990306627407986
905.625,0.0010253048327204938
905.9375,0.0009333809511662427
906.25,0.0008909545442950499
906.5625,0.0013505739520663057
906.875,0.0010253048327204938
907.1875,0.000700035713374682
907.5,0.0010040916292848973
907.8125,0.0011030865786510141
908.125,0.0009333809511662427
908.4375,0.0009475230867899737
908.75,0.0006858935777509511
909.0625,0.00045254833995939044
909.375,0.0006858935777509511
909.6875,0.0008555992052357224
910,0.0009475230867899737
910.3125,0.0009333809511662427
910.625,0.0010606601717798212
910.9375,0.0009899494936611664
911.25,0.0008202438661763951
911.5625,0.0007990306627407986
911.875,0.0013647160876900366
912.1875,0.0014849242404917497
912.5,0.0009333809511662427
912.8125,0.0006293250352560272
913.125,0.0006434671708797583
913.4375,0.0008202438661763951
913.75,0.0011596551211459378
914.0625,0.0012162236636408617
914.375,0.0021637467504308353
914.6875,0.0015980613254815972
915,0.0014212846301849605
915.3125,0.0014990663761154806
915.625,0.0011808683245815342
915.9375,0.001117228714274745
916.25,0.0009333809511662427
916.5625,0.0006293250352560272
916.875,0.0010253048327204938
917.1875,0.0009333809511662427
917.5,0.0011030865786510141
917.8125,0.0010818733752154177
918.125,0.0010040916292848973
918.4375,0.0009899494936611664
918.75,0.0008555992052357224
919.0625,0.0010040916292848973
919.375,0.001251579002700189
919.6875,0.0011808683245815342
920,0.0008555992052357224
920.3125,0.0008555992052357224
920.625,0.0008555992052357224
920.9375,0.0013505739520663057
921.25,0.00096873629022557
921.5625,0.000834386001800126
921.875,0.0005727564927611034
922.1875,0.0008202438661763951
922.5,0.0013505739520663057
922.8125,0.0011950104602052652
923.125,0.0009333809511662427
923.4375,0.0010253048327204938
923.75,0.0011030865786510141
924.0625,0.0012727922061357853
924.375,0.0009121677477306461
924.6875,0.0008555992052357224
925,0.0011030865786510141
925.3125,0.0011950104602052652
925.625,0.0020506096654409876
925.9375,0.0024324473272817233
926.25,0.0014212846301849605
926.5625,0.0009121677477306461
926.875,0.0014212846301849605
927.1875,0.0013647160876900366
927.5,0.0010253048327204938
927.8125,0.0010818733752154177
928.125,0.0007424621202458748
928.4375,0.000700035713374682
928.75,0.0010465180361560902
929.0625,0.0011596551211459378
929.375,0.0013647160876900366
929.6875,0.0014990663761154806
930,0.0012162236636408617
930.3125,0.0008909545442950499
930.625,0.0009121677477306461
930.9375,0.0009899494936611664
931.25,0.000834386001800126
931.5625,0.0010040916292848973
931.875,0.001117228714274745
932.1875,0.0011384419177103415
932.5,0.0007424621202458748
932.8125,0.0007990306627407986
933.125,0.0007212489168102785
933.4375,0.001294005409571382
933.75,0.001520279579551077
934.0625,0.0016122034611053282
934.375,0.001520279579551077
934.6875,0.0007990306627407986
935,0.0008555992052357224
935.3125,0.0009899494936611664
935.625,0.0011808683245815342
935.9375,0.001654629867976521
936.25,0.0011808683245815342
936.5625,0.0013505739520663057
936.875,0.001385929291125633
937.1875,0.0012374368670764581
937.5,0.001294005409571382
937.8125,0.00193747258045114
938.125,0.0015556349186104045
938.4375,0.0009121677477306461
938.75,0.001251579002700189
939.0625,0.0017465537495307722
939.375,0.0014637110370561532
939.6875,0.0018809040379562164
940,0.0013647160876900366
940.3125,0.0006646803743153546
940.625,0.000834386001800126
940.9375,0.002071822868876584
941.25,0.0026587214972614184
941.5625,0.00185969083452062
941.875,0.0010606601717798212
942.1875,0.0010606601717798212
942.5,0.0010465180361560902
942.8125,0.0014071424945612295
943.125,0.0016899852070358485
943.4375,0.0019728279195104672
943.75,0.0012727922061357853
944.0625,0.0011030865786510141
944.375,0.0013505739520663057
944.6875,0.0007990306627407986
945,0.0014849242404917497
945.3125,0.0022203152929257592
945.625,0.0011384419177103415
945.9375,0.0010465180361560902
946.25,0.0011950104602052652
946.5625,0.0010465180361560902
946.875,0.0011808683245815342
947.1875,0.0010253048327204938
947.5,0.0010040916292848973
947.8125,0.0012727922061357853
948.125,0.0011808683245815342
948.4375,0.0010040916292848973
948.75,0.0009475230867899737
949.0625,0.0011950104602052652
949.375,0.000834386001800126
949.6875,0.00096873629022557
950,0.0012374368670764581
950.3125,0.0014990663761154806
950.625,0.0032314779900225223
950.9375,0.003118340905032674
951.25,0.0009121677477306461
951.5625,0.0011596551211459378
951.875,0.0010253048327204938
952.1875,0.0011596551211459378
952.5,0.001576848122046001
952.8125,0.0012162236636408617
953.125,0.001117228714274745
953.4375,0.0009475230867899737
953.75,0.0007424621202458748
954.0625,0.0011030865786510141
954.375,0.0010818733752154177
954.6875,0.001294005409571382
955,0.0011030865786510141
955.3125,0.000834386001800126
955.625,0.0006858935777509511
955.9375,0.0009121677477306461
956.25,0.0009333809511662427
956.5625,0.0007778174593052023
956.875,0.0006858935777509511
957.1875,0.0007778174593052023
957.5,0.0014071424945612295
957.8125,0.0009121677477306461
958.125,0.0006646803743153546
958.4375,0.0008202438661763951
958.75,0.0009121677477306461
959.0625,0.00096873629022557
959.375,0.0005868986283848344
959.6875,0.000700035713374682
960,0.001251579002700189
960.3125,0.0011950104602052652
960.625,0.0008768124086713188
960.9375,0.000834386001800126
961.25,0.0010253048327204938
961.5625,0.0010606601717798212
961.875,0.0011596551211459378
962.1875,0.0014990663761154806
962.5,0.0012162236636408617
962.8125,0.0010818733752154177
963.125,0.0012162236636408617
963.4375,0.0015556349186104045
963.75,0.00096873629022557
964.0625,0.0008909545442950499
964.375,0.0011384419177103415
964.6875,0.0010253048327204938
965,0.0010040916292848973
965.3125,0.0008909545442950499
965.625,0.0011030865786510141
965.9375,0.0013293607486307092
966.25,0.0011808683245815342
966.5625,0.0012727922061357853
966.875,0.001294005409571382
967.1875,0.0012162236636408617
967.5,0.0010818733752154177
967.8125,0.0009475230867899737
968.125,0.0009121677477306461
968.4375,0.001308147545195113
968.75,0.001294005409571382
969.0625,0.0011030865786510141
969.375,0.0009475230867899737
969.6875,0.0010465180361560902
970,0.0012162236636408617
970.3125,0.0011030865786510141
970.625,0.0012162236636408617
970.9375,0.001308147545195113
971.25,0.0010253048327204938
971.5625,0.0009899494936611664
971.875,0.0009899494936611664
972.1875,0.0005868986283848344
972.5,0.0005515432893255071
972.8125,0.0009475230867899737
973.125,0.0015556349186104045
973.4375,0.0015414927829866735
973.75,0.0016899852070358485
974.0625,0.0008909545442950499
974.375,0.0008768124086713188
974.6875,0.001251579002700189
975,0.0011950104602052652
975.3125,0.0012727922061357853
975.625,0.0012374368670764581
975.9375,0.0009333809511662427
976.25,0.001117228714274745
976.5625,0.0011384419177103415
976.875,0.0007990306627407986
977.1875,0.0008768124086713188
977.5,0.0009121677477306461
977.8125,0.0008768124086713188
978.125,0.0009333809511662427
978.4375,0.00096873629022557
978.75,0.0010040916292848973
979.0625,0.0009333809511662427
979.375,0.0007566042558696058
979.6875,0.0006434671708797583
980,0.0006646803743153546
980.3125,0.0007566042558696058
980.625,0.0012727922061357853
980.9375,0.001251579002700189
981.25,0.0010606601717798212
981.5625,0.000834386001800126
981.875,0.001117228714274745
982.1875,0.0011596551211459378
982.5,0.0007566042558696058
982.8125,0.0008768124086713188
983.125,0.001308147545195113
983.4375,0.0014990663761154806
983.75,0.0014849242404917497
984.0625,0.0017677669529663686
984.375,0.0016334166645409246
984.6875,0.0018031222920256963
985,0.0014212846301849605
985.3125,0.0013293607486307092
985.625,0.0016122034611053282
985.9375,0.001117228714274745
986.25,0.0012374368670764581
986.5625,0.0013505739520663057
986.875,0.0010040916292848973
987.1875,0.0012727922061357853
987.5,0.0018243354954612923
987.8125,0.0014849242404917497
988.125,0.001294005409571382
988.4375,0.001308147545195113
988.75,0.0010040916292848973
989.0625,0.00096873629022557
989.375,0.0011808683245815342
989.6875,0.001251579002700189
990,0.0015980613254815972
990.3125,0.0011596551211459378
990.625,0.00096873629022557
990.9375,0.00096873629022557
991.25,0.002262741699796952
991.5625,0.001654629867976521
991.875,0.0011596551211459378
992.1875,0.0013505739520663057
992.5,0.0014212846301849605
992.8125,0.0014212846301849605
993.125,0.0012162236636408617
993.4375,0.001251579002700189
993.75,0.0011950104602052652
994.0625,0.0022203152929257592
994.375,0.0016899852070358485
994.6875,0.001251579002700189
995,0.0017677669529663686
995.3125,0.0019021172413918128
995.625,0.0029415642097360374
995.9375,0.0024324473272817233
996.25,0.0011950104602052652
996.5625,0.001845548698896889
996.875,0.001654629867976521
997.1875,0.0011950104602052652
997.5,0.001654629867976521
997.8125,0.0029839906166072303
998.125,0.0019940411229460637
998.4375,0.002262741699796952
998.75,0.002262741699796952
999.0625,0.0017465537495307722
999.375,0.0013505739520663057
999.6875,0.00096873629022557