DateTime,10RV-V,1RV-V,2RH-V,3RV-V,4RV-V,7RV-V,8RV-V,9RV-V
2026-04-30 22:52:00,0.13032,0.45086,0.33783,0.35723,0.36512,0.24349,0.23574,0.14176
2026-04-30 23:52:00,0.12855,0.46293,0.3486,0.36515,0.36847,0.24202,0.2366,0.14043
2026-05-01 00:52:00,0.11725,0.4487,0.33618,0.35953,0.36669,0.23873,0.23181,0.14432
2026-05-01 01:52:00,0.14095,0.44148,0.32118,0.36826,0.37074,0.23958,0.2351,0.14742
2026-05-01 02:52:00,0.1476,0.46411,0.34522,0.36437,0.36705,0.24373,0.23697,0.15781
2026-05-01 03:52:00,0.1284,0.46179,0.34086,0.36038,0.36227,0.24323,0.23654,0.15355
2026-05-01 04:52:00,0.12483,0.45934,0.3474,0.36169,0.36431,0.23993,0.22999,0.14579
2026-05-01 05:52:00,0.12597,0.46063,0.34814,0.36864,0.3688,0.2364,0.23226,0.15029
2026-05-01 06:52:00,0.13002,0.45505,0.33136,0.36131,0.3695,0.24288,0.23489,0.15398
2026-05-01 07:52:00,0.13316,0.45938,0.33809,0.36637,0.37082,0.24649,0.23682,0.16248
2026-05-01 08:52:00,0.14703,0.4527,0.33137,0.36567,0.36425,0.24395,0.23932,0.14974
2026-05-01 09:52:00,0.13585,0.45685,0.32745,0.36943,0.36819,0.24831,0.2441,0.14957
2026-05-01 10:52:00,0.13236,0.44959,0.32259,0.37195,0.37043,0.23931,0.23209,0.1504
2026-05-01 11:52:00,0.1495,0.43373,0.31464,0.37049,0.36666,0.25134,0.24131,0.15503
2026-05-01 12:52:00,0.14653,0.47507,0.32499,0.36884,0.36464,0.25011,0.23949,0.15367
2026-05-01 13:52:00,0.14679,0.47198,0.34787,0.36574,0.36634,0.24854,0.2364,0.16451
2026-05-01 14:52:00,0.12953,0.42264,0.33778,0.37201,0.36766,0.23645,0.22738,0.14784
2026-05-01 15:52:00,0.12028,0.37921,0.32389,0.36651,0.36972,0.23446,0.22492,0.13686
2026-05-01 16:52:00,0.1332,0.41127,0.30442,0.36792,0.36755,0.25407,0.24378,0.17234
2026-05-01 17:52:00,0.14845,0.44876,0.335,0.36878,0.36923,0.24371,0.23705,0.16257
2026-05-01 18:52:00,0.12304,0.42525,0.33224,0.36568,0.37263,0.2349,0.22917,0.13955
2026-05-01 19:52:00,0.13806,0.39976,0.30606,0.36987,0.37066,0.24154,0.23188,0.14837
2026-05-01 20:52:00,0.14851,0.37919,0.30956,0.37845,0.37199,0.23939,0.23313,0.17006
2026-05-01 21:52:00,0.12295,0.40622,0.30675,0.36658,0.37135,0.24645,0.23472,0.15487
2026-05-01 22:52:00,0.14008,0.42514,0.31493,0.36403,0.36806,0.24548,0.23735,0.14399
2026-05-01 23:52:00,0.13114,0.45639,0.34027,0.35881,0.36898,0.24664,0.23367,0.14048
2026-05-02 00:52:00,0.13668,0.46994,0.35361,0.37617,0.37016,0.24468,0.23742,0.1557
2026-05-02 01:52:00,0.15204,0.44423,0.3301,0.36844,0.37205,0.24786,0.23633,0.16882
2026-05-02 02:52:00,0.13475,0.46532,0.32938,0.35884,0.3683,0.24261,0.23542,0.14064
2026-05-02 03:52:00,0.13889,0.44734,0.31658,0.3634,0.36974,0.25133,0.24157,0.16945
2026-05-02 04:52:00,0.14063,0.45246,0.32817,0.37283,0.37177,0.24155,0.23415,0.15458
2026-05-02 05:52:00,0.15304,0.441,0.32263,0.3734,0.3758,0.25413,0.2437,0.19456
2026-05-02 06:52:00,0.13343,0.442,0.32852,0.37069,0.37361,0.24638,0.23834,0.13758
2026-05-02 07:52:00,0.1593,0.44131,0.32717,0.37321,0.37297,0.24806,0.24013,0.1865
2026-05-02 08:52:00,0.14055,0.41351,0.32509,0.37034,0.37253,0.24294,0.23412,0.14825
2026-05-02 09:52:00,0.13383,0.41523,0.32683,0.37071,0.37481,0.24296,0.23482,0.13531
2026-05-02 10:52:00,0.1497,0.46137,0.33332,0.37225,0.37048,0.26045,0.25242,0.16167
2026-05-02 11:52:00,0.14465,0.49632,0.36203,0.35951,0.36544,0.25982,0.25056,0.17222
2026-05-02 12:52:00,0.13772,0.48583,0.37392,0.36449,0.37347,0.25574,0.24636,0.15541
2026-05-02 13:52:00,0.14852,0.47932,0.35654,0.36701,0.37192,0.25305,0.24434,0.16366
2026-05-02 14:52:00,0.13948,0.45193,0.35994,0.37342,0.3714,0.24364,0.23724,0.14561
2026-05-02 15:52:00,0.14629,0.46554,0.34066,0.36169,0.37115,0.25508,0.23826,0.16914
2026-05-02 16:52:00,0.12776,0.44763,0.35247,0.36608,0.37022,0.23956,0.23211,0.13915
2026-05-02 17:52:00,0.14258,0.40886,0.33244,0.3665,0.37302,0.23731,0.2303,0.15687
2026-05-02 18:52:00,0.13074,0.3751,0.34007,0.37788,0.37426,0.2331,0.22599,0.15171
2026-05-02 19:52:00,0.13786,0.36867,0.32313,0.36211,0.37192,0.24203,0.23302,0.15906
2026-05-02 20:52:00,0.15458,0.3711,0.3231,0.37122,0.37465,0.24459,0.23179,0.20243
2026-05-02 21:52:00,0.14309,0.38086,0.3215,0.37404,0.374,0.24419,0.23366,0.1839
2026-05-02 22:52:00,0.1571,0.36563,0.33028,0.37466,0.3728,0.24391,0.23382,0.18562
2026-05-02 23:52:00,0.15457,0.35591,0.31726,0.37333,0.37627,0.24491,0.23136,0.19118
2026-05-03 00:52:00,0.1395,0.44682,0.34242,0.36594,0.37286,0.24882,0.23878,0.14665
2026-05-03 01:52:00,0.15124,0.44645,0.35287,0.37095,0.37138,0.24326,0.23597,0.15137
2026-05-03 02:52:00,0.14398,0.43093,0.34407,0.36993,0.37434,0.24757,0.23787,0.18223
2026-05-03 03:52:00,0.13753,0.4287,0.32749,0.37017,0.37395,0.23777,0.23163,0.13275
2026-05-03 04:52:00,0.15924,0.42327,0.33859,0.37583,0.37142,0.24049,0.23221,0.16871
2026-05-03 05:52:00,0.13764,0.4361,0.33786,0.37293,0.37354,0.24572,0.23839,0.14211
2026-05-03 06:52:00,0.13398,0.39518,0.33054,0.39177,0.37349,0.22298,0.22355,0.13265
2026-05-03 07:52:00,0.13203,0.32166,0.31412,0.38479,0.37327,0.22522,0.22332,0.13559
2026-05-03 08:52:00,0.13279,0.33227,0.31188,0.37222,0.37034,0.2386,0.23206,0.14799
2026-05-03 09:52:00,0.12893,0.30726,0.31844,0.37536,0.36964,0.22882,0.22463,0.13664
2026-05-03 10:52:00,0.15164,0.30638,0.2874,0.3623,0.37246,0.25661,0.2395,0.15946
2026-05-03 11:52:00,0.13033,0.39446,0.32237,0.36629,0.37193,0.23591,0.22594,0.13715
2026-05-03 12:52:00,0.13554,0.41621,0.32597,0.35701,0.36864,0.24865,0.23448,0.15533
2026-05-03 13:52:00,0.14963,0.4469,0.35301,0.35582,0.36723,0.25092,0.24122,0.15711
2026-05-03 14:52:00,0.13421,0.45581,0.35064,0.3638,0.36952,0.24523,0.23991,0.14501
2026-05-03 15:52:00,0.13636,0.46455,0.36219,0.37201,0.37247,0.24584,0.23567,0.15688
2026-05-03 16:52:00,0.13257,0.42021,0.34206,0.36542,0.37073,0.24755,0.23831,0.14378
2026-05-03 17:52:00,0.13484,0.43159,0.33027,0.35942,0.37156,0.25075,0.23741,0.15378
2026-05-03 18:52:00,0.14833,0.41595,0.32274,0.36422,0.36931,0.24868,0.24169,0.15119
2026-05-03 19:52:00,0.14322,0.42036,0.33983,0.36682,0.37313,0.25553,0.24465,0.17255
2026-05-03 20:52:00,0.13392,0.42485,0.33592,0.36368,0.37173,0.24046,0.23507,0.13749
2026-05-03 21:52:00,0.14453,0.42454,0.30483,0.36896,0.36986,0.25235,0.24518,0.15104
2026-05-03 22:52:00,0.13675,0.43481,0.31161,0.36859,0.37097,0.23917,0.23047,0.13678
2026-05-03 23:52:00,0.13471,0.38719,0.30277,0.38211,0.37507,0.23658,0.23165,0.1452
2026-05-04 00:52:00,0.13749,0.36774,0.29276,0.37326,0.37304,0.23933,0.23297,0.14376
2026-05-04 01:52:00,0.14419,0.37227,0.3052,0.37254,0.37201,0.24084,0.23147,0.1429
2026-05-04 02:52:00,0.15859,0.3806,0.30284,0.37864,0.37235,0.24198,0.23601,0.16233
2026-05-04 03:52:00,0.14924,0.36061,0.31567,0.3736,0.37338,0.24493,0.23411,0.16221
2026-05-04 04:52:00,0.15582,0.36997,0.30376,0.36617,0.37461,0.25862,0.24397,0.18158
2026-05-04 05:52:00,0.13553,0.4137,0.32612,0.37663,0.37414,0.24398,0.237,0.14861
2026-05-04 06:52:00,0.13385,0.37471,0.33502,0.38433,0.3741,0.23153,0.22848,0.14338
2026-05-04 07:52:00,0.12977,0.36426,0.31683,0.3734,0.3743,0.2471,0.2383,0.15526
2026-05-04 08:52:00,0.12944,0.33367,0.32206,0.38025,0.37291,0.23739,0.22912,0.15594
2026-05-04 09:52:00,0.12028,0.2937,0.30183,0.37493,0.36841,0.21896,0.21537,0.11833
2026-05-04 10:52:00,0.12069,0.28427,0.29189,0.37387,0.36835,0.22231,0.21548,0.12528
2026-05-04 11:52:00,0.12653,0.30053,0.28649,0.36385,0.37273,0.2363,0.22764,0.12053
2026-05-04 12:52:00,0.13223,0.35827,0.31945,0.36104,0.36997,0.23443,0.22474,0.13228
2026-05-04 13:52:00,0.12605,0.36519,0.33373,0.36721,0.36948,0.22717,0.22037,0.12965
2026-05-04 14:52:00,0.12357,0.33889,0.31932,0.36843,0.37369,0.22814,0.22086,0.12192
2026-05-04 15:52:00,0.12334,0.33764,0.31427,0.36678,0.37126,0.23987,0.22865,0.13285
2026-05-04 16:52:00,0.1498,0.32595,0.31378,0.36713,0.37072,0.24017,0.22768,0.16292
2026-05-04 17:52:00,0.12264,0.30891,0.30377,0.36427,0.37028,0.24226,0.23008,0.15178
2026-05-04 18:52:00,0.12794,0.30857,0.31312,0.37068,0.36811,0.22451,0.21824,0.133
2026-05-04 19:52:00,0.12278,0.29978,0.29043,0.36474,0.37126,0.2299,0.2241,0.12191
2026-05-04 20:52:00,0.14579,0.38891,0.31714,0.36029,0.37057,0.24291,0.23347,0.14883
2026-05-04 21:52:00,0.12746,0.44339,0.35819,0.36034,0.36912,0.23948,0.22878,0.12965
2026-05-04 22:52:00,0.12393,0.45509,0.35544,0.36362,0.37117,0.24281,0.23154,0.13717
2026-05-04 23:52:00,0.13413,0.43277,0.33664,0.36454,0.36949,0.23941,0.23019,0.12586
2026-05-05 00:52:00,0.1259,0.4458,0.35054,0.3725,0.37114,0.22837,0.22175,0.13507
2026-05-05 01:52:00,0.1221,0.4071,0.32605,0.3747,0.37534,0.22952,0.22122,0.12868
2026-05-05 02:52:00,0.14324,0.42863,0.33071,0.37177,0.37243,0.2441,0.23477,0.1596
2026-05-05 03:52:00,0.13109,0.43066,0.35259,0.37242,0.37477,0.23473,0.22598,0.13508
2026-05-05 04:52:00,0.1305,0.39904,0.35826,0.38557,0.37661,0.22765,0.21908,0.14268
2026-05-05 05:52:00,0.1345,0.32325,0.31996,0.38666,0.3753,0.23064,0.22248,0.16331
2026-05-05 06:52:00,0.13469,0.32962,0.27833,0.3573,0.37126,0.25047,0.23426,0.15397
2026-05-05 07:52:00,0.13528,0.46206,0.33784,0.36167,0.37493,0.24791,0.23407,0.15562
2026-05-05 08:52:00,0.13003,0.4455,0.34074,0.3679,0.37404,0.23828,0.23008,0.13792
2026-05-05 09:52:00,0.15267,0.4381,0.34668,0.36897,0.37164,0.24697,0.23666,0.16709
2026-05-05 10:52:00,0.00207,0.00193,0.00198,0.00362,0.00332,0.00368,0.00487,0.00217
2026-05-05 11:52:00,0.00191,0.00185,0.00179,0.00295,0.00247,0.0034,0.0047,0.00181
2026-05-05 12:52:00,0.159,0.3357,0.24458,0.37157,0.35442,0.24056,0.23211,0.15797
2026-05-05 13:52:00,0.13468,0.39162,0.28996,0.37051,0.35942,0.23252,0.22956,0.13063
2026-05-05 14:52:00,0.131,0.43513,0.30282,0.36282,0.35796,0.22938,0.2294,0.14907
2026-05-05 15:52:00,0.15828,0.40445,0.29765,0.3776,0.36438,0.2381,0.23331,0.16645
2026-05-05 16:52:00,0.15925,0.34127,0.29575,0.38077,0.36317,0.23011,0.23119,0.18324
2026-05-05 17:52:00,0.14812,0.3134,0.27738,0.37703,0.36021,0.22368,0.22979,0.16023
2026-05-05 18:52:00,0.15512,0.32354,0.28891,0.37353,0.36203,0.22936,0.22977,0.17881
2026-05-05 19:52:00,0.15568,0.3108,0.28094,0.37226,0.36376,0.23113,0.23387,0.17122
2026-05-05 20:52:00,0.1302,0.3549,0.28508,0.3732,0.36319,0.23731,0.23965,0.16187
2026-05-05 21:52:00,0.12496,0.38927,0.30058,0.37257,0.3603,0.21798,0.22586,0.13167
2026-05-05 22:52:00,0.13135,0.37821,0.29759,0.37556,0.36601,0.22897,0.23663,0.1438
2026-05-05 23:52:00,0.14783,0.36296,0.3037,0.37284,0.36366,0.23905,0.24006,0.17639
2026-05-06 00:52:00,0.13241,0.40888,0.31249,0.37019,0.36417,0.23099,0.23529,0.13804
2026-05-06 01:52:00,0.12992,0.46665,0.33511,0.36946,0.36464,0.24566,0.24482,0.16296
2026-05-06 02:52:00,0.14302,0.46497,0.33094,0.36829,0.3646,0.2423,0.24101,0.155
2026-05-06 03:52:00,0.13522,0.43853,0.33102,0.37429,0.3632,0.23261,0.23176,0.16523
2026-05-06 04:52:00,0.12252,0.44212,0.32069,0.3754,0.36305,0.23159,0.23464,0.14955
2026-05-06 05:52:00,0.16035,0.42528,0.32802,0.3751,0.36339,0.23419,0.23481,0.18508
2026-05-06 06:52:00,0.12856,0.43221,0.32661,0.37136,0.36363,0.22625,0.2324,0.14214
2026-05-06 07:52:00,0.14978,0.41013,0.32627,0.37055,0.36332,0.23656,0.23872,0.16324
2026-05-06 08:52:00,0.13787,0.4175,0.32507,0.37374,0.36475,0.24203,0.24103,0.17148
2026-05-06 09:52:00,0.15508,0.41342,0.32804,0.37023,0.36802,0.24254,0.23871,0.16582
2026-05-06 10:52:00,0.1212,0.43309,0.33335,0.36651,0.36221,0.23073,0.2344,0.13176
2026-05-06 11:52:00,0.13998,0.4592,0.34365,0.36951,0.36423,0.24057,0.24111,0.15902
2026-05-06 12:52:00,0.15095,0.45843,0.34453,0.36934,0.36582,0.24472,0.24234,0.16685
2026-05-06 13:52:00,0.126,0.46359,0.34688,0.36761,0.36527,0.23834,0.24134,0.14221
2026-05-06 14:52:00,0.12775,0.47358,0.34626,0.36982,0.3635,0.23811,0.24182,0.12902
2026-05-06 15:52:00,0.15047,0.44935,0.34999,0.3709,0.36288,0.23777,0.23714,0.17663
2026-05-06 16:52:00,0.13801,0.42617,0.33492,0.37093,0.36347,0.23849,0.23704,0.16823
2026-05-06 17:52:00,0.12539,0.39006,0.31466,0.37192,0.36466,0.22966,0.23235,0.12996
2026-05-06 18:52:00,0.14878,0.37186,0.31286,0.37385,0.36692,0.2369,0.23593,0.17063
2026-05-06 19:52:00,0.14947,0.38773,0.31367,0.37285,0.36908,0.24454,0.23957,0.19216
2026-05-06 20:52:00,0.13545,0.42098,0.33228,0.36622,0.36628,0.23638,0.23816,0.16508
2026-05-06 21:52:00,0.16381,0.40904,0.3144,0.37257,0.36609,0.2385,0.23731,0.20086
2026-05-06 22:52:00,0.13737,0.42134,0.31775,0.37457,0.36537,0.23649,0.24253,0.15752
2026-05-06 23:52:00,0.14204,0.44314,0.34032,0.36888,0.36814,0.24368,0.24428,0.15589
2026-05-07 00:52:00,0.15139,0.42754,0.33163,0.36959,0.36728,0.24508,0.24341,0.19281
2026-05-07 01:52:00,0.12259,0.46818,0.35161,0.37515,0.3651,0.23682,0.24274,0.14106
2026-05-07 02:52:00,0.15629,0.44614,0.34625,0.37576,0.36453,0.23884,0.23603,0.18175
2026-05-07 03:52:00,0.13535,0.45195,0.33917,0.37001,0.36643,0.2416,0.24125,0.15988
2026-05-07 04:52:00,0.13334,0.49553,0.36972,0.36715,0.369,0.24541,0.24384,0.17183
2026-05-07 05:52:00,0.13179,0.48103,0.3606,0.36019,0.3619,0.24607,0.24139,0.17464
2026-05-07 06:52:00,0.14115,0.48917,0.3716,0.36837,0.36427,0.24388,0.24454,0.14939
2026-05-07 07:52:00,0.12579,0.48719,0.36182,0.36992,0.36517,0.2334,0.23822,0.14188
2026-05-07 08:52:00,0.14715,0.46756,0.34771,0.37243,0.3649,0.2436,0.24277,0.18419
2026-05-07 09:52:00,0.1466,0.4385,0.34587,0.37589,0.36391,0.24031,0.23749,0.1925
2026-05-07 10:52:00,0.13124,0.40841,0.33375,0.36663,0.36564,0.23301,0.23436,0.1369
2026-05-07 11:52:00,0.12975,0.40729,0.32983,0.37287,0.36307,0.2385,0.24172,0.14871
2026-05-07 12:52:00,0.14231,0.39164,0.34289,0.37262,0.36117,0.23063,0.23272,0.17208
2026-05-07 13:52:00,0.12734,0.38846,0.33634,0.3724,0.3662,0.25044,0.244,0.1829
2026-05-07 14:52:00,0.11819,0.41335,0.33725,0.37449,0.36687,0.24526,0.24325,0.14468
2026-05-07 15:52:00,0.13136,0.40822,0.34676,0.37228,0.36832,0.25277,0.2484,0.17383
2026-05-07 16:52:00,0.14209,0.38211,0.35452,0.37833,0.36284,0.24188,0.2409,0.1792
2026-05-07 17:52:00,0.14146,0.32499,0.30681,0.373,0.36616,0.24834,0.24376,0.18297
2026-05-07 18:52:00,0.13535,0.32594,0.30474,0.37452,0.36865,0.24997,0.24312,0.18105
2026-05-07 19:52:00,0.12302,0.3684,0.31628,0.37291,0.36716,0.23871,0.23717,0.13623
2026-05-07 20:52:00,0.12922,0.4237,0.33456,0.37201,0.37122,0.25555,0.25024,0.18818
2026-05-07 21:52:00,0.13669,0.46703,0.36218,0.37047,0.36612,0.25284,0.24689,0.15831
2026-05-07 22:52:00,0.12205,0.45837,0.37018,0.37367,0.36449,0.23445,0.23635,0.13653
2026-05-07 23:52:00,,0.43402,0.34743,0.3761,0.36591,0.23266,0.23594,0.13338
2026-05-08 00:52:00,,0.42882,0.35067,0.37629,0.36617,0.23884,0.23829,0.15063
2026-05-08 01:52:00,,0.44652,0.33744,0.3729,0.36648,0.25223,0.2449,0.15817
2026-05-08 02:52:00,,0.4887,0.35284,0.37044,0.3658,0.24509,0.2432,0.1441
2026-05-08 03:52:00,,0.46025,0.35915,0.37068,0.36152,0.22871,0.23494,0.12926
2026-05-08 04:52:00,,0.40901,0.31607,0.37422,0.36267,0.2318,0.236,0.14341
2026-05-08 05:52:00,,0.44802,0.33028,0.3724,0.36511,0.24968,0.25065,0.14139
2026-05-08 06:52:00,,0.46552,0.37293,0.37114,0.3606,0.23672,0.24487,0.12699
2026-05-08 07:52:00,,0.47291,0.39652,0.37218,0.3644,0.24777,0.25699,0.14017
2026-05-08 08:52:00,,0.49524,0.38695,0.37918,0.36611,0.24213,0.24358,0.15994
2026-05-08 09:52:00,,0.47452,0.35676,0.37264,0.36398,0.23586,0.24419,0.12467
2026-05-08 10:52:00,,0.48725,0.3686,0.36689,0.36429,0.24618,0.24623,0.15343
2026-05-08 11:52:00,,0.4765,0.35033,0.36807,0.36474,0.23918,0.2453,0.1284
2026-05-08 12:52:00,,0.49153,0.34727,0.37532,0.36555,0.24104,0.2496,0.12238
2026-05-08 13:52:00,,0.46297,0.34845,0.37734,0.36684,0.24352,0.24542,0.1628
2026-05-08 14:52:00,,0.46181,0.34004,0.37169,0.36575,0.23376,0.24098,0.12593
2026-05-08 15:52:00,,0.43058,0.33787,0.37103,0.36639,0.23616,0.23853,0.14936
2026-05-08 16:52:00,,0.4402,0.3456,0.37378,0.36509,0.24458,0.24428,0.17608
2026-05-08 17:52:00,,0.44416,0.34612,0.37495,0.36754,0.24473,0.24819,0.13527
2026-05-08 18:52:00,,0.46359,0.35823,0.36882,0.36455,0.24478,0.24543,0.14561
2026-05-08 19:52:00,,0.44968,0.35415,0.37701,0.36521,0.24194,0.24108,0.17505
2026-05-08 20:52:00,,0.44341,0.34813,0.37157,0.36798,0.24953,0.24681,0.15335
2026-05-08 21:52:00,,0.45557,0.34441,0.37437,0.36984,0.25344,0.2548,0.17566
2026-05-08 22:52:00,,0.4794,0.35074,0.37561,0.36764,0.23855,0.24532,0.13381
2026-05-08 23:52:00,,0.44988,0.36014,0.37778,0.36534,0.2354,0.24137,0.13757
2026-05-09 00:52:00,,0.46026,0.37174,0.37109,0.36223,0.23575,0.23602,0.16049
2026-05-09 01:52:00,,0.46456,0.38088,0.37507,0.36702,0.24766,0.24595,0.17594
2026-05-09 02:52:00,,0.49621,0.38908,0.37598,0.36586,0.24034,0.2454,0.13375
2026-05-09 03:52:00,,0.48129,0.39074,0.36543,0.36546,0.24239,0.24099,0.16524
2026-05-09 04:52:00,,0.48176,0.36582,0.37275,0.36522,0.23777,0.24203,0.14563
2026-05-09 05:52:00,,0.48975,0.36397,0.37009,0.36556,0.24254,0.24019,0.15703
2026-05-09 06:52:00,,0.48514,0.3898,0.37013,0.36376,0.2434,0.24131,0.17493
2026-05-09 07:52:00,,0.49632,0.39298,0.37138,0.36234,0.2312,0.24178,0.13403
2026-05-09 08:52:00,,0.50784,0.37727,0.37155,0.36723,0.24162,0.24225,0.1956
2026-05-09 09:52:00,,0.51448,0.35957,0.37141,0.36326,0.23851,0.2422,0.13335
2026-05-09 10:52:00,,0.46965,0.35421,0.3752,0.36252,0.24409,0.24164,0.18621
2026-05-09 11:52:00,,0.44035,0.34429,0.3731,0.36302,0.24675,0.24045,0.1657
2026-05-09 12:52:00,,0.47371,0.35386,0.3729,0.3649,0.25459,0.24901,0.18307
2026-05-09 13:52:00,,0.44358,0.35274,0.37289,0.35793,0.23631,0.23951,0.16396
2026-05-09 14:52:00,,0.40971,0.3593,0.37363,0.36274,0.24472,0.24111,0.20005
2026-05-09 15:52:00,,0.42129,0.3537,0.36991,0.36137,0.23797,0.24047,0.16037
2026-05-09 16:52:00,,0.40641,0.3501,0.36808,0.36144,0.24168,0.24143,0.15901
2026-05-09 17:52:00,,0.45146,0.36499,0.36778,0.36542,0.2519,0.24641,0.16379
2026-05-09 18:52:00,,0.44816,0.36303,0.37194,0.36347,0.24367,0.23811,0.19992
2026-05-09 19:52:00,,0.44377,0.36727,0.37128,0.36571,0.2461,0.2408,0.19795
2026-05-09 20:52:00,,0.43054,0.37242,0.37048,0.36534,0.25238,0.2479,0.1918
2026-05-09 21:52:00,,0.49441,0.38747,0.37556,0.36828,0.2448,0.24658,0.13825
2026-05-09 22:52:00,,0.47124,0.37405,0.3681,0.36799,0.25623,0.24651,0.18486
2026-05-09 23:52:00,,0.47671,0.36699,0.37385,0.36767,0.24954,0.24532,0.19628
2026-05-10 00:52:00,,0.47055,0.38505,0.37453,0.36612,0.24382,0.24695,0.15581
2026-05-10 01:52:00,,0.48657,0.39799,0.3738,0.36487,0.24962,0.24424,0.19148
2026-05-10 02:52:00,,0.51076,0.39692,0.37164,0.3663,0.2551,0.24964,0.19147
2026-05-10 03:52:00,,0.49154,0.42698,0.37575,0.36553,0.24913,0.25248,0.17769
2026-05-10 04:52:00,,0.48979,0.42184,0.38007,0.36922,0.2534,0.24801,0.21974
2026-05-10 05:52:00,,0.50699,0.42423,0.37201,0.36695,0.25485,0.24999,0.19329
2026-05-10 06:52:00,,0.51606,0.43842,0.3717,0.36409,0.25496,0.24949,0.17438
2026-05-10 07:52:00,,0.5189,0.43251,0.37763,0.36174,0.24369,0.24187,0.18071
2026-05-10 08:52:00,,0.51536,0.44096,0.37394,0.36008,0.23059,0.23313,0.15107
2026-05-10 09:52:00,,0.45335,0.38942,0.39018,0.36816,0.23594,0.23416,0.19027
2026-05-10 10:52:00,,0.40116,0.34938,0.37712,0.35787,0.23743,0.23735,0.21929
2026-05-10 11:52:00,,0.37559,0.33175,0.37299,0.3646,0.24588,0.24256,0.16045
2026-05-10 12:52:00,,0.44189,0.33411,0.37348,0.3645,0.25669,0.25153,0.16985
2026-05-10 13:52:00,,0.48468,0.34417,0.36666,0.36281,0.25324,0.24893,0.20432
2026-05-10 14:52:00,,0.48377,0.3526,0.3724,0.35998,0.24185,0.23887,0.18226
2026-05-10 15:52:00,,0.47508,0.36128,0.37093,0.35894,0.22839,0.23498,0.13635
2026-05-10 16:52:00,,0.43911,0.36509,0.37242,0.35987,0.23126,0.23311,0.15051
2026-05-10 17:52:00,,0.45768,0.35917,0.36974,0.36325,0.24226,0.24731,0.13992
2026-05-10 18:52:00,,0.45171,0.36911,0.3737,0.36657,0.25472,0.25234,0.18927
2026-05-10 19:52:00,,0.43738,0.38746,0.37362,0.36303,0.22969,0.23735,0.14005
2026-05-10 20:52:00,,0.41429,0.37247,0.37672,0.36051,0.2295,0.23621,0.14287
2026-05-10 21:52:00,,0.42295,0.38238,0.37305,0.36093,0.23363,0.24216,0.1348
2026-05-10 22:52:00,,0.42312,0.37061,0.37438,0.36284,0.23647,0.24032,0.1618
2026-05-10 23:52:00,,0.42068,0.36168,0.37395,0.36784,0.2525,0.24928,0.17818
2026-05-11 00:52:00,,0.43017,0.37481,0.37402,0.36452,0.25112,0.24932,0.20618
2026-05-11 01:52:00,,0.46396,0.38195,0.3768,0.36728,0.24299,0.24743,0.13133
2026-05-11 02:52:00,,0.46574,0.38268,0.37316,0.36529,0.23693,0.23907,0.15349
2026-05-11 03:52:00,,0.46833,0.39024,0.3738,0.36511,0.24405,0.24407,0.17082
2026-05-11 04:52:00,,0.42364,0.38331,0.37124,0.36379,0.2336,0.23859,0.16069
2026-05-11 05:52:00,,0.40659,0.38771,0.36946,0.36426,0.22966,0.23239,0.14224
2026-05-11 06:52:00,,0.41781,0.38693,0.37536,0.36683,0.24004,0.24295,0.15032
2026-05-11 07:52:00,,0.44434,0.4091,0.37531,0.36553,0.24009,0.23667,0.18396
2026-05-11 08:52:00,,0.47862,0.39717,0.37349,0.36584,0.23978,0.24593,0.14377
2026-05-11 09:52:00,,0.48842,0.39422,0.373,0.36986,0.25449,0.25261,0.2035
2026-05-11 10:52:00,,0.47619,0.37338,0.37377,0.37117,0.24739,0.2661,0.14407
2026-05-11 11:52:00,,0.49226,0.39729,0.37015,0.36758,0.24465,0.26146,0.13657
2026-05-11 12:52:00,,0.46712,0.3892,0.36931,0.36911,0.2464,0.25564,0.20216
2026-05-11 13:52:00,,0.48481,0.39478,0.37006,0.36574,0.24577,0.25763,0.14573
2026-05-11 14:52:00,,0.47625,0.40891,0.3694,0.36573,0.24264,0.25478,0.15595
2026-05-11 15:52:00,,0.46929,0.39973,0.37424,0.36701,0.25542,0.26029,0.20998
2026-05-11 16:52:00,,0.47411,0.39734,0.37192,0.36987,0.25383,0.26133,0.15505
2026-05-11 17:52:00,,0.46012,0.39913,0.37135,0.36933,0.24277,0.25228,0.15507
2026-05-11 18:52:00,,0.42986,0.38673,0.37426,0.36726,0.25334,0.25959,0.21876
2026-05-11 19:52:00,,0.432,0.39576,0.36776,0.36994,0.24207,0.25118,0.15652
2026-05-11 20:52:00,,0.47754,0.38965,0.35089,0.36105,0.26259,0.26012,0.18509
2026-05-11 21:52:00,,0.3355,0.26877,0.372,0.37071,0.25451,0.24219,0.12483
2026-05-11 22:52:00,,0.39696,0.28766,0.37441,0.36493,0.24258,0.24757,0.17377
2026-05-11 23:52:00,,0.46139,0.29976,0.35489,0.35724,0.25286,0.25087,0.13729
2026-05-12 00:52:00,,0.51103,0.36109,0.36421,0.36183,0.25116,0.25915,0.1347
2026-05-12 01:52:00,,0.49652,0.36113,0.37245,0.36095,0.22809,0.24225,0.13837
2026-05-12 02:52:00,,0.44857,0.3301,0.38057,0.36149,0.2456,0.24985,0.18377
2026-05-12 03:52:00,,0.4627,0.34115,0.37697,0.36178,0.23714,0.24732,0.12842
2026-05-12 04:52:00,,0.46008,0.34005,0.37944,0.36473,0.23912,0.24643,0.17408
2026-05-12 05:52:00,,0.41324,0.30914,0.37835,0.35797,0.22634,0.23992,0.15033
2026-05-12 06:52:00,,0.40806,0.30442,0.38159,0.36216,0.22872,0.24508,0.14504
2026-05-12 07:52:00,,0.4321,0.32249,0.38032,0.36048,0.22642,0.23732,0.13248
2026-05-12 08:52:00,,0.42948,0.33145,0.38166,0.36384,0.2364,0.24617,0.15943
2026-05-12 09:52:00,,0.44496,0.33867,0.38132,0.36298,0.23621,0.24793,0.19348
2026-05-12 10:52:00,,0.37751,0.31842,0.37331,0.36352,0.23559,0.24876,0.18129
2026-05-12 11:52:00,,0.39233,0.29636,0.37434,0.36672,0.23775,0.25137,0.14901
2026-05-12 12:52:00,,0.4551,0.31193,0.37611,0.36625,0.24507,0.2534,0.14271
2026-05-12 13:52:00,,0.48083,0.33157,0.37347,0.36615,0.2451,0.25064,0.1454
2026-05-12 14:52:00,,0.47718,0.33285,0.37814,0.3652,0.24837,0.25178,0.17457
2026-05-12 15:52:00,,0.43673,0.34039,0.37511,0.36532,0.23395,0.24644,0.13039
2026-05-12 16:52:00,,0.40681,0.33346,0.37954,0.36495,0.23788,0.24564,0.16649
2026-05-12 17:52:00,,0.40237,0.32384,0.36908,0.36579,0.23792,0.24678,0.13331
2026-05-12 18:52:00,,0.46139,0.32922,0.3677,0.36561,0.24654,0.25205,0.13787
2026-05-12 19:52:00,,0.47328,0.34984,0.37515,0.36548,0.23855,0.25058,0.1359
2026-05-12 20:52:00,,0.41184,0.32959,0.38074,0.36121,0.23807,0.24554,0.16748
2026-05-12 21:52:00,,0.39332,0.32713,0.37274,0.36645,0.24534,0.25,0.19617
2026-05-12 22:52:00,,0.45784,0.33425,0.37121,0.36135,0.24551,0.25074,0.16456
2026-05-12 23:52:00,,0.50121,0.35299,0.36262,0.36082,0.25227,0.2489,0.18045
2026-05-13 00:52:00,,0.50919,0.37012,0.36764,0.36337,0.24216,0.24444,0.15214
2026-05-13 01:52:00,,0.48603,0.36926,0.37492,0.36497,0.23468,0.24144,0.15041
2026-05-13 02:52:00,,0.47976,0.37024,0.37586,0.36427,0.23436,0.24647,0.12841
2026-05-13 03:52:00,,0.46509,0.35301,0.37713,0.36442,0.24173,0.24723,0.18047
2026-05-13 04:52:00,,0.44844,0.34993,0.37457,0.36234,0.23422,0.24478,0.13361
2026-05-13 05:52:00,,0.46804,0.3398,0.37474,0.36631,0.25556,0.25722,0.1651
2026-05-13 06:52:00,,0.4979,0.36059,0.37868,0.36654,0.24639,0.25375,0.13099
2026-05-13 07:52:00,,0.45765,0.35252,0.37503,0.36619,0.24721,0.25194,0.15409
2026-05-13 08:52:00,,0.43926,0.33634,0.37565,0.36345,0.23794,0.24547,0.1338
2026-05-13 09:52:00,,0.42434,0.34258,0.3731,0.36497,0.24008,0.24749,0.13673
2026-05-13 10:52:00,,0.46982,0.35179,0.36863,0.36462,0.24742,0.2501,0.14504
2026-05-13 11:52:00,,0.48821,0.3466,0.36461,0.36366,0.25774,0.25764,0.15238
2026-05-13 12:52:00,,0.47413,0.35692,0.36775,0.36509,0.23751,0.24636,0.12069
2026-05-13 13:52:00,,0.43496,0.34852,0.37232,0.36277,0.23959,0.24575,0.15547
2026-05-13 14:52:00,,0.40986,0.35319,0.37349,0.3626,0.2307,0.2452,0.11618
2026-05-13 15:52:00,,0.39884,0.34273,0.37021,0.36692,0.23938,0.24568,0.12958
2026-05-13 16:52:00,,0.42585,0.34944,0.37225,0.36757,0.24949,0.25321,0.14652
2026-05-13 17:52:00,,0.46135,0.35177,0.36945,0.36686,0.25419,0.25612,0.14116
2026-05-13 18:52:00,,0.4834,0.37847,0.37153,0.36659,0.25079,0.24925,0.16874
2026-05-13 19:52:00,,0.45963,0.38246,0.37354,0.36217,0.228,0.23797,0.1267
2026-05-13 20:52:00,,0.446,0.38139,0.37719,0.3652,0.23905,0.24837,0.16372
2026-05-13 21:52:00,,0.46997,0.39173,0.37522,0.36511,0.23037,0.24676,0.13112
2026-05-13 22:52:00,,0.50036,0.378,0.36729,0.36247,0.24736,0.24961,0.15917
2026-05-13 23:52:00,,0.51203,0.41658,0.35558,0.35667,0.23906,0.24503,0.13164
2026-05-14 00:52:00,,0.50888,0.43065,0.36016,0.35735,0.24435,0.24624,0.16332
2026-05-14 01:52:00,,0.51514,0.43915,0.37124,0.36029,0.23772,0.24421,0.15335
2026-05-14 02:52:00,,0.50755,0.43552,0.37137,0.35938,0.2445,0.24897,0.14109
2026-05-14 03:52:00,,0.51956,0.44627,0.37031,0.35787,0.24551,0.24806,0.1478
2026-05-14 04:52:00,,0.51333,0.44025,0.36313,0.35611,0.24954,0.25012,0.17359
2026-05-14 05:52:00,,0.51809,0.46374,0.37018,0.35844,0.24874,0.25004,0.15775
2026-05-14 06:52:00,,0.52559,0.45968,0.36998,0.36287,0.24598,0.25089,0.17359
2026-05-14 07:52:00,,0.5214,0.45802,0.37516,0.36472,0.24321,0.24958,0.18122
2026-05-14 08:52:00,,0.52316,0.46244,0.38,0.36476,0.23876,0.2474,0.13647
2026-05-14 09:52:00,,0.505,0.45909,0.37171,0.36304,0.23621,0.24654,0.14368
2026-05-14 10:52:00,,0.50887,0.44382,0.37036,0.35933,0.23055,0.23787,0.12002
2026-05-14 11:52:00,,0.48992,0.43885,0.36271,0.36285,0.24526,0.2448,0.11061
2026-05-14 12:52:00,,0.35897,0.3256,0.37798,0.35542,0.21655,0.21955,0.12431
2026-05-14 13:52:00,,0.41025,0.3117,0.36924,0.36844,0.24175,0.24033,0.12251
2026-05-14 14:52:00,,0.44883,0.33147,0.37164,0.36444,0.23403,0.23487,0.11927
2026-05-14 15:52:00,,0.34096,0.29898,0.37123,0.36285,0.22501,0.22901,0.11468
2026-05-14 16:52:00,,0.46427,0.33759,0.35177,0.36153,0.23791,0.232,0.11139
2026-05-14 17:52:00,,0.49867,0.37768,0.36488,0.36199,0.23452,0.23714,0.11067
2026-05-14 18:52:00,,0.51095,0.36936,0.36324,0.36314,0.23807,0.23927,0.1166
2026-05-14 19:52:00,,0.4961,0.36634,0.36648,0.36024,0.23027,0.2301,0.12869
2026-05-14 20:52:00,,0.47593,0.35794,0.36825,0.36233,0.22347,0.23072,0.10967
2026-05-14 21:52:00,,0.45665,0.36028,0.37281,0.36056,0.22982,0.2309,0.1114
2026-05-14 22:52:00,,0.47721,0.35797,0.36555,0.36567,0.23594,0.2373,0.13044
2026-05-14 23:52:00,,0.50251,0.37954,0.36974,0.36395,0.23036,0.23688,0.11424
2026-05-15 00:52:00,,0.50535,0.39823,0.37185,0.36459,0.23899,0.24131,0.13885
2026-05-15 01:52:00,,0.48442,0.38986,0.37544,0.36089,0.22442,0.23297,0.12051
2026-05-15 02:52:00,,0.49284,0.39673,0.36826,0.3647,0.23925,0.23869,0.14113
2026-05-15 03:52:00,,0.47818,0.40481,0.36787,0.35953,0.22633,0.23091,0.12749
2026-05-15 04:52:00,,0.45207,0.39155,0.37548,0.36326,0.22823,0.23433,0.11818
2026-05-15 05:52:00,,0.47176,0.39223,0.37172,0.36234,0.23958,0.24105,0.16472
2026-05-15 06:52:00,,0.50393,0.41229,0.36885,0.36218,0.23272,0.23756,0.12399
2026-05-15 07:52:00,,0.51455,0.43174,0.3716,0.36386,0.24209,0.24525,0.14339
2026-05-15 08:52:00,,0.46983,0.39626,0.37412,0.36208,0.2382,0.23802,0.14338
2026-05-15 09:52:00,,0.49093,0.3927,0.36878,0.36362,0.23167,0.23671,0.14135
2026-05-15 10:52:00,,0.46182,0.37068,0.37162,0.3586,0.22532,0.2325,0.12353
2026-05-15 11:52:00,,0.42465,0.34497,0.37543,0.35974,0.23051,0.23526,0.12422
2026-05-15 12:52:00,,0.42084,0.33648,0.36697,0.36073,0.23487,0.24013,0.15118
2026-05-15 13:52:00,,0.40178,0.3363,0.37426,0.35748,0.22672,0.23663,0.15077
2026-05-15 14:52:00,,0.36475,0.32601,0.37454,0.36209,0.22838,0.2351,0.14997
2026-05-15 15:52:00,,0.35151,0.31061,0.36716,0.36052,0.22691,0.23605,0.13817
2026-05-15 16:52:00,,0.00324,0.00289,0.00342,0.00323,0.00384,0.00454,0.00221
2026-05-15 17:52:00,,0.26172,0.27936,0.36496,0.35692,0.25062,0.24016,0.12204
2026-05-15 18:52:00,,0.35001,0.34363,0.36597,0.35602,0.22572,0.22674,0.11986
2026-05-15 19:52:00,,0.32821,0.32795,0.36822,0.36078,0.22366,0.22936,0.12373
2026-05-15 20:52:00,,0.32238,0.32576,0.3744,0.3581,0.21793,0.22877,0.12016
2026-05-15 21:52:00,,0.31483,0.32181,0.37329,0.35524,0.21355,0.23158,0.12421
2026-05-15 22:52:00,,0.33873,0.32028,0.36821,0.36079,0.21946,0.23122,0.12063
2026-05-15 23:52:00,,0.42206,0.33333,0.36931,0.36157,0.22798,0.2351,0.12701
2026-05-16 00:52:00,,0.48182,0.36403,0.36627,0.36312,0.23939,0.24316,0.14137
2026-05-16 01:52:00,,0.48413,0.38832,0.37012,0.35833,0.22334,0.23568,0.12592
2026-05-16 02:52:00,,0.46934,0.39674,0.37208,0.36064,0.23147,0.24021,0.14375
2026-05-16 03:52:00,,0.47944,0.39977,0.37225,0.3612,0.23341,0.23963,0.13437
2026-05-16 04:52:00,,0.48989,0.40645,0.37284,0.36093,0.23163,0.2394,0.12383
2026-05-16 05:52:00,,0.4614,0.43863,0.37859,0.35788,0.23077,0.24138,0.16525
2026-05-16 06:52:00,,0.43767,0.42057,0.36844,0.35898,0.23551,0.23938,0.15765
2026-05-16 07:52:00,,0.47572,0.43088,0.36904,0.36405,0.23446,0.24501,0.11867
2026-05-16 08:52:00,,0.51171,0.43949,0.36635,0.35878,0.23389,0.24104,0.13624
2026-05-16 09:52:00,,0.47696,0.44192,0.3717,0.35723,0.22479,0.23331,0.12428
2026-05-16 10:52:00,,0.44818,0.44496,0.37513,0.35737,0.23058,0.236,0.13117
2026-05-16 11:52:00,,0.41005,0.44137,0.37078,0.36019,0.2296,0.23506,0.13299
2026-05-16 12:52:00,,0.42428,0.4264,0.37231,0.36188,0.2387,0.24319,0.16686
2026-05-16 13:52:00,,0.47935,0.4355,0.36596,0.36345,0.23425,0.24563,0.1226
2026-05-16 14:52:00,,0.46787,0.43443,0.37212,0.36204,0.24098,0.24368,0.16173
2026-05-16 15:52:00,,0.44113,0.43179,0.37164,0.35848,0.23551,0.23837,0.14663
2026-05-16 16:52:00,,0.42731,0.39862,0.36774,0.3587,0.22606,0.23573,0.11969
2026-05-16 17:52:00,,0.41711,0.38131,0.37119,0.36115,0.23537,0.23905,0.14391
2026-05-16 18:52:00,,0.44651,0.37867,0.3706,0.3596,0.23714,0.24365,0.12172
2026-05-16 19:52:00,,0.48245,0.3722,0.36907,0.36068,0.24811,0.24815,0.16628
2026-05-16 20:52:00,,0.51236,0.39416,0.3723,0.36447,0.24148,0.24729,0.1227
2026-05-16 21:52:00,,0.48431,0.3984,0.36743,0.35594,0.22597,0.23805,0.12499
2026-05-16 22:52:00,,0.46191,0.39743,0.36732,0.3617,0.2287,0.23741,0.12515
2026-05-16 23:52:00,,0.46618,0.40916,0.37564,0.36119,0.24367,0.24487,0.16854
2026-05-17 00:52:00,,0.50468,0.41661,0.36386,0.36087,0.23881,0.24232,0.12489
2026-05-17 01:52:00,,0.52441,0.45063,0.36531,0.3624,0.235,0.23921,0.12741
2026-05-17 02:52:00,,0.49797,0.45593,0.36694,0.36278,0.23878,0.23988,0.14576
2026-05-17 03:52:00,,0.47263,0.44724,0.36995,0.35801,0.22243,0.23506,0.11672
2026-05-17 04:52:00,,0.42139,0.43074,0.37484,0.36057,0.23099,0.23901,0.12492
2026-05-17 05:52:00,,0.45467,0.44079,0.3805,0.36275,0.24559,0.24738,0.17625
2026-05-17 06:52:00,,0.51221,0.44637,0.37131,0.36165,0.23357,0.24194,0.12936
2026-05-17 07:52:00,,0.50588,0.45977,0.36977,0.36461,0.24399,0.24686,0.15615
2026-05-17 08:52:00,,0.52024,0.5032,0.37392,0.36101,0.23685,0.24327,0.1231
2026-05-17 09:52:00,,0.47385,0.47669,0.37013,0.36248,0.23998,0.23872,0.16978
2026-05-17 10:52:00,,0.51573,0.46908,0.36467,0.36245,0.25571,0.25394,0.13997
2026-05-17 11:52:00,,0.544,0.48924,0.37015,0.36709,0.2496,0.24979,0.17132
2026-05-17 12:52:00,,0.51706,0.4501,0.3701,0.36191,0.23729,0.24162,0.12513
2026-05-17 13:52:00,,0.51896,0.4669,0.37055,0.36408,0.24578,0.24525,0.13301
2026-05-17 14:52:00,,0.51634,0.48866,0.37079,0.36107,0.24142,0.24237,0.13954
2026-05-17 15:52:00,,0.47599,0.46774,0.36915,0.36383,0.24909,0.24824,0.13942
2026-05-17 16:52:00,,0.47511,0.45587,0.37141,0.36319,0.2407,0.24422,0.12131
2026-05-17 17:52:00,,0.47093,0.45537,0.37232,0.35728,0.23412,0.23921,0.1645
2026-05-17 18:52:00,,0.47762,0.43093,0.3623,0.36445,0.24079,0.24294,0.13308
2026-05-17 19:52:00,,0.52546,0.44456,0.37244,0.36701,0.25711,0.25623,0.16358
2026-05-17 20:52:00,,0.52347,0.46085,0.37049,0.36115,0.23616,0.23744,0.11881
2026-05-17 21:52:00,,0.515,0.4367,0.37251,0.3654,0.25187,0.24935,0.14958
2026-05-17 22:52:00,,0.50994,0.47221,0.37128,0.36209,0.2476,0.24569,0.14826
2026-05-17 23:52:00,,0.51666,0.46193,0.36647,0.36177,0.24506,0.24731,0.12915
2026-05-18 00:52:00,,0.51939,0.47454,0.37122,0.36406,0.24995,0.25191,0.12679
2026-05-18 01:52:00,,0.51378,0.47632,0.34648,0.35594,0.25583,0.24278,0.14071
2026-05-18 02:52:00,,0.00192,0.00192,0.00271,0.00266,0.00287,0.00369,0.00199
2026-05-18 03:52:00,,0.0015,0.00142,0.00245,0.00237,0.00265,0.00359,0.0017
2026-05-18 04:52:00,,0.00152,0.00145,0.00235,0.00227,0.00249,0.00344,0.00161
2026-05-18 05:52:00,,0.00147,0.00145,0.00212,0.00173,0.00256,0.00327,0.00134
2026-05-18 06:52:00,,0.00143,0.00142,0.00207,0.00175,0.00249,0.00321,0.00134
2026-05-18 07:52:00,,0.00598,0.00679,0.00698,0.00609,0.00445,0.00431,0.00156
2026-05-18 08:52:00,,0.00143,0.0014,0.0014,0.00139,0.00148,0.00147,0.00126
2026-05-18 09:52:00,,0.00134,0.00132,0.00134,0.00134,0.0014,0.0014,0.00119
2026-05-18 10:52:00,,0.00136,0.00131,0.00134,0.00136,0.00139,0.00137,0.00117
2026-05-18 11:52:00,,0.00143,0.00136,0.00131,0.00133,0.0014,0.00138,0.00116
2026-05-18 12:52:00,,0.00129,0.00126,0.00131,0.00131,0.00135,0.00134,0.00116
2026-05-18 13:52:00,,0.00131,0.00125,0.00131,0.00131,0.00138,0.00137,0.00118
2026-05-18 14:52:00,,0.00132,0.0013,0.00135,0.00133,0.0014,0.00138,0.00119
2026-05-18 15:52:00,,0.00132,0.0013,0.00131,0.00132,0.00138,0.00137,0.00118
2026-05-18 16:52:00,,0.00138,0.00145,0.00136,0.00135,0.00142,0.00142,0.0012
2026-05-18 17:52:00,,0.00128,0.00125,0.0013,0.00131,0.00135,0.00133,0.00117
2026-05-18 18:52:00,,0.00127,0.00122,0.00129,0.0013,0.00135,0.00133,0.00115
2026-05-18 19:52:00,,0.00144,0.00136,0.00136,0.0013,0.00137,0.00133,0.00114
2026-05-18 20:52:00,,0.00175,0.00181,0.00152,0.00149,0.00155,0.00152,0.00137
2026-05-18 21:52:00,,0.00129,0.00127,0.00129,0.00128,0.00136,0.00136,0.00117
2026-05-18 22:52:00,,0.0013,0.00127,0.00132,0.00132,0.00137,0.00136,0.00118
2026-05-18 23:52:00,,0.00128,0.00127,0.0013,0.0013,0.00135,0.00134,0.00115
2026-05-19 00:52:00,,0.00134,0.0013,0.00131,0.0013,0.00138,0.00136,0.00114
2026-05-19 01:52:00,,0.00128,0.00126,0.00129,0.0013,0.00137,0.00136,0.00117
2026-05-19 02:52:00,,0.0013,0.00126,0.00129,0.0013,0.00137,0.00136,0.00116
2026-05-19 03:52:00,,0.00253,0.00243,0.00209,0.002,0.00222,0.00217,0.00162
2026-05-19 04:52:00,,0.35526,0.1642,0.26277,0.25497,0.14507,0.1638,0.01492
2026-05-19 05:52:00,,0.30389,0.18107,0.24786,0.22602,0.13377,0.1597,0.01454
2026-05-19 06:52:00,,0.32298,0.24253,0.3413,0.32827,0.2326,0.22298,0.16362
2026-05-19 07:52:00,,0.36485,0.24692,0.39954,0.3577,0.21237,0.20818,0.13097
2026-05-19 08:52:00,,0.31368,0.22576,0.36807,0.35046,0.22609,0.22906,0.14055
2026-05-19 09:52:00,,0.24176,0.24058,0.39984,0.36051,0.2115,0.21146,0.11777
2026-05-19 10:52:00,,0.00359,0.00336,0.00391,0.00359,0.00359,0.00417,0.00235
2026-05-19 11:52:00,,0.00382,0.00352,0.00315,0.00285,0.0036,0.00397,0.00195
2026-05-19 12:52:00,,0.00337,0.00318,0.00371,0.00315,0.00367,0.00418,0.00217
2026-05-19 13:52:00,,0.26354,0.2153,0.37407,0.34224,0.2306,0.22206,0.14712
2026-05-19 14:52:00,,0.00271,0.00253,0.00318,0.00291,0.00324,0.00364,0.00224
2026-05-19 15:52:00,,0.00248,0.00257,0.00344,0.00299,0.00344,0.00398,0.00217
2026-05-19 16:52:00,,0.00254,0.00253,0.00355,0.00302,0.0031,0.00417,0.00211
2026-05-19 17:52:00,,0.31957,0.2478,0.37563,0.34701,0.21561,0.21788,0.11793
2026-05-19 18:52:00,,0.25537,0.23167,0.36446,0.34729,0.22221,0.2334,0.138
2026-05-19 19:52:00,,0.26044,0.27876,0.36427,0.35019,0.22295,0.23327,0.12669
2026-05-19 20:52:00,,0.25669,0.26607,0.35723,0.34818,0.24469,0.24216,0.15072
2026-05-19 21:52:00,,0.00377,0.00356,0.00365,0.00361,0.0041,0.00393,0.00253
2026-05-19 22:52:00,,0.0038,0.00364,0.00384,0.00386,0.00394,0.00404,0.00244
2026-05-19 23:52:00,,0.00312,0.00301,0.00363,0.00325,0.00331,0.00368,0.00226
2026-05-20 00:52:00,,0.00293,0.00286,0.0029,0.00266,0.00335,0.00351,0.00205
2026-05-20 01:52:00,,0.32684,0.2255,0.34878,0.33706,0.23131,0.23947,0.1587
2026-05-20 02:52:00,,0.33654,0.25339,0.34493,0.34269,0.23557,0.23169,0.13014
2026-05-20 03:52:00,,0.34233,0.26949,0.36303,0.35232,0.2272,0.23029,0.12143
2026-05-20 04:52:00,,0.26305,0.26818,0.3634,0.3518,0.22186,0.22651,0.11526
2026-05-20 05:52:00,,0.25221,0.25722,0.36242,0.35341,0.23008,0.23105,0.15851
2026-05-20 06:52:00,,0.29687,0.24803,0.36063,0.35731,0.23412,0.2376,0.12334
2026-05-20 07:52:00,,0.29547,0.27704,0.37009,0.35539,0.2276,0.23277,0.15141
2026-05-20 08:52:00,,0.25708,0.25974,0.37119,0.35167,0.21372,0.2218,0.11564
2026-05-20 09:52:00,,0.26651,0.26983,0.37935,0.35524,0.21563,0.21999,0.13334
2026-05-20 10:52:00,,0.24146,0.28059,0.36618,0.36139,0.23662,0.24754,0.12539
2026-05-20 11:52:00,,0.24999,0.29091,0.3684,0.361,0.24062,0.24261,0.14699
2026-05-20 12:52:00,,0.24504,0.28945,0.37589,0.35707,0.23131,0.22875,0.17432
2026-05-20 13:52:00,,0.20491,0.24268,0.37329,0.35683,0.21388,0.22128,0.12978
2026-05-20 14:52:00,,0.18637,0.22785,0.37337,0.36049,0.22523,0.23027,0.13824
2026-05-20 15:52:00,,0.22979,0.24144,0.36964,0.36413,0.23527,0.23941,0.13779
2026-05-20 16:52:00,,0.22906,0.25041,0.36227,0.36472,0.24027,0.24016,0.14846
2026-05-20 17:52:00,,0.19829,0.23435,0.39217,0.36019,0.2168,0.21628,0.15732
2026-05-20 18:52:00,,0.19128,0.18261,0.35102,0.34354,0.24037,0.23351,0.20144
2026-05-20 19:52:00,,0.22634,0.22394,0.36612,0.35972,0.24521,0.23543,0.18752
2026-05-20 20:52:00,,0.24206,0.25918,0.3757,0.36654,0.26283,0.25055,0.21057
2026-05-20 21:52:00,,0.25338,0.2815,0.37155,0.36431,0.25015,0.24251,0.21524
2026-05-20 22:52:00,,0.28715,0.3002,0.37154,0.36584,0.25386,0.24247,0.21156
2026-05-20 23:52:00,,0.2611,0.28704,0.37553,0.3617,0.24881,0.23825,0.20581
2026-05-21 00:52:00,,0.25817,0.26085,0.37033,0.35946,0.25077,0.24168,0.19312
2026-05-21 01:52:00,,0.25309,0.2698,0.36858,0.3619,0.24712,0.23903,0.17066
2026-05-21 02:52:00,,0.26665,0.28071,0.36985,0.36235,0.23529,0.23109,0.16788
2026-05-21 03:52:00,,0.25753,0.26948,0.39571,0.36649,0.23499,0.22623,0.16843
2026-05-21 04:52:00,,0.26485,0.2759,0.40849,0.37454,0.24637,0.23158,0.21694
2026-05-21 05:52:00,,0.2579,0.27586,0.3761,0.36235,0.23915,0.23348,0.17001
2026-05-21 06:52:00,,0.25156,0.26912,0.38551,0.36423,0.23785,0.22974,0.19476
2026-05-21 07:52:00,,0.00322,0.00328,0.00359,0.0034,0.00382,0.0045,0.0033
2026-05-21 08:52:00,,0.26834,0.24323,0.36101,0.34479,0.2444,0.22216,0.14314
2026-05-21 09:52:00,,0.24207,0.28133,0.36734,0.35918,0.24856,0.23963,0.14459
2026-05-21 10:52:00,,0.24721,0.2996,0.36638,0.35894,0.2468,0.24029,0.1784
2026-05-21 11:52:00,,0.23103,0.28037,0.36818,0.37601,0.26828,0.25649,0.1894
2026-05-21 12:52:00,,0.19802,0.21782,0.37109,0.36494,0.24997,0.24128,0.17078
2026-05-21 13:52:00,,0.19714,0.22786,0.39361,0.37051,0.25304,0.23355,0.21879
2026-05-21 14:52:00,,0.2003,0.22265,0.41539,0.38293,0.24071,0.22682,0.17289
2026-05-21 15:52:00,,0.21225,0.21974,0.37599,0.36889,0.24987,0.23463,0.19955
2026-05-21 16:52:00,,0.23357,0.25083,0.37485,0.37947,0.2595,0.2405,0.19284
2026-05-21 17:52:00,,0.22147,0.2215,0.36515,0.37645,0.27542,0.25366,0.20007
2026-05-21 18:52:00,,0.2496,0.26726,0.37427,0.37481,0.25465,0.23829,0.19297
2026-05-21 19:52:00,,0.27843,0.32487,0.39071,0.37361,0.24174,0.22971,0.16501
2026-05-21 20:52:00,,0.26124,0.27537,0.42429,0.39301,0.24076,0.22402,0.17574
2026-05-21 21:52:00,,0.21728,0.16241,0.4054,0.3175,0.27918,0.28815,0.1148
2026-05-21 22:52:00,,0.25708,0.28119,0.36754,0.36023,0.24461,0.2356,0.19453
2026-05-21 23:52:00,,0.28415,0.28749,0.36893,0.36837,0.25862,0.24805,0.18791
2026-05-22 00:52:00,,0.26537,0.29933,0.36925,0.35962,0.24185,0.23136,0.19925
2026-05-22 01:52:00,,0.26228,0.27516,0.36763,0.36985,0.25719,0.24286,0.19224
2026-05-22 02:52:00,,0.00347,0.00318,0.00269,0.00239,0.00329,0.00335,0.0019
2026-05-22 03:52:00,,0.00264,0.00245,0.00215,0.00199,0.00249,0.00257,0.00157
2026-05-22 04:52:00,,0.34827,0.27369,0.36799,0.35758,0.25924,0.23889,0.20118
2026-05-22 05:52:00,,0.40346,0.31953,0.37173,0.35923,0.238,0.23244,0.144
2026-05-22 06:52:00,,0.37832,0.3271,0.37193,0.36709,0.25483,0.24487,0.20129
2026-05-22 07:52:00,,0.40342,0.33652,0.36478,0.36379,0.24548,0.24055,0.17283
2026-05-22 08:52:00,,0.4117,0.34954,0.37318,0.36523,0.25208,0.24417,0.15167
2026-05-22 09:52:00,,0.25424,0.31765,0.37872,0.35154,0.2207,0.22361,0.14678
2026-05-22 10:52:00,,0.23285,0.27882,0.37295,0.36234,0.23206,0.23468,0.16296
2026-05-22 11:52:00,,0.23,0.25081,0.37094,0.36892,0.24808,0.24586,0.18463
2026-05-22 12:52:00,,0.25908,0.29404,0.36636,0.35609,0.22474,0.22728,0.17415
2026-05-22 13:52:00,,0.25204,0.27795,0.38713,0.35564,0.22405,0.22653,0.1594
2026-05-22 14:52:00,,0.24002,0.25893,0.37003,0.36704,0.23878,0.24015,0.14623
2026-05-22 15:52:00,,0.34265,0.31869,0.37497,0.36712,0.25115,0.2449,0.19212
2026-05-22 16:52:00,,0.40533,0.32102,0.37148,0.36664,0.23508,0.23775,0.16408
2026-05-22 17:52:00,,0.37857,0.33189,0.37411,0.36708,0.25321,0.24778,0.1866
2026-05-22 18:52:00,,0.38783,0.33704,0.37316,0.36587,0.24869,0.2471,0.18091
2026-05-22 19:52:00,,0.36456,0.32206,0.37291,0.36446,0.23945,0.23613,0.17829
2026-05-22 20:52:00,,0.37109,0.31731,0.36868,0.36094,0.23348,0.23365,0.16734
2026-05-22 21:52:00,,0.3839,0.32806,0.37351,0.35739,0.22888,0.23425,0.1607
2026-05-22 22:52:00,,0.40533,0.35092,0.37608,0.36213,0.23253,0.23983,0.14914
2026-05-22 23:52:00,,0.30414,0.33909,0.3894,0.35477,0.22402,0.21974,0.17322
2026-05-23 00:52:00,,0.27478,0.31758,0.37817,0.35412,0.2218,0.22466,0.15061
2026-05-23 01:52:00,,0.24967,0.28268,0.37727,0.35466,0.22936,0.2277,0.19271
2026-05-23 02:52:00,,0.28433,0.30336,0.36407,0.36592,0.25504,0.24842,0.16494
2026-05-23 03:52:00,,0.38398,0.34173,0.36383,0.36069,0.25083,0.24811,0.16427
2026-05-23 04:52:00,,0.3473,0.34904,0.37185,0.36383,0.23969,0.23548,0.17315
2026-05-23 05:52:00,,0.28262,0.32378,0.37654,0.35536,0.23485,0.23395,0.18835
2026-05-23 06:52:00,,0.25964,0.30526,0.37242,0.35848,0.23164,0.23052,0.18279
2026-05-23 07:52:00,,0.35469,0.3169,0.37156,0.36835,0.25646,0.247,0.19461
2026-05-23 08:52:00,,0.35588,0.33252,0.37442,0.36529,0.2447,0.24457,0.15887
2026-05-23 09:52:00,,0.42576,0.35057,0.37289,0.37033,0.26393,0.25283,0.19245
2026-05-23 10:52:00,,0.34202,0.34342,0.36911,0.3721,0.25806,0.24769,0.20197
2026-05-23 11:52:00,,0.31151,0.32013,0.36425,0.36059,0.232,0.23338,0.15673
2026-05-23 12:52:00,,0.32885,0.31616,0.37263,0.36804,0.24224,0.24106,0.14464
2026-05-23 13:52:00,,0.31621,0.31719,0.36775,0.36564,0.24766,0.24369,0.18893
2026-05-23 14:52:00,,0.33687,0.30607,0.37306,0.36739,0.239,0.24272,0.17025
2026-05-23 15:52:00,,0.35699,0.34113,0.37527,0.36399,0.24174,0.23723,0.1877
2026-05-23 16:52:00,,0.35412,0.35974,0.37229,0.36947,0.25051,0.24058,0.21002
2026-05-23 17:52:00,,0.35826,0.33713,0.37053,0.37125,0.25119,0.24532,0.19314
2026-05-23 18:52:00,,0.39137,0.36295,0.37602,0.36742,0.24779,0.24158,0.17686
2026-05-23 19:52:00,,0.42416,0.37113,0.3729,0.36588,0.25319,0.24472,0.18317
2026-05-23 20:52:00,,0.45538,0.38438,0.36835,0.36826,0.2505,0.24655,0.1644
2026-05-23 21:52:00,,0.41032,0.35313,0.37339,0.3669,0.25004,0.24378,0.19548
2026-05-23 22:52:00,,0.42537,0.35497,0.37748,0.37164,0.25792,0.25299,0.16147
2026-05-23 23:52:00,,0.43713,0.35023,0.36654,0.37112,0.26899,0.24996,0.20329
2026-05-24 00:52:00,,0.44316,0.37793,0.37301,0.37507,0.27447,0.25674,0.21141
2026-05-24 01:52:00,,0.36479,0.34454,0.37337,0.37303,0.2639,0.25454,0.18369
2026-05-24 02:52:00,,0.3711,0.34155,0.37497,0.372,0.26956,0.25173,0.20422
2026-05-24 03:52:00,,0.403,0.35461,0.37107,0.37131,0.26338,0.24655,0.19664
2026-05-24 04:52:00,,0.44656,0.37149,0.37559,0.37193,0.26771,0.25472,0.17488
2026-05-24 05:52:00,,0.36111,0.35805,0.38047,0.36709,0.25321,0.24249,0.21392
2026-05-24 06:52:00,,0.4308,0.33111,0.37048,0.375,0.27633,0.25336,0.23092
2026-05-24 07:52:00,,0.44423,0.3412,0.37133,0.37069,0.27495,0.25962,0.19515
2026-05-24 08:52:00,,0.45333,0.37509,0.3673,0.37245,0.26848,0.2509,0.18938
2026-05-24 09:52:00,,0.43032,0.35733,0.36674,0.36938,0.2768,0.25431,0.17175
2026-05-24 10:52:00,,0.32706,0.34386,0.37687,0.3772,0.26883,0.24664,0.21549
2026-05-24 11:52:00,,0.28816,0.30701,0.36602,0.37559,0.26638,0.24888,0.18377
2026-05-24 12:52:00,,0.26765,0.30604,0.36693,0.37235,0.25181,0.24266,0.17278
2026-05-24 13:52:00,,0.2602,0.30291,0.37053,0.38408,0.29916,0.26726,0.22391
2026-05-24 14:52:00,,0.29116,0.30114,0.3565,0.37518,0.28168,0.25465,0.17156
2026-05-24 15:52:00,,0.28681,0.32568,0.36601,0.37391,0.26703,0.25221,0.18457
2026-05-24 16:52:00,,0.00273,0.00248,0.00287,0.00322,0.00309,0.00354,0.00229
2026-05-24 17:52:00,,0.33518,0.33014,0.35264,0.37467,0.2907,0.24,0.18413
2026-05-24 18:52:00,,0.32409,0.30434,0.36606,0.37686,0.27412,0.24387,0.17878
2026-05-24 19:52:00,,0.33238,0.2901,0.36888,0.3739,0.26999,0.24858,0.22479
2026-05-24 20:52:00,,0.42554,0.32763,0.37332,0.37206,0.26571,0.24939,0.22193
2026-05-24 21:52:00,,0.36819,0.33787,0.36923,0.36283,0.24102,0.23335,0.18813
2026-05-24 22:52:00,,0.37706,0.31412,0.37813,0.37303,0.25908,0.24384,0.20725
2026-05-24 23:52:00,,0.42887,0.34369,0.36414,0.36914,0.26846,0.25264,0.17801
2026-05-25 00:52:00,,0.43059,0.35461,0.37634,0.37294,0.26277,0.24864,0.19558
2026-05-25 01:52:00,,0.42156,0.34705,0.37996,0.37934,0.27313,0.25656,0.22228
2026-05-25 02:52:00,,0.37777,0.35242,0.3742,0.37315,0.26211,0.24385,0.20048
2026-05-25 03:52:00,,0.41273,0.36533,0.36862,0.37511,0.27836,0.25388,0.2237
2026-05-25 04:52:00,,0.43362,0.34877,0.37134,0.37422,0.26347,0.24341,0.19046
2026-05-25 05:52:00,,0.41241,0.36311,0.37356,0.37185,0.25238,0.24222,0.1701
2026-05-25 06:52:00,,0.37489,0.33392,0.38,0.37654,0.26592,0.2504,0.22051
2026-05-25 07:52:00,,0.36731,0.32738,0.37389,0.3731,0.25814,0.24425,0.21503
2026-05-25 08:52:00,,0.34237,0.31882,0.37178,0.37135,0.25697,0.24998,0.20252
2026-05-25 09:52:00,,0.33612,0.3441,0.38116,0.37062,0.2548,0.24157,0.21588
2026-05-25 10:52:00,,0.26319,0.28002,0.38134,0.368,0.24592,0.23467,0.17059
2026-05-25 11:52:00,,0.00272,0.00248,0.00281,0.00247,0.00322,0.00364,0.00191
2026-05-25 12:52:00,,0.00196,0.00186,0.00257,0.00207,0.00284,0.00315,0.00162
2026-05-25 13:52:00,,0.46195,0.31173,0.37662,0.36037,0.2383,0.22881,0.17858
2026-05-25 14:52:00,,0.26134,0.30861,0.36504,0.37273,0.25582,0.24063,0.17223
2026-05-25 15:52:00,,0.25032,0.26099,0.37199,0.37742,0.26665,0.2483,0.20778
2026-05-25 16:52:00,,0.23588,0.24559,0.36947,0.37769,0.2542,0.24698,0.18475
2026-05-25 17:52:00,,0.25405,0.25691,0.37418,0.38044,0.26588,0.2489,0.20363
2026-05-25 18:52:00,,0.27161,0.29191,0.3683,0.36538,0.23475,0.23123,0.17994
2026-05-25 19:52:00,,0.2548,0.25912,0.38227,0.36821,0.23794,0.2293,0.21822
2026-05-25 20:52:00,,0.23862,0.23274,0.37731,0.36827,0.23649,0.23246,0.18381
2026-05-25 21:52:00,,0.27023,0.29417,0.38366,0.36518,0.22626,0.22419,0.16568
2026-05-25 22:52:00,,0.26359,0.28036,0.38299,0.3674,0.23099,0.22615,0.20049
2026-05-25 23:52:00,,0.28063,0.303,0.39034,0.36895,0.23186,0.22572,0.20882
2026-05-26 00:52:00,,0.2575,0.27511,0.38809,0.36306,0.22464,0.22266,0.17055
2026-05-26 01:52:00,,0.26899,0.28177,0.3801,0.36459,0.22399,0.22517,0.18462
2026-05-26 02:52:00,,0.23542,0.25595,0.39129,0.365,0.22192,0.22073,0.15855
2026-05-26 03:52:00,,0.23196,0.27046,0.36417,0.37618,0.26464,0.24972,0.21857
2026-05-26 04:52:00,,0.27556,0.30604,0.37268,0.37346,0.25498,0.24376,0.20082
2026-05-26 05:52:00,,0.26886,0.30859,0.3778,0.37101,0.24344,0.23528,0.18944
2026-05-26 06:52:00,,0.24927,0.24825,0.3708,0.37301,0.26371,0.24325,0.20463
2026-05-26 07:52:00,,0.23905,0.26118,0.38079,0.37509,0.25564,0.23819,0.21542
2026-05-26 08:52:00,,0.29196,0.29472,0.36608,0.36986,0.25854,0.23968,0.19388
2026-05-26 09:52:00,,0.28912,0.28682,0.37601,0.37818,0.26592,0.24681,0.19816
2026-05-26 10:52:00,,0.24492,0.28319,0.37398,0.37352,0.25027,0.24065,0.19283
2026-05-26 11:52:00,,0.23335,0.24455,0.37543,0.38448,0.29472,0.26498,0.21405
2026-05-26 12:52:00,,0.27673,0.28467,0.34686,0.36879,0.27693,0.23477,0.19182
2026-05-26 13:52:00,,0.30274,0.30342,0.36807,0.37943,0.29314,0.26507,0.21431
2026-05-26 14:52:00,,0.28608,0.30088,0.3663,0.3704,0.26481,0.24217,0.21089
2026-05-26 15:52:00,,0.2863,0.28674,0.37012,0.36987,0.2541,0.24028,0.18553
2026-05-26 16:52:00,,0.28063,0.27405,0.38067,0.38355,0.28739,0.26482,0.2372
2026-05-26 17:52:00,,0.28425,0.28655,0.37069,0.37382,0.25253,0.23864,0.18082
2026-05-26 18:52:00,,0.26608,0.26381,0.36972,0.37033,0.24866,0.23884,0.19483
2026-05-26 19:52:00,,0.24305,0.23945,0.37571,0.36851,0.24946,0.23768,0.24288
2026-05-26 20:52:00,,0.22327,0.23346,0.3758,0.38157,0.26211,0.25132,0.22416
2026-05-26 21:52:00,,0.28864,0.28548,0.37773,0.37861,0.26488,0.24792,0.19216
2026-05-26 22:52:00,,0.37292,0.30679,0.37223,0.38286,0.28413,0.26194,0.22197
2026-05-26 23:52:00,,0.40351,0.33966,0.37786,0.38054,0.26143,0.25006,0.19674
2026-05-27 00:52:00,,0.35156,0.30978,0.37744,0.37305,0.25044,0.23888,0.17214
2026-05-27 01:52:00,,0.34297,0.30234,0.37804,0.3799,0.26424,0.24764,0.18003
2026-05-27 02:52:00,,0.41361,0.34672,0.37231,0.37599,0.26343,0.24487,0.18032
2026-05-27 03:52:00,,0.41631,0.3672,0.37987,0.3784,0.25789,0.23962,0.18276
2026-05-27 04:52:00,,0.43605,0.37106,0.38535,0.38207,0.2669,0.25109,0.22778
2026-05-27 05:52:00,,0.4732,0.38847,0.38109,0.37093,0.25156,0.23569,0.18177
2026-05-27 06:52:00,,0.38629,0.34702,0.39076,0.36845,0.23926,0.22854,0.17099
2026-05-27 07:52:00,,0.34216,0.31746,0.39997,0.37136,0.24807,0.23203,0.21497
2026-05-27 08:52:00,,0.40936,0.33179,0.38206,0.37831,0.26346,0.24757,0.21282
2026-05-27 09:52:00,,0.33714,0.32715,0.38916,0.37016,0.24378,0.23267,0.1823
2026-05-27 10:52:00,,0.33852,0.32456,0.41894,0.38229,0.24709,0.23422,0.25003
2026-05-27 11:52:00,,0.3172,0.28633,0.38232,0.37491,0.25169,0.24339,0.1863
2026-05-27 12:52:00,,0.40478,0.32438,0.38921,0.37523,0.24872,0.23862,0.19051
2026-05-27 13:52:00,,0.46182,0.35008,0.37755,0.38211,0.26394,0.24671,0.22499
2026-05-27 14:52:00,,0.55465,0.38863,0.37247,0.3717,0.26464,0.24782,0.18598
2026-05-27 15:52:00,,0.60063,0.42066,0.35927,0.36768,0.2694,0.24291,0.17642
2026-05-27 16:52:00,,0.60204,0.4402,0.37885,0.37284,0.24408,0.23601,0.18595
2026-05-27 17:52:00,,0.59322,0.41391,0.38313,0.37617,0.25601,0.24095,0.17216
2026-05-27 18:52:00,,0.61888,0.43644,0.38097,0.37846,0.26447,0.24615,0.20875
2026-05-27 19:52:00,,0.65242,0.45855,0.36585,0.36883,0.27937,0.25378,0.19641
2026-05-27 20:52:00,,0.6519,0.41755,0.36315,0.37017,0.27151,0.24484,0.17751
2026-05-27 21:52:00,,0.67325,0.43432,0.37338,0.37047,0.26824,0.24458,0.20349
2026-05-27 22:52:00,,0.66934,0.45875,0.37841,0.37093,0.24024,0.22621,0.17249
2026-05-27 23:52:00,,0.62993,0.42816,0.3875,0.36813,0.22964,0.21587,0.17193
2026-05-28 00:52:00,,0.57308,0.37179,0.38227,0.37707,0.2509,0.24194,0.17979
2026-05-28 01:52:00,,0.65373,0.36874,0.37915,0.37204,0.24892,0.2366,0.1726
2026-05-28 02:52:00,,0.68868,0.41818,0.3793,0.37169,0.24988,0.24341,0.18215
2026-05-28 03:52:00,,0.7338,0.4512,0.37648,0.37158,0.25507,0.24319,0.17242
2026-05-28 04:52:00,,0.76016,0.49729,0.36532,0.3666,0.25914,0.24163,0.16143
2026-05-28 05:52:00,,0.76041,0.48061,0.38016,0.37069,0.24248,0.22989,0.17879
2026-05-28 06:52:00,,0.78001,0.48448,0.37321,0.3679,0.25514,0.23892,0.14526
2026-05-28 07:52:00,,0.81371,0.50593,0.37324,0.36914,0.25593,0.23829,0.15685
2026-05-28 08:52:00,,0.78388,0.50503,0.37378,0.36939,0.2565,0.24207,0.14598
2026-05-28 09:52:00,,0.81103,0.48659,0.37682,0.37499,0.26251,0.24538,0.1942
2026-05-28 10:52:00,,0.81099,0.47687,0.38329,0.37766,0.26601,0.25081,0.19974
2026-05-28 11:52:00,,0.80816,0.49509,0.38283,0.37249,0.24303,0.23036,0.16729
2026-05-28 12:52:00,,0.72734,0.48139,0.38307,0.36899,0.23614,0.22394,0.14524
2026-05-28 13:52:00,,0.7515,0.47035,0.38194,0.37578,0.26012,0.24401,0.19939
2026-05-28 14:52:00,,0.00259,0.0024,0.00309,0.00241,0.00304,0.00351,0.00185
2026-05-28 15:52:00,,0.00279,0.00278,0.00265,0.00278,0.00343,0.0043,0.00199
2026-05-28 16:52:00,,0.00222,0.00203,0.00227,0.00226,0.00267,0.00339,0.00183
2026-05-28 17:52:00,,0.00317,0.00317,0.00261,0.00197,0.00307,0.00374,0.00171
2026-05-28 18:52:00,,0.00267,0.00269,0.00301,0.00233,0.00261,0.00346,0.00158
2026-05-28 19:52:00,,0.0023,0.0024,0.00319,0.0027,0.00297,0.00364,0.00179
2026-05-28 20:52:00,,0.00212,0.00207,0.00273,0.00214,0.00269,0.00362,0.00223
2026-05-28 21:52:00,,0.40447,0.41106,0.33964,0.33123,0.23604,0.22456,0.15265
2026-05-28 22:52:00,,0.47226,0.38222,0.38077,0.35373,0.23081,0.22362,0.19221
2026-05-28 23:52:00,,0.40387,0.33514,0.38414,0.35927,0.22911,0.21987,0.17959
2026-05-29 00:52:00,,0.36693,0.32519,0.38187,0.36301,0.23111,0.22186,0.17025
2026-05-29 01:52:00,,0.41665,0.3358,0.37632,0.36647,0.24063,0.23277,0.14816
2026-05-29 02:52:00,,0.34022,0.31377,0.37735,0.36508,0.22435,0.2224,0.14093
2026-05-29 03:52:00,,0.30766,0.29129,0.40614,0.37004,0.22028,0.20979,0.13949
2026-05-29 04:52:00,,0.27177,0.27875,0.38096,0.3698,0.23296,0.22331,0.187
2026-05-29 05:52:00,,0.30821,0.32698,0.39327,0.37189,0.23043,0.21497,0.18635
2026-05-29 06:52:00,,0.4028,0.34465,0.37687,0.36917,0.24331,0.24142,0.13893
2026-05-29 07:52:00,,0.45775,0.37769,0.3743,0.36818,0.25261,0.24421,0.15758
2026-05-29 08:52:00,,0.47503,0.41598,0.37376,0.36813,0.2573,0.24491,0.16554
2026-05-29 09:52:00,,0.48473,0.43077,0.37707,0.36742,0.24013,0.23395,0.16456
2026-05-29 10:52:00,,0.49145,0.41423,0.37756,0.36931,0.24633,0.24706,0.13702
2026-05-29 11:52:00,,0.51274,0.4292,0.37457,0.36769,0.25236,0.24471,0.13819
2026-05-29 12:52:00,,0.55239,0.43992,0.37934,0.37005,0.2403,0.23573,0.14021
2026-05-29 13:52:00,,0.47743,0.42654,0.38114,0.36887,0.23591,0.22623,0.19713
2026-05-29 14:52:00,,0.40695,0.41454,0.38962,0.3637,0.21885,0.21307,0.14959
2026-05-29 15:52:00,,0.44748,0.41726,0.37561,0.37046,0.24155,0.23335,0.19284
2026-05-29 16:52:00,,0.44355,0.44982,0.37562,0.36706,0.23097,0.224,0.18469
2026-05-29 17:52:00,,0.41675,0.4138,0.37859,0.36908,0.2455,0.2366,0.19303
2026-05-29 18:52:00,,0.38116,0.38388,0.38299,0.36736,0.23566,0.23021,0.18096
2026-05-29 19:52:00,,0.40848,0.37982,0.36558,0.36682,0.26299,0.2474,0.18032
2026-05-29 20:52:00,,0.00145,0.00145,0.00195,0.0018,0.00243,0.00295,0.00133
2026-05-29 21:52:00,,0.00147,0.00141,0.00178,0.00169,0.0022,0.00294,0.00125
2026-05-29 22:52:00,,0.00172,0.00169,0.0024,0.00217,0.0024,0.00309,0.00149
2026-05-29 23:52:00,,0.00151,0.00149,0.00188,0.00169,0.00215,0.00269,0.00156
2026-05-30 00:52:00,,0.00155,0.00151,0.00174,0.00161,0.00199,0.00255,0.00142
2026-05-30 01:52:00,,0.00148,0.00143,0.00171,0.00154,0.00201,0.0026,0.00123
2026-05-30 02:52:00,,0.00147,0.00145,0.00192,0.00164,0.0022,0.00257,0.00134
2026-05-30 03:52:00,,0.0016,0.00158,0.00207,0.00173,0.00241,0.0028,0.0014
2026-05-30 04:52:00,,0.00154,0.0015,0.00203,0.00166,0.00223,0.00229,0.00127
2026-05-30 05:52:00,,0.00155,0.00148,0.00177,0.00151,0.00195,0.00219,0.00125
2026-05-30 06:52:00,,0.00162,0.00156,0.0021,0.00162,0.00225,0.00232,0.00155
2026-05-30 07:52:00,,0.00136,0.00135,0.00174,0.00154,0.00208,0.00222,0.00131
2026-05-30 08:52:00,,0.0014,0.00136,0.00191,0.00151,0.00219,0.00239,0.00121
2026-05-30 09:52:00,,0.00151,0.00148,0.002,0.00162,0.00234,0.00254,0.00133
2026-05-30 10:52:00,,0.00145,0.00141,0.002,0.00157,0.00229,0.00231,0.00125
2026-05-30 11:52:00,,0.00145,0.00141,0.00197,0.0015,0.00226,0.00247,0.00125
2026-05-30 12:52:00,,0.00144,0.00139,0.00195,0.00152,0.00223,0.00239,0.00122
2026-05-30 13:52:00,,0.00141,0.0014,0.00199,0.00152,0.00226,0.00235,0.00154
2026-05-30 14:52:00,,0.00146,0.00141,0.002,0.0015,0.00229,0.00241,0.00121
2026-05-30 15:52:00,,0.00143,0.00139,0.00195,0.00151,0.00217,0.00234,0.00124
2026-05-30 16:52:00,,0.00149,0.00144,0.00202,0.0016,0.00227,0.00243,0.00128
2026-05-30 17:52:00,,0.00146,0.00143,0.00194,0.00153,0.00223,0.00238,0.00125
2026-05-30 18:52:00,,0.90922,0.49046,0.32782,0.31997,0.19827,0.20734,0.19271
2026-05-30 19:52:00,,0.69557,0.53501,0.36962,0.35398,0.23109,0.21696,0.16716
2026-05-30 20:52:00,,0.72565,0.49481,0.36797,0.36108,0.23278,0.21062,0.16237
2026-05-30 21:52:00,,0.65134,0.4419,0.34856,0.3548,0.24821,0.22611,0.17196
2026-05-30 22:52:00,,0.64261,0.43937,0.35759,0.3615,0.24358,0.22153,0.1595
