"Frequency (HZ)","3RV 2026-06-10 09:34:00"
0,0.0032456201256462532
0.3125,0.0018526197667087544
0.625,0.0001697056274847714
0.9375,0.0001414213562373095
1.25,0.00038183766184073564
1.5625,0.00282842712474619
1.875,0.016072537136370225
2.1875,0.02107885314717098
2.5,0.014474475810888626
2.8125,0.014955308422095479
3.125,0.023150676016047565
3.4375,0.01887975105768082
3.75,0.014389622997146242
4.0625,0.012211734111091676
4.375,0.009616652224137046
4.6875,0.017352400410317874
5,0.022280934675188113
5.3125,0.02123441663903202
5.625,0.023638579695066282
5.9375,0.05067127193982799
6.25,0.08148698546393773
6.5625,0.0872286925271725
6.875,0.05112382027978739
7.1875,0.05644833434212208
7.5,0.06412044291799612
7.8125,0.07499574521264522
8.125,0.07341889709059923
8.4375,0.05364112042081149
8.75,0.05427751652387938
9.0625,0.07091573908519885
9.375,0.1310975972319859
9.6875,0.3910512631995964
10,0.34144772249936
10.3125,0.09415833898280067
10.625,0.050897546109807686
10.9375,0.030730860710367354
11.25,0.02100107140124046
11.5625,0.018094862530563752
11.875,0.013555236995346115
12.1875,0.006887220048756973
12.5,0.01176625683894415
12.8125,0.025038651121815643
13.125,0.037936278810658274
13.4375,0.02954999238578582
13.75,0.03078035818505041
14.0625,0.039025223253685556
14.375,0.04145059951315541
14.6875,0.030179317421041848
15,0.022146584386762667
15.3125,0.03319159230889654
15.625,0.0339976940394492
15.9375,0.01672307537506185
16.25,0.10437603197094626
16.5625,0.25153909527149054
16.875,0.15181582592075174
17.1875,0.02054852306128107
17.5,0.029203510063004413
17.8125,0.030292454506031696
18.125,0.022280934675188113
18.4375,0.034570450532210306
18.75,0.03599173516239527
19.0625,0.02566090508925981
19.375,0.018321136700543444
19.6875,0.014163348827166545
20,0.02196980769146603
20.3125,0.026290230124515833
20.625,0.018929248532363874
20.9375,0.015301790744876887
21.25,0.011815754313627207
21.5625,0.013915861453751253
21.875,0.00878226622233692
22.1875,0.011292495295549165
22.5,0.016744288578497444
22.8125,0.019622213177926694
23.125,0.01584626296639053
23.4375,0.017642314190604358
23.75,0.027923646789056757
24.0625,0.029931830047626555
24.375,0.022556706319850864
24.6875,0.02176474672492193
25,0.025088148596498702
25.3125,0.013067333316327397
25.625,0.013986572131869908
25.9375,0.017218050121892432
26.25,0.019714137059480944
26.5625,0.015167440456451443
26.875,0.015372501422995542
27.1875,0.009369164850721754
27.5,0.010670241328105
27.8125,0.013569379130969846
28.125,0.013689587283771558
28.4375,0.01129956636336103
28.75,0.010217692988145611
29.0625,0.015563420253915909
29.375,0.01725340546095176
29.6875,0.011752114703320419
30,0.010740952006223657
30.3125,0.016539227611953346
30.625,0.017027131290972063
30.9375,0.02458610278185626
31.25,0.0302500280991605
31.5625,0.019247446583897824
31.875,0.018130217869623075
32.1875,0.014212846301849604
32.5,0.013590592334405443
32.8125,0.01631295344197365
33.125,0.026721565261039627
33.4375,0.02465681345997491
33.75,0.013463313113791864
34.0625,0.008089301576774104
34.375,0.01117228714274745
34.6875,0.008315575746753798
35,0.006264966081312811
35.3125,0.007863027406794407
35.625,0.008082230508962236
35.9375,0.005883128419472075
36.25,0.00959543902070145
36.5625,0.016482659069458422
36.875,0.010479322497184633
37.1875,0.007049854608429878
37.5,0.010224764055957477
37.8125,0.01110864753244066
38.125,0.009616652224137046
38.4375,0.006420529573173851
38.75,0.006668016946589142
39.0625,0.005324514062334702
39.375,0.006349818895055197
39.6875,0.00945401766446414
40,0.010620743853421943
40.3125,0.010132840174403225
40.625,0.008725697679841996
40.9375,0.01050053570062023
41.25,0.00817415439051649
41.5625,0.00990656600442353
41.875,0.008315575746753798
42.1875,0.004723473298326137
42.5,0.00579827560572969
42.8125,0.010033845225037108
43.125,0.009842926394116741
43.4375,0.010118698038779494
43.75,0.01040861181906598
44.0625,0.008329717882377529
44.375,0.012791561671664642
44.6875,0.018215070683365465
45,0.013739084758454617
45.3125,0.01479974493023444
45.625,0.012544074298249351
45.9375,0.009835855326304876
46.25,0.014630039302749667
46.5625,0.01637659305228044
46.875,0.012558216433873084
47.1875,0.015726054813588814
47.5,0.030942992744723317
47.8125,0.031650099525909865
48.125,0.03132483040656405
48.4375,0.02871560638398569
48.75,0.028093352416541532
49.0625,0.03545433400869349
49.375,0.040036385950782315
49.6875,0.062091046455990735
50,0.06400023476519441
50.3125,0.03618265399331563
50.625,0.01884439571862149
50.9375,0.017854446224960324
51.25,0.015252293270193827
51.5625,0.011674332957389899
51.875,0.007891311678041869
52.1875,0.014538115421195414
52.5,0.01575433908483628
52.8125,0.013816866504385137
53.125,0.023716361440996803
53.4375,0.021135421689665906
53.75,0.021552614690565967
54.0625,0.03353807463167795
54.375,0.032880465325174454
54.6875,0.03138847001687084
55,0.03220871388304724
55.3125,0.02465681345997491
55.625,0.029415642097360372
55.9375,0.033629998513232194
56.25,0.016482659069458422
56.5625,0.017338258274694145
56.875,0.027852936110938108
57.1875,0.024727524138093565
57.5,0.022387000692366092
57.8125,0.024798234816212218
58.125,0.028842885604599272
58.4375,0.037391806589144636
58.75,0.028178205230283915
59.0625,0.020739441892201435
59.375,0.0231436049482357
59.6875,0.030073251403863865
60,0.027711514754700798
60.3125,0.019084812024224917
60.625,0.014354267658086914
60.9375,0.019261588719521553
61.25,0.01725340546095176
61.5625,0.018632263684265526
61.875,0.016694791103814385
62.1875,0.019820203076658924
62.5,0.01748675069874332
62.8125,0.01629881130634992
63.125,0.012650140315427334
63.4375,0.011554124804588187
63.75,0.013307749621930823
64.0625,0.014057282809988563
64.375,0.012734993129169722
64.6875,0.01637659305228044
65,0.022146584386762667
65.3125,0.02394970667878836
65.625,0.015238151134570098
65.9375,0.01442497833620557
66.25,0.04298502122833022
66.5625,0.04584173262432387
66.875,0.032887536392986326
67.1875,0.041889005717491073
67.5,0.04891764712248536
67.8125,0.04371334121295237
68.125,0.02889238307928233
68.4375,0.03212386106930485
68.75,0.04588415903119507
69.0625,0.03869288306652788
69.375,0.031932942238384485
69.6875,0.030646007896624965
70,0.017790806614653532
70.3125,0.022903188642632275
70.625,0.02233043214987117
70.9375,0.02015961433162847
71.25,0.027937788924680493
71.5625,0.018900964261116416
71.875,0.020336391026925107
72.1875,0.019056527752977455
72.5,0.010274261530640535
72.8125,0.013208754672564707
73.125,0.01570484161015322
73.4375,0.013512810588474922
73.75,0.014120922420295355
74.0625,0.015535135982668449
74.375,0.016864496731299156
74.6875,0.015337146083936215
75,0.01520279579551077
75.3125,0.016072537136370225
75.625,0.012508718959190026
75.9375,0.013590592334405443
76.25,0.016553369747577075
76.5625,0.011257139956489836
76.875,0.00529622979108724
77.1875,0.012112739161725557
77.5,0.015464425304549794
77.8125,0.014382551929334375
78.125,0.016609938290072
78.4375,0.011695546160825495
78.75,0.009715647173503162
79.0625,0.00959543902070145
79.375,0.009383306986345485
79.6875,0.013618876605652903
80,0.01289055662103076
80.3125,0.008004448763031717
80.625,0.006979143930311224
80.9375,0.012282444789210329
81.25,0.010790449480906714
81.5625,0.011073292193381334
81.875,0.015740196949212547
82.1875,0.009538870478206526
82.5,0.013986572131869908
82.8125,0.06774082963767125
83.125,0.08169204643048182
83.4375,0.0339976940394492
83.75,0.02268398554046444
84.0625,0.014622968234937802
84.375,0.013378460300049478
84.6875,0.016397806255716036
85,0.02182838633522872
85.3125,0.02712461612631596
85.625,0.015931115780132916
85.9375,0.01858276620958247
86.25,0.021778888860545662
86.5625,0.01584626296639053
86.875,0.017182694782833102
87.1875,0.020697015485330244
87.5,0.01960807104230296
87.8125,0.014000714267493641
88.125,0.013031977977268069
88.4375,0.01221880517890354
88.75,0.01348452631722746
89.0625,0.02111420848623031
89.375,0.019523218228560575
89.6875,0.01714026837596191
90,0.02379414318692732
90.3125,0.022556706319850864
90.625,0.020039406178826755
90.9375,0.02096571606218113
91.25,0.01914138056671984
91.5625,0.023178960287295023
91.875,0.0227334830151475
92.1875,0.02713875826193969
92.5,0.027068047583821038
92.8125,0.021531401487130373
93.125,0.02404870162815448
93.4375,0.020619233739399723
93.75,0.011935962466428921
94.0625,0.01004798736066084
94.375,0.01006212949628457
94.6875,0.010981368311827083
95,0.011561195872400051
95.3125,0.012544074298249351
95.625,0.011242997820866105
95.9375,0.010762165209659252
96.25,0.008117585848021566
96.5625,0.009715647173503162
96.875,0.019473720753877516
97.1875,0.024975011511508854
97.5,0.01994041122946064
97.8125,0.020230325009747124
98.125,0.02044245704410309
98.4375,0.027294321753800733
98.75,0.029104515113638294
99.0625,0.03652206524828518
99.375,0.09597560341045008
99.6875,0.1226618133324304
100,0.045240691860315305
100.3125,0.027230682143493945
100.625,0.034874506448120526
100.9375,0.03876359374464653
101.25,0.042256701243708075
101.5625,0.03607658797613766
101.875,0.0320531503911862
102.1875,0.02146776187682358
102.5,0.017352400410317874
102.8125,0.019537360364184304
103.125,0.019919198026025042
103.4375,0.02085965004500315
103.75,0.029069159774578968
104.0625,0.03536241012713924
104.375,0.03411083112443905
104.6875,0.029203510063004413
105,0.02635386973482262
105.3125,0.03010860674292319
105.625,0.023306239507908607
105.9375,0.018306994564919715
106.25,0.02304460999886958
106.5625,0.01936058366888767
106.875,0.02201930516614909
107.1875,0.02248599564173221
107.5,0.022245579336128786
107.8125,0.01832820776835531
108.125,0.01808072039494002
108.4375,0.015966471119192242
108.75,0.010443967158125306
109.0625,0.011865251788310266
109.375,0.013046120112891801
109.6875,0.016383664120092303
110,0.013081475451951128
110.3125,0.007792316728675753
110.625,0.006717514421272201
110.9375,0.007205418100290919
111.25,0.00787716954241814
111.5625,0.01163897761833057
111.875,0.014835100269293765
112.1875,0.021863741674288048
112.5,0.01848377126021635
112.8125,0.014545186489007282
113.125,0.014212846301849604
113.4375,0.012162236636408617
113.75,0.01162483548270684
114.0625,0.009107535341682732
114.375,0.010323759005323594
114.6875,0.013399673503485076
115,0.01378151116532581
115.3125,0.0096873629022557
115.625,0.01034497220875919
115.9375,0.006420529573173851
116.25,0.007601397897755385
116.5625,0.014919953083036152
116.875,0.01993334016164877
117.1875,0.019395939007946998
117.5,0.021496046148071043
117.8125,0.022104157979891476
118.125,0.019247446583897824
118.4375,0.017819090885900998
118.75,0.021290985181526945
119.0625,0.015612917728598968
119.375,0.011992531008923845
119.6875,0.01950200502512498
120,0.01884439571862149
120.3125,0.013067333316327397
120.625,0.019452507550441922
120.9375,0.015464425304549794
121.25,0.012706708857922258
121.5625,0.011957175669864518
121.875,0.016574582951012672
122.1875,0.013724942622830886
122.5,0.016574582951012672
122.8125,0.020166685399440335
123.125,0.01662408042569573
123.4375,0.014849242404917497
123.75,0.010451038225937171
124.0625,0.012459221484506967
124.375,0.010550033175303288
124.6875,0.010238906191581207
125,0.013654231944712233
125.3125,0.01159655121145938
125.625,0.0075660425586960576
125.9375,0.010189408716898149
126.25,0.008308504678941933
126.5625,0.008379215357060587
126.875,0.007742819253992695
127.1875,0.007622611101190981
127.5,0.007615540033379116
127.8125,0.00782767206773508
128.125,0.006632661607529815
128.4375,0.009234814562296311
128.75,0.011087434329005065
129.0625,0.013583521266593578
129.375,0.015167440456451443
129.6875,0.015528064914856582
130,0.008881261171703037
130.3125,0.00787716954241814
130.625,0.009574225817265853
130.9375,0.011554124804588187
131.25,0.013852221843444465
131.5625,0.012282444789210329
131.875,0.012911769824466356
132.1875,0.011674332957389899
132.5,0.00975100251256249
132.8125,0.0160159685938753
133.125,0.022210223997069456
133.4375,0.021481904012447314
133.75,0.014630039302749667
134.0625,0.015648273067658296
134.375,0.014057282809988563
134.6875,0.015740196949212547
135,0.01081166268434231
135.3125,0.010740952006223657
135.625,0.01576848122046001
135.9375,0.01348452631722746
136.25,0.011384419177103413
136.5625,0.014311841251215722
136.875,0.017698882733099282
137.1875,0.011780398974567882
137.5,0.008746910883277594
137.8125,0.008068088373338507
138.125,0.015584633457351506
138.4375,0.013746155826266482
138.75,0.01711198410471445
139.0625,0.02040710170504376
139.375,0.020803081502508227
139.6875,0.014608826099314071
140,0.008386286424872453
140.3125,0.010083342699720168
140.625,0.011716759364261092
140.9375,0.013866363979068196
141.25,0.019275730855145282
141.5625,0.02519421461367669
141.875,0.016708933239438117
142.1875,0.014021927470929237
142.5,0.014226988437473335
142.8125,0.018285781361484118
143.125,0.016136176746677014
143.4375,0.013272394282871495
143.75,0.016708933239438117
144.0625,0.01545735423673793
144.375,0.01836356310741464
144.6875,0.014177490962790276
145,0.014714892116492052
145.3125,0.014467404743076761
145.625,0.008923687578574228
145.9375,0.010217692988145611
146.25,0.012734993129169722
146.5625,0.014226988437473335
146.875,0.008676200205158937
147.1875,0.006399316369738255
147.5,0.010429825022501575
147.8125,0.007127636354360399
148.125,0.0075519004230723275
148.4375,0.011575338008023782
148.75,0.015146227253015848
149.0625,0.015683628406717623
149.375,0.010946012972767755
149.6875,0.011851109652686535
150,0.01549978064360912
150.3125,0.012247089450151
150.625,0.009616652224137046
150.9375,0.006731656556895932
151.25,0.006851864709697645
151.5625,0.008004448763031717
151.875,0.009574225817265853
152.1875,0.008888332239514901
152.5,0.006264966081312811
152.8125,0.013427957774732536
153.125,0.011525840533340723
153.4375,0.006554879861599296
153.75,0.006158900064134829
154.0625,0.007997377695219852
154.375,0.009644936495384508
154.6875,0.012494576823566295
155,0.015266435405817562
155.3125,0.017472608563119586
155.625,0.014545186489007282
155.9375,0.012897627688842625
156.25,0.01011162697096763
156.5625,0.009425733393216678
156.875,0.012317800128269657
157.1875,0.007672108575874041
157.5,0.010083342699720168
157.8125,0.009736860376938758
158.125,0.006816509370638317
158.4375,0.009715647173503162
158.75,0.01132785063460849
159.0625,0.008796408357960651
159.375,0.007445834405894344
159.6875,0.011455129855222068
160,0.010981368311827083
160.3125,0.010443967158125306
160.625,0.014835100269293765
160.9375,0.013915861453751253
161.25,0.012317800128269657
161.5625,0.01575433908483628
161.875,0.012664282451051065
162.1875,0.009998489885977782
162.5,0.010931870837144024
162.8125,0.013399673503485076
163.125,0.014608826099314071
163.4375,0.010564175310927019
163.75,0.008089301576774104
164.0625,0.010585388514362616
164.375,0.016708933239438117
164.6875,0.018519126599275678
165,0.013399673503485076
165.3125,0.011023794718698274
165.625,0.0084994235098623
165.9375,0.01101672365088641
166.25,0.008506494577674167
166.5625,0.005946768029778865
166.875,0.00959543902070145
167.1875,0.0138451507756326
167.5,0.014870455608353093
167.8125,0.01506137443927346
168.125,0.018865608922057086
168.4375,0.015117942981768384
168.75,0.015372501422995542
169.0625,0.012112739161725557
169.375,0.006837722574073914
169.6875,0.006668016946589142
170,0.009022682527940347
170.3125,0.007424621202458749
170.625,0.008725697679841996
170.9375,0.015287648609253158
171.25,0.012445079348883236
171.5625,0.009043895731375942
171.875,0.008761053018901323
172.1875,0.011681404025201764
172.5,0.008916616510762363
172.8125,0.009355022715098023
173.125,0.011242997820866105
173.4375,0.010726809870599924
173.75,0.013937074657186849
174.0625,0.012664282451051065
174.375,0.009058037866999673
174.6875,0.013519881656286788
175,0.015810907627331203
175.3125,0.012006673144547576
175.625,0.007240773439350247
175.9375,0.006399316369738255
176.25,0.008619631662664013
176.5625,0.008209509729575817
176.875,0.00924895669792004
177.1875,0.009008540392316614
177.5,0.008329717882377529
177.8125,0.0065053823869162366
178.125,0.007198347032479053
178.4375,0.006908433252192568
178.75,0.006696301217836604
179.0625,0.005062884553295679
179.375,0.005586143571373725
179.6875,0.009510586206959064
180,0.008506494577674167
180.3125,0.009461088732276005
180.625,0.012056170619230634
180.9375,0.008089301576774104
181.25,0.004681046891454944
181.5625,0.0056780674529279766
181.875,0.007325626253092631
182.1875,0.008294362543318202
182.5,0.00736098159215196
182.8125,0.008315575746753798
183.125,0.006682159082212874
183.4375,0.008881261171703037
183.75,0.0070427835406180125
184.0625,0.00567099638511611
184.375,0.005416437943888954
184.6875,0.0057629202666703615
185,0.006554879861599296
185.3125,0.008308504678941933
185.625,0.00721956023591465
185.9375,0.007509474016201134
186.25,0.005861915216036479
186.5625,0.005642712113868648
186.875,0.00834386001800126
187.1875,0.011518769465528858
187.5,0.010514677836243961
187.8125,0.008761053018901323
188.125,0.009496444071335331
188.4375,0.010620743853421943
188.75,0.013739084758454617
189.0625,0.007778174593052022
189.375,0.007841814203358811
189.6875,0.00893782971419796
190,0.014021927470929237
190.3125,0.01221880517890354
190.625,0.013937074657186849
190.9375,0.00959543902070145
191.25,0.008294362543318202
191.5625,0.011872322856122131
191.875,0.012996622638208742
192.1875,0.01631295344197365
192.5,0.020647518010647188
192.8125,0.013590592334405443
193.125,0.019551502499808037
193.4375,0.017317045071258547
193.75,0.01706248663003139
194.0625,0.01289055662103076
194.375,0.009715647173503162
194.6875,0.012091525958289962
195,0.014820958133670036
195.3125,0.01198545994111198
195.625,0.012183449839844212
195.9375,0.007650895372438443
196.25,0.006597306268470488
196.5625,0.006745798692519663
196.875,0.007445834405894344
197.1875,0.007424621202458749
197.5,0.012098597026101828
197.8125,0.017408968952812798
198.125,0.01540785676205487
198.4375,0.009715647173503162
198.75,0.011681404025201764
199.0625,0.014573470760254743
199.375,0.01692106527379408
199.6875,0.01887975105768082
200,0.01415627775935468
200.3125,0.011872322856122131
200.625,0.010946012972767755
200.9375,0.01287641448540703
201.25,0.01511087191395652
201.5625,0.011801612178003478
201.875,0.015959400051380378
202.1875,0.022818335828889886
202.5,0.02040710170504376
202.8125,0.015634130932034567
203.125,0.01545735423673793
203.4375,0.01378151116532581
203.75,0.009581296885077717
204.0625,0.014283556979968259
204.375,0.01737361361375347
204.6875,0.012317800128269657
205,0.012940054095713818
205.3125,0.02059802053596413
205.625,0.016588725086636405
205.9375,0.011780398974567882
206.25,0.006286179284748407
206.5625,0.00721956023591465
206.875,0.012734993129169722
207.1875,0.018066578259316287
207.5,0.009418662325404812
207.8125,0.006208397538817886
208.125,0.007926667017101197
208.4375,0.009128748545118328
208.75,0.00943987552884041
209.0625,0.009347951647286159
209.375,0.009857068529740472
209.6875,0.010684383463728733
210,0.007516545084013
210.3125,0.00693671752344003
210.625,0.011122789668064393
210.9375,0.00893782971419796
211.25,0.010564175310927019
211.5625,0.007127636354360399
211.875,0.012282444789210329
212.1875,0.01011162697096763
212.5,0.00721956023591465
212.8125,0.006003336572273788
213.125,0.008796408357960651
213.4375,0.009383306986345485
213.75,0.00796909342397239
214.0625,0.008400428560496184
214.375,0.0069720728624993586
214.6875,0.004978031739553294
215,0.006646803743153546
215.3125,0.007205418100290919
215.625,0.008605489527040284
215.9375,0.006908433252192568
216.25,0.0069720728624993586
216.5625,0.00781352993211135
216.875,0.006279108216936542
217.1875,0.006710443353460336
217.5,0.009305525240414964
217.8125,0.009192388155425116
218.125,0.011674332957389899
218.4375,0.010337901140947323
218.75,0.00661144840409422
219.0625,0.003118340905032674
219.375,0.007170062761231591
219.6875,0.007580184694319789
220,0.006908433252192568
220.3125,0.006371032098490793
220.625,0.00959543902070145
220.9375,0.007997377695219852
221.25,0.008082230508962236
221.5625,0.009142890680742059
221.875,0.009644936495384508
222.1875,0.00737512372777569
222.5,0.0073044130496570355
222.8125,0.007353910524340093
223.125,0.007615540033379116
223.4375,0.006215468606629752
223.75,0.006144757928511098
224.0625,0.0057629202666703615
224.375,0.0046315494167718865
224.6875,0.00753068721963673
225,0.006434671708797583
225.3125,0.00706399674405361
225.625,0.008068088373338507
225.9375,0.006470027047856909
226.25,0.007516545084013
226.5625,0.006286179284748407
226.875,0.0052255191129685855
227.1875,0.005048742417671948
227.5,0.009072180002623404
227.8125,0.007134707422172264
228.125,0.004221427483683688
228.4375,0.004567909806465096
228.75,0.005727564927611034
229.0625,0.006632661607529815
229.375,0.00915703281636579
229.6875,0.007474118677141806
230,0.005062884553295679
230.3125,0.005572001435749994
230.625,0.007898382745853735
230.9375,0.008018590898655448
231.25,0.00484368145112785
231.5625,0.00581241774135342
231.875,0.006823580438450183
232.1875,0.005133595231414334
232.5,0.0065053823869162366
232.8125,0.008973185053257287
233.125,0.010069200564096435
233.4375,0.008471139238614839
233.75,0.006059905114768712
234.0625,0.006215468606629752
234.375,0.005868986283848344
234.6875,0.005366940469205895
235,0.006088189386016174
235.3125,0.008506494577674167
235.625,0.00834386001800126
235.9375,0.004582051942088827
236.25,0.006526595590351834
236.5625,0.008280220407694472
236.875,0.01081166268434231
237.1875,0.008817621561396247
237.5,0.005119453095790603
237.8125,0.005013387078612622
238.125,0.0049638896039295635
238.4375,0.00625082394568908
238.75,0.009128748545118328
239.0625,0.009800499987245548
239.375,0.009022682527940347
239.6875,0.009524728342582793
240,0.008966113985445423
240.3125,0.004582051942088827
240.625,0.003924442635585339
240.9375,0.004603265145524425
241.25,0.0036133156518632576
241.5625,0.005395224740453357
241.875,0.007092281015301072
242.1875,0.006385174234114523
242.5,0.0057063517241754385
242.8125,0.008697413408594534
243.125,0.006194255403194156
243.4375,0.003903229432149742
243.75,0.006420529573173851
244.0625,0.00787716954241814
244.375,0.007933738084913064
244.6875,0.006802367235014587
245,0.004532554467405769
245.3125,0.006788225099390855
245.625,0.008761053018901323
245.9375,0.007898382745853735
246.25,0.0055012907576313394
246.5625,0.00781352993211135
246.875,0.0096873629022557
247.1875,0.008273149339882605
247.5,0.006745798692519663
247.8125,0.004405275246792191
248.125,0.010776307345282983
248.4375,0.010670241328105
248.75,0.011780398974567882
249.0625,0.007580184694319789
249.375,0.007665037508062175
249.6875,0.009496444071335331
250,0.006646803743153546
250.3125,0.005069955621107546
250.625,0.00843578389955551
250.9375,0.01117228714274745
251.25,0.012473363620130696
251.5625,0.010606601717798212
251.875,0.008315575746753798
252.1875,0.00873276874765386
252.5,0.009142890680742059
252.8125,0.010564175310927019
253.125,0.01040861181906598
253.4375,0.006144757928511098
253.75,0.006957930726875627
254.0625,0.008852976900455575
254.375,0.008365073221436857
254.6875,0.0045466966030295
255,0.004871965722375312
255.3125,0.0065619509294111604
255.625,0.00610940258945177
255.9375,0.01004798736066084
256.25,0.009800499987245548
256.5625,0.010931870837144024
256.875,0.01004798736066084
257.1875,0.006208397538817886
257.5,0.00869034234078267
257.8125,0.007997377695219852
258.125,0.00862670273047588
258.4375,0.00900146932450475
258.75,0.007353910524340093
259.0625,0.004751757569573599
259.375,0.008195367593952086
259.6875,0.009164103884177655
260,0.005904341622907671
260.3125,0.007459976541518076
260.625,0.0092984541726031
260.9375,0.009581296885077717
261.25,0.00878226622233692
261.5625,0.006887220048756973
261.875,0.008711555544218265
262.1875,0.010691454531540598
262.5,0.01131370849898476
262.8125,0.007771103525240157
263.125,0.006943788591251897
263.4375,0.00817415439051649
263.75,0.009192388155425116
264.0625,0.006385174234114523
264.375,0.008711555544218265
264.6875,0.013166328265693516
265,0.009977276682542184
265.3125,0.011709688296449226
265.625,0.010069200564096435
265.9375,0.008386286424872453
266.25,0.010380327547818518
266.5625,0.013852221843444465
266.875,0.009666149698820103
267.1875,0.007092281015301072
267.5,0.007721606050557098
267.8125,0.007099352083112937
268.125,0.0047164022305142715
268.4375,0.0057629202666703615
268.75,0.007325626253092631
269.0625,0.009581296885077717
269.375,0.011433916651786473
269.6875,0.01159655121145938
270,0.010069200564096435
270.3125,0.00834386001800126
270.625,0.01006212949628457
270.9375,0.00693671752344003
271.25,0.0049638896039295635
271.5625,0.0067670118959552595
271.875,0.006957930726875627
272.1875,0.006477098115668775
272.5,0.008068088373338507
272.8125,0.008244865068635143
273.125,0.00693671752344003
273.4375,0.004928534264870236
273.75,0.0046881179592668095
274.0625,0.006095260453828038
274.375,0.007339768388716363
274.6875,0.0067670118959552595
275,0.004143645737753168
275.3125,0.00520430590953299
275.625,0.00565685424949238
275.9375,0.005218448045156721
276.25,0.00737512372777569
276.5625,0.007855956338982542
276.875,0.006858935777509511
277.1875,0.00736098159215196
277.5,0.009305525240414964
277.8125,0.007233702371538381
278.125,0.0046456915523956175
278.4375,0.008746910883277594
278.75,0.014927024150848017
279.0625,0.011002581515262679
279.375,0.00818829652614022
279.6875,0.007396336931211287
280,0.006406387437550121
280.3125,0.006137686860699232
280.625,0.004723473298326137
280.9375,0.005748778131046631
281.25,0.004475985924910845
281.5625,0.004737615433949868
281.875,0.00706399674405361
282.1875,0.00706399674405361
282.5,0.005918483758531403
282.8125,0.009263098833543773
283.125,0.00817415439051649
283.4375,0.010550033175303288
283.75,0.005451793282948281
284.0625,0.006873077913133241
284.375,0.007205418100290919
284.6875,0.007396336931211287
285,0.007707463914933367
285.3125,0.006420529573173851
285.625,0.006434671708797583
285.9375,0.008414570696119915
286.25,0.010373256480006652
286.5625,0.009227743494484445
286.875,0.009107535341682732
287.1875,0.009871210665364203
287.5,0.012211734111091676
287.8125,0.007926667017101197
288.125,0.006908433252192568
288.4375,0.007007428201558686
288.75,0.010260119395016804
289.0625,0.011023794718698274
289.375,0.009510586206959064
289.6875,0.008845905832643709
290,0.006590235200658622
290.3125,0.003733523804664971
290.625,0.007636753236814713
290.9375,0.009998489885977782
291.25,0.009227743494484445
291.5625,0.00895197184982169
291.875,0.005572001435749994
292.1875,0.006385174234114523
292.5,0.005119453095790603
292.8125,0.0054447222151364156
293.125,0.005324514062334702
293.4375,0.008386286424872453
293.75,0.00873276874765386
294.0625,0.010380327547818518
294.375,0.007113494218736667
294.6875,0.005105310960166872
295,0.005366940469205895
295.3125,0.004532554467405769
295.625,0.004999244942988891
295.9375,0.006668016946589142
296.25,0.008746910883277594
296.5625,0.006264966081312811
296.875,0.00706399674405361
297.1875,0.008697413408594534
297.5,0.007099352083112937
297.8125,0.0054871486220076085
298.125,0.009058037866999673
298.4375,0.013208754672564707
298.75,0.029832835098260437
299.0625,0.019452507550441922
299.375,0.00490732106143464
299.6875,0.005918483758531403
300,0.010394469683442247
300.3125,0.007254915574973977
300.625,0.005989194436650057
300.9375,0.006158900064134829
301.25,0.006208397538817886
301.5625,0.006279108216936542
301.875,0.005013387078612622
302.1875,0.005048742417671948
302.5,0.00781352993211135
302.8125,0.007431692270270614
303.125,0.009956063479106589
303.4375,0.006335676759431465
303.75,0.006434671708797583
304.0625,0.007184204896855323
304.375,0.0064912402512925065
304.6875,0.005826559876977152
305,0.0067670118959552595
305.3125,0.006349818895055197
305.625,0.005366940469205895
305.9375,0.0036486709909225846
306.25,0.004072935059634514
306.5625,0.0022698127676088176
306.875,0.0035779603128039306
307.1875,0.005027529214236353
307.5,0.005522503961066936
307.8125,0.005416437943888954
308.125,0.005119453095790603
308.4375,0.005034600282048217
308.75,0.003379970414071697
309.0625,0.0036981684656056434
309.375,0.004532554467405769
309.6875,0.003924442635585339
310,0.004497199128346442
310.3125,0.0037618080759124328
310.625,0.0038820162287141456
310.9375,0.004475985924910845
311.25,0.006526595590351834
311.5625,0.004341635636485402
311.875,0.0032668333290818492
312.1875,0.002566797615707167
312.5,0.003005203820042827
312.8125,0.004306280297426074
313.125,0.005967981233214461
313.4375,0.008053946237714776
313.75,0.007269057710597707
314.0625,0.00610940258945177
314.375,0.0038042344827836257
314.6875,0.00409414826307011
315,0.006660945878777277
315.3125,0.005218448045156721
315.625,0.00393858477120907
315.9375,0.005572001435749994
316.25,0.005748778131046631
316.5625,0.006519524522539968
316.875,0.003747665940288702
317.1875,0.003309259735953042
317.5,0.004306280297426074
317.8125,0.006455884912233178
318.125,0.00662559053971795
318.4375,0.004405275246792191
318.75,0.004532554467405769
319.0625,0.005451793282948281
319.375,0.007092281015301072
319.6875,0.00595383909759073
320,0.006144757928511098
320.3125,0.006696301217836604
320.625,0.006052834046956846
320.9375,0.005176021638285528
321.25,0.0044123463146040565
321.5625,0.007615540033379116
321.875,0.0069225753878163
322.1875,0.004737615433949868
322.5,0.005416437943888954
322.8125,0.004857823586751581
323.125,0.005034600282048217
323.4375,0.0054871486220076085
323.75,0.0032668333290818492
324.0625,0.00231223917448001
324.375,0.0037264527368531053
324.6875,0.004723473298326137
325,0.006632661607529815
325.3125,0.0052396612485923165
325.625,0.004376990975544729
325.9375,0.004221427483683688
326.25,0.004794183976444792
326.5625,0.0057629202666703615
326.875,0.005430580079512685
327.1875,0.0062296107422534835
327.5,0.005607356774809321
327.8125,0.0046315494167718865
328.125,0.004511341263970173
328.4375,0.006554879861599296
328.75,0.006144757928511098
329.0625,0.005635641046056783
329.375,0.005310371926710971
329.6875,0.003040559159102154
330,0.0032809754647055802
330.3125,0.0036769552621700465
330.625,0.004560838738653231
330.9375,0.007898382745853735
331.25,0.007580184694319789
331.5625,0.005366940469205895
331.875,0.0057629202666703615
332.1875,0.006017478707897519
332.5,0.006399316369738255
332.8125,0.004652762620207482
333.125,0.005692209588551707
333.4375,0.006632661607529815
333.75,0.006434671708797583
334.0625,0.0060245497757093844
334.375,0.0052396612485923165
334.6875,0.005883128419472075
335,0.00661144840409422
335.3125,0.005084097756731277
335.625,0.005218448045156721
335.9375,0.004893178925810909
336.25,0.005140666299226201
336.5625,0.005260874452027914
336.875,0.0035426049737446027
337.1875,0.0044123463146040565
337.5,0.005416437943888954
337.8125,0.00678115403157899
338.125,0.007431692270270614
338.4375,0.005430580079512685
338.75,0.004221427483683688
339.0625,0.004334564568673536
339.375,0.0044123463146040565
339.6875,0.0073044130496570355
340,0.009072180002623404
340.3125,0.006632661607529815
340.625,0.0065619509294111604
340.9375,0.00579827560572969
341.25,0.0062296107422534835
341.5625,0.008471139238614839
341.875,0.012635998179803603
342.1875,0.009998489885977782
342.5,0.007947880220536793
342.8125,0.0073044130496570355
343.125,0.00617304219975856
343.4375,0.008315575746753798
343.75,0.011575338008023782
344.0625,0.011023794718698274
344.375,0.006752869760331528
344.6875,0.007474118677141806
345,0.006590235200658622
345.3125,0.008761053018901323
345.625,0.00787716954241814
345.9375,0.013187541469129111
346.25,0.007601397897755385
346.5625,0.004914392129246505
346.875,0.010479322497184633
347.1875,0.008697413408594534
347.5,0.008160012254892757
347.8125,0.012162236636408617
348.125,0.0092984541726031
348.4375,0.00924895669792004
348.75,0.005289158723275375
349.0625,0.007184204896855323
349.375,0.0073044130496570355
349.6875,0.006731656556895932
350,0.008654987001723341
350.3125,0.007148849557795995
350.625,0.007028641404994282
350.9375,0.008259007204258874
351.25,0.007162991693419726
351.5625,0.007516545084013
351.875,0.004525483399593904
352.1875,0.005607356774809321
352.5,0.009630794359760777
352.8125,0.009022682527940347
353.125,0.006052834046956846
353.4375,0.00693671752344003
353.75,0.0075519004230723275
354.0625,0.009192388155425116
354.375,0.009036824663564076
354.6875,0.00804687516990291
355,0.009369164850721754
355.3125,0.007650895372438443
355.625,0.005572001435749994
355.9375,0.0092984541726031
356.25,0.007622611101190981
356.5625,0.0052396612485923165
356.875,0.005586143571373725
357.1875,0.008379215357060587
357.5,0.006979143930311224
357.8125,0.005946768029778865
358.125,0.005218448045156721
358.4375,0.004511341263970173
358.75,0.005345727265770299
359.0625,0.0060245497757093844
359.375,0.006873077913133241
359.6875,0.0073044130496570355
360,0.008428712831743646
360.3125,0.00490732106143464
360.625,0.004942676400493967
360.9375,0.006399316369738255
361.25,0.00924895669792004
361.5625,0.008923687578574228
361.875,0.00975100251256249
362.1875,0.008152941187080893
362.5,0.00721956023591465
362.8125,0.006993286065934954
363.125,0.005133595231414334
363.4375,0.0046456915523956175
363.75,0.004857823586751581
364.0625,0.003952726906832801
364.375,0.004758828637385464
364.6875,0.0046315494167718865
365,0.0038042344827836257
365.3125,0.0037618080759124328
365.625,0.0052538033842160475
365.9375,0.006017478707897519
366.25,0.007396336931211287
366.5625,0.006823580438450183
366.875,0.006470027047856909
367.1875,0.006215468606629752
367.5,0.004532554467405769
367.8125,0.005098239892355008
368.125,0.004369919907732864
368.4375,0.004582051942088827
368.75,0.0046881179592668095
369.0625,0.004334564568673536
369.375,0.004978031739553294
369.6875,0.005861915216036479
370,0.005381082604829626
370.3125,0.005989194436650057
370.625,0.00693671752344003
370.9375,0.005465935418572012
371.25,0.00551543289325507
371.5625,0.004023437584951455
371.875,0.0035072496346852753
372.1875,0.0036769552621700465
372.5,0.005048742417671948
372.8125,0.005084097756731277
373.125,0.0033446150750123696
373.4375,0.004490128060534576
373.75,0.005904341622907671
374.0625,0.0046174072811481556
374.375,0.003068843430349616
374.6875,0.0049638896039295635
375,0.004999244942988891
375.3125,0.005826559876977152
375.625,0.0035567471093683337
375.9375,0.002411234123846127
376.25,0.003747665940288702
376.5625,0.0045466966030295
376.875,0.0041648589411887645
377.1875,0.003924442635585339
377.5,0.0031961226509631944
377.8125,0.003104198769408943
378.125,0.005868986283848344
378.4375,0.006095260453828038
378.75,0.0034011836175072935
379.0625,0.0035072496346852753
379.375,0.0037618080759124328
379.6875,0.004914392129246505
380,0.004879036790187178
380.3125,0.0035426049737446027
380.625,0.003104198769408943
380.9375,0.0031961226509631944
381.25,0.003365828278447966
381.5625,0.004376990975544729
381.875,0.0041507168055650336
382.1875,0.0031961226509631944
382.5,0.0029839906166072303
382.8125,0.00282842712474619
383.125,0.005218448045156721
383.4375,0.005048742417671948
383.75,0.002771858582251266
384.0625,0.003054701294725885
384.375,0.004532554467405769
384.6875,0.0032456201256462532
385,0.0035001785668734102
385.3125,0.004030508652763321
385.625,0.005522503961066936
385.9375,0.006540737725975564
386.25,0.003768879143724298
386.5625,0.002170817818242701
386.875,0.0035921024484276616
387.1875,0.004511341263970173
387.5,0.002085965004500315
387.8125,0.002807213921310593
388.125,0.003259762261269984
388.4375,0.004129503602129437
388.75,0.0029839906166072303
389.0625,0.002849640328181786
389.375,0.0029274220741123064
389.6875,0.002771858582251266
390,0.0020647518010647186
390.3125,0.0017394826817189067
390.625,0.002884995667241114
390.9375,0.002566797615707167
391.25,0.0022556706319850866
391.5625,0.002276883835420683
391.875,0.0020435385976291225
392.1875,0.0019445436482630055
392.5,0.0014212846301849605
392.8125,0.0023051681066681446
393.125,0.002807213921310593
393.4375,0.004511341263970173
393.75,0.002588010819142764
394.0625,0.0018526197667087544
394.375,0.0023617366491630685
394.6875,0.0014707821048680187
395,0.0014919953083036151
395.3125,0.0026870057685088804
395.625,0.0031961226509631944
395.9375,0.002538513344459705
396.25,0.002100107140124046
396.5625,0.0019233304448274093
396.875,0.0019445436482630055
397.1875,0.0023475945135393375
397.5,0.0026870057685088804
397.8125,0.0024324473272817233
398.125,0.003365828278447966
398.4375,0.003075914498161481
398.75,0.0022061731573020282
399.0625,0.0023051681066681446
399.375,0.0044123463146040565
399.6875,0.0036486709909225846
400,0.002411234123846127
400.3125,0.002170817818242701
400.625,0.001442497833620557
400.9375,0.00156270598642227
401.25,0.0026728636328851494
401.5625,0.002566797615707167
401.875,0.0023900209204105304
402.1875,0.0015980613254815972
402.5,0.0013364318164425747
402.8125,0.001873832970144351
403.125,0.002863782463805517
403.4375,0.00185969083452062
403.75,0.0014212846301849605
404.0625,0.0013505739520663057
404.375,0.0018172644276494268
404.6875,0.002863782463805517
405,0.0034153257531310244
405.3125,0.00156270598642227
405.625,0.001548563850798539
405.9375,0.0013930003589374986
406.25,0.0018526197667087544
406.5625,0.0021496046148071044
406.875,0.0017677669529663686
407.1875,0.001576848122046001
407.5,0.0016617009357883866
407.8125,0.0014778531726798842
408.125,0.0016334166645409246
408.4375,0.0018950461735799473
408.75,0.0018879751057680819
409.0625,0.0019586857838867363
409.375,0.0018243354954612923
409.6875,0.0015839191898578662
410,0.002411234123846127
410.3125,0.0022556706319850866
410.625,0.0014707821048680187
410.9375,0.0016263455967290591
411.25,0.0020647518010647186
411.5625,0.0013717871555019021
411.875,0.0013152186130069785
412.1875,0.00185969083452062
412.5,0.0022203152929257592
412.8125,0.00156270598642227
413.125,0.0012869343417595165
413.4375,0.0013505739520663057
413.75,0.0014354267658086915
414.0625,0.0012020815280171307
414.375,0.0011667261889578033
414.6875,0.0016122034611053282
415,0.0013152186130069785
415.3125,0.001442497833620557
415.625,0.001456639969244288
415.9375,0.0013717871555019021
416.25,0.0014919953083036151
416.5625,0.0012303657992645926
416.875,0.0014071424945612295
417.1875,0.0012445079348883236
417.5,0.0011101576464628796
417.8125,0.001668772003600252
418.125,0.0016617009357883866
418.4375,0.0013930003589374986
418.75,0.0015839191898578662
419.0625,0.0018172644276494268
419.375,0.0019586857838867363
419.6875,0.0018879751057680819
420,0.001131370849898476
420.3125,0.0007495331880577403
420.625,0.0009333809511662427
420.9375,0.0009545941546018392
421.25,0.0011101576464628796
421.5625,0.0007495331880577403
421.875,0.0007495331880577403
422.1875,0.0006929646455628165
422.5,0.0014707821048680187
422.8125,0.0019586857838867363
423.125,0.0014919953083036151
423.4375,0.0013222896808188437
423.75,0.0015132085117392116
424.0625,0.00096873629022557
424.375,0.0011242997820866106
424.6875,0.0012869343417595165
425,0.0014919953083036151
425.3125,0.0014354267658086915
425.625,0.0013505739520663057
425.9375,0.001385929291125633
426.25,0.0012869343417595165
426.5625,0.0011101576464628796
426.875,0.0010606601717798212
427.1875,0.001131370849898476
427.5,0.0012020815280171307
427.8125,0.0012020815280171307
428.125,0.0010889444430272832
428.4375,0.0014778531726798842
428.75,0.001456639969244288
429.0625,0.0012657211383239198
429.375,0.0008838834764831843
429.6875,0.0009050966799187809
430,0.0011950104602052652
430.3125,0.001548563850798539
430.625,0.0018526197667087544
430.9375,0.0015273506473629426
431.25,0.0014354267658086915
431.5625,0.001456639969244288
431.875,0.0018384776310850233
432.1875,0.0015273506473629426
432.5,0.0007848885271170677
432.8125,0.0006293250352560272
433.125,0.0007778174593052023
433.4375,0.0010748023074035522
433.75,0.0013364318164425747
434.0625,0.0018384776310850233
434.375,0.0013364318164425747
434.6875,0.0012798632739476508
435,0.0011596551211459378
435.3125,0.0007495331880577403
435.625,0.0008202438661763951
435.9375,0.0014919953083036151
436.25,0.001385929291125633
436.5625,0.0014707821048680187
436.875,0.0015132085117392116
437.1875,0.0016263455967290591
437.5,0.0015061374439273461
437.8125,0.0017889801564019653
438.125,0.0016617009357883866
438.4375,0.0014778531726798842
438.75,0.0010748023074035522
439.0625,0.001576848122046001
439.375,0.0012303657992645926
439.6875,0.0008626702730475879
440,0.0012657211383239198
440.3125,0.0014919953083036151
440.625,0.0010253048327204938
440.9375,0.0015273506473629426
441.25,0.00185969083452062
441.5625,0.0013152186130069785
441.875,0.0013930003589374986
442.1875,0.0013505739520663057
442.5,0.0011455129855222068
442.8125,0.0009333809511662427
443.125,0.0006788225099390856
443.4375,0.00096873629022557
443.75,0.0013010764773832475
444.0625,0.0012657211383239198
444.375,0.0013364318164425747
444.6875,0.0010960155108391486
445,0.001668772003600252
445.3125,0.0020435385976291225
445.625,0.0025314422766478397
445.9375,0.0019233304448274093
446.25,0.0021991020894901628
446.5625,0.001548563850798539
446.875,0.000834386001800126
447.1875,0.0022910259710444136
447.5,0.0029981327522309613
447.8125,0.0022061731573020282
448.125,0.0019586857838867363
448.4375,0.0019445436482630055
448.75,0.0013364318164425747
449.0625,0.0018879751057680819
449.375,0.0026587214972614184
449.6875,0.0026587214972614184
450,0.0022203152929257592
450.3125,0.0023617366491630685
450.625,0.002708218971944477
450.9375,0.002566797615707167
451.25,0.0022415284963613557
451.5625,0.001011162697096763
451.875,0.001011162697096763
452.1875,0.0020081832585697947
452.5,0.001385929291125633
452.8125,0.0013152186130069785
453.125,0.002276883835420683
453.4375,0.002771858582251266
453.75,0.003295117600329311
454.0625,0.0027294321753800733
454.375,0.0021354624791833734
454.6875,0.002114249275747777
455,0.00282842712474619
455.3125,0.0037123106012293744
455.625,0.003005203820042827
455.9375,0.0020506096654409876
456.25,0.0024819448019647817
456.5625,0.002899137802864845
456.875,0.002651650429449553
457.1875,0.0019798989873223327
457.5,0.003139554108468271
457.8125,0.0036769552621700465
458.125,0.002637508293825822
458.4375,0.003295117600329311
458.75,0.0035355339059327372
459.0625,0.003889087296526011
459.375,0.002588010819142764
459.6875,0.0034860364312496793
460,0.002807213921310593
460.3125,0.00215667568261897
460.625,0.0025809397513308985
460.9375,0.002397091988222396
461.25,0.0024324473272817233
461.5625,0.002411234123846127
461.875,0.002085965004500315
462.1875,0.002616295090390226
462.5,0.0024678026663410508
462.8125,0.003118340905032674
463.125,0.0018384776310850233
463.4375,0.0016334166645409246
463.75,0.0015273506473629426
464.0625,0.0018172644276494268
464.375,0.002637508293825822
464.6875,0.002842569260369921
465,0.0035779603128039306
465.3125,0.003139554108468271
465.625,0.0020506096654409876
465.9375,0.0015061374439273461
466.25,0.0029274220741123064
466.5625,0.003747665940288702
466.875,0.002708218971944477
467.1875,0.002566797615707167
467.5,0.002602152954766495
467.8125,0.003309259735953042
468.125,0.002651650429449553
468.4375,0.0023900209204105304
468.75,0.002170817818242701
469.0625,0.0021991020894901628
469.375,0.003040559159102154
469.6875,0.002708218971944477
470,0.0020506096654409876
470.3125,0.0016334166645409246
470.625,0.0020506096654409876
470.9375,0.0019798989873223327
471.25,0.0021991020894901628
471.5625,0.002538513344459705
471.875,0.00312541197284454
472.1875,0.0026870057685088804
472.5,0.002538513344459705
472.8125,0.002170817818242701
473.125,0.002326381310103741
473.4375,0.0016970562748477138
473.75,0.0022061731573020282
474.0625,0.0015061374439273461
474.375,0.0012798632739476508
474.6875,0.0018172644276494268
475,0.0025809397513308985
475.3125,0.002651650429449553
475.625,0.0019445436482630055
475.9375,0.0016122034611053282
476.25,0.0019445436482630055
476.5625,0.0017677669529663686
476.875,0.0015414927829866735
477.1875,0.0016122034611053282
477.5,0.0022203152929257592
477.8125,0.0016263455967290591
478.125,0.0010535891039679557
478.4375,0.0010748023074035522
478.75,0.0011808683245815342
479.0625,0.0019445436482630055
479.375,0.0015980613254815972
479.6875,0.0019798989873223327
480,0.0018950461735799473
480.3125,0.0016334166645409246
480.625,0.0016122034611053282
480.9375,0.0015132085117392116
481.25,0.0013576450198781711
481.5625,0.0013505739520663057
481.875,0.0013717871555019021
482.1875,0.001442497833620557
482.5,0.0010889444430272832
482.8125,0.0011667261889578033
483.125,0.0007424621202458748
483.4375,0.0006788225099390856
483.75,0.0009050966799187809
484.0625,0.0009192388155425116
484.375,0.0010253048327204938
484.6875,0.0012303657992645926
485,0.0015061374439273461
485.3125,0.0014354267658086915
485.625,0.0008838834764831843
485.9375,0.0010606601717798212
486.25,0.0012445079348883236
486.5625,0.0008131727983645296
486.875,0.001011162697096763
487.1875,0.0015132085117392116
487.5,0.0011808683245815342
487.8125,0.0011101576464628796
488.125,0.0012162236636408617
488.4375,0.0013152186130069785
488.75,0.001131370849898476
489.0625,0.0010606601717798212
489.375,0.0010040916292848973
489.6875,0.000728319984622144
490,0.0010960155108391486
490.3125,0.0013930003589374986
490.625,0.0010606601717798212
490.9375,0.0007495331880577403
491.25,0.0007778174593052023
491.5625,0.0009758073580374355
491.875,0.0010040916292848973
492.1875,0.000834386001800126
492.5,0.0012162236636408617
492.8125,0.0012020815280171307
493.125,0.0011242997820866106
493.4375,0.0009899494936611664
493.75,0.0010748023074035522
494.0625,0.0010889444430272832
494.375,0.0007424621202458748
494.6875,0.0008838834764831843
495,0.0011808683245815342
495.3125,0.001131370849898476
495.625,0.0006434671708797583
495.9375,0.0008202438661763951
496.25,0.0011101576464628796
496.5625,0.0016263455967290591
496.875,0.0014354267658086915
497.1875,0.0008485281374238569
497.5,0.0010889444430272832
497.8125,0.0017394826817189067
498.125,0.0012020815280171307
498.4375,0.0016970562748477138
498.75,0.0013364318164425747
499.0625,0.0017394826817189067
499.375,0.0014212846301849605
499.6875,0.001442497833620557
500,0.0013717871555019021
500.3125,0.0019233304448274093
500.625,0.0014778531726798842
500.9375,0.0013152186130069785
501.25,0.0013576450198781711
501.5625,0.000714177848998413
501.875,0.0008626702730475879
502.1875,0.0011101576464628796
502.5,0.0013930003589374986
502.8125,0.0016617009357883866
503.125,0.0013010764773832475
503.4375,0.0019657568516986018
503.75,0.0019940411229460637
504.0625,0.0013576450198781711
504.375,0.0009899494936611664
504.6875,0.0014919953083036151
505,0.0011455129855222068
505.3125,0.0012798632739476508
505.625,0.0013152186130069785
505.9375,0.0012020815280171307
506.25,0.0013717871555019021
506.5625,0.0011455129855222068
506.875,0.0009192388155425116
507.1875,0.0008485281374238569
507.5,0.0008202438661763951
507.8125,0.0006293250352560272
508.125,0.0006222539674441618
508.4375,0.0008485281374238569
508.75,0.000834386001800126
509.0625,0.0010889444430272832
509.375,0.0009404520189781082
509.6875,0.0012869343417595165
510,0.0011101576464628796
510.3125,0.0006929646455628165
510.625,0.0006293250352560272
510.9375,0.0011455129855222068
511.25,0.0012162236636408617
511.5625,0.0012798632739476508
511.875,0.0011667261889578033
512.1875,0.0012869343417595165
512.5,0.0009050966799187809
512.8125,0.0006081118318204308
513.125,0.0007495331880577403
513.4375,0.0009050966799187809
513.75,0.0013010764773832475
514.0625,0.0016122034611053282
514.375,0.0011455129855222068
514.6875,0.0013152186130069785
515,0.0012303657992645926
515.3125,0.0009333809511662427
515.625,0.0015839191898578662
515.9375,0.0015414927829866735
516.25,0.0011596551211459378
516.5625,0.0016122034611053282
516.875,0.0016263455967290591
517.1875,0.0014919953083036151
517.5,0.001668772003600252
517.8125,0.0011596551211459378
518.125,0.0014707821048680187
518.4375,0.0015980613254815972
518.75,0.0013152186130069785
519.0625,0.001442497833620557
519.375,0.002085965004500315
519.6875,0.0015839191898578662
520,0.0014919953083036151
520.3125,0.002184959953866432
520.625,0.0014919953083036151
520.9375,0.0014071424945612295
521.25,0.0013364318164425747
521.5625,0.0008202438661763951
521.875,0.0011242997820866106
522.1875,0.0012869343417595165
522.5,0.001456639969244288
522.8125,0.0016122034611053282
523.125,0.002326381310103741
523.4375,0.0018526197667087544
523.75,0.001682914139223983
524.0625,0.0017536248173426376
524.375,0.001668772003600252
524.6875,0.0013505739520663057
525,0.0016263455967290591
525.3125,0.0018879751057680819
525.625,0.0020647518010647186
525.9375,0.001385929291125633
526.25,0.001251579002700189
526.5625,0.001011162697096763
526.875,0.0012162236636408617
527.1875,0.0016334166645409246
527.5,0.0014071424945612295
527.8125,0.0013505739520663057
528.125,0.0015414927829866735
528.4375,0.0022061731573020282
528.75,0.001385929291125633
529.0625,0.0019798989873223327
529.375,0.0018879751057680819
529.6875,0.0013717871555019021
530,0.0017889801564019653
530.3125,0.00223445742854949
530.625,0.001682914139223983
530.9375,0.0015414927829866735
531.25,0.001682914139223983
531.5625,0.0011596551211459378
531.875,0.0011667261889578033
532.1875,0.001385929291125633
532.5,0.0016617009357883866
532.8125,0.0016617009357883866
533.125,0.0008980256121069154
533.4375,0.0010040916292848973
533.75,0.0015980613254815972
534.0625,0.0017748380207782343
534.375,0.002100107140124046
534.6875,0.002085965004500315
535,0.0012798632739476508
535.3125,0.0006929646455628165
535.625,0.0008980256121069154
535.9375,0.00156270598642227
536.25,0.0013010764773832475
536.5625,0.0009050966799187809
536.875,0.0008697413408594533
537.1875,0.0007424621202458748
537.5,0.0008980256121069154
537.8125,0.0015839191898578662
538.125,0.001131370849898476
538.4375,0.000728319984622144
538.75,0.0012657211383239198
539.0625,0.0017041273426595793
539.375,0.0018243354954612923
539.6875,0.0017536248173426376
540,0.0018031222920256963
540.3125,0.0020506096654409876
540.625,0.0017182694782833102
540.9375,0.001548563850798539
541.25,0.0019304015126392746
541.5625,0.0021496046148071044
541.875,0.0013576450198781711
542.1875,0.0008626702730475879
542.5,0.001385929291125633
542.8125,0.0017041273426595793
543.125,0.001385929291125633
543.4375,0.0011667261889578033
543.75,0.0013930003589374986
544.0625,0.0015061374439273461
544.375,0.0011950104602052652
544.6875,0.001385929291125633
545,0.001668772003600252
545.3125,0.0018950461735799473
545.625,0.0013717871555019021
545.9375,0.000714177848998413
546.25,0.0007990306627407986
546.5625,0.0020647518010647186
546.875,0.0022910259710444136
547.1875,0.0012162236636408617
547.5,0.0010606601717798212
547.8125,0.0008485281374238569
548.125,0.0012162236636408617
548.4375,0.0012657211383239198
548.75,0.0012445079348883236
549.0625,0.00156270598642227
549.375,0.0017677669529663686
549.6875,0.001682914139223983
550,0.0019657568516986018
550.3125,0.0020788939366884495
550.625,0.0018243354954612923
550.9375,0.0015839191898578662
551.25,0.0010748023074035522
551.5625,0.0013152186130069785
551.875,0.0013010764773832475
552.1875,0.0012162236636408617
552.5,0.001682914139223983
552.8125,0.0015061374439273461
553.125,0.0018172644276494268
553.4375,0.0017889801564019653
553.75,0.0016970562748477138
554.0625,0.0015132085117392116
554.375,0.0011667261889578033
554.6875,0.0013930003589374986
555,0.0015414927829866735
555.3125,0.00156270598642227
555.625,0.0019940411229460637
555.9375,0.0015132085117392116
556.25,0.0013364318164425747
556.5625,0.0010394469683442248
556.875,0.0012657211383239198
557.1875,0.0012798632739476508
557.5,0.0011667261889578033
557.8125,0.0012798632739476508
558.125,0.0015414927829866735
558.4375,0.0008980256121069154
558.75,0.0018031222920256963
559.0625,0.0022556706319850866
559.375,0.0015061374439273461
559.6875,0.0011101576464628796
560,0.0017394826817189067
560.3125,0.0013505739520663057
560.625,0.001251579002700189
560.9375,0.0019304015126392746
561.25,0.0020152543263816606
561.5625,0.0015414927829866735
561.875,0.0013010764773832475
562.1875,0.001131370849898476
562.5,0.0010960155108391486
562.8125,0.0018384776310850233
563.125,0.001576848122046001
563.4375,0.001251579002700189
563.75,0.0012445079348883236
564.0625,0.0016970562748477138
564.375,0.0017889801564019653
564.6875,0.001251579002700189
565,0.0015414927829866735
565.3125,0.001385929291125633
565.625,0.00156270598642227
565.9375,0.002100107140124046
566.25,0.0015414927829866735
566.5625,0.0014071424945612295
566.875,0.0022203152929257592
567.1875,0.0019445436482630055
567.5,0.0011455129855222068
567.8125,0.0013152186130069785
568.125,0.0009899494936611664
568.4375,0.00096873629022557
568.75,0.0011242997820866106
569.0625,0.0012162236636408617
569.375,0.0009050966799187809
569.6875,0.0009050966799187809
570,0.0008980256121069154
570.3125,0.0016970562748477138
570.625,0.001668772003600252
570.9375,0.001548563850798539
571.25,0.0015414927829866735
571.5625,0.0010889444430272832
571.875,0.0012020815280171307
572.1875,0.0014354267658086915
572.5,0.0012162236636408617
572.8125,0.0017536248173426376
573.125,0.0016122034611053282
573.4375,0.0012445079348883236
573.75,0.0016617009357883866
574.0625,0.0011808683245815342
574.375,0.0012303657992645926
574.6875,0.001873832970144351
575,0.0016617009357883866
575.3125,0.001251579002700189
575.625,0.0008626702730475879
575.9375,0.0007495331880577403
576.25,0.0008980256121069154
576.5625,0.0008980256121069154
576.875,0.0009758073580374355
577.1875,0.0012445079348883236
577.5,0.0011950104602052652
577.8125,0.0010606601717798212
578.125,0.0009899494936611664
578.4375,0.0012445079348883236
578.75,0.001251579002700189
579.0625,0.001682914139223983
579.375,0.0019304015126392746
579.6875,0.0013152186130069785
580,0.0010748023074035522
580.3125,0.0009050966799187809
580.625,0.0013010764773832475
580.9375,0.0013505739520663057
581.25,0.0016122034611053282
581.5625,0.001442497833620557
581.875,0.001385929291125633
582.1875,0.0017182694782833102
582.5,0.0013222896808188437
582.8125,0.0011455129855222068
583.125,0.0017394826817189067
583.4375,0.0017041273426595793
583.75,0.001548563850798539
584.0625,0.0016617009357883866
584.375,0.0009192388155425116
584.6875,0.0008980256121069154
585,0.0012869343417595165
585.3125,0.001131370849898476
585.625,0.001131370849898476
585.9375,0.0012303657992645926
586.25,0.0011808683245815342
586.5625,0.0011950104602052652
586.875,0.0010535891039679557
587.1875,0.0015273506473629426
587.5,0.0019940411229460637
587.8125,0.0017536248173426376
588.125,0.0008697413408594533
588.4375,0.0017748380207782343
588.75,0.0024819448019647817
589.0625,0.001442497833620557
589.375,0.0011455129855222068
589.6875,0.002503158005400378
590,0.0026233661582020914
590.3125,0.0015061374439273461
590.625,0.001576848122046001
590.9375,0.0016122034611053282
591.25,0.0014071424945612295
591.5625,0.0010606601717798212
591.875,0.0014919953083036151
592.1875,0.001456639969244288
592.5,0.0012445079348883236
592.8125,0.0013152186130069785
593.125,0.0011667261889578033
593.4375,0.0012445079348883236
593.75,0.0013364318164425747
594.0625,0.0010253048327204938
594.375,0.0014071424945612295
594.6875,0.0018031222920256963
595,0.0015061374439273461
595.3125,0.0015414927829866735
595.625,0.0018879751057680819
595.9375,0.0018172644276494268
596.25,0.0013222896808188437
596.5625,0.0011455129855222068
596.875,0.0012020815280171307
597.1875,0.0012303657992645926
597.5,0.0012869343417595165
597.8125,0.0018243354954612923
598.125,0.0019586857838867363
598.4375,0.0019798989873223327
598.75,0.0017324116139070412
599.0625,0.0012657211383239198
599.375,0.0008485281374238569
599.6875,0.0007990306627407986
600,0.0014354267658086915
600.3125,0.0015132085117392116
600.625,0.0013152186130069785
600.9375,0.0013576450198781711
601.25,0.001456639969244288
601.5625,0.0008980256121069154
601.875,0.0012798632739476508
602.1875,0.002276883835420683
602.5,0.0024819448019647817
602.8125,0.0016970562748477138
603.125,0.0015061374439273461
603.4375,0.0009758073580374355
603.75,0.0011667261889578033
604.0625,0.001576848122046001
604.375,0.0013010764773832475
604.6875,0.0010535891039679557
605,0.0014212846301849605
605.3125,0.0014778531726798842
605.625,0.0013222896808188437
605.9375,0.001668772003600252
606.25,0.0018243354954612923
606.5625,0.00185969083452062
606.875,0.0017677669529663686
607.1875,0.0016263455967290591
607.5,0.0017748380207782343
607.8125,0.0009758073580374355
608.125,0.0008838834764831843
608.4375,0.0017677669529663686
608.75,0.001668772003600252
609.0625,0.001576848122046001
609.375,0.0019304015126392746
609.6875,0.0015132085117392116
610,0.0013930003589374986
610.3125,0.0013010764773832475
610.625,0.001251579002700189
610.9375,0.0015061374439273461
611.25,0.0018950461735799473
611.5625,0.0017889801564019653
611.875,0.0013717871555019021
612.1875,0.0013576450198781711
612.5,0.0013505739520663057
612.8125,0.0012869343417595165
613.125,0.0019304015126392746
613.4375,0.0021354624791833734
613.75,0.0017324116139070412
614.0625,0.0017889801564019653
614.375,0.0016122034611053282
614.6875,0.001442497833620557
615,0.0011808683245815342
615.3125,0.0011667261889578033
615.625,0.00156270598642227
615.9375,0.0014778531726798842
616.25,0.0020152543263816606
616.5625,0.001682914139223983
616.875,0.0019304015126392746
617.1875,0.001682914139223983
617.5,0.0012303657992645926
617.8125,0.001682914139223983
618.125,0.0018243354954612923
618.4375,0.001442497833620557
618.75,0.0016263455967290591
619.0625,0.0017677669529663686
619.375,0.002114249275747777
619.6875,0.002397091988222396
620,0.0022061731573020282
620.3125,0.0019233304448274093
620.625,0.0017182694782833102
620.9375,0.0021991020894901628
621.25,0.0017677669529663686
621.5625,0.0019233304448274093
621.875,0.002184959953866432
622.1875,0.0019233304448274093
622.5,0.0023758787847867995
622.8125,0.0021213203435596424
623.125,0.0019798989873223327
623.4375,0.0017748380207782343
623.75,0.0021496046148071044
624.0625,0.0027789296500631317
624.375,0.002411234123846127
624.6875,0.0032668333290818492
625,0.002807213921310593
625.3125,0.0026587214972614184
625.625,0.0025314422766478397
625.9375,0.0014354267658086915
626.25,0.0017182694782833102
626.5625,0.0018526197667087544
626.875,0.0022203152929257592
627.1875,0.0016970562748477138
627.5,0.0019798989873223327
627.8125,0.0018031222920256963
628.125,0.001668772003600252
628.4375,0.0017182694782833102
628.75,0.0022415284963613557
629.0625,0.0016970562748477138
629.375,0.0017889801564019653
629.6875,0.002637508293825822
630,0.0026728636328851494
630.3125,0.0022061731573020282
630.625,0.0027294321753800733
630.9375,0.0022910259710444136
631.25,0.003351686142824235
631.5625,0.002637508293825822
631.875,0.002100107140124046
632.1875,0.001442497833620557
632.5,0.0010960155108391486
632.8125,0.0018031222920256963
633.125,0.0016334166645409246
633.4375,0.0019940411229460637
633.75,0.0023617366491630685
634.0625,0.0029698484809834993
634.375,0.0024678026663410508
634.6875,0.0018243354954612923
635,0.0023617366491630685
635.3125,0.0024960869375885127
635.625,0.002100107140124046
635.9375,0.0021354624791833734
636.25,0.0014778531726798842
636.5625,0.0021213203435596424
636.875,0.0027223611075682078
637.1875,0.003040559159102154
637.5,0.0026587214972614184
637.8125,0.0019304015126392746
638.125,0.001668772003600252
638.4375,0.001873832970144351
638.75,0.0025809397513308985
639.0625,0.002863782463805517
639.375,0.0031890515831513293
639.6875,0.002397091988222396
640,0.002425376259469858
640.3125,0.0015839191898578662
640.625,0.0020152543263816606
640.9375,0.0018172644276494268
641.25,0.0023758787847867995
641.5625,0.0019091883092036783
641.875,0.0012657211383239198
642.1875,0.0015839191898578662
642.5,0.0016617009357883866
642.8125,0.0014354267658086915
643.125,0.0016617009357883866
643.4375,0.0014778531726798842
643.75,0.0014071424945612295
644.0625,0.0012869343417595165
644.375,0.0015061374439273461
644.6875,0.0021213203435596424
645,0.0020293964620053916
645.3125,0.001682914139223983
645.625,0.0015980613254815972
645.9375,0.0019091883092036783
646.25,0.0015273506473629426
646.5625,0.0019445436482630055
646.875,0.0023475945135393375
647.1875,0.0017889801564019653
647.5,0.0017677669529663686
647.8125,0.0021991020894901628
648.125,0.0012162236636408617
648.4375,0.0015061374439273461
648.75,0.0017324116139070412
649.0625,0.0013222896808188437
649.375,0.0006717514421272201
649.6875,0.0012162236636408617
650,0.0012869343417595165
650.3125,0.001131370849898476
650.625,0.00096873629022557
650.9375,0.0020788939366884495
651.25,0.001576848122046001
651.5625,0.00156270598642227
651.875,0.0017041273426595793
652.1875,0.0016263455967290591
652.5,0.0010748023074035522
652.8125,0.0017889801564019653
653.125,0.0010748023074035522
653.4375,0.0006434671708797583
653.75,0.0009899494936611664
654.0625,0.001873832970144351
654.375,0.0014354267658086915
654.6875,0.0011808683245815342
655,0.001131370849898476
655.3125,0.0009192388155425116
655.625,0.0011596551211459378
655.9375,0.001456639969244288
656.25,0.0010889444430272832
656.5625,0.0012020815280171307
656.875,0.0012020815280171307
657.1875,0.0008697413408594533
657.5,0.0012020815280171307
657.8125,0.0016970562748477138
658.125,0.0016334166645409246
658.4375,0.0011808683245815342
658.75,0.0008626702730475879
659.0625,0.0011242997820866106
659.375,0.0014919953083036151
659.6875,0.00156270598642227
660,0.0012020815280171307
660.3125,0.0013505739520663057
660.625,0.0008697413408594533
660.9375,0.0006788225099390856
661.25,0.0007636753236814713
661.5625,0.0007071067811865475
661.875,0.0013717871555019021
662.1875,0.0012445079348883236
662.5,0.0010394469683442248
662.8125,0.0009899494936611664
663.125,0.0013505739520663057
663.4375,0.0011950104602052652
663.75,0.0014212846301849605
664.0625,0.0011808683245815342
664.375,0.0009333809511662427
664.6875,0.0008697413408594533
665,0.0014212846301849605
665.3125,0.0014354267658086915
665.625,0.0013364318164425747
665.9375,0.0010748023074035522
666.25,0.0010748023074035522
666.5625,0.00096873629022557
666.875,0.0010253048327204938
667.1875,0.0011808683245815342
667.5,0.001131370849898476
667.8125,0.0011950104602052652
668.125,0.0009050966799187809
668.4375,0.0010253048327204938
668.75,0.0007990306627407986
669.0625,0.0009050966799187809
669.375,0.0009050966799187809
669.6875,0.001011162697096763
670,0.0009758073580374355
670.3125,0.001385929291125633
670.625,0.001442497833620557
670.9375,0.0008485281374238569
671.25,0.0010748023074035522
671.5625,0.0013152186130069785
671.875,0.000728319984622144
672.1875,0.0006788225099390856
672.5,0.00096873629022557
672.8125,0.0010535891039679557
673.125,0.0008202438661763951
673.4375,0.0013364318164425747
673.75,0.0013717871555019021
674.0625,0.0012798632739476508
674.375,0.0010040916292848973
674.6875,0.0009899494936611664
675,0.0007990306627407986
675.3125,0.0010253048327204938
675.625,0.001011162697096763
675.9375,0.0008697413408594533
676.25,0.0013576450198781711
676.5625,0.0018879751057680819
676.875,0.0016475588001646556
677.1875,0.0010253048327204938
677.5,0.0008980256121069154
677.8125,0.0008202438661763951
678.125,0.0007071067811865475
678.4375,0.0008202438661763951
678.75,0.0007424621202458748
679.0625,0.0008626702730475879
679.375,0.00096873629022557
679.6875,0.0007990306627407986
680,0.0006293250352560272
680.3125,0.00048790367901871775
680.625,0.000728319984622144
680.9375,0.0009899494936611664
681.25,0.001011162697096763
681.5625,0.0006717514421272201
681.875,0.0005727564927611034
682.1875,0.0006717514421272201
682.5,0.000728319984622144
682.8125,0.000834386001800126
683.125,0.0013505739520663057
683.4375,0.0010748023074035522
683.75,0.0007636753236814713
684.0625,0.0006929646455628165
684.375,0.0006576093065034892
684.6875,0.0005939696961966999
685,0.0007636753236814713
685.3125,0.0010535891039679557
685.625,0.0008626702730475879
685.9375,0.0010535891039679557
686.25,0.0006788225099390856
686.5625,0.0007990306627407986
686.875,0.0015414927829866735
687.1875,0.0011242997820866106
687.5,0.00045254833995939044
687.8125,0.0005939696961966999
688.125,0.0006788225099390856
688.4375,0.0005232590180780451
688.75,0.0005868986283848344
689.0625,0.0007071067811865475
689.375,0.00046669047558312135
689.6875,0.00048790367901871775
690,0.0007778174593052023
690.3125,0.000714177848998413
690.625,0.0009333809511662427
690.9375,0.00096873629022557
691.25,0.0009758073580374355
691.5625,0.0012445079348883236
691.875,0.0012303657992645926
692.1875,0.0008626702730475879
692.5,0.0009192388155425116
692.8125,0.0008485281374238569
693.125,0.0006929646455628165
693.4375,0.0006081118318204308
693.75,0.0007778174593052023
694.0625,0.0007778174593052023
694.375,0.0006293250352560272
694.6875,0.0010253048327204938
695,0.0009333809511662427
695.3125,0.0006293250352560272
695.625,0.0007990306627407986
695.9375,0.0005586143571373725
696.25,0.0006717514421272201
696.5625,0.0008131727983645296
696.875,0.0007848885271170677
697.1875,0.0013152186130069785
697.5,0.0011808683245815342
697.8125,0.0009050966799187809
698.125,0.0011455129855222068
698.4375,0.0010960155108391486
698.75,0.0006717514421272201
699.0625,0.0006576093065034892
699.375,0.000714177848998413
699.6875,0.0008626702730475879
700,0.0008980256121069154
700.3125,0.0009545941546018392
700.625,0.000728319984622144
700.9375,0.0007495331880577403
701.25,0.0007848885271170677
701.5625,0.0006293250352560272
701.875,0.0005586143571373725
702.1875,0.0005727564927611034
702.5,0.0007848885271170677
702.8125,0.0010040916292848973
703.125,0.0005374011537017761
703.4375,0.0005374011537017761
703.75,0.0006293250352560272
704.0625,0.0006929646455628165
704.375,0.0005939696961966999
704.6875,0.0006434671708797583
705,0.0005232590180780451
705.3125,0.0005586143571373725
705.625,0.0006081118318204308
705.9375,0.0005868986283848344
706.25,0.0005868986283848344
706.5625,0.0004808326112068523
706.875,0.00048790367901871775
707.1875,0.0006929646455628165
707.5,0.0007424621202458748
707.8125,0.0009404520189781082
708.125,0.000714177848998413
708.4375,0.0005586143571373725
708.75,0.0006081118318204308
709.0625,0.0007848885271170677
709.375,0.000834386001800126
709.6875,0.0007424621202458748
710,0.00048790367901871775
710.3125,0.0006929646455628165
710.625,0.0008202438661763951
710.9375,0.0008697413408594533
711.25,0.0008485281374238569
711.5625,0.000728319984622144
711.875,0.0005232590180780451
712.1875,0.0006081118318204308
712.5,0.00096873629022557
712.8125,0.0006717514421272201
713.125,0.0007424621202458748
713.4375,0.0009192388155425116
713.75,0.0009333809511662427
714.0625,0.0009050966799187809
714.375,0.0010394469683442248
714.6875,0.0009050966799187809
715,0.0011596551211459378
715.3125,0.001131370849898476
715.625,0.0007495331880577403
715.9375,0.0007990306627407986
716.25,0.0009192388155425116
716.5625,0.0009899494936611664
716.875,0.0012303657992645926
717.1875,0.0008980256121069154
717.5,0.0008202438661763951
717.8125,0.00096873629022557
718.125,0.0008485281374238569
718.4375,0.0006576093065034892
718.75,0.0007495331880577403
719.0625,0.0008626702730475879
719.375,0.0007778174593052023
719.6875,0.0008485281374238569
720,0.0005868986283848344
720.3125,0.0007990306627407986
720.625,0.0008131727983645296
720.9375,0.0007636753236814713
721.25,0.0009192388155425116
721.5625,0.0013364318164425747
721.875,0.001385929291125633
722.1875,0.0009333809511662427
722.5,0.0007495331880577403
722.8125,0.0008980256121069154
723.125,0.0008838834764831843
723.4375,0.0009050966799187809
723.75,0.0011455129855222068
724.0625,0.0010040916292848973
724.375,0.0009404520189781082
724.6875,0.0008980256121069154
725,0.0009899494936611664
725.3125,0.0010960155108391486
725.625,0.0010253048327204938
725.9375,0.000834386001800126
726.25,0.000834386001800126
726.5625,0.0010960155108391486
726.875,0.0010960155108391486
727.1875,0.0007071067811865475
727.5,0.000728319984622144
727.8125,0.0009192388155425116
728.125,0.0009050966799187809
728.4375,0.0011596551211459378
728.75,0.0013505739520663057
729.0625,0.0010394469683442248
729.375,0.0008838834764831843
729.6875,0.0012445079348883236
730,0.0012162236636408617
730.3125,0.0010606601717798212
730.625,0.0009545941546018392
730.9375,0.0005939696961966999
731.25,0.0006717514421272201
731.5625,0.0009333809511662427
731.875,0.0012162236636408617
732.1875,0.0010040916292848973
732.5,0.0008485281374238569
732.8125,0.0006929646455628165
733.125,0.0008131727983645296
733.4375,0.0007990306627407986
733.75,0.0010960155108391486
734.0625,0.0012657211383239198
734.375,0.0016263455967290591
734.6875,0.0012657211383239198
735,0.0010889444430272832
735.3125,0.0009050966799187809
735.625,0.0012445079348883236
735.9375,0.001251579002700189
736.25,0.0011950104602052652
736.5625,0.0012798632739476508
736.875,0.001011162697096763
737.1875,0.000834386001800126
737.5,0.0009333809511662427
737.8125,0.0008626702730475879
738.125,0.0010889444430272832
738.4375,0.0012162236636408617
738.75,0.0013505739520663057
739.0625,0.0015414927829866735
739.375,0.0011596551211459378
739.6875,0.0009899494936611664
740,0.0010748023074035522
740.3125,0.0009545941546018392
740.625,0.0009545941546018392
740.9375,0.0011950104602052652
741.25,0.0009050966799187809
741.5625,0.0009758073580374355
741.875,0.0010960155108391486
742.1875,0.0015414927829866735
742.5,0.0013364318164425747
742.8125,0.0015132085117392116
743.125,0.0009545941546018392
743.4375,0.0007848885271170677
743.75,0.0012303657992645926
744.0625,0.0010606601717798212
744.375,0.0008131727983645296
744.6875,0.0010394469683442248
745,0.0014778531726798842
745.3125,0.0014212846301849605
745.625,0.0014707821048680187
745.9375,0.0009192388155425116
746.25,0.0013930003589374986
746.5625,0.0018950461735799473
746.875,0.0018031222920256963
747.1875,0.0009333809511662427
747.5,0.0011242997820866106
747.8125,0.0020293964620053916
748.125,0.001576848122046001
748.4375,0.0014071424945612295
748.75,0.0012303657992645926
749.0625,0.0009333809511662427
749.375,0.0010960155108391486
749.6875,0.0010394469683442248
750,0.001682914139223983
750.3125,0.002326381310103741
750.625,0.0022556706319850866
750.9375,0.0016970562748477138
751.25,0.0018031222920256963
751.5625,0.0013930003589374986
751.875,0.0015273506473629426
752.1875,0.0017182694782833102
752.5,0.0011596551211459378
752.8125,0.0008980256121069154
753.125,0.0007636753236814713
753.4375,0.0009404520189781082
753.75,0.0011667261889578033
754.0625,0.001682914139223983
754.375,0.0012869343417595165
754.6875,0.0009545941546018392
755,0.0008980256121069154
755.3125,0.0011101576464628796
755.625,0.0015132085117392116
755.9375,0.0018384776310850233
756.25,0.0011808683245815342
756.5625,0.0010748023074035522
756.875,0.00156270598642227
757.1875,0.0015273506473629426
757.5,0.001385929291125633
757.8125,0.0017041273426595793
758.125,0.001442497833620557
758.4375,0.0011101576464628796
758.75,0.0008131727983645296
759.0625,0.0012657211383239198
759.375,0.0014354267658086915
759.6875,0.0014707821048680187
760,0.0013505739520663057
760.3125,0.001576848122046001
760.625,0.0013152186130069785
760.9375,0.0013930003589374986
761.25,0.0013576450198781711
761.5625,0.0013152186130069785
761.875,0.0016970562748477138
762.1875,0.00156270598642227
762.5,0.0012303657992645926
762.8125,0.0010535891039679557
763.125,0.0008626702730475879
763.4375,0.0013152186130069785
763.75,0.0013152186130069785
764.0625,0.0012869343417595165
764.375,0.0009192388155425116
764.6875,0.0010748023074035522
765,0.0006293250352560272
765.3125,0.0005586143571373725
765.625,0.0009333809511662427
765.9375,0.0011101576464628796
766.25,0.0010253048327204938
766.5625,0.001131370849898476
766.875,0.001131370849898476
767.1875,0.0008131727983645296
767.5,0.0008131727983645296
767.8125,0.0009192388155425116
768.125,0.0013364318164425747
768.4375,0.0013152186130069785
768.75,0.0012869343417595165
769.0625,0.0011808683245815342
769.375,0.0008202438661763951
769.6875,0.0008838834764831843
770,0.0009758073580374355
770.3125,0.0010253048327204938
770.625,0.0010960155108391486
770.9375,0.0010960155108391486
771.25,0.0010960155108391486
771.5625,0.0013717871555019021
771.875,0.0013222896808188437
772.1875,0.0011950104602052652
772.5,0.001131370849898476
772.8125,0.0010748023074035522
773.125,0.000714177848998413
773.4375,0.0014707821048680187
773.75,0.0020435385976291225
774.0625,0.00156270598642227
774.375,0.00096873629022557
774.6875,0.0011596551211459378
775,0.0012162236636408617
775.3125,0.0010040916292848973
775.625,0.0006222539674441618
775.9375,0.0009758073580374355
776.25,0.0007990306627407986
776.5625,0.0008980256121069154
776.875,0.0006293250352560272
777.1875,0.0006434671708797583
777.5,0.0008202438661763951
777.8125,0.0010394469683442248
778.125,0.0011101576464628796
778.4375,0.0009404520189781082
778.75,0.0008838834764831843
779.0625,0.0008697413408594533
779.375,0.0009545941546018392
779.6875,0.001131370849898476
780,0.0009404520189781082
780.3125,0.001131370849898476
780.625,0.0007848885271170677
780.9375,0.0009050966799187809
781.25,0.0008838834764831843
781.5625,0.0007636753236814713
781.875,0.0005232590180780451
782.1875,0.0005727564927611034
782.5,0.0005586143571373725
782.8125,0.0005374011537017761
783.125,0.000417193000900063
783.4375,0.00048790367901871775
783.75,0.00048790367901871775
784.0625,0.0006293250352560272
784.375,0.0008131727983645296
784.6875,0.0005939696961966999
785,0.0006222539674441618
785.3125,0.0006929646455628165
785.625,0.0007848885271170677
785.9375,0.000714177848998413
786.25,0.0007495331880577403
786.5625,0.0009899494936611664
786.875,0.0008131727983645296
787.1875,0.0006929646455628165
787.5,0.0006929646455628165
787.8125,0.0010394469683442248
788.125,0.0006788225099390856
788.4375,0.0006788225099390856
788.75,0.0007848885271170677
789.0625,0.0005868986283848344
789.375,0.0004384062043356594
789.6875,0.00032526911934581187
790,0.0005374011537017761
790.3125,0.0010040916292848973
790.625,0.0008626702730475879
790.9375,0.0007848885271170677
791.25,0.000714177848998413
791.5625,0.0005586143571373725
791.875,0.0006717514421272201
792.1875,0.0009333809511662427
792.5,0.0008485281374238569
792.8125,0.0005727564927611034
793.125,0.0008697413408594533
793.4375,0.0011808683245815342
793.75,0.001011162697096763
794.0625,0.000417193000900063
794.375,0.0003111269837220809
794.6875,0.0005727564927611034
795,0.0005586143571373725
795.3125,0.0010889444430272832
795.625,0.0012020815280171307
795.9375,0.0007848885271170677
796.25,0.0014071424945612295
796.5625,0.0017324116139070412
796.875,0.0011596551211459378
797.1875,0.0009050966799187809
797.5,0.000834386001800126
797.8125,0.0008980256121069154
798.125,0.0006929646455628165
798.4375,0.00043133513652379393
798.75,0.00038183766184073564
799.0625,0.0007636753236814713
799.375,0.0010748023074035522
799.6875,0.0007071067811865475
800,0.00032526911934581187
800.3125,0.0005939696961966999
800.625,0.0010040916292848973
800.9375,0.0009192388155425116
801.25,0.0007071067811865475
801.5625,0.0007071067811865475
801.875,0.0010606601717798212
802.1875,0.001385929291125633
802.5,0.0017324116139070412
802.8125,0.0017041273426595793
803.125,0.00156270598642227
803.4375,0.0011455129855222068
803.75,0.0011455129855222068
804.0625,0.0013930003589374986
804.375,0.0013576450198781711
804.6875,0.0017182694782833102
805,0.0017182694782833102
805.3125,0.0012303657992645926
805.625,0.0014778531726798842
805.9375,0.0012020815280171307
806.25,0.0011455129855222068
806.5625,0.0017748380207782343
806.875,0.0013010764773832475
807.1875,0.0006788225099390856
807.5,0.0009050966799187809
807.8125,0.0013010764773832475
808.125,0.0011808683245815342
808.4375,0.00096873629022557
808.75,0.001011162697096763
809.0625,0.000834386001800126
809.375,0.0006929646455628165
809.6875,0.0006929646455628165
810,0.001131370849898476
810.3125,0.001442497833620557
810.625,0.0006929646455628165
810.9375,0.0006576093065034892
811.25,0.000728319984622144
811.5625,0.0010394469683442248
811.875,0.0006576093065034892
812.1875,0.0007071067811865475
812.5,0.0004384062043356594
812.8125,0.0003323401871576773
813.125,0.0006222539674441618
813.4375,0.000714177848998413
813.75,0.0008131727983645296
814.0625,0.0007495331880577403
814.375,0.0007495331880577403
814.6875,0.0006293250352560272
815,0.00043133513652379393
815.3125,0.00048790367901871775
815.625,0.00045254833995939044
815.9375,0.0004384062043356594
816.25,0.000714177848998413
816.5625,0.0006081118318204308
816.875,0.0005868986283848344
817.1875,0.0005020458146424487
817.5,0.0005020458146424487
817.8125,0.00048790367901871775
818.125,0.0005232590180780451
818.4375,0.00048790367901871775
818.75,0.0007778174593052023
819.0625,0.0007990306627407986
819.375,0.0007636753236814713
819.6875,0.0006788225099390856
820,0.00048790367901871775
820.3125,0.00036769552621700467
820.625,0.00034648232278140827
820.9375,0.0005020458146424487
821.25,0.000417193000900063
821.5625,0.0005020458146424487
821.875,0.0006576093065034892
822.1875,0.0005374011537017761
822.5,0.0006717514421272201
822.8125,0.0007848885271170677
823.125,0.0005586143571373725
823.4375,0.0005939696961966999
823.75,0.0005939696961966999
824.0625,0.0006788225099390856
824.375,0.0007071067811865475
824.6875,0.0007990306627407986
825,0.0005586143571373725
825.3125,0.0005727564927611034
825.625,0.0006222539674441618
825.9375,0.0005868986283848344
826.25,0.0006222539674441618
826.5625,0.0008131727983645296
826.875,0.0007636753236814713
827.1875,0.0005939696961966999
827.5,0.0006222539674441618
827.8125,0.0005868986283848344
828.125,0.0006717514421272201
828.4375,0.0006788225099390856
828.75,0.0005868986283848344
829.0625,0.0007778174593052023
829.375,0.0006222539674441618
829.6875,0.00043133513652379393
830,0.00040305086527633204
830.3125,0.0005374011537017761
830.625,0.0006576093065034892
830.9375,0.0006788225099390856
831.25,0.0004384062043356594
831.5625,0.0006929646455628165
831.875,0.0005515432893255071
832.1875,0.00029698484809834993
832.5,0.0005020458146424487
832.8125,0.000417193000900063
833.125,0.0005374011537017761
833.4375,0.0007071067811865475
833.75,0.0005232590180780451
834.0625,0.0005161879502661796
834.375,0.0005586143571373725
834.6875,0.0005161879502661796
835,0.0004384062043356594
835.3125,0.0005161879502661796
835.625,0.0005939696961966999
835.9375,0.0006717514421272201
836.25,0.0005020458146424487
836.5625,0.0006293250352560272
836.875,0.0007848885271170677
837.1875,0.0014071424945612295
837.5,0.0019304015126392746
837.8125,0.0009050966799187809
838.125,0.00036062445840513924
838.4375,0.0005020458146424487
838.75,0.0005868986283848344
839.0625,0.0006434671708797583
839.375,0.00036769552621700467
839.6875,0.0005161879502661796
840,0.0005586143571373725
840.3125,0.0005727564927611034
840.625,0.0006222539674441618
840.9375,0.0005868986283848344
841.25,0.0005586143571373725
841.5625,0.0005586143571373725
841.875,0.0007071067811865475
842.1875,0.0010040916292848973
842.5,0.0007636753236814713
842.8125,0.0005586143571373725
843.125,0.0006293250352560272
843.4375,0.0006717514421272201
843.75,0.0006434671708797583
844.0625,0.0008626702730475879
844.375,0.0011455129855222068
844.6875,0.0011101576464628796
845,0.0010535891039679557
845.3125,0.0005020458146424487
845.625,0.00048790367901871775
845.9375,0.0005232590180780451
846.25,0.0005727564927611034
846.5625,0.0005232590180780451
846.875,0.0003111269837220809
847.1875,0.0005020458146424487
847.5,0.0006929646455628165
847.8125,0.00046669047558312135
848.125,0.0005727564927611034
848.4375,0.0007071067811865475
848.75,0.0005161879502661796
849.0625,0.0004808326112068523
849.375,0.0006081118318204308
849.6875,0.0005586143571373725
850,0.0005161879502661796
850.3125,0.0005374011537017761
850.625,0.00040305086527633204
850.9375,0.0003111269837220809
851.25,0.00036769552621700467
851.5625,0.0007636753236814713
851.875,0.0006222539674441618
852.1875,0.0005515432893255071
852.5,0.0006222539674441618
852.8125,0.0005515432893255071
853.125,0.0005374011537017761
853.4375,0.0008202438661763951
853.75,0.0008626702730475879
854.0625,0.0009333809511662427
854.375,0.0009758073580374355
854.6875,0.0009333809511662427
855,0.0010040916292848973
855.3125,0.0009545941546018392
855.625,0.0007848885271170677
855.9375,0.0006293250352560272
856.25,0.0007495331880577403
856.5625,0.0007636753236814713
856.875,0.0005515432893255071
857.1875,0.00048790367901871775
857.5,0.0007778174593052023
857.8125,0.0009192388155425116
858.125,0.0013505739520663057
858.4375,0.0018031222920256963
858.75,0.0017182694782833102
859.0625,0.000834386001800126
859.375,0.0005374011537017761
859.6875,0.0006788225099390856
860,0.0005161879502661796
860.3125,0.00029698484809834993
860.625,0.00015556349186104045
860.9375,0.00020506096654409876
861.25,0.00036769552621700467
861.5625,0.00036062445840513924
861.875,0.00038183766184073564
862.1875,0.0005939696961966999
862.5,0.0005939696961966999
862.8125,0.0005020458146424487
863.125,0.0005161879502661796
863.4375,0.0005515432893255071
863.75,0.0005939696961966999
864.0625,0.0005515432893255071
864.375,0.00036062445840513924
864.6875,0.0003111269837220809
865,0.0003111269837220809
865.3125,0.0005020458146424487
865.625,0.0006576093065034892
865.9375,0.0005939696961966999
866.25,0.0005586143571373725
866.5625,0.00043133513652379393
866.875,0.00032526911934581187
867.1875,0.0004384062043356594
867.5,0.0005939696961966999
867.8125,0.0006081118318204308
868.125,0.0008202438661763951
868.4375,0.000714177848998413
868.75,0.0005374011537017761
869.0625,0.00045254833995939044
869.375,0.000417193000900063
869.6875,0.0005374011537017761
870,0.0005727564927611034
870.3125,0.00048790367901871775
870.625,0.0007424621202458748
870.9375,0.0005374011537017761
871.25,0.0004808326112068523
871.5625,0.0004808326112068523
871.875,0.0005161879502661796
872.1875,0.00038183766184073564
872.5,0.0006293250352560272
872.8125,0.00043133513652379393
873.125,0.0005161879502661796
873.4375,0.0006788225099390856
873.75,0.0006717514421272201
874.0625,0.0005727564927611034
874.375,0.00048790367901871775
874.6875,0.0005939696961966999
875,0.0005586143571373725
875.3125,0.0006293250352560272
875.625,0.0006222539674441618
875.9375,0.0005161879502661796
876.25,0.0006929646455628165
876.5625,0.0004808326112068523
876.875,0.0005515432893255071
877.1875,0.0006434671708797583
877.5,0.000714177848998413
877.8125,0.0006576093065034892
878.125,0.0007778174593052023
878.4375,0.0006576093065034892
878.75,0.0005232590180780451
879.0625,0.0005161879502661796
879.375,0.0006434671708797583
879.6875,0.0008980256121069154
880,0.0009545941546018392
880.3125,0.0007495331880577403
880.625,0.0004384062043356594
880.9375,0.00048790367901871775
881.25,0.0006293250352560272
881.5625,0.0005232590180780451
881.875,0.0005515432893255071
882.1875,0.0006434671708797583
882.5,0.0007424621202458748
882.8125,0.00038183766184073564
883.125,0.00046669047558312135
883.4375,0.00048790367901871775
883.75,0.0005868986283848344
884.0625,0.0005374011537017761
884.375,0.00040305086527633204
884.6875,0.000417193000900063
885,0.0005232590180780451
885.3125,0.0005586143571373725
885.625,0.0006293250352560272
885.9375,0.0005868986283848344
886.25,0.00039597979746446656
886.5625,0.00038183766184073564
886.875,0.00046669047558312135
887.1875,0.0004808326112068523
887.5,0.0005020458146424487
887.8125,0.00046669047558312135
888.125,0.0006081118318204308
888.4375,0.0007636753236814713
888.75,0.0004808326112068523
889.0625,0.0003111269837220809
889.375,0.00043133513652379393
889.6875,0.00048790367901871775
890,0.000417193000900063
890.3125,0.00027577164466275353
890.625,0.0003323401871576773
890.9375,0.0004384062043356594
891.25,0.00034648232278140827
891.5625,0.00046669047558312135
891.875,0.00029698484809834993
892.1875,0.00040305086527633204
892.5,0.00045254833995939044
892.8125,0.0006293250352560272
893.125,0.0005232590180780451
893.4375,0.00036062445840513924
893.75,0.00032526911934581187
894.0625,0.00048790367901871775
894.375,0.0006081118318204308
894.6875,0.00036062445840513924
895,0.00026162950903902256
895.3125,0.00045254833995939044
895.625,0.000714177848998413
895.9375,0.0011242997820866106
896.25,0.002757716446627535
896.5625,0.003351686142824235
896.875,0.001251579002700189
897.1875,0.0006576093065034892
897.5,0.0005020458146424487
897.8125,0.0005515432893255071
898.125,0.000417193000900063
898.4375,0.00028991378028648445
898.75,0.00027577164466275353
899.0625,0.00048790367901871775
899.375,0.00045254833995939044
899.6875,0.00038183766184073564
900,0.00026162950903902256
900.3125,0.00045254833995939044
900.625,0.00048790367901871775
900.9375,0.00036062445840513924
901.25,0.00039597979746446656
901.5625,0.00034648232278140827
901.875,0.00038183766184073564
902.1875,0.0005020458146424487
902.5,0.000417193000900063
902.8125,0.00046669047558312135
903.125,0.0005020458146424487
903.4375,0.00027577164466275353
903.75,0.00026162950903902256
904.0625,0.00027577164466275353
904.375,0.0003323401871576773
904.6875,0.00043133513652379393
905,0.00045254833995939044
905.3125,0.0005161879502661796
905.625,0.0005727564927611034
905.9375,0.0006293250352560272
906.25,0.000728319984622144
906.5625,0.0006929646455628165
906.875,0.0005515432893255071
907.1875,0.0005232590180780451
907.5,0.0004808326112068523
907.8125,0.00036769552621700467
908.125,0.00036769552621700467
908.4375,0.00046669047558312135
908.75,0.0005374011537017761
909.0625,0.0005020458146424487
909.375,0.00038183766184073564
909.6875,0.000417193000900063
910,0.0007495331880577403
910.3125,0.0006576093065034892
910.625,0.0003323401871576773
910.9375,0.00034648232278140827
911.25,0.00039597979746446656
911.5625,0.00046669047558312135
911.875,0.00046669047558312135
912.1875,0.0006434671708797583
912.5,0.000714177848998413
912.8125,0.0007848885271170677
913.125,0.0007495331880577403
913.4375,0.00039597979746446656
913.75,0.00032526911934581187
914.0625,0.00048790367901871775
914.375,0.00039597979746446656
914.6875,0.00045254833995939044
915,0.0004384062043356594
915.3125,0.0010889444430272832
915.625,0.0011950104602052652
915.9375,0.00096873629022557
916.25,0.000714177848998413
916.5625,0.0005727564927611034
916.875,0.0006576093065034892
917.1875,0.0005020458146424487
917.5,0.0005020458146424487
917.8125,0.0006788225099390856
918.125,0.0006717514421272201
918.4375,0.0006293250352560272
918.75,0.000728319984622144
919.0625,0.0007848885271170677
919.375,0.0009545941546018392
919.6875,0.0006293250352560272
920,0.0004384062043356594
920.3125,0.0005161879502661796
920.625,0.0008202438661763951
920.9375,0.0006717514421272201
921.25,0.0006434671708797583
921.5625,0.0008697413408594533
921.875,0.0007424621202458748
922.1875,0.0006434671708797583
922.5,0.0008202438661763951
922.8125,0.000728319984622144
923.125,0.0006434671708797583
923.4375,0.000714177848998413
923.75,0.0006929646455628165
924.0625,0.0008131727983645296
924.375,0.0007778174593052023
924.6875,0.0005232590180780451
925,0.0005020458146424487
925.3125,0.0007071067811865475
925.625,0.0007495331880577403
925.9375,0.0007071067811865475
926.25,0.0006929646455628165
926.5625,0.0006081118318204308
926.875,0.0006222539674441618
927.1875,0.0006717514421272201
927.5,0.000714177848998413
927.8125,0.0008626702730475879
928.125,0.0008626702730475879
928.4375,0.0009545941546018392
928.75,0.0010253048327204938
929.0625,0.0012303657992645926
929.375,0.0009192388155425116
929.6875,0.0008697413408594533
930,0.0006576093065034892
930.3125,0.0006434671708797583
930.625,0.0006717514421272201
930.9375,0.0004384062043356594
931.25,0.00036062445840513924
931.5625,0.0007071067811865475
931.875,0.0007424621202458748
932.1875,0.0007495331880577403
932.5,0.0006081118318204308
932.8125,0.0006081118318204308
933.125,0.00048790367901871775
933.4375,0.00045254833995939044
933.75,0.00046669047558312135
934.0625,0.0004808326112068523
934.375,0.0005020458146424487
934.6875,0.00043133513652379393
935,0.00045254833995939044
935.3125,0.0005374011537017761
935.625,0.000417193000900063
935.9375,0.0005586143571373725
936.25,0.000714177848998413
936.5625,0.0005232590180780451
936.875,0.0008697413408594533
937.1875,0.0006576093065034892
937.5,0.0006222539674441618
937.8125,0.0009545941546018392
938.125,0.000834386001800126
938.4375,0.000728319984622144
938.75,0.0005868986283848344
939.0625,0.0005161879502661796
939.375,0.0007636753236814713
939.6875,0.0007778174593052023
940,0.0008131727983645296
940.3125,0.0007778174593052023
940.625,0.0008697413408594533
940.9375,0.0005868986283848344
941.25,0.0004384062043356594
941.5625,0.0005020458146424487
941.875,0.0005374011537017761
942.1875,0.0005515432893255071
942.5,0.0007636753236814713
942.8125,0.0010535891039679557
943.125,0.0010606601717798212
943.4375,0.0007778174593052023
943.75,0.0008980256121069154
944.0625,0.0010748023074035522
944.375,0.0005939696961966999
944.6875,0.0005868986283848344
945,0.00048790367901871775
945.3125,0.0007495331880577403
945.625,0.0007495331880577403
945.9375,0.0005727564927611034
946.25,0.000728319984622144
946.5625,0.00045254833995939044
946.875,0.00036769552621700467
947.1875,0.00046669047558312135
947.5,0.0003323401871576773
947.8125,0.0005515432893255071
948.125,0.0010040916292848973
948.4375,0.0009192388155425116
948.75,0.0007424621202458748
949.0625,0.0008697413408594533
949.375,0.0010960155108391486
949.6875,0.0006293250352560272
950,0.0007848885271170677
950.3125,0.000728319984622144
950.625,0.000728319984622144
950.9375,0.0007990306627407986
951.25,0.0007495331880577403
951.5625,0.0008485281374238569
951.875,0.0006929646455628165
952.1875,0.0008626702730475879
952.5,0.0009050966799187809
952.8125,0.0005939696961966999
953.125,0.000417193000900063
953.4375,0.0007495331880577403
953.75,0.0006788225099390856
954.0625,0.0007495331880577403
954.375,0.0012798632739476508
954.6875,0.00185969083452062
955,0.0014707821048680187
955.3125,0.0007424621202458748
955.625,0.0006929646455628165
955.9375,0.0005586143571373725
956.25,0.00039597979746446656
956.5625,0.0007778174593052023
956.875,0.0007778174593052023
957.1875,0.0007990306627407986
957.5,0.0006293250352560272
957.8125,0.0005232590180780451
958.125,0.0005868986283848344
958.4375,0.0006717514421272201
958.75,0.0005020458146424487
959.0625,0.0007495331880577403
959.375,0.0007778174593052023
959.6875,0.0005586143571373725
960,0.0006788225099390856
960.3125,0.0006081118318204308
960.625,0.0008202438661763951
960.9375,0.0011101576464628796
961.25,0.0011808683245815342
961.5625,0.0008485281374238569
961.875,0.0005515432893255071
962.1875,0.0005939696961966999
962.5,0.0005161879502661796
962.8125,0.0007848885271170677
963.125,0.0007071067811865475
963.4375,0.0005374011537017761
963.75,0.0008626702730475879
964.0625,0.0007424621202458748
964.375,0.0005515432893255071
964.6875,0.0006222539674441618
965,0.0007636753236814713
965.3125,0.0005727564927611034
965.625,0.00046669047558312135
965.9375,0.00045254833995939044
966.25,0.0005232590180780451
966.5625,0.0005868986283848344
966.875,0.0005232590180780451
967.1875,0.00038183766184073564
967.5,0.0004808326112068523
967.8125,0.00036062445840513924
968.125,0.00032526911934581187
968.4375,0.00036062445840513924
968.75,0.0005020458146424487
969.0625,0.0004384062043356594
969.375,0.0005020458146424487
969.6875,0.0005586143571373725
970,0.0006081118318204308
970.3125,0.00048790367901871775
970.625,0.0005727564927611034
970.9375,0.0005586143571373725
971.25,0.00048790367901871775
971.5625,0.0006222539674441618
971.875,0.0006081118318204308
972.1875,0.000728319984622144
972.5,0.0006222539674441618
972.8125,0.0006717514421272201
973.125,0.0006293250352560272
973.4375,0.0005374011537017761
973.75,0.0005020458146424487
974.0625,0.0004384062043356594
974.375,0.00045254833995939044
974.6875,0.0005586143571373725
975,0.0003323401871576773
975.3125,0.00043133513652379393
975.625,0.0006222539674441618
975.9375,0.0006717514421272201
976.25,0.00048790367901871775
976.5625,0.00039597979746446656
976.875,0.00027577164466275353
977.1875,0.00046669047558312135
977.5,0.00043133513652379393
977.8125,0.00046669047558312135
978.125,0.00043133513652379393
978.4375,0.00036062445840513924
978.75,0.0005161879502661796
979.0625,0.00048790367901871775
979.375,0.0005586143571373725
979.6875,0.00039597979746446656
980,0.00036062445840513924
980.3125,0.0005020458146424487
980.625,0.0006788225099390856
980.9375,0.0006929646455628165
981.25,0.0004808326112068523
981.5625,0.00036062445840513924
981.875,0.00048790367901871775
982.1875,0.0005727564927611034
982.5,0.0006293250352560272
982.8125,0.0007848885271170677
983.125,0.0009333809511662427
983.4375,0.0009333809511662427
983.75,0.0005232590180780451
984.0625,0.0006576093065034892
984.375,0.0006929646455628165
984.6875,0.0008697413408594533
985,0.0008485281374238569
985.3125,0.0004384062043356594
985.625,0.0005232590180780451
985.9375,0.0008485281374238569
986.25,0.0009899494936611664
986.5625,0.0010889444430272832
986.875,0.001011162697096763
987.1875,0.0008485281374238569
987.5,0.00045254833995939044
987.8125,0.0007071067811865475
988.125,0.0006717514421272201
988.4375,0.0007778174593052023
988.75,0.0007495331880577403
989.0625,0.0006081118318204308
989.375,0.0005232590180780451
989.6875,0.0003323401871576773
990,0.0006576093065034892
990.3125,0.0004808326112068523
990.625,0.00038183766184073564
990.9375,0.0005515432893255071
991.25,0.0005161879502661796
991.5625,0.0006222539674441618
991.875,0.0006576093065034892
992.1875,0.0005374011537017761
992.5,0.00040305086527633204
992.8125,0.0005515432893255071
993.125,0.0006717514421272201
993.4375,0.0006222539674441618
993.75,0.0006293250352560272
994.0625,0.0006929646455628165
994.375,0.0006576093065034892
994.6875,0.0005727564927611034
995,0.00043133513652379393
995.3125,0.00048790367901871775
995.625,0.0006434671708797583
995.9375,0.0009404520189781082
996.25,0.0022061731573020282
996.5625,0.002849640328181786
996.875,0.0014071424945612295
997.1875,0.0006293250352560272
997.5,0.0005868986283848344
997.8125,0.000417193000900063
998.125,0.000714177848998413
998.4375,0.0008131727983645296
998.75,0.0006576093065034892
999.0625,0.000417193000900063
999.375,0.0003111269837220809
999.6875,0.0007071067811865475