DateTime,2RV-V,3RV-V,4RV-V,9RV-V
2026-05-10 08:06:00,5.75034,2.18631,2.27571,1.42001
2026-05-10 09:06:00,5.58857,2.17683,2.30894,1.59521
2026-05-10 10:06:00,7.04018,2.12664,2.25347,1.50231
2026-05-10 11:06:00,6.2146,2.06453,2.09246,1.41161
2026-05-10 12:06:00,6.14226,2.13847,2.22592,1.57121
2026-05-10 13:06:00,6.06214,2.37423,2.41088,1.55798
2026-05-10 14:06:00,5.84781,2.3236,2.37074,1.49162
2026-05-10 15:06:00,5.64158,2.4732,2.50855,1.69925
2026-05-10 16:06:00,4.95146,2.22808,2.30404,1.50378
2026-05-10 17:06:00,5.86883,2.12084,2.15911,1.43697
2026-05-10 18:06:00,5.31444,2.33345,2.36507,1.62962
2026-05-10 19:06:00,6.09087,2.35635,2.39614,1.67109
2026-05-10 20:06:00,5.71399,2.48279,2.45319,1.6904
2026-05-10 21:06:00,4.80433,2.28628,2.32083,1.49711
2026-05-10 22:06:00,6.04534,2.24856,2.25474,1.44774
2026-05-10 23:06:00,6.15084,2.11351,2.2358,1.49209
2026-05-11 00:06:00,4.73596,2.13512,2.17943,1.5991
2026-05-11 01:06:00,5.46583,2.20299,2.27072,1.62801
2026-05-11 02:06:00,4.80809,2.21289,2.23315,1.50757
2026-05-11 03:06:00,4.98754,2.235,2.30943,1.50047
2026-05-11 04:06:00,4.64571,2.2607,2.31319,1.46543
2026-05-11 05:06:00,4.74827,2.24316,2.3298,1.60378
2026-05-11 06:06:00,4.56252,2.11823,2.20796,1.46204
2026-05-11 07:06:00,4.39589,2.14001,2.20853,1.45859
2026-05-11 08:06:00,4.4981,1.92464,1.97123,1.40117
2026-05-11 09:06:00,4.45464,2.12726,2.18459,1.5102
2026-05-11 10:06:00,4.64336,2.12384,2.10463,1.44257
2026-05-11 11:06:00,5.25129,2.19019,2.14357,1.48371
2026-05-11 12:06:00,4.34653,2.18304,2.16022,1.38368
2026-05-11 13:06:00,4.88658,2.10027,2.16452,1.4803
2026-05-11 14:06:00,4.31455,2.10696,2.09448,1.44345
2026-05-11 15:06:00,4.86287,2.073,2.1405,1.46529
2026-05-11 16:06:00,5.64158,2.1319,2.16084,1.47739
2026-05-11 17:06:00,4.71936,2.19524,2.29547,1.53482
2026-05-11 18:06:00,4.90079,1.99321,2.09952,1.43196
2026-05-11 19:06:00,5.26291,2.07421,2.20369,1.45489
2026-05-11 20:06:00,4.70239,2.09801,2.10112,1.37204
2026-05-11 21:06:00,5.04718,1.89165,1.98999,1.4144
2026-05-11 22:06:00,5.30219,2.0876,2.1446,1.45749
2026-05-11 23:06:00,5.31425,2.1169,2.18406,1.41836
2026-05-12 00:06:00,4.71056,2.08258,2.13098,1.3315
2026-05-12 01:06:00,4.95186,2.09704,2.18561,1.37033
2026-05-12 02:06:00,5.0784,1.97569,2.05722,1.4318
2026-05-12 03:06:00,4.6179,2.01246,2.08822,1.18769
2026-05-12 04:06:00,4.28319,2.10545,2.18963,1.37394
2026-05-12 05:06:00,4.08924,2.03876,2.14072,1.30303
2026-05-12 06:06:00,4.15886,2.14685,2.20309,1.31416
2026-05-12 07:06:00,4.34204,2.0499,2.12884,1.38349
2026-05-12 08:06:00,4.21187,2.29411,2.37307,1.54835
2026-05-12 09:06:00,4.98883,2.16944,2.25306,1.5313
2026-05-12 10:06:00,4.52131,2.28553,2.27443,1.65241
2026-05-12 11:06:00,4.544,2.36992,2.38065,1.65688
2026-05-12 12:06:00,5.5755,2.42209,2.46508,1.65892
2026-05-12 13:06:00,5.71508,2.30405,2.25144,1.35213
2026-05-12 14:06:00,4.84543,2.41131,2.40511,1.51274
2026-05-12 15:06:00,5.22599,2.40894,2.38576,1.56206
2026-05-12 16:06:00,4.99074,2.22715,2.28631,1.6647
2026-05-12 17:06:00,5.88708,2.35437,2.44906,1.61875
2026-05-12 18:06:00,5.59475,2.26536,2.28248,1.45858
2026-05-12 19:06:00,4.95385,2.29937,2.33609,1.54699
2026-05-12 20:06:00,4.69269,2.34042,2.44576,1.53132
2026-05-12 21:06:00,4.31579,2.21755,2.30152,1.40257
2026-05-12 22:06:00,4.28776,2.3395,2.40686,1.52839
2026-05-12 23:06:00,4.22782,2.11269,2.16789,1.40414
2026-05-13 00:06:00,4.71321,2.24197,2.26734,1.57286
2026-05-13 01:06:00,4.53805,2.20138,2.20248,1.39507
2026-05-13 02:06:00,4.41177,2.29246,2.32735,1.57629
2026-05-13 03:06:00,5.17483,2.41579,2.40843,1.55593
2026-05-13 04:06:00,4.06654,2.14877,2.14644,1.35327
2026-05-13 05:06:00,4.46438,2.11669,2.15025,1.41312
2026-05-13 06:06:00,4.46387,2.38111,2.36067,1.44863
2026-05-13 07:06:00,4.56726,2.32301,2.37673,1.70922
2026-05-13 08:06:00,5.15425,2.31455,2.3451,1.43287
2026-05-13 09:06:00,4.94984,2.24884,2.29871,1.38585
2026-05-13 10:06:00,4.71489,2.38823,2.35544,1.53396
2026-05-13 11:06:00,5.11652,2.40394,2.35791,1.50026
2026-05-13 12:06:00,4.95291,2.41826,2.35581,1.62336
2026-05-13 13:06:00,5.11732,2.44051,2.42328,1.52411
2026-05-13 14:06:00,5.53406,2.36128,2.40807,1.32704
2026-05-13 15:06:00,5.84448,2.54561,2.54982,1.79607
2026-05-13 16:06:00,4.96491,2.18318,2.332,1.56198
2026-05-13 17:06:00,5.09031,2.18486,2.236,1.47066
2026-05-13 18:06:00,4.33763,2.08353,2.17697,1.31591
2026-05-13 19:06:00,4.28066,2.2446,2.2903,1.51817
2026-05-13 20:06:00,4.22378,2.23263,2.20117,1.28612
2026-05-13 21:06:00,4.49563,2.40952,2.42184,1.47536
2026-05-13 22:06:00,3.87958,2.06726,2.13129,1.29666
2026-05-13 23:06:00,4.57608,2.09591,2.16354,1.46361
2026-05-14 00:06:00,4.19638,2.07612,2.14611,1.4586
2026-05-14 01:06:00,5.43724,2.30789,2.3573,1.4505
2026-05-14 02:06:00,4.81862,2.23449,2.36436,1.67466
2026-05-14 03:06:00,4.52114,2.22009,2.35044,1.52556
2026-05-14 04:06:00,4.44476,2.27495,2.2625,1.44881
2026-05-14 05:06:00,4.31354,2.34178,2.41073,1.61715
2026-05-14 06:06:00,4.10025,1.96474,2.02932,1.3895
2026-05-14 07:06:00,4.51748,2.20933,2.22619,1.43482
2026-05-14 08:06:00,4.86499,2.025,2.06177,1.30487
2026-05-14 09:06:00,4.833,2.56482,2.64713,1.86226
2026-05-14 10:06:00,4.83941,2.60642,2.60485,1.63134
2026-05-14 11:06:00,4.68307,2.45061,2.46514,1.66529
2026-05-14 12:06:00,5.0847,2.61721,2.57338,1.62357
2026-05-14 13:06:00,5.851,2.37122,2.40245,1.56233
2026-05-14 14:06:00,5.28734,2.42649,2.46394,1.59681
2026-05-14 15:06:00,5.09297,2.30663,2.32114,1.61083
2026-05-14 16:06:00,4.87305,2.27375,2.34552,1.38164
2026-05-14 17:06:00,5.05055,2.07333,2.13956,1.38275
2026-05-14 18:06:00,5.43788,2.2338,2.31584,1.53187
2026-05-14 19:06:00,5.0341,2.11361,2.19055,1.2828
2026-05-14 20:06:00,4.24535,2.27071,2.3232,1.61199
2026-05-14 21:06:00,4.44883,2.2185,2.27882,1.35599
2026-05-14 22:06:00,4.10051,1.95144,1.94133,1.17009
2026-05-14 23:06:00,5.53063,1.92357,1.97779,1.40208
2026-05-15 00:06:00,3.96278,2.15549,2.18396,1.32141
2026-05-15 01:06:00,4.65742,2.04966,2.10386,1.34836
2026-05-15 02:06:00,5.09494,2.25552,2.3177,1.38511
2026-05-15 03:06:00,4.45619,2.19914,2.26715,1.39063
2026-05-15 04:06:00,4.42262,2.1239,2.21294,1.3258
2026-05-15 05:06:00,4.19371,2.13875,2.19243,1.3105
2026-05-15 06:06:00,4.09146,2.1234,2.20548,1.38495
2026-05-15 07:06:00,4.78559,2.24177,2.29218,1.5118
2026-05-15 08:06:00,4.5158,2.05739,2.12176,1.46974
2026-05-15 09:06:00,4.08733,2.02891,2.04579,1.313
2026-05-15 10:06:00,5.13291,2.24019,2.25488,1.29604
2026-05-15 11:06:00,5.05551,2.20116,2.21744,1.44223
2026-05-15 12:06:00,5.43005,2.32763,2.37546,1.61743
2026-05-15 13:06:00,8.56304,2.10771,2.16843,1.52161
2026-05-15 14:06:00,6.84994,2.29223,2.32074,1.42946
2026-05-15 15:06:00,5.63367,2.20124,2.17738,1.24743
2026-05-15 16:06:00,5.87322,2.24237,2.35253,1.52926
2026-05-15 17:06:00,6.10785,2.19282,2.30276,1.47523
2026-05-15 18:06:00,4.57022,2.20524,2.27406,1.3563
2026-05-15 19:06:00,4.67294,2.30464,2.40889,1.55693
2026-05-15 20:06:00,4.63848,2.21696,2.34157,1.64739
2026-05-15 21:06:00,4.06644,2.18229,2.25007,1.38554
2026-05-15 22:06:00,4.43476,2.23639,2.33591,1.58099
2026-05-15 23:06:00,5.31241,2.27315,2.38735,1.5519
2026-05-16 00:06:00,5.09202,2.16635,2.26271,1.48611
2026-05-16 01:06:00,4.55877,2.25121,2.31084,1.32975
2026-05-16 02:06:00,5.05438,2.20363,2.3215,1.58184
2026-05-16 03:06:00,5.63059,2.24844,2.27219,1.50097
2026-05-16 04:06:00,4.42366,2.01586,2.09985,1.40584
2026-05-16 05:06:00,4.23109,2.21113,2.25847,1.43816
2026-05-16 06:06:00,4.45537,2.23597,2.26111,1.33302
2026-05-16 07:06:00,4.69921,2.21762,2.25855,1.44028
2026-05-16 08:06:00,5.51926,2.05243,2.14223,1.34196
2026-05-16 09:06:00,4.82397,2.16906,2.20894,1.54871
2026-05-16 10:06:00,4.67786,2.26783,2.24694,1.46873
2026-05-16 11:06:00,4.82604,2.2884,2.35146,1.60795
2026-05-16 12:06:00,6.93551,2.22157,2.22315,1.48228
2026-05-16 13:06:00,4.93433,2.18677,2.14222,1.4774
2026-05-16 14:06:00,3.63295,2.18127,2.20889,1.43101
2026-05-16 15:06:00,3.6156,2.27239,2.36635,1.4935
2026-05-16 16:06:00,3.40668,2.10034,2.17946,1.34087
2026-05-16 17:06:00,3.5774,2.07708,2.16951,1.43986
2026-05-16 18:06:00,3.19432,2.14355,2.23243,1.41652
2026-05-16 19:06:00,3.45539,2.24281,2.29524,1.4045
2026-05-16 20:06:00,3.42968,2.15622,2.28481,1.49888
2026-05-16 21:06:00,3.51571,2.2017,2.29165,1.48018
2026-05-16 22:06:00,3.65967,2.23509,2.29286,1.53362
2026-05-16 23:06:00,3.67968,2.28239,2.34739,1.49765
2026-05-17 00:06:00,3.78706,2.16254,2.29633,1.4787
2026-05-17 01:06:00,3.28403,2.00878,2.11441,1.25894
2026-05-17 02:06:00,3.44119,2.00615,2.0932,1.43183
2026-05-17 03:06:00,3.37077,2.03524,2.12589,1.2802
2026-05-17 04:06:00,3.58316,2.16869,2.29009,1.4653
2026-05-17 05:06:00,3.62447,2.13025,2.18983,1.35139
2026-05-17 06:06:00,3.36199,2.09422,2.19371,1.35886
2026-05-17 07:06:00,3.74524,2.13516,2.21924,1.49382
2026-05-17 08:06:00,3.30284,2.03137,2.06891,1.29617
2026-05-17 09:06:00,3.486,2.08789,2.13304,1.28456
2026-05-17 10:06:00,3.80781,2.23785,2.23013,1.41722
2026-05-17 11:06:00,3.8095,2.10124,2.13228,1.46419
2026-05-17 12:06:00,3.50466,2.2398,2.27281,1.41834
2026-05-17 13:06:00,3.83656,2.1497,2.16693,1.50535
2026-05-17 14:06:00,3.88927,2.41451,2.4013,1.51056
2026-05-17 15:06:00,3.46367,2.27879,2.34622,1.31958
2026-05-17 16:06:00,3.27421,2.16133,2.17431,1.46068
2026-05-17 17:06:00,3.36425,2.09551,2.1379,1.28663
2026-05-17 18:06:00,3.38282,2.25231,2.29169,1.4509
2026-05-17 19:06:00,3.7967,2.23894,2.33175,1.61907
2026-05-17 20:06:00,3.76516,2.07959,2.14489,1.46071
2026-05-17 21:06:00,3.99411,2.29809,2.37377,1.70848
2026-05-17 22:06:00,3.92794,2.14516,2.23282,1.65775
2026-05-17 23:06:00,4.3046,2.50119,2.56752,1.72711
2026-05-18 00:06:00,4.03568,2.40466,2.44296,1.61856
2026-05-18 01:06:00,4.21302,2.32215,2.40667,1.82848
2026-05-18 02:06:00,3.89208,2.17685,2.26674,1.64741
2026-05-18 03:06:00,4.03205,2.36283,2.39183,1.58814
2026-05-18 04:06:00,3.85194,2.20105,2.26917,1.57227
2026-05-18 05:06:00,3.84472,2.23689,2.31703,1.61798
2026-05-18 06:06:00,4.20115,2.12759,2.22269,1.52139
2026-05-18 07:06:00,4.12702,2.21054,2.32671,1.63104
2026-05-18 08:06:00,4.18924,2.2165,2.24792,1.67062
2026-05-18 09:06:00,4.33454,2.33194,2.47292,1.66156
2026-05-18 10:06:00,4.31465,2.31946,2.38612,1.78939
2026-05-18 11:06:00,4.19112,2.31462,2.35164,1.75687
2026-05-18 12:06:00,4.18996,2.36294,2.49425,1.75657
2026-05-18 13:06:00,4.36824,2.36671,2.47038,1.7404
2026-05-18 14:06:00,4.1443,2.33113,2.38414,1.6072
2026-05-18 15:06:00,4.25703,2.16604,2.25486,1.70101
2026-05-18 16:06:00,4.07656,2.13777,2.26532,1.59162
2026-05-18 17:06:00,3.82899,2.24777,2.30184,1.52607
2026-05-18 18:06:00,3.79533,2.13721,2.27784,1.57913
2026-05-18 19:06:00,3.52559,2.12691,2.20815,1.41709
2026-05-18 20:06:00,3.76894,2.27233,2.3221,1.58053
2026-05-18 21:06:00,3.73848,2.10791,2.12156,1.42404
2026-05-18 22:06:00,3.4436,2.18355,2.16708,1.31084
2026-05-18 23:06:00,3.52562,2.18134,2.23031,1.48576
2026-05-19 00:06:00,3.41468,2.12884,2.09689,1.33018
2026-05-19 01:06:00,3.85663,2.25216,2.24436,1.48963
2026-05-19 02:06:00,3.59054,2.09341,2.18816,1.47568
2026-05-19 03:06:00,3.77166,2.20098,2.26071,1.4994
2026-05-19 04:06:00,3.78992,2.16718,2.22311,1.44224
2026-05-19 05:06:00,3.72428,2.21747,2.27827,1.40599
2026-05-19 06:06:00,4.10574,2.40042,2.51238,1.60814
2026-05-19 07:06:00,3.61456,2.01894,2.07498,1.42551
2026-05-19 08:06:00,3.62559,2.22538,2.25169,1.39482
2026-05-19 09:06:00,3.58783,2.11687,2.13671,1.44176
2026-05-19 10:06:00,3.53814,2.08942,2.13505,1.40149
2026-05-19 11:06:00,3.72428,2.2974,2.24628,1.50702
2026-05-19 12:06:00,3.36886,2.15256,2.14087,1.39922
2026-05-19 13:06:00,3.53001,2.29296,2.32046,1.33955
2026-05-19 14:06:00,3.40568,2.19572,2.23348,1.43786
2026-05-19 15:06:00,3.54001,2.32289,2.30856,1.46714
2026-05-19 16:06:00,3.69801,2.32244,2.27515,1.49008
2026-05-19 17:06:00,3.70757,2.22099,2.30068,1.54662
2026-05-19 18:06:00,3.65202,1.99755,2.10002,1.47364
2026-05-19 19:06:00,3.4074,2.12151,2.19106,1.35136
2026-05-19 20:06:00,3.50828,2.09168,2.21721,1.46291
2026-05-19 21:06:00,3.71713,2.17313,2.18742,1.52959
2026-05-19 22:06:00,3.44759,2.19673,2.21333,1.37079
2026-05-19 23:06:00,3.93223,2.23373,2.21602,1.38869
2026-05-20 00:06:00,3.57855,2.05028,2.06405,1.30108
2026-05-20 01:06:00,3.4518,1.97139,2.05508,1.35476
2026-05-20 02:06:00,3.93544,2.14047,2.19912,1.51807
2026-05-20 03:06:00,3.97167,2.36994,2.42969,1.51378
2026-05-20 04:06:00,3.98213,2.29198,2.39643,1.67018
2026-05-20 05:06:00,3.84973,2.22481,2.29135,1.58212
2026-05-20 06:06:00,3.40808,2.14891,2.23678,1.45573
2026-05-20 07:06:00,3.37776,2.22126,2.17855,1.41067
2026-05-20 08:06:00,3.56682,2.11232,2.13401,1.38268
2026-05-20 09:06:00,3.71622,2.48972,2.49675,1.50735
2026-05-20 10:06:00,3.57171,2.23967,2.32257,1.44459
2026-05-20 11:06:00,3.74277,2.28942,2.27521,1.56654
2026-05-20 12:06:00,3.34169,2.24198,2.23104,1.43427
2026-05-20 13:06:00,4.10544,2.34223,2.37316,1.74637
2026-05-20 14:06:00,3.71043,2.30299,2.40367,1.56838
2026-05-20 15:06:00,3.58419,2.20102,2.216,1.52732
2026-05-20 16:06:00,3.38897,2.12754,2.22933,1.50318
2026-05-20 17:06:00,3.5252,2.25879,2.35262,1.48787
2026-05-20 18:06:00,3.22705,1.98069,2.09203,1.50125
2026-05-20 19:06:00,3.35529,2.08167,2.19467,1.56193
2026-05-20 20:06:00,3.32711,2.18158,2.26137,1.4358
2026-05-20 21:06:00,3.49756,2.15571,2.20821,1.48767
2026-05-20 22:06:00,3.65549,2.29421,2.34646,1.59775
2026-05-20 23:06:00,3.38167,2.22822,2.28116,1.3922
2026-05-21 00:06:00,3.54849,2.22371,2.31952,1.5335
2026-05-21 01:06:00,3.40417,2.12604,2.20147,1.41515
2026-05-21 02:06:00,3.49017,2.048,2.15239,1.53785
2026-05-21 03:06:00,3.58448,2.16619,2.29058,1.56288
2026-05-21 04:06:00,3.42637,2.20604,2.28027,1.428
2026-05-21 05:06:00,3.48949,2.12106,2.2206,1.4232
2026-05-21 06:06:00,3.15577,2.07926,2.18957,1.46036
2026-05-21 07:06:00,3.73638,2.34697,2.31984,1.46066
2026-05-21 08:06:00,3.67695,2.19831,2.28818,1.55903
2026-05-21 09:06:00,3.81112,2.3625,2.4001,1.53046
2026-05-21 10:06:00,3.35825,2.24867,2.24643,1.32526
2026-05-21 11:06:00,3.39352,2.21733,2.12586,1.35378
2026-05-21 12:06:00,3.30302,2.4425,2.22538,1.50624
2026-05-21 13:06:00,3.45828,2.53986,2.19443,1.42446
2026-05-21 14:06:00,3.13559,2.26863,2.05282,1.36316
2026-05-21 15:06:00,3.56086,2.20543,2.13952,1.49428
2026-05-21 16:06:00,3.29617,2.21141,2.23025,1.48275
2026-05-21 17:06:00,3.39169,2.25497,2.22944,1.40911
2026-05-21 18:06:00,3.30535,2.20307,2.22168,1.40584
2026-05-21 19:06:00,3.65055,2.34708,2.37305,1.4853
2026-05-21 20:06:00,3.70459,2.22409,2.29517,1.47916
2026-05-21 21:06:00,3.98128,2.30591,2.36645,1.59795
2026-05-21 22:06:00,3.45625,2.22111,2.11972,1.38742
2026-05-21 23:06:00,3.56299,2.29534,2.15692,1.45928
2026-05-22 00:06:00,3.58343,2.09713,2.1392,1.43982
2026-05-22 01:06:00,3.15371,2.12419,1.97846,1.21275
2026-05-22 02:06:00,3.11726,2.19033,2.03363,1.36892
2026-05-22 03:06:00,3.35961,2.12025,2.126,1.48048
2026-05-22 04:06:00,2.9487,2.05091,1.89598,1.32464
2026-05-22 05:06:00,3.16588,2.01614,1.97623,1.40992
2026-05-22 06:06:00,3.14985,2.0615,1.96368,1.18536
2026-05-22 07:06:00,3.12525,1.95816,2.0039,1.48741
2026-05-22 08:06:00,3.53018,2.15246,2.18863,1.53315
2026-05-22 09:06:00,3.27659,2.20031,2.17645,1.35098
2026-05-22 10:06:00,3.44602,1.98364,2.11605,1.48968
2026-05-22 11:06:00,3.109,2.1327,1.98033,1.17599
2026-05-22 12:06:00,2.93396,2.04868,1.98743,1.16232
2026-05-22 13:06:00,3.62597,2.11855,2.11389,1.52088
2026-05-22 15:18:59,3.21747,2.037,2.08908,1.30852
2026-05-22 16:06:00,3.51196,2.21351,2.19357,1.45553
2026-05-22 17:06:00,3.84491,2.25071,2.29273,1.52559
2026-05-22 18:06:00,3.78431,2.12237,2.17133,1.54286
2026-05-22 19:06:00,3.87873,2.28205,2.3349,1.53023
2026-05-22 20:06:00,3.75881,2.12373,2.18105,1.40436
2026-05-22 21:06:00,3.49675,2.01117,2.09342,1.41395
2026-05-22 22:06:00,3.48508,2.13896,2.17476,1.43985
2026-05-22 23:06:00,3.58428,2.23371,2.21966,1.44551
2026-05-23 00:06:00,3.60917,2.02658,2.07757,1.42661
2026-05-23 01:06:00,3.84532,2.17967,2.26406,1.59535
2026-05-23 02:06:00,7.60296,2.21326,2.26828,1.53413
2026-05-23 03:06:00,4.51895,2.06962,2.17106,1.4464
2026-05-23 04:06:00,4.46278,2.10734,2.1913,1.61846
2026-05-23 05:06:00,5.5138,2.27887,2.36671,1.64558
2026-05-23 06:06:00,5.61341,2.1578,2.25282,1.4667
2026-05-23 07:06:00,5.7901,2.11773,2.22527,1.56745
2026-05-23 08:06:00,6.72314,2.18774,2.24094,1.52815
2026-05-23 09:06:00,6.17149,2.06836,2.17377,1.47207
2026-05-23 10:06:00,4.13785,2.25286,2.30485,1.59602
2026-05-23 11:06:00,3.30323,2.03242,2.05864,1.24601
2026-05-23 12:06:00,3.61357,2.0754,2.15617,1.46943
2026-05-23 13:06:00,3.93593,2.48663,2.40359,1.61574
2026-05-23 14:06:00,3.7033,2.16369,2.15104,1.49994
2026-05-23 15:06:00,3.28768,2.11954,2.16441,1.45393
2026-05-23 16:06:00,3.57148,2.24612,2.24095,1.39568
2026-05-23 17:06:00,3.4665,2.10416,2.10077,1.48864
2026-05-23 18:06:00,4.03009,2.41653,2.49872,1.61185
2026-05-23 19:06:00,3.7191,2.37408,2.36223,1.5108
2026-05-23 20:06:00,3.42836,2.19761,2.18762,1.39264
2026-05-23 21:06:00,3.48506,2.12384,2.19244,1.54153
2026-05-23 22:06:00,3.37391,2.21251,2.22158,1.54034
2026-05-23 23:06:00,3.5094,2.2709,2.22873,1.4211
2026-05-24 00:06:00,3.58943,2.21717,2.18976,1.47923
2026-05-24 01:06:00,3.63305,2.24916,2.30979,1.55711
2026-05-24 02:06:00,3.5372,2.24767,2.32352,1.38944
2026-05-24 03:06:00,3.75837,2.22465,2.36428,1.64732
2026-05-24 04:06:00,3.80351,2.30813,2.38842,1.57277
2026-05-24 05:06:00,3.67562,2.31709,2.36202,1.61378
2026-05-24 06:06:00,3.45838,2.27553,2.36765,1.43788
2026-05-24 07:06:00,6.22823,2.1728,2.1858,1.36071
2026-05-24 08:06:00,3.3319,2.33099,2.30688,1.42136
2026-05-24 09:06:00,3.29447,2.07005,2.05345,1.40205
2026-05-24 10:06:00,3.57821,2.3455,2.31597,1.58025
2026-05-24 11:06:00,3.52823,2.17347,2.1443,1.41445
2026-05-24 12:06:00,3.44706,2.22626,2.13089,1.39172
2026-05-24 13:06:00,3.75297,2.46204,2.21499,1.53734
2026-05-24 14:06:00,3.68378,2.46032,2.27284,1.48326
2026-05-24 15:06:00,3.55863,2.19109,2.04675,1.53763
2026-05-24 16:06:00,3.48837,2.13123,2.12078,1.41902
2026-05-24 17:06:00,3.59175,2.19581,2.14016,1.59084
2026-05-24 18:06:00,3.90332,2.23233,2.18585,1.58034
2026-05-24 19:06:00,3.62609,2.28784,2.19695,1.63837
2026-05-24 20:06:00,3.7109,2.37596,2.23752,1.51319
2026-05-24 21:06:00,3.61811,2.10079,2.08846,1.54343
2026-05-24 22:06:00,3.58997,2.16467,2.19474,1.48153
2026-05-24 23:06:00,3.79106,2.20147,2.18397,1.572
2026-05-25 00:06:00,3.524,2.07866,2.09043,1.52121
2026-05-25 01:06:00,3.93794,2.2269,2.26539,1.6588
2026-05-25 02:06:00,3.98885,2.28012,2.35808,1.63941
2026-05-25 03:06:00,3.66208,2.1023,2.15559,1.54842
2026-05-25 04:06:00,3.49606,1.97138,2.04754,1.55231
2026-05-25 05:06:00,3.42217,2.06984,2.04016,1.36863
2026-05-25 06:06:00,3.56057,2.08868,2.05667,1.38606
2026-05-25 07:06:00,3.50544,2.0833,2.09723,1.42135
2026-05-25 08:06:00,3.61642,2.0524,2.07975,1.50349
2026-05-25 09:06:00,3.5003,2.06643,2.0412,1.54331
2026-05-25 10:06:00,3.24293,2.0821,2.09157,1.3842
2026-05-25 11:06:00,3.45206,2.3654,2.04774,1.34998
2026-05-25 12:06:00,3.74714,2.33642,2.27471,1.69418
2026-05-25 13:06:00,3.98428,2.57186,2.46971,1.70597
2026-05-25 14:06:00,3.53939,2.67919,2.34385,1.54645
2026-05-25 15:06:00,3.45919,2.30386,2.17948,1.4387
2026-05-25 16:06:00,3.64561,2.31531,2.13778,1.58688
2026-05-25 17:06:00,3.56891,2.32025,2.21181,1.54333
2026-05-25 18:06:00,3.71557,2.31044,2.31749,1.54846
2026-05-25 19:06:00,3.65443,2.32872,2.36214,1.66749
2026-05-25 20:06:00,3.7661,2.24754,2.2948,1.74775
2026-05-25 21:06:00,3.9202,2.28181,2.41361,1.67695
2026-05-25 22:06:00,3.93952,2.17749,2.26881,1.6984
2026-05-25 23:06:00,3.70335,2.23157,2.26132,1.65681
2026-05-26 00:06:00,3.74882,2.0999,2.15385,1.66833
2026-05-26 01:06:00,3.80805,2.14647,2.2218,1.6448
2026-05-26 02:06:00,6.99292,2.20297,2.20398,1.53855
2026-05-26 03:06:00,6.78015,2.15165,2.12985,1.46091
2026-05-26 04:06:00,7.81874,2.05699,2.09447,1.57933
2026-05-26 05:06:00,6.54892,2.23091,2.23438,1.52981
2026-05-26 06:06:00,7.6119,2.18424,2.18729,1.59457
2026-05-26 07:06:00,5.85158,2.17083,2.20152,1.61983
2026-05-26 08:06:00,6.36516,2.28558,2.2849,1.51551
2026-05-26 09:06:00,6.33167,2.10582,2.19286,1.54776
2026-05-26 10:06:00,5.92557,2.22072,2.30146,1.83769
2026-05-26 11:06:00,5.76269,2.35497,2.33405,1.6872
2026-05-26 12:06:00,3.65507,2.16047,2.02287,1.51686
2026-05-26 13:06:00,4.02006,2.44832,2.33039,1.72773
2026-05-26 14:06:00,3.90785,2.38362,2.41174,1.67131
2026-05-26 15:06:00,3.8409,2.34102,2.30501,1.71547
2026-05-26 16:06:00,4.34998,2.6553,2.70123,2.03916
2026-05-26 17:06:00,3.83484,2.31085,2.30696,1.66382
2026-05-26 18:06:00,0.19425,0.14139,0.12948,0.11688
2026-05-26 19:06:00,0.17657,0.28682,0.12169,0.1028
2026-05-26 20:06:00,0.18058,0.20037,0.11153,0.1011
2026-05-26 21:06:00,0.23833,0.15066,0.14419,0.11687
2026-05-26 22:06:00,0.20163,0.13598,0.13374,0.11288
2026-05-26 23:06:00,0.23591,0.14654,0.15011,0.13116
2026-05-27 00:06:00,0.19292,0.12206,0.11991,0.1081
2026-05-27 01:06:00,0.20284,0.11845,0.11901,0.10605
2026-05-27 02:06:00,0.19201,0.11991,0.12343,0.10995
2026-05-27 03:06:00,0.2267,0.1398,0.1346,0.11106
2026-05-27 04:06:00,0.20707,0.12577,0.12271,0.10165
2026-05-27 05:06:00,0.20221,0.12295,0.1239,0.09909
2026-05-27 06:06:00,0.19731,0.11645,0.11941,0.09777
2026-05-27 07:06:00,0.1951,0.12051,0.12284,0.09575
2026-05-27 08:06:00,0.18801,0.11589,0.11771,0.0894
2026-05-27 09:06:00,0.21172,0.11955,0.12345,0.09636
2026-05-27 10:06:00,0.20605,0.12573,0.12351,0.09398
2026-05-27 11:06:00,0.16564,0.11356,0.1124,0.08623
2026-05-27 12:06:00,0.1889,0.12108,0.12198,0.09447
2026-05-27 13:06:00,0.19979,0.13769,0.13711,0.09494
2026-05-27 14:06:00,0.18509,0.11288,0.117,0.09108
2026-05-27 15:06:00,0.18993,0.12989,0.12981,0.09529
2026-05-27 16:06:00,0.18728,0.12964,0.12923,0.09796
2026-05-27 17:06:00,0.18876,0.13973,0.14373,0.09245
2026-05-27 18:06:00,0.19775,0.12717,0.13169,0.09475
2026-05-27 19:06:00,0.17446,0.12252,0.12852,0.09146
2026-05-27 20:06:00,0.19011,0.13852,0.14134,0.09965
2026-05-27 21:06:00,0.19606,0.13036,0.13411,0.09286
2026-05-27 22:06:00,0.18708,0.13318,0.13682,0.09914
2026-05-27 23:06:00,0.18218,0.12657,0.13201,0.0967
2026-05-28 00:06:00,0.22532,0.14352,0.14719,0.10446
2026-05-28 01:06:00,0.18995,0.12472,0.12473,0.08881
2026-05-28 02:06:00,0.24372,0.14397,0.14826,0.09717
2026-05-28 03:06:00,0.21278,0.12825,0.13456,0.09464
2026-05-28 04:06:00,0.21282,0.13713,0.13732,0.10256
2026-05-28 05:06:00,0.22482,0.14778,0.14943,0.10942
2026-05-28 06:06:00,0.22878,0.15272,0.15652,0.11126
2026-05-28 07:06:00,0.21148,0.12769,0.13368,0.09399
2026-05-28 08:06:00,4.61375,2.38092,2.47673,1.65652
2026-05-28 09:06:00,4.09699,2.36196,2.41745,1.54408
2026-05-28 10:06:00,4.0107,2.27688,2.30182,1.48703
2026-05-28 11:06:00,7.30249,2.14401,2.27669,1.61615
2026-05-28 12:06:00,7.61813,2.26467,2.3973,1.79287
2026-05-28 13:06:00,7.60969,2.24428,2.34007,1.69418
2026-05-28 14:06:00,7.38543,2.14683,2.15841,1.37291
2026-05-28 15:06:00,8.08682,2.20118,2.22466,1.58158
2026-05-28 16:06:00,7.24816,2.37759,2.4438,1.7202
2026-05-28 17:06:00,7.05177,2.52338,2.58246,1.69462
2026-05-28 18:06:00,8.87106,2.20692,2.31657,1.72506
2026-05-28 19:06:00,7.45563,2.47112,2.58996,1.65188
2026-05-28 20:06:00,8.54329,2.2759,2.37067,1.50172
2026-05-28 21:06:00,0.182,0.1193,0.11372,0.10188
2026-05-28 22:06:00,0.1986,0.14796,0.15147,0.11818
2026-05-28 23:06:00,0.17712,0.17633,0.13171,0.10391
2026-05-29 00:06:00,0.18156,0.1288,0.13095,0.10473
2026-05-29 01:06:00,0.21557,0.13093,0.13581,0.11066
2026-05-29 02:06:00,0.2333,0.13389,0.13518,0.11401
2026-05-29 03:06:00,0.21765,0.14441,0.14669,0.11686
2026-05-29 04:06:00,0.20351,0.13247,0.13538,0.11604
2026-05-29 05:06:00,0.21008,0.14249,0.14169,0.10914
2026-05-29 06:06:00,0.22596,0.13573,0.13816,0.11165
2026-05-29 07:06:00,0.22488,0.14551,0.145,0.11404
2026-05-29 08:06:00,0.25297,0.16484,0.16752,0.12288
2026-05-29 09:06:00,5.05438,2.32921,2.36391,1.39481
2026-05-29 10:06:00,6.15645,2.28871,2.34413,1.45947
2026-05-29 11:06:00,6.38652,2.18176,2.2404,1.42358
2026-05-29 12:06:00,7.56766,2.26893,2.41887,1.73402
2026-05-29 13:06:00,7.57411,2.28068,2.35208,1.73505
2026-05-29 14:06:00,7.34259,2.13959,2.14686,1.46272
2026-05-29 15:06:00,7.50276,2.49419,2.48055,1.52974
2026-05-29 16:06:00,7.36734,2.34554,2.41316,1.56639
2026-05-29 17:06:00,6.92799,2.21723,2.31628,1.63341
2026-05-29 18:06:00,7.54018,2.25718,2.37595,1.83992
2026-05-29 19:06:00,0.24859,0.16435,0.16457,0.12956
2026-05-29 20:06:00,0.24028,0.15846,0.14431,0.12529
2026-05-29 21:06:00,0.28242,0.19794,0.18125,0.13513
2026-05-29 22:06:00,0.2215,0.14865,0.14568,0.11346
2026-05-29 23:06:00,0.2258,0.16657,0.14057,0.11001
2026-05-30 00:06:00,0.23162,0.15723,0.15252,0.13295
2026-05-30 01:06:00,0.20082,0.13568,0.13424,0.10767
2026-05-30 02:06:00,0.26924,0.15572,0.15663,0.11836
2026-05-30 03:06:00,0.26626,0.13633,0.14074,0.09965
2026-05-30 04:06:00,0.24012,0.12371,0.12624,0.09929
2026-05-30 05:06:00,0.263,0.12646,0.12686,0.09753
2026-05-30 06:06:00,0.19347,0.12394,0.12496,0.09599
2026-05-30 07:06:00,0.21232,0.12634,0.12542,0.09382
2026-05-30 08:06:00,0.25133,0.12369,0.12605,0.09513
2026-05-30 09:06:00,0.22766,0.14214,0.14512,0.10009
2026-05-30 10:06:00,0.26003,0.14461,0.15064,0.10545
2026-05-30 11:06:00,0.29477,0.16034,0.16608,0.11751
2026-05-30 12:06:00,0.22565,0.12805,0.1296,0.08996
2026-05-30 13:06:00,0.26517,0.15055,0.15065,0.10288
2026-05-30 14:06:00,0.25952,0.14747,0.1494,0.10353
2026-05-30 15:06:00,0.28471,0.16969,0.16107,0.1054
2026-05-30 16:06:00,0.26373,0.14193,0.14624,0.10036
2026-05-30 17:06:00,0.25229,0.13566,0.13624,0.09085
2026-05-30 18:06:00,0.22753,0.13253,0.13889,0.09463
2026-05-30 19:06:00,0.24652,0.15424,0.14743,0.10218
2026-05-30 20:06:00,0.25045,0.14646,0.14798,0.10138
2026-05-30 21:06:00,0.25754,0.13658,0.14036,0.09556
2026-05-30 22:06:00,6.81538,2.43958,2.51202,1.62874
2026-05-30 23:06:00,8.81786,2.29908,2.4332,1.78434
2026-05-31 00:06:00,7.94486,2.44127,2.61353,1.9242
2026-05-31 01:06:00,8.54366,2.28621,2.41997,1.8319
2026-05-31 02:06:00,8.33673,2.36038,2.48586,1.84365
2026-05-31 03:06:00,7.14763,2.22795,2.34053,1.85498
2026-05-31 04:06:00,8.11976,2.34205,2.43318,1.84904
2026-05-31 05:06:00,7.56714,2.24055,2.32105,1.64633
2026-05-31 06:06:00,7.08023,2.23596,2.30788,1.48982
2026-05-31 07:06:00,7.12794,2.22933,2.37702,1.67565
2026-05-31 08:06:00,7.13281,2.27708,2.38409,1.71486
2026-05-31 09:06:00,6.86149,2.21075,2.34242,1.6259
2026-05-31 10:06:00,8.32577,2.21439,2.30945,1.56767
2026-05-31 11:06:00,6.30326,2.01555,2.15122,1.37251
2026-05-31 12:06:00,6.60934,2.11381,2.2338,1.49671
2026-05-31 13:06:00,0.49104,0.28737,0.29003,0.23499
2026-05-31 14:06:00,0.22064,0.15007,0.15176,0.11643
2026-05-31 15:06:00,0.21777,0.16169,0.14737,0.11034
2026-05-31 16:06:00,0.23607,0.16662,0.15996,0.12548
2026-05-31 17:06:00,0.18532,0.16308,0.12851,0.10432
2026-05-31 18:06:00,0.19678,0.12133,0.1181,0.09596
2026-05-31 19:06:00,0.19723,0.14116,0.12143,0.09841
2026-05-31 20:06:00,0.21721,0.12949,0.1324,0.10215
2026-05-31 21:06:00,0.2099,0.13141,0.13779,0.09983
2026-05-31 22:06:00,4.31491,2.48814,2.58199,1.68893
2026-05-31 23:06:00,7.7142,2.35161,2.39927,1.76987
2026-06-01 00:06:00,7.69953,2.3824,2.50032,1.73951
2026-06-01 01:06:00,7.47277,2.29969,2.41463,1.7616
2026-06-01 02:06:00,7.59268,2.17881,2.20037,1.37826
2026-06-01 03:06:00,7.57748,2.44857,2.47726,1.55725
2026-06-01 04:06:00,0.19007,0.15411,0.14458,0.11083
2026-06-01 05:06:00,0.20273,0.1515,0.15389,0.11683
2026-06-01 06:06:00,0.22282,0.16427,0.14934,0.1202
2026-06-01 07:06:00,0.21361,0.17864,0.16171,0.11457
2026-06-01 08:06:00,0.20054,0.14122,0.14603,0.11226
2026-06-01 09:06:00,0.21953,0.14143,0.144,0.11469
2026-06-01 10:06:00,0.18741,0.13269,0.13456,0.10116
2026-06-01 11:06:00,0.21463,0.15248,0.1504,0.10864
2026-06-01 12:06:00,0.15887,0.11541,0.11671,0.08582
2026-06-01 13:06:00,0.20065,0.12508,0.12711,0.09438
2026-06-01 14:06:00,0.21396,0.14705,0.13496,0.09988
2026-06-01 15:06:00,0.17916,0.1374,0.12951,0.09139
2026-06-01 16:06:00,0.18424,0.1271,0.12804,0.0925
2026-06-01 17:06:00,0.22203,0.14454,0.14615,0.09982
2026-06-01 18:06:00,0.20242,0.13343,0.13303,0.0936
2026-06-01 19:06:00,0.22492,0.13213,0.13796,0.09763
2026-06-01 20:06:00,4.18026,2.50846,2.5986,1.59361
2026-06-01 21:06:00,4.10218,2.16373,2.22755,1.63423
2026-06-01 22:06:00,6.29432,2.24955,2.35602,1.61161
2026-06-01 23:06:00,6.39408,2.30193,2.44874,1.62196
2026-06-02 00:06:00,6.27799,2.38621,2.54617,1.85202
2026-06-02 01:06:00,0.20677,0.26169,0.13786,0.11454
2026-06-02 02:06:00,0.2272,0.30114,0.15325,0.12389
2026-06-02 03:06:00,0.23066,0.15555,0.15568,0.11994
2026-06-02 04:06:00,0.21821,0.14811,0.14422,0.11516
2026-06-02 05:06:00,0.28542,0.14365,0.14702,0.12524
2026-06-02 06:06:00,0.29728,0.14348,0.14584,0.12308
2026-06-02 07:06:00,0.21122,0.13057,0.13245,0.10992
2026-06-02 08:06:00,4.25843,2.05698,2.09798,1.58145
2026-06-02 09:06:00,6.82034,2.30008,2.4302,1.83513
2026-06-02 10:06:00,7.77414,2.40646,2.52298,1.74232
2026-06-02 11:06:00,8.73052,2.47622,2.57503,1.74418
2026-06-02 12:06:00,7.42363,2.28119,2.269,1.42595
2026-06-02 13:06:00,6.04011,2.49869,2.50988,1.46018
2026-06-02 14:06:00,0.24694,0.20384,0.18588,0.11955
2026-06-02 15:06:00,0.24578,0.17075,0.12198,0.10815
2026-06-02 16:06:00,0.17877,0.2139,0.11988,0.09796
2026-06-02 17:06:00,0.20428,0.13616,0.12828,0.11188
2026-06-02 18:06:00,0.25682,0.13747,0.13825,0.11896
2026-06-02 19:06:00,0.21971,0.12817,0.13126,0.1106
2026-06-02 20:06:00,6.66378,2.6757,2.87305,1.98728
2026-06-02 21:06:00,8.19484,2.41722,2.48592,1.7438
2026-06-02 22:06:00,7.96605,2.30648,2.39918,1.65108
2026-06-02 23:06:00,7.75788,2.25678,2.36733,1.51877
2026-06-03 00:06:00,7.26801,2.57682,2.63075,1.67279
2026-06-03 01:06:00,7.16921,2.32493,2.38963,1.55104
2026-06-03 02:06:00,0.17487,0.26077,0.11283,0.10374
2026-06-03 03:06:00,0.17912,0.155,0.12847,0.10978
2026-06-03 04:06:00,0.208,0.13935,0.14081,0.12572
2026-06-03 05:06:00,0.18032,0.11577,0.11849,0.10476
2026-06-03 06:06:00,0.18696,0.12698,0.12372,0.11536
2026-06-03 07:06:00,0.20199,0.14732,0.13947,0.11645
2026-06-03 08:06:00,6.28984,2.08633,2.17344,1.61687
2026-06-03 09:06:00,6.44826,2.17251,2.22293,1.41989
2026-06-03 10:06:00,6.40436,2.23608,2.27899,1.41004
2026-06-03 11:06:00,0.2122,0.13518,0.13673,0.12001
2026-06-03 12:06:00,0.23675,0.1448,0.1467,0.12773
2026-06-03 13:06:00,0.16382,0.13075,0.11817,0.10094
2026-06-03 14:06:00,0.19631,0.13728,0.12791,0.11224
2026-06-03 15:06:00,0.24039,0.1479,0.15184,0.12224
2026-06-03 16:06:00,0.16911,0.13026,0.12304,0.10463
2026-06-03 17:06:00,0.19105,0.12462,0.12578,0.10347
2026-06-03 18:06:00,0.19441,0.13381,0.13753,0.10983
2026-06-03 19:06:00,0.20386,0.12335,0.12519,0.10207
2026-06-03 20:06:00,0.19997,0.12475,0.13036,0.11886
2026-06-03 21:06:00,2.18539,1.35397,1.45438,1.02167
2026-06-03 22:06:00,2.5173,1.4762,1.61126,1.34124
2026-06-03 23:06:00,2.08379,1.26497,1.37789,1.01899
2026-06-04 00:06:00,2.26679,1.37492,1.51486,1.22695
2026-06-04 01:06:00,7.776,2.38774,2.46575,1.52879
2026-06-04 02:06:00,6.84699,2.19633,2.26077,1.48272
2026-06-04 03:06:00,0.20315,0.25192,0.1672,0.12301
2026-06-04 04:06:00,0.23459,0.16367,0.16895,0.13347
2026-06-04 05:06:00,0.19277,0.13326,0.13212,0.12199
2026-06-04 06:06:00,0.1846,0.11841,0.12542,0.10792
2026-06-04 07:06:00,0.18133,0.11849,0.12197,0.09921
2026-06-04 08:06:00,0.19779,0.12609,0.12844,0.10608
2026-06-04 09:06:00,0.18267,0.11627,0.11988,0.09843
2026-06-04 10:06:00,0.2027,0.13285,0.1371,0.10404
2026-06-04 11:06:00,0.1858,0.12955,0.12877,0.10211
2026-06-04 12:06:00,0.19097,0.1847,0.119,0.09107
2026-06-04 13:06:00,0.09324,0.11614,21.12852,0.08645
2026-06-04 14:06:00,0.10007,0.11338,175.350372,0.08468
2026-06-04 15:06:00,0.13009,0.10747,23.54679,0.08749
2026-06-04 16:06:00,0.0971,0.16597,16.92857,0.08215
2026-06-04 17:06:00,1.41674,2.18196,25.09903,1.45168
2026-06-04 18:06:00,0.13368,0.16179,3.2444,0.12782
2026-06-04 19:06:00,0.1121,0.14851,22.39796,0.11398
2026-06-04 20:06:00,0.09626,0.15214,11.20379,0.10964
2026-06-04 20:21:15,0.07451,0.07929,25.35546,0.04899
2026-06-04 21:06:00,0.09818,0.09145,2.51978,0.08176
2026-06-04 22:06:00,0.10222,0.118,5.20531,0.09904
2026-06-04 23:06:00,0.10709,0.11236,1.34795,0.09246
2026-06-05 00:06:00,0.10937,0.09596,2.92956,0.08523
2026-06-05 01:06:00,0.10892,0.10735,2.02975,0.09501
2026-06-05 02:06:00,0.13274,0.11958,2.41579,0.11155
2026-06-05 03:06:00,0.10259,0.10059,0.9252,0.10071
2026-06-05 04:06:00,0.09001,0.1101,0.86736,0.09574
2026-06-05 05:06:00,0.10663,0.10974,0.83151,0.09955
2026-06-05 06:06:00,0.11895,0.10029,0.78976,0.09202
2026-06-05 07:06:00,0.12351,0.11006,0.70068,0.099
2026-06-05 08:06:00,0.10218,0.11467,0.91546,0.10035
2026-06-05 09:06:00,0.09546,0.11139,0.72081,0.0963
2026-06-05 10:06:00,0.09652,0.10743,0.78345,0.08886
2026-06-05 11:06:00,0.10531,0.12036,1.02813,0.08434
2026-06-05 12:06:00,0.14108,0.10999,0.70284,0.07962
2026-06-05 13:06:00,0.11127,0.10775,0.68211,0.07602
2026-06-05 14:06:00,0.14076,0.1193,0.69116,0.07792
2026-06-05 15:06:00,0.14001,0.12467,1.45707,0.07402
2026-06-05 16:06:00,0.19813,0.1214,0.68265,0.07296
2026-06-05 17:06:00,0.11738,0.13651,0.64476,0.08508
2026-06-05 18:06:00,0.25895,0.13735,0.69736,0.08483
2026-06-05 19:06:00,1.44331,2.43858,0.7172,1.65076
2026-06-05 20:06:00,1.62924,2.26722,0.64136,1.60837
2026-06-05 21:06:00,1.26692,2.10138,1.29846,1.4902
2026-06-05 22:06:00,1.5514,2.33877,0.79712,1.59779
2026-06-05 23:06:00,1.45409,2.25733,9.24674,1.44478
2026-06-06 00:06:00,1.51062,2.06958,9.73805,1.5271
2026-06-06 01:06:00,1.35009,2.11181,1.2238,1.53569
2026-06-06 02:06:00,1.18399,2.18594,6.31659,1.35653
2026-06-06 03:06:00,1.32065,2.16292,14.55492,1.52956
2026-06-06 04:06:00,1.25257,2.13282,2.44838,1.47436
2026-06-06 05:06:00,1.46771,2.18812,8.37107,1.50922
2026-06-06 06:06:00,0.12361,0.15088,12.65436,0.11989
2026-06-06 07:06:00,0.12645,0.12136,4.15834,0.11039
2026-06-06 08:06:00,0.10543,0.18634,12.26592,0.11004
2026-06-06 09:06:00,0.10984,0.11605,7.18678,0.11482
2026-06-06 10:06:00,0.11376,0.1106,4.71442,0.10265
2026-06-06 11:06:00,0.11069,0.11595,47.59826,0.116
2026-06-06 12:06:00,0.28855,0.10543,3.41563,0.09748
2026-06-06 13:06:00,0.09633,0.10685,6.21018,0.09502
2026-06-06 14:06:00,0.10785,0.12634,15.20969,0.09716
2026-06-06 15:06:00,0.11659,0.12907,5.44434,0.09793
2026-06-06 16:06:00,0.1615,0.12259,6.78093,0.09505
2026-06-06 17:06:00,0.18537,0.11096,4.88157,0.08938
2026-06-06 18:06:00,0.14944,0.11888,5.3593,0.09066
2026-06-06 19:06:00,0.14927,0.11593,8.20763,0.09178
2026-06-06 20:06:00,0.09548,0.12572,4.50217,0.10202
2026-06-06 21:06:00,0.10003,0.10572,4.81662,0.08563
2026-06-06 22:06:00,0.10835,0.11984,4.57371,0.09273
2026-06-06 23:06:00,0.1086,0.11537,4.39443,0.08912
2026-06-07 00:06:00,0.09752,0.11848,4.84752,0.08666
2026-06-07 01:06:00,0.10357,0.11274,13.4782,0.08767
2026-06-07 02:06:00,0.12532,0.11718,3.99729,0.08679
2026-06-07 03:06:00,0.11866,0.10801,44.26951,0.07999
2026-06-07 04:06:00,0.0993,0.11882,4.61171,0.09172
2026-06-07 05:06:00,0.09935,0.14255,3.93238,0.10192
2026-06-07 06:06:00,0.10735,0.1328,4.00971,0.09822
2026-06-07 07:06:00,0.09745,0.126,3.63394,0.08622
2026-06-07 08:06:00,0.10451,0.14177,3.8563,0.10259
2026-06-07 09:06:00,0.11025,0.15629,3.40554,0.10101
2026-06-07 10:06:00,0.11254,0.1479,3.35414,0.10693
2026-06-07 11:06:00,0.12877,0.13601,3.24841,0.08395
2026-06-07 12:06:00,0.11588,0.12921,3.61025,0.08615
2026-06-07 13:06:00,0.12753,0.13659,14.49853,0.0913
2026-06-07 14:06:00,0.14196,0.17303,4.13031,0.10385
2026-06-07 15:06:00,0.11537,0.18549,3.94362,0.09415
2026-06-07 16:06:00,0.14173,0.14005,3.64428,0.08743
2026-06-07 17:06:00,0.11229,0.18142,3.60096,0.10184
2026-06-07 18:06:00,0.14492,0.15394,3.73481,0.09073
2026-06-07 19:06:00,0.1256,0.14213,3.5544,0.09454
2026-06-07 20:06:00,0.10842,0.13852,3.55694,0.09108
2026-06-07 21:06:00,0.11397,0.13287,3.56609,0.08651
2026-06-07 22:06:00,0.10524,0.15238,3.5183,0.09405
2026-06-07 23:06:00,0.12019,0.13719,3.36069,0.09191
2026-06-08 00:06:00,0.10381,0.15113,3.28627,0.10232
2026-06-08 01:06:00,0.148,0.16796,3.51852,0.09522
2026-06-08 02:06:00,0.11392,0.15546,3.46335,0.09109
2026-06-08 03:06:00,0.11417,0.15868,3.46061,0.09616
2026-06-08 04:06:00,0.10651,0.15488,3.50775,0.09832
2026-06-08 05:06:00,0.10262,0.15554,3.3298,0.08941
2026-06-08 06:06:00,0.12206,0.16514,3.57224,0.10004
2026-06-08 07:06:00,0.12028,0.16766,3.29943,0.1012
2026-06-08 08:06:00,0.12708,0.16486,3.25085,0.09746
2026-06-08 09:06:00,0.14114,0.17408,3.24455,0.10197
2026-06-08 10:06:00,0.11134,0.15,2.85834,0.09383
2026-06-08 11:06:00,1.77956,2.9378,2.72286,1.81095
2026-06-08 12:06:00,1.44528,3.61101,2.70894,2.12171
2026-06-08 13:06:00,1.38994,4.93763,2.57721,2.49854
2026-06-08 14:06:00,1.49823,4.30522,2.68735,2.07444
2026-06-08 15:06:00,1.5406,4.60788,2.78847,2.12168
2026-06-08 16:06:00,1.92904,3.89424,2.9892,2.44311
2026-06-08 17:06:00,1.82868,4.02592,2.58352,2.00218
2026-06-08 18:06:00,1.59338,2.8753,2.80787,2.01027
2026-06-08 19:06:00,1.30095,3.1796,2.76743,1.78962
2026-06-08 20:06:00,1.85636,3.32083,2.87713,2.10289
2026-06-08 21:06:00,1.34802,2.63993,2.79133,1.28883
2026-06-08 22:06:00,1.02106,2.13695,2.83053,1.09758
2026-06-08 23:06:00,1.11693,1.94317,3.82631,1.0237
2026-06-09 00:06:00,0.98092,1.77164,2.80329,1.14018
2026-06-09 01:06:00,0.85085,1.94445,2.83107,1.19924
2026-06-09 02:06:00,1.23771,2.59038,2.7634,1.68523
2026-06-09 03:06:00,1.14134,2.40519,2.7907,1.54626
2026-06-09 04:06:00,1.23528,2.07334,2.74032,1.3941
2026-06-09 05:06:00,1.15432,1.8846,2.65439,1.11294
2026-06-09 06:06:00,1.11243,1.92836,2.90491,1.12817
2026-06-09 07:06:00,0.77611,1.68475,9.06258,1.16056
2026-06-09 08:06:00,0.84592,1.71079,3.05012,1.19279
2026-06-09 09:06:00,0.12537,0.28181,3.39437,0.12976
2026-06-09 10:06:00,1.11777,2.07933,6.11768,1.10203
2026-06-09 11:06:00,1.32544,2.14464,2.98199,1.04194
2026-06-09 12:06:00,1.14466,1.97461,5.57326,1.01801
2026-06-09 13:06:00,1.6246,2.11109,4.05482,1.37275
2026-06-09 14:06:00,1.57113,2.34826,2.77363,1.30038
2026-06-09 15:06:00,1.09239,2.02426,2.24883,1.39723
2026-06-09 16:06:00,1.65716,2.26256,2.49382,1.16091
2026-06-09 17:06:00,0.57872,0.88182,2.60035,0.53887
2026-06-09 18:06:00,0.19716,0.32816,2.58636,0.18759
2026-06-09 19:06:00,0.18099,0.3645,2.66548,0.23496
2026-06-09 20:06:00,0.54439,0.65778,2.86286,0.75177
2026-06-09 21:06:00,0.62958,0.4418,3.09816,0.34836
2026-06-09 22:06:00,0.98178,4.90536,2.81371,2.26438
2026-06-09 23:06:00,1.12901,2.77636,2.56603,1.47293
2026-06-10 00:06:00,1.08169,2.1298,2.49349,1.40319
2026-06-10 01:06:00,0.80817,2.72898,2.50877,1.53232
2026-06-10 02:06:00,1.26763,3.55537,2.71986,1.86391
2026-06-10 03:06:00,1.25741,3.99108,2.36769,2.12043
2026-06-10 04:06:00,0.6599,0.74902,2.32858,0.66105
2026-06-10 05:06:00,1.57113,3.12884,2.29618,2.11514
2026-06-10 06:06:00,1.05778,2.37061,2.37488,1.41425
2026-06-10 07:06:00,1.12534,3.39216,2.59246,2.13811
2026-06-10 08:06:00,1.34387,2.47879,2.22567,1.72092
