"Frequency (HZ)","4RH 2026-06-10 09:50:00"
0,0.02715290039756342
0.3125,0.015450283168926063
0.625,0.001385929291125633
0.9375,0.0009404520189781082
1.25,0.0026092240225783605
1.5625,0.02523664102054788
1.875,0.11800905071222291
2.1875,0.14333054454651317
2.5,0.095402846917689
2.8125,0.09074301322966964
3.125,0.05338656197958433
3.4375,0.0812889955652055
3.75,0.05749485237827817
4.0625,0.036939258249185244
4.375,0.05602407027341015
4.6875,0.05555030873001517
5,0.051364236585390806
5.3125,0.08145163012487841
5.625,0.07244308973256179
5.9375,0.06964294687906306
6.25,0.06218297033754499
6.5625,0.0602949952317769
6.875,0.04864894654563447
7.1875,0.05433408506637431
7.5,0.11639684725111758
7.8125,0.06866713952102563
8.125,0.041740513293441896
8.4375,0.03283803891830327
8.75,0.02942271316517224
9.0625,0.022160726522386397
9.375,0.026983194770078652
9.6875,0.025484128393963173
10,0.018024151852445096
10.3125,0.027930717856868625
10.625,0.028729748519609424
10.9375,0.027980215331551685
11.25,0.023490087271017108
11.5625,0.026877128752900672
11.875,0.021382909063081195
12.1875,0.01603011072949903
12.5,0.02119199023216083
12.8125,0.02878631706210435
13.125,0.022493066709544075
13.4375,0.018165573208682406
13.75,0.01849791339584008
14.0625,0.02165868070774395
14.375,0.020216182874123394
14.6875,0.029648987335151936
15,0.06634075821092189
15.3125,0.04673268716861892
15.625,0.013838079707820734
15.9375,0.01938886794013513
16.25,0.023461802999769646
16.5625,0.021496046148071043
16.875,0.016942278477229678
17.1875,0.024960869375885125
17.5,0.017804948750277265
17.8125,0.015365430355183677
18.125,0.013343104960990152
18.4375,0.012841059146347701
18.75,0.008322646814565663
19.0625,0.014170419894978411
19.375,0.021107137418418444
19.6875,0.017302902935634815
20,0.01406435387780043
20.3125,0.01566948627109389
20.625,0.019664639584797885
20.9375,0.022075873708644014
21.25,0.01883025358299776
21.5625,0.01442497833620557
21.875,0.01184403858487467
22.1875,0.024098199102837538
22.5,0.04315472685581499
22.8125,0.03560989750055453
23.125,0.021524330419318505
23.4375,0.021107137418418444
23.75,0.016277598102914324
24.0625,0.01808072039494002
24.375,0.01639073518790417
24.6875,0.027485240584721102
25,0.03444317131159673
25.3125,0.02379414318692732
25.625,0.01772009593653488
25.9375,0.009899494936611665
26.25,0.013392602435673208
26.5625,0.0195797867710555
26.875,0.018052436123692558
27.1875,0.01109450539681693
27.5,0.012289515857022195
27.8125,0.015973542187004107
28.125,0.01946664968606565
28.4375,0.02180010206398126
28.75,0.015308861812688751
29.0625,0.012480434687942563
29.375,0.01936058366888767
29.6875,0.02992475897981469
30,0.05386032352297932
30.3125,0.05455328816854214
30.625,0.031918800102760755
30.9375,0.025823539648932713
31.25,0.01672307537506185
31.5625,0.012508718959190026
31.875,0.015556349186104044
32.1875,0.018278710293672253
32.5,0.016581654018824537
32.8125,0.026622570311673515
33.125,0.019996979771955564
33.4375,0.031197551185950474
33.75,0.05164000823005356
34.0625,0.04321129539830992
34.375,0.036140227586444446
34.6875,0.03846660889654818
35,0.026071027022348005
35.3125,0.02379414318692732
35.625,0.02379414318692732
35.9375,0.02634679866701076
36.25,0.03686147650325472
36.5625,0.03425225248067636
36.875,0.04609629106555103
37.1875,0.05424923225263192
37.5,0.11836967517062805
37.8125,0.12998743958552303
38.125,0.0636749656458486
38.4375,0.04997830729426518
38.75,0.07740697933649135
39.0625,0.09058037866999673
39.375,0.07401993785460778
39.6875,0.07102887617018869
40,0.06146172142073471
40.3125,0.08134556410770043
40.625,0.10381034654599704
40.9375,0.09723425348096214
41.25,0.14591148429784406
41.5625,0.1384727209597616
41.875,0.08628116944038253
42.1875,0.08952678956602877
42.5,0.07981821346033748
42.8125,0.06201326471006021
43.125,0.04775799200133942
43.4375,0.07238652119006686
43.75,0.1112137545450202
44.0625,0.08469725025052466
44.375,0.06686401722899993
44.6875,0.06908433252192568
45,0.20079711265354389
45.3125,0.27509282215281444
45.625,0.10772064704595864
45.9375,0.06836308360511541
46.25,0.05530282135659988
46.5625,0.08910959656512871
46.875,0.08259007204258875
47.1875,0.05527453708535242
47.5,0.05721200966580355
47.8125,0.08944193675228639
48.125,0.08036975674966298
48.4375,0.06104452841983465
48.75,0.05272188160526898
49.0625,0.045481108165918736
49.375,0.04792769762882419
49.6875,0.06023842668928198
50,0.04077177700321633
50.3125,0.04265268104117254
50.625,0.03524927304214939
50.9375,0.02878631706210435
51.25,0.03503006993998156
51.5625,0.030009611793557073
51.875,0.0229385439816916
52.1875,0.017055415562219525
52.5,0.053662333624247084
52.8125,0.08592054498197739
53.125,0.03843832462530072
53.4375,0.030589439354130044
53.75,0.01885853785424522
54.0625,0.010535891039679557
54.375,0.015478567440173525
54.6875,0.02013840112819287
55,0.020909147519686207
55.3125,0.023348665914779798
55.625,0.017833233021524727
55.9375,0.01650387227289402
56.25,0.0184130605820977
56.5625,0.022104157979891476
56.875,0.016058395000746493
57.1875,0.015117942981768384
57.5,0.02119199023216083
57.8125,0.021552614690565967
58.125,0.017168552647209373
58.4375,0.0237375746444324
58.75,0.020329319959113242
59.0625,0.02257791952328646
59.375,0.019855558415718254
59.6875,0.012310729060457791
60,0.024769950544964756
60.3125,0.05230468860436891
60.625,0.030950063812535185
60.9375,0.01259357177293241
61.25,0.012261231585774733
61.5625,0.01774838020778234
61.875,0.02340523445727472
62.1875,0.018335278836167177
62.5,0.01392293252156312
62.8125,0.011037936854322007
63.125,0.014615897167125937
63.4375,0.0124521504166951
63.75,0.01692106527379408
64.0625,0.018745400769255374
64.375,0.0176140299193569
64.6875,0.021022284604676054
65,0.01586040510201426
65.3125,0.013286536418495228
65.625,0.029040875503331506
65.9375,0.0589656344831462
66.25,0.03635943068861227
66.5625,0.02390728027191717
66.875,0.022245579336128786
67.1875,0.024876016562142743
67.5,0.03702411106292763
67.8125,0.07388558756618234
68.125,0.04842267237565477
68.4375,0.03536241012713924
68.75,0.01810900466618748
69.0625,0.02015961433162847
69.375,0.02180010206398126
69.6875,0.038551461710290565
70,0.032668333290818495
70.3125,0.03259055154488797
70.625,0.03447145558284419
70.9375,0.03031366770946729
71.25,0.030646007896624965
71.5625,0.03272490183331342
71.875,0.03783021279348029
72.1875,0.0360270905014546
72.5,0.02515178820680549
72.8125,0.027930717856868625
73.125,0.036083659043949515
73.4375,0.05061470339733307
73.75,0.03963333508550599
74.0625,0.039300994898348304
74.375,0.030066180336052
74.6875,0.03785849706472775
75,0.04218599056558942
75.3125,0.06817216477419503
75.625,0.06317999089901802
75.9375,0.040241446917326416
76.25,0.0492570583774549
76.5625,0.07077431772896153
76.875,0.06850450496135271
77.1875,0.11662312142109726
77.5,0.09515535954427369
77.8125,0.04595486970931373
78.125,0.048175185002239475
78.4375,0.04373455441638796
78.75,0.04362848839920998
79.0625,0.05582608037467793
79.375,0.054164379438889534
79.6875,0.04412346314604056
80,0.04204456920935211
80.3125,0.05696452229238827
80.625,0.06564779356535907
80.9375,0.09127334331555954
81.25,0.08697413408594534
81.5625,0.07682008070810652
81.875,0.0967109944628841
82.1875,0.07290978020814491
82.5,0.06880856087726293
82.8125,0.12594278879713597
83.125,0.10921971342207411
83.4375,0.05328049596240635
83.75,0.05921312185656148
84.0625,0.08652865681379782
84.375,0.07746354787898627
84.6875,0.07385730329493488
85,0.07782417233739142
85.3125,0.048726728291564984
85.625,0.04914392129246505
85.9375,0.045509392437166195
86.25,0.03497350139748664
86.5625,0.031918800102760755
86.875,0.04113240146162147
87.1875,0.032420845917403206
87.5,0.03655034951953264
87.8125,0.031480393898425094
88.125,0.043041589770825145
88.4375,0.06375981845959099
88.75,0.06465077300388604
89.0625,0.03976768537393143
89.375,0.030702576439119892
89.6875,0.017055415562219525
90,0.025462915190527576
90.3125,0.045763950878393356
90.625,0.043791122958882885
90.9375,0.016419019459151633
91.25,0.020633375875023455
91.5625,0.020803081502508227
91.875,0.02044245704410309
92.1875,0.04565081379340351
92.5,0.04678925571111385
92.8125,0.02008183258569795
93.125,0.018639334752077394
93.4375,0.01899995921048253
93.75,0.02393556454316463
94.0625,0.01960807104230296
94.375,0.021884954877723642
94.6875,0.02404870162815448
95,0.014644181438373398
95.3125,0.014806815998046305
95.625,0.01822214175117733
95.9375,0.04362848839920998
96.25,0.0488681496478023
96.5625,0.01899995921048253
96.875,0.01220466304327981
97.1875,0.027068047583821038
97.5,0.03331180046169825
97.8125,0.038551461710290565
98.125,0.04595486970931373
98.4375,0.019827274144470792
98.75,0.01015405337783882
99.0625,0.01317339933350538
99.375,0.021524330419318505
99.6875,0.1354816592753425
100,0.1722017144223599
100.3125,0.055104831457867647
100.625,0.03172788127184038
100.9375,0.04842267237565477
101.25,0.028538829688689055
101.5625,0.017833233021524727
101.875,0.0191908780414029
102.1875,0.019417152211382592
102.5,0.017027131290972063
102.8125,0.013449170978168131
103.125,0.008209509729575817
103.4375,0.006851864709697645
103.75,0.013477455249415595
104.0625,0.01586040510201426
104.375,0.021686964978991412
104.6875,0.017168552647209373
105,0.021884954877723642
105.3125,0.024769950544964756
105.625,0.021573827894001564
105.9375,0.018801969311750297
106.25,0.021163705960913364
106.5625,0.02257791952328646
106.875,0.014615897167125937
107.1875,0.029118657249262027
107.5,0.044844712062850844
107.8125,0.02027275141661832
108.125,0.013449170978168131
108.4375,0.013229967876000304
108.75,0.015697770542341356
109.0625,0.011066221125569469
109.375,0.010069200564096435
109.6875,0.008400428560496184
110,0.011787470042379747
110.3125,0.014283556979968259
110.625,0.011617764414894975
110.9375,0.01936058366888767
111.25,0.029260078605499333
111.5625,0.019056527752977455
111.875,0.010069200564096435
112.1875,0.012423866145447639
112.5,0.013116830791010456
112.8125,0.02701147904132611
113.125,0.03796456308190573
113.4375,0.01614324781448888
113.75,0.009842926394116741
114.0625,0.012232947314527272
114.375,0.009736860376938758
114.6875,0.035136135957159545
115,0.06004750785836161
115.3125,0.027039763312573576
115.625,0.0176140299193569
115.9375,0.016609938290072
116.25,0.011122789668064393
116.5625,0.011228855685242373
116.875,0.00887419010389117
117.1875,0.0073185551852807664
117.5,0.009652007563196374
117.8125,0.010260119395016804
118.125,0.01378151116532581
118.4375,0.04365677267045744
118.75,0.07790195408332194
119.0625,0.03650085204484958
119.375,0.012261231585774733
119.6875,0.009538870478206526
120,0.01034497220875919
120.3125,0.021602112165249026
120.625,0.039357563440843235
120.9375,0.022988041456374658
121.25,0.009871210665364203
121.5625,0.010620743853421943
121.875,0.011151073939311853
122.1875,0.05422094798138446
122.5,0.11112890173127779
122.8125,0.05829388304101897
123.125,0.011285424227737297
123.4375,0.006851864709697645
123.75,0.008789337290148785
124.0625,0.0195797867710555
124.375,0.014474475810888626
124.6875,0.009927779207859127
125,0.013116830791010456
125.3125,0.015810907627331203
125.625,0.01603011072949903
125.9375,0.41154321771838254
126.25,0.9087594930453271
126.5625,0.503233754034842
126.875,0.020852578977191283
127.1875,0.013618876605652903
127.5,0.013838079707820734
127.8125,0.020852578977191283
128.125,0.03729988270759038
128.4375,0.025349778105537728
128.75,0.013590592334405443
129.0625,0.015528064914856582
129.375,0.014559328624631013
129.6875,0.07540586714573343
130,0.17627464948199442
130.3125,0.1113551759012575
130.625,0.01406435387780043
130.9375,0.01442497833620557
131.25,0.012395581874200177
131.5625,0.01450276008213609
131.875,0.01938886794013513
132.1875,0.016475588001646557
132.5,0.010896515498084697
132.8125,0.013724942622830886
133.125,0.017027131290972063
133.4375,0.04661955008362908
133.75,0.1267983880023717
134.0625,0.0844214786058619
134.375,0.012841059146347701
134.6875,0.010316687937511728
135,0.012367297602952715
135.3125,0.12785197710633964
135.625,0.38001332634527435
135.9375,0.27406751732009393
136.25,0.031225835457197936
136.5625,0.024430539289995213
136.875,0.034832080041249325
137.1875,0.26458521538438234
137.5,0.868659467484238
137.8125,0.6677775020169517
138.125,0.07876462435636952
138.4375,0.025957889937358158
138.75,0.024932585104637663
139.0625,0.0346128769390815
139.375,0.040821274477899384
139.6875,0.033948196564766144
140,0.0312541197284454
140.3125,0.021135421689665906
140.625,0.021715249250238874
140.9375,0.018356492039602774
141.25,0.02950756597891463
141.5625,0.052863302961506285
141.875,0.04589830116681879
142.1875,0.030893495270040257
142.5,0.028899454147094192
142.8125,0.020491954518786146
143.125,0.06173749306539746
143.4375,0.05335827770833687
143.75,0.031480393898425094
144.0625,0.03020053062447744
144.375,0.038021131624400656
144.6875,0.136033202564668
145,0.5481633189114353
145.3125,0.4969122194110344
145.625,0.0846689659792772
145.9375,0.037356451250085305
146.25,0.03474722722750694
146.5625,0.041825366107184285
146.875,0.04084955874914685
147.1875,0.03447145558284419
147.5,0.025074006460874973
147.8125,0.030978348083782647
148.125,0.032668333290818495
148.4375,0.022493066709544075
148.75,0.030646007896624965
149.0625,0.03253398300239305
149.375,0.040354584002316264
149.6875,0.04775799200133942
150,0.02640336720950568
150.3125,0.026184164107337853
150.625,0.020994000333428596
150.9375,0.018441344853345157
151.25,0.022075873708644014
151.5625,0.01946664968606565
151.875,0.013314820689742688
152.1875,0.03807770016689558
152.5,0.20356897123579515
152.8125,0.22012234098337224
153.125,0.06841965214761034
153.4375,0.027930717856868625
153.75,0.014283556979968259
154.0625,0.016807928188804232
154.375,0.025074006460874973
154.6875,0.018554481938335005
155,0.01636245091665671
155.3125,0.012508718959190026
155.625,0.01220466304327981
155.9375,0.013724942622830886
156.25,0.05582608037467793
156.5625,0.06655996131308972
156.875,0.027039763312573576
157.1875,0.019028243481729993
157.5,0.018384776310850233
157.8125,0.021163705960913364
158.125,0.0169988470197246
158.4375,0.0169988470197246
158.75,0.008237794000823279
159.0625,0.008350931085813125
159.375,0.005989194436650057
159.6875,0.014863384540541228
160,0.054800775541957426
160.3125,0.06540030619194377
160.625,0.021107137418418444
160.9375,0.005465935418572012
161.25,0.007905453813665602
161.5625,0.018306994564919715
161.875,0.014672465709620861
162.1875,0.009736860376938758
162.5,0.006957930726875627
162.8125,0.010564175310927019
163.125,0.010040916292848975
163.4375,0.015450283168926063
163.75,0.021163705960913364
164.0625,0.02047074131535055
164.375,0.008181225458328355
164.6875,0.014891668811788689
165,0.015528064914856582
165.3125,0.007269057710597707
165.625,0.006653874810965412
165.9375,0.006880148980945107
166.25,0.005600285706997456
166.5625,0.004242640687119285
166.875,0.009652007563196374
167.1875,0.011568266940211916
167.5,0.04171222902219444
167.8125,0.062069833252555134
168.125,0.02462852918872745
168.4375,0.012480434687942563
168.75,0.008350931085813125
169.0625,0.007629682169002847
169.375,0.007707463914933367
169.6875,0.007573113626507924
170,0.00737512372777569
170.3125,0.006074047250392443
170.625,0.01015405337783882
170.9375,0.011066221125569469
171.25,0.0169988470197246
171.5625,0.01994041122946064
171.875,0.008987327188881018
172.1875,0.005932625894155133
172.5,0.005883128419472075
172.8125,0.005465935418572012
173.125,0.01059245958217448
173.4375,0.013753226894078348
173.75,0.008513565645486032
174.0625,0.005161879502661797
174.375,0.00693671752344003
174.6875,0.010762165209659252
175,0.039272710627100846
175.3125,0.07091573908519885
175.625,0.03328351619045079
175.9375,0.00998434775035405
176.25,0.006908433252192568
176.5625,0.005741707063234766
176.875,0.007792316728675753
177.1875,0.010896515498084697
177.5,0.010125769106591359
177.8125,0.005883128419472075
178.125,0.006045762979144981
178.4375,0.008959042917633556
178.75,0.014255272708720798
179.0625,0.02429618900156977
179.375,0.013420886706920671
179.6875,0.008711555544218265
180,0.011037936854322007
180.3125,0.010762165209659252
180.625,0.01943836541481819
180.9375,0.029896474708567225
181.25,0.015146227253015848
181.5625,0.010847018023401638
181.875,0.015810907627331203
182.1875,0.01220466304327981
182.5,0.05319564314866397
182.8125,0.11110061746003035
183.125,0.05926969039905641
183.4375,0.010373256480006652
183.75,0.011285424227737297
184.0625,0.011009652583074545
184.375,0.012232947314527272
184.6875,0.021354624791833733
185,0.0176140299193569
185.3125,0.013647160876900367
185.625,0.010288403666264266
185.9375,0.013364318164425747
186.25,0.010790449480906714
186.5625,0.019247446583897824
186.875,0.019028243481729993
187.1875,0.0124521504166951
187.5,0.010069200564096435
187.8125,0.01392293252156312
188.125,0.018278710293672253
188.4375,0.013364318164425747
188.75,0.011151073939311853
189.0625,0.010260119395016804
189.375,0.011285424227737297
189.6875,0.009623723291948912
190,0.043126442584567534
190.3125,0.11107233318878287
190.625,0.07263400856348216
190.9375,0.014170419894978411
191.25,0.023518371542264566
191.5625,0.015641201999846432
191.875,0.013364318164425747
192.1875,0.021411193334328657
192.5,0.015528064914856582
192.8125,0.012119810229537424
193.125,0.008902474375138632
193.4375,0.005133595231414334
193.75,0.008322646814565663
194.0625,0.01450276008213609
194.375,0.012034957415795038
194.6875,0.010649028124669405
195,0.012621856044179874
195.3125,0.0124521504166951
195.625,0.00662559053971795
195.9375,0.00737512372777569
196.25,0.006264966081312811
196.5625,0.0070710678118654745
196.875,0.006710443353460336
197.1875,0.006653874810965412
197.5,0.0067952961672027214
197.8125,0.014007785335305506
198.125,0.014446191539641166
198.4375,0.0124521504166951
198.75,0.009842926394116741
199.0625,0.008068088373338507
199.375,0.006880148980945107
199.6875,0.008068088373338507
200,0.007820600999923216
200.3125,0.004186072144624361
200.625,0.005960910165402595
200.9375,0.006130615792887367
201.25,0.008789337290148785
201.5625,0.010260119395016804
201.875,0.012034957415795038
202.1875,0.010125769106591359
202.5,0.0073185551852807664
202.8125,0.005543717164502532
203.125,0.007601397897755385
203.4375,0.01663822256131946
203.75,0.014226988437473335
204.0625,0.00887419010389117
204.375,0.0067670118959552595
204.6875,0.004080006127446379
205,0.01134199277023222
205.3125,0.03907472072836861
205.625,0.035136135957159545
205.9375,0.008096372644585969
206.25,0.007431692270270614
206.5625,0.00693671752344003
206.875,0.006434671708797583
207.1875,0.01675135964630931
207.5,0.014644181438373398
207.8125,0.00490732106143464
208.125,0.006236681810065348
208.4375,0.007459976541518076
208.75,0.008541849916733494
209.0625,0.013286536418495228
209.375,0.012395581874200177
209.6875,0.006017478707897519
210,0.0045466966030295
210.3125,0.0047164022305142715
210.625,0.00737512372777569
210.9375,0.026820560210405745
211.25,0.02659428604042605
211.5625,0.008789337290148785
211.875,0.010125769106591359
212.1875,0.029146941520509485
212.5,0.03017224635322998
212.8125,0.009291383104791235
213.125,0.006880148980945107
213.4375,0.0044406305858515184
213.75,0.009043895731375942
214.0625,0.010231835123769342
214.375,0.008350931085813125
214.6875,0.02252135098079154
215,0.022988041456374658
215.3125,0.01059245958217448
215.625,0.009043895731375942
215.9375,0.011179358210559317
216.25,0.008018590898655448
216.5625,0.005741707063234766
216.875,0.005769991334482228
217.1875,0.0047164022305142715
217.5,0.007544829355260462
217.8125,0.0073185551852807664
218.125,0.007155920625607861
218.4375,0.009736860376938758
218.75,0.011228855685242373
219.0625,0.009178246019801387
219.375,0.014863384540541228
219.6875,0.007629682169002847
220,0.005324514062334702
220.3125,0.01600182645825157
220.625,0.020301035687865777
220.9375,0.008930758646386094
221.25,0.008096372644585969
221.5625,0.007933738084913064
221.875,0.0064629559800450445
222.1875,0.01960807104230296
222.5,0.021573827894001564
222.8125,0.00959543902070145
223.125,0.006158900064134829
223.4375,0.007573113626507924
223.75,0.007990306627407986
224.0625,0.013010764773832473
224.375,0.015308861812688751
224.6875,0.009149961748553924
225,0.008817621561396247
225.3125,0.00579827560572969
225.625,0.006682159082212874
225.9375,0.018915106396740145
226.25,0.026127595564842926
226.5625,0.013420886706920671
226.875,0.0064629559800450445
227.1875,0.006597306268470488
227.5,0.010705596667164329
227.8125,0.011815754313627207
228.125,0.013809795436573272
228.4375,0.008761053018901323
228.75,0.005352798333582164
229.0625,0.006851864709697645
229.375,0.0049638896039295635
229.6875,0.015528064914856582
230,0.024960869375885125
230.3125,0.011009652583074545
230.625,0.005522503961066936
230.9375,0.00787716954241814
231.25,0.00787716954241814
231.5625,0.012480434687942563
231.875,0.01603011072949903
232.1875,0.009319667376038697
232.5,0.006823580438450183
232.8125,0.009178246019801387
233.125,0.011730901499884823
233.4375,0.010458109293749037
233.75,0.011285424227737297
234.0625,0.009927779207859127
234.375,0.010458109293749037
234.6875,0.011730901499884823
235,0.011285424227737297
235.3125,0.008902474375138632
235.625,0.011730901499884823
235.9375,0.009736860376938758
236.25,0.006653874810965412
236.5625,0.007933738084913064
236.875,0.010790449480906714
237.1875,0.02071822868876584
237.5,0.033835059479776296
237.8125,0.015224008998946367
238.125,0.008959042917633556
238.4375,0.010458109293749037
238.75,0.009043895731375942
239.0625,0.009793428919433682
239.375,0.01020355085252188
239.6875,0.008845905832643709
240,0.008711555544218265
240.3125,0.007184204896855323
240.625,0.005600285706997456
240.9375,0.006908433252192568
241.25,0.007764032457428291
241.5625,0.013258252147247764
241.875,0.012148094500784886
242.1875,0.0104863935649965
242.5,0.010429825022501575
242.8125,0.013979501064058044
243.125,0.022273863607376244
243.4375,0.013505739520663055
243.75,0.009652007563196374
244.0625,0.011730901499884823
244.375,0.00826607827207074
244.6875,0.018915106396740145
245,0.03732816697883784
245.3125,0.020746512960013303
245.625,0.01256528750168495
245.9375,0.010705596667164329
246.25,0.011568266940211916
246.5625,0.013010764773832473
246.875,0.013866363979068196
247.1875,0.01015405337783882
247.5,0.012508718959190026
247.8125,0.014198704166225875
248.125,0.009178246019801387
248.4375,0.014036069606552968
248.75,0.014559328624631013
249.0625,0.015612917728598968
249.375,0.013979501064058044
249.6875,0.01725340546095176
250,0.012480434687942563
250.3125,0.013675445148147829
250.625,0.021913239148971107
250.9375,0.01220466304327981
251.25,0.010818733752154176
251.5625,0.017946370106514575
251.875,0.01772009593653488
252.1875,0.10624986494109062
252.5,0.25640398992605395
252.8125,0.1566170809650084
253.125,0.017055415562219525
253.4375,0.016199816356983802
253.75,0.016086679271993955
254.0625,0.02895602268958912
254.375,0.031176337982514877
254.6875,0.018745400769255374
255,0.017804948750277265
255.3125,0.016836212460051698
255.625,0.011568266940211916
255.9375,0.03011567781073506
256.25,0.041797081835936827
256.5625,0.030730860710367354
256.875,0.026763991667910825
257.1875,0.029316647147994257
257.5,0.051781429586290874
257.8125,0.037271598436342916
258.125,0.019996979771955564
258.4375,0.024430539289995213
258.75,0.029203510063004413
259.0625,0.03178444981433531
259.375,0.03846660889654818
259.6875,0.03979596964517889
260,0.052997653249931734
260.3125,0.038105984438143045
260.625,0.03644428350235466
260.9375,0.04068692418947394
261.25,0.028538829688689055
261.5625,0.02701147904132611
261.875,0.024239620459074847
262.1875,0.021991020894901625
262.5,0.025321493834290266
262.8125,0.027428672042226175
263.125,0.031643028458098
263.4375,0.030730860710367354
263.75,0.05599578600216269
264.0625,0.057770624022940927
264.375,0.03660691806202756
264.6875,0.0328097546470558
265,0.036140227586444446
265.3125,0.034082546853191585
265.625,0.034414887040349264
265.9375,0.05538767417034226
266.25,0.04318301112706245
266.5625,0.03222992708648283
266.875,0.03405426258194413
267.1875,0.036804907960759796
267.5,0.08788630183367599
267.8125,0.08625288516913507
268.125,0.052863302961506285
268.4375,0.04432145304477279
268.75,0.03158645991560308
269.0625,0.02962070306390447
269.375,0.040241446917326416
269.6875,0.03729988270759038
270,0.03785849706472775
270.3125,0.05155515541631118
270.625,0.04678925571111385
270.9375,0.09124505904431207
271.25,0.3775455236789333
271.5625,0.3810386311779948
271.875,0.09449067916995833
272.1875,0.048698444020317526
272.5,0.03824740579438035
272.8125,0.027039763312573576
273.125,0.04362848839920998
273.4375,0.03830397433687528
273.75,0.028680251044926365
274.0625,0.055465455916272784
274.375,0.04997830729426518
274.6875,0.04498613341908815
275,0.08195367593952085
275.3125,0.08966113985445422
275.625,0.032420845917403206
275.9375,0.033170379105460945
276.25,0.0421294220230945
276.5625,0.036140227586444446
276.875,0.04176879756468936
277.1875,0.0430698740420726
277.5,0.03419568393818143
277.8125,0.030893495270040257
278.125,0.038551461710290565
278.4375,0.03702411106292763
278.75,0.04243347793900471
279.0625,0.027372103499731255
279.375,0.021269771978091347
279.6875,0.026042742751100544
280,0.01899995921048253
280.3125,0.01575433908483628
280.625,0.029316647147994257
280.9375,0.028927738418341658
281.25,0.031614744186850535
281.5625,0.025957889937358158
281.875,0.033587572106361006
282.1875,0.03439367383691367
282.5,0.15087537390177364
282.8125,0.20501146906941572
283.125,0.06955809406532068
283.4375,0.02448710783249014
283.75,0.02648822002324807
284.0625,0.019855558415718254
284.375,0.01994041122946064
284.6875,0.020301035687865777
285,0.021856670606476183
285.3125,0.021107137418418444
285.625,0.01450276008213609
285.9375,0.015224008998946367
286.25,0.029260078605499333
286.5625,0.03627457787486989
286.875,0.02119199023216083
287.1875,0.0203576042303607
287.5,0.020661660146270917
287.8125,0.01750089283436705
288.125,0.01392293252156312
288.4375,0.01936058366888767
288.75,0.01972120812729281
289.0625,0.016807928188804232
289.375,0.012699637790110394
289.6875,0.007820600999923216
290,0.02008183258569795
290.3125,0.030398520523209675
290.625,0.018639334752077394
290.9375,0.015167440456451443
291.25,0.00945401766446414
291.5625,0.009680291834443836
291.875,0.013534023791910519
292.1875,0.017225121189704297
292.5,0.014198704166225875
292.8125,0.012812774875100241
293.125,0.013286536418495228
293.4375,0.011646048686142435
293.75,0.012261231585774733
294.0625,0.014007785335305506
294.375,0.010231835123769342
294.6875,0.01034497220875919
295,0.008322646814565663
295.3125,0.01442497833620557
295.625,0.016942278477229678
295.9375,0.015167440456451443
296.25,0.01453104435338355
296.5625,0.014446191539641166
296.875,0.010896515498084697
297.1875,0.007792316728675753
297.5,0.011285424227737297
297.8125,0.01974949239854027
298.125,0.018469629124592622
298.4375,0.011674332957389899
298.75,0.009043895731375942
299.0625,0.011646048686142435
299.375,0.01073388093841179
299.6875,0.010069200564096435
300,0.009291383104791235
300.3125,0.012289515857022195
300.625,0.01672307537506185
300.9375,0.01392293252156312
301.25,0.012925911960090089
301.5625,0.011815754313627207
301.875,0.007629682169002847
302.1875,0.006158900064134829
302.5,0.007431692270270614
302.8125,0.01109450539681693
303.125,0.007848885271170678
303.4375,0.010231835123769342
303.75,0.00826607827207074
304.0625,0.009793428919433682
304.375,0.012006673144547576
304.6875,0.01034497220875919
305,0.00787716954241814
305.3125,0.00901561146012848
305.625,0.00848528137423857
305.9375,0.00826607827207074
306.25,0.007629682169002847
306.5625,0.007014499269370551
306.875,0.007962022356160524
307.1875,0.007488260812765538
307.5,0.007346839456528228
307.8125,0.005713422791987304
308.125,0.005465935418572012
308.4375,0.0046881179592668095
308.75,0.009263098833543773
309.0625,0.015641201999846432
309.375,0.018278710293672253
309.6875,0.03891208616869571
310,0.025512412665210635
310.3125,0.007735748186180829
310.625,0.008845905832643709
310.9375,0.007573113626507924
311.25,0.00579827560572969
311.5625,0.005989194436650057
311.875,0.007848885271170678
312.1875,0.010231835123769342
312.5,0.007657966440250309
312.8125,0.01184403858487467
313.125,0.02576697110643779
313.4375,0.020803081502508227
313.75,0.008181225458328355
314.0625,0.005409366876077088
314.375,0.01034497220875919
314.6875,0.009927779207859127
315,0.0067952961672027214
315.3125,0.009956063479106589
315.625,0.009234814562296311
315.9375,0.009842926394116741
316.25,0.009567154749453988
316.5625,0.019028243481729993
316.875,0.020301035687865777
317.1875,0.00959543902070145
317.5,0.0067952961672027214
317.8125,0.006321534623807735
318.125,0.004242640687119285
318.4375,0.006597306268470488
318.75,0.005989194436650057
319.0625,0.0046881179592668095
319.375,0.004850752518939716
319.6875,0.004879036790187178
320,0.008902474375138632
320.3125,0.013753226894078348
320.625,0.00945401766446414
320.9375,0.0049638896039295635
321.25,0.005105310960166872
321.5625,0.00579827560572969
321.875,0.005465935418572012
322.1875,0.005932625894155133
322.5,0.00543765114732455
322.8125,0.004850752518939716
323.125,0.005048742417671948
323.4375,0.005741707063234766
323.75,0.00507702668891941
324.0625,0.004801255044256657
324.375,0.004822468247692254
324.6875,0.0049638896039295635
325,0.005465935418572012
325.3125,0.004801255044256657
325.625,0.0024960869375885127
325.9375,0.0038820162287141456
326.25,0.00507702668891941
326.5625,0.0036062445840513925
326.875,0.004992173875177025
327.1875,0.005381082604829626
327.5,0.0038537319574666836
327.8125,0.0049638896039295635
328.125,0.004355777772109133
328.4375,0.00393858477120907
328.75,0.0032739043968937143
329.0625,0.004490128060534576
329.375,0.004129503602129437
329.6875,0.0067387276247077976
330,0.006236681810065348
330.3125,0.0033587572106361006
330.625,0.0035496760415564686
330.9375,0.0049638896039295635
331.25,0.00529622979108724
331.5625,0.004850752518939716
331.875,0.004355777772109133
332.1875,0.003910300499961608
332.5,0.0032173358543987913
332.8125,0.002913279938488576
333.125,0.0032456201256462532
333.4375,0.0031890515831513293
333.75,0.0038254476862192217
334.0625,0.004186072144624361
334.375,0.004879036790187178
334.6875,0.004214356415871823
335,0.0032739043968937143
335.3125,0.004023437584951455
335.625,0.004299209229614209
335.9375,0.0036628131265463155
336.25,0.0029698484809834993
336.5625,0.004186072144624361
336.875,0.00393858477120907
337.1875,0.005600285706997456
337.5,0.004355777772109133
337.8125,0.004051721856198917
338.125,0.0033304729393886386
338.4375,0.004850752518939716
338.75,0.003966869042456532
339.0625,0.0038537319574666836
339.375,0.0046881179592668095
339.6875,0.0038820162287141456
340,0.004850752518939716
340.3125,0.006576093065034891
340.625,0.004772970773009195
340.9375,0.0064629559800450445
341.25,0.007601397897755385
341.5625,0.002800142853498728
341.875,0.002248599564173221
342.1875,0.0021920310216782973
342.5,0.0046315494167718865
342.8125,0.005685138520739842
343.125,0.004327493500861671
343.4375,0.0022203152929257592
343.75,0.002637508293825822
344.0625,0.004101219330881975
344.375,0.0038820162287141456
344.6875,0.003910300499961608
345,0.0033304729393886386
345.3125,0.0017748380207782343
345.625,0.0023051681066681446
345.9375,0.0024960869375885127
346.25,0.0019162593770155438
346.5625,0.0031890515831513293
346.875,0.0029698484809834993
347.1875,0.002326381310103741
347.5,0.002771858582251266
347.8125,0.004355777772109133
348.125,0.0035496760415564686
348.4375,0.0031607673119038674
348.75,0.0032456201256462532
349.0625,0.00282842712474619
349.375,0.003768879143724298
349.6875,0.0031324830406564055
350,0.0024960869375885127
350.3125,0.003075914498161481
350.625,0.0034082546853191585
350.9375,0.002439518395093589
351.25,0.002771858582251266
351.5625,0.00371938166904124
351.875,0.0033304729393886386
352.1875,0.002382949852598665
352.5,0.0031890515831513293
352.8125,0.0021920310216782973
353.125,0.002276883835420683
353.4375,0.0018879751057680819
353.75,0.0019445436482630055
354.0625,0.0018314065632731578
354.375,0.0020788939366884495
354.6875,0.004186072144624361
355,0.0045466966030295
355.3125,0.0038537319574666836
355.625,0.002326381310103741
355.9375,0.0032739043968937143
356.25,0.004214356415871823
356.5625,0.002800142853498728
356.875,0.002354665581351203
357.1875,0.0021354624791833734
357.5,0.0029981327522309613
357.8125,0.0035496760415564686
358.125,0.00393858477120907
358.4375,0.004355777772109133
358.75,0.0031890515831513293
359.0625,0.002326381310103741
359.375,0.0024960869375885127
359.6875,0.0014707821048680187
360,0.002248599564173221
360.3125,0.0029698484809834993
360.625,0.0025809397513308985
360.9375,0.0022203152929257592
361.25,0.0021637467504308353
361.5625,0.004461843789287114
361.875,0.0064912402512925065
362.1875,0.0026870057685088804
362.5,0.0012727922061357853
362.8125,0.0021071782079359115
363.125,0.0014990663761154806
363.4375,0.0032739043968937143
363.75,0.00579827560572969
364.0625,0.0033021886681411767
364.375,0.0015556349186104045
364.6875,0.00096873629022557
365,0.0019940411229460637
365.3125,0.0032456201256462532
365.625,0.002771858582251266
365.9375,0.002276883835420683
366.25,0.0020506096654409876
366.5625,0.0021637467504308353
366.875,0.0025809397513308985
367.1875,0.002276883835420683
367.5,0.003075914498161481
367.8125,0.002524371208835974
368.125,0.002326381310103741
368.4375,0.002326381310103741
368.75,0.002439518395093589
369.0625,0.0024678026663410508
369.375,0.002856711395993652
369.6875,0.0019445436482630055
370,0.0016334166645409246
370.3125,0.0018879751057680819
370.625,0.00185969083452062
370.9375,0.001414213562373095
371.25,0.002665792565073284
371.5625,0.002248599564173221
371.875,0.0021920310216782973
372.1875,0.002524371208835974
372.5,0.0029415642097360374
372.8125,0.0029415642097360374
373.125,0.0034082546853191585
373.4375,0.00282842712474619
373.75,0.0016617009357883866
374.0625,0.0014990663761154806
374.375,0.0010818733752154177
374.6875,0.0013293607486307092
375,0.004051721856198917
375.3125,0.005713422791987304
375.625,0.003075914498161481
375.9375,0.002913279938488576
376.25,0.002913279938488576
376.5625,0.002276883835420683
376.875,0.00185969083452062
377.1875,0.0022203152929257592
377.5,0.0016617009357883866
377.8125,0.0027435743110038042
378.125,0.0031607673119038674
378.4375,0.01788980156401965
378.75,0.04934191119119728
379.0625,0.03474722722750694
379.375,0.00543765114732455
379.6875,0.0026092240225783605
380,0.0019162593770155438
380.3125,0.0013010764773832475
380.625,0.0013576450198781711
380.9375,0.0016617009357883866
381.25,0.0017748380207782343
381.5625,0.001414213562373095
381.875,0.0018031222920256963
382.1875,0.0052396612485923165
382.5,0.0052396612485923165
382.8125,0.0026870057685088804
383.125,0.0015556349186104045
383.4375,0.0017465537495307722
383.75,0.0015556349186104045
384.0625,0.0017748380207782343
384.375,0.0015839191898578662
384.6875,0.0016334166645409246
385,0.0011101576464628796
385.3125,0.0012232947314527272
385.625,0.0023051681066681446
385.9375,0.0038537319574666836
386.25,0.0046315494167718865
386.5625,0.00371938166904124
386.875,0.0015839191898578662
387.1875,0.0018314065632731578
387.5,0.0013293607486307092
387.8125,0.0016334166645409246
388.125,0.0019940411229460637
388.4375,0.0016899852070358485
388.75,0.001385929291125633
389.0625,0.0021637467504308353
389.375,0.003104198769408943
389.6875,0.002382949852598665
390,0.003026417023478423
390.3125,0.0029415642097360374
390.625,0.0019657568516986018
390.9375,0.0016051323932934627
391.25,0.0017182694782833102
391.5625,0.0015839191898578662
391.875,0.0017465537495307722
392.1875,0.0019940411229460637
392.5,0.0017182694782833102
392.8125,0.0021637467504308353
393.125,0.002665792565073284
393.4375,0.0019940411229460637
393.75,0.003768879143724298
394.0625,0.0037405948724768363
394.375,0.0021071782079359115
394.6875,0.0019162593770155438
395,0.00185969083452062
395.3125,0.0014707821048680187
395.625,0.0013576450198781711
395.9375,0.0013293607486307092
396.25,0.0020506096654409876
396.5625,0.0015839191898578662
396.875,0.0013293607486307092
397.1875,0.0011384419177103415
397.5,0.0008909545442950499
397.8125,0.0008909545442950499
398.125,0.0011667261889578033
398.4375,0.002248599564173221
398.75,0.002022325394193526
399.0625,0.0016899852070358485
399.375,0.0014990663761154806
399.6875,0.0012727922061357853
400,0.0016899852070358485
400.3125,0.0017748380207782343
400.625,0.0018314065632731578
400.9375,0.0015839191898578662
401.25,0.0032173358543987913
401.5625,0.003075914498161481
401.875,0.0013293607486307092
402.1875,0.0010818733752154177
402.5,0.001385929291125633
402.8125,0.0012232947314527272
403.125,0.0016051323932934627
403.4375,0.0021071782079359115
403.75,0.0018879751057680819
404.0625,0.0014990663761154806
404.375,0.0011101576464628796
404.6875,0.0010253048327204938
405,0.0014990663761154806
405.3125,0.0020506096654409876
405.625,0.0019940411229460637
405.9375,0.001414213562373095
406.25,0.0008909545442950499
406.5625,0.0013293607486307092
406.875,0.0027152900397563423
407.1875,0.0036062445840513925
407.5,0.002382949852598665
407.8125,0.0021071782079359115
408.125,0.0013293607486307092
408.4375,0.00096873629022557
408.75,0.000834386001800126
409.0625,0.001414213562373095
409.375,0.00185969083452062
409.6875,0.00185969083452062
410,0.0022203152929257592
410.3125,0.002411234123846127
410.625,0.0033304729393886386
410.9375,0.0020506096654409876
411.25,0.0017182694782833102
411.5625,0.0015839191898578662
411.875,0.001414213562373095
412.1875,0.0012727922061357853
412.5,0.0016051323932934627
412.8125,0.002382949852598665
413.125,0.0016051323932934627
413.4375,0.00185969083452062
413.75,0.0024678026663410508
414.0625,0.0052113769773448546
414.375,0.004822468247692254
414.6875,0.0019445436482630055
415,0.0013010764773832475
415.3125,0.0010253048327204938
415.625,0.0012727922061357853
415.9375,0.0012232947314527272
416.25,0.0015839191898578662
416.5625,0.0008909545442950499
416.875,0.0010253048327204938
417.1875,0.0019445436482630055
417.5,0.003995153313703993
417.8125,0.0034931074990615443
418.125,0.0017465537495307722
418.4375,0.0012727922061357853
418.75,0.0010253048327204938
419.0625,0.0016051323932934627
419.375,0.0013010764773832475
419.6875,0.0007212489168102785
420,0.0018879751057680819
420.3125,0.0031324830406564055
420.625,0.0021637467504308353
420.9375,0.005048742417671948
421.25,0.006880148980945107
421.5625,0.003026417023478423
421.875,0.0016334166645409246
422.1875,0.002248599564173221
422.5,0.0017465537495307722
422.8125,0.001414213562373095
423.125,0.0014990663761154806
423.4375,0.0012232947314527272
423.75,0.0011950104602052652
424.0625,0.0013293607486307092
424.375,0.0027435743110038042
424.6875,0.003966869042456532
425,0.0021920310216782973
425.3125,0.0012232947314527272
425.625,0.0010535891039679557
425.9375,0.0011950104602052652
426.25,0.0013293607486307092
426.5625,0.0009404520189781082
426.875,0.0008909545442950499
427.1875,0.0016899852070358485
427.5,0.005600285706997456
427.8125,0.012756206332605317
428.125,0.008068088373338507
428.4375,0.002276883835420683
428.75,0.002800142853498728
429.0625,0.0020788939366884495
429.375,0.0012232947314527272
429.6875,0.002248599564173221
430,0.0013576450198781711
430.3125,0.0010535891039679557
430.625,0.001442497833620557
430.9375,0.001385929291125633
431.25,0.0024678026663410508
431.5625,0.003910300499961608
431.875,0.0031890515831513293
432.1875,0.002022325394193526
432.5,0.0015556349186104045
432.8125,0.0011384419177103415
433.125,0.0009970205614730319
433.4375,0.0013010764773832475
433.75,0.0015273506473629426
434.0625,0.0014707821048680187
434.375,0.0012445079348883236
434.6875,0.001385929291125633
435,0.002771858582251266
435.3125,0.003768879143724298
435.625,0.0031324830406564055
435.9375,0.002022325394193526
436.25,0.0013576450198781711
436.5625,0.0009121677477306461
436.875,0.0009404520189781082
437.1875,0.0009404520189781082
437.5,0.0011950104602052652
437.8125,0.0011950104602052652
438.125,0.0012232947314527272
438.4375,0.0016334166645409246
438.75,0.0019162593770155438
439.0625,0.002552655480083436
439.375,0.0014707821048680187
439.6875,0.0010818733752154177
440,0.0013576450198781711
440.3125,0.0009404520189781082
440.625,0.0014990663761154806
440.9375,0.002326381310103741
441.25,0.0016617009357883866
441.5625,0.0008061017305526641
441.875,0.001385929291125633
442.1875,0.0014707821048680187
442.5,0.003047630226914019
442.8125,0.011589480143647512
443.125,0.010458109293749037
443.4375,0.0026870057685088804
443.75,0.0016617009357883866
444.0625,0.0018031222920256963
444.375,0.0013293607486307092
444.6875,0.0010253048327204938
445,0.0016617009357883866
445.3125,0.0011667261889578033
445.625,0.0013293607486307092
445.9375,0.0015839191898578662
446.25,0.0021071782079359115
446.5625,0.0020506096654409876
446.875,0.0027435743110038042
447.1875,0.002411234123846127
447.5,0.0013293607486307092
447.8125,0.0013576450198781711
448.125,0.0013010764773832475
448.4375,0.0013010764773832475
448.75,0.001414213562373095
449.0625,0.0011101576464628796
449.375,0.0012232947314527272
449.6875,0.0011950104602052652
450,0.0015839191898578662
450.3125,0.0032456201256462532
450.625,0.0036062445840513925
450.9375,0.0018879751057680819
451.25,0.0016334166645409246
451.5625,0.0013576450198781711
451.875,0.0012232947314527272
452.1875,0.0011667261889578033
452.5,0.0012232947314527272
452.8125,0.00096873629022557
453.125,0.0010535891039679557
453.4375,0.0013010764773832475
453.75,0.0018031222920256963
454.0625,0.00185969083452062
454.375,0.0017748380207782343
454.6875,0.0014990663761154806
455,0.002248599564173221
455.3125,0.0016051323932934627
455.625,0.0017465537495307722
455.9375,0.0018314065632731578
456.25,0.00096873629022557
456.5625,0.0006646803743153546
456.875,0.0010535891039679557
457.1875,0.0011384419177103415
457.5,0.0011101576464628796
457.8125,0.00185969083452062
458.125,0.002411234123846127
458.4375,0.0016334166645409246
458.75,0.0014990663761154806
459.0625,0.0022203152929257592
459.375,0.0015556349186104045
459.6875,0.0017748380207782343
460,0.0018879751057680819
460.3125,0.00185969083452062
460.625,0.00185969083452062
460.9375,0.0021071782079359115
461.25,0.002022325394193526
461.5625,0.0013293607486307092
461.875,0.0016334166645409246
462.1875,0.0017182694782833102
462.5,0.002411234123846127
462.8125,0.0034365389565666205
463.125,0.0026092240225783605
463.4375,0.0014990663761154806
463.75,0.0010818733752154177
464.0625,0.0011950104602052652
464.375,0.0011950104602052652
464.6875,0.0012232947314527272
465,0.001385929291125633
465.3125,0.003026417023478423
465.625,0.0045466966030295
465.9375,0.0024960869375885127
466.25,0.0034648232278140824
466.5625,0.002524371208835974
466.875,0.0013576450198781711
467.1875,0.0017182694782833102
467.5,0.0019657568516986018
467.8125,0.0016617009357883866
468.125,0.0014990663761154806
468.4375,0.0013293607486307092
468.75,0.0011667261889578033
469.0625,0.0015556349186104045
469.375,0.0022203152929257592
469.6875,0.0033304729393886386
470,0.0029698484809834993
470.3125,0.0023051681066681446
470.625,0.0015839191898578662
470.9375,0.001442497833620557
471.25,0.0020788939366884495
471.5625,0.0016617009357883866
471.875,0.0011101576464628796
472.1875,0.0013576450198781711
472.5,0.0011667261889578033
472.8125,0.0046598336880193485
473.125,0.007764032457428291
473.4375,0.004822468247692254
473.75,0.0029415642097360374
474.0625,0.0018314065632731578
474.375,0.0014707821048680187
474.6875,0.001442497833620557
475,0.0019445436482630055
475.3125,0.0016899852070358485
475.625,0.0017465537495307722
475.9375,0.0018879751057680819
476.25,0.0015839191898578662
476.5625,0.003966869042456532
476.875,0.0038820162287141456
477.1875,0.002637508293825822
477.5,0.0021071782079359115
477.8125,0.0012445079348883236
478.125,0.0015273506473629426
478.4375,0.0018314065632731578
478.75,0.002800142853498728
479.0625,0.003047630226914019
479.375,0.0017748380207782343
479.6875,0.0017748380207782343
480,0.0019445436482630055
480.3125,0.0031324830406564055
480.625,0.005494219689819474
480.9375,0.003075914498161481
481.25,0.0024678026663410508
481.5625,0.0026092240225783605
481.875,0.0019445436482630055
482.1875,0.002382949852598665
482.5,0.003910300499961608
482.8125,0.002856711395993652
483.125,0.0019162593770155438
483.4375,0.0026870057685088804
483.75,0.00282842712474619
484.0625,0.0036628131265463155
484.375,0.004772970773009195
484.6875,0.003768879143724298
485,0.002382949852598665
485.3125,0.0019162593770155438
485.625,0.0024960869375885127
485.9375,0.003104198769408943
486.25,0.002913279938488576
486.5625,0.002354665581351203
486.875,0.0020788939366884495
487.1875,0.0017748380207782343
487.5,0.0016334166645409246
487.8125,0.0020788939366884495
488.125,0.0032739043968937143
488.4375,0.003047630226914019
488.75,0.002276883835420683
489.0625,0.0023051681066681446
489.375,0.0015839191898578662
489.6875,0.0019940411229460637
490,0.0034648232278140824
490.3125,0.0019657568516986018
490.625,0.0011384419177103415
490.9375,0.0023051681066681446
491.25,0.002276883835420683
491.5625,0.0016334166645409246
491.875,0.0016051323932934627
492.1875,0.0012445079348883236
492.5,0.0015839191898578662
492.8125,0.0012232947314527272
493.125,0.0010818733752154177
493.4375,0.0010818733752154177
493.75,0.0016899852070358485
494.0625,0.0016899852070358485
494.375,0.0016617009357883866
494.6875,0.0018031222920256963
495,0.0014990663761154806
495.3125,0.0011667261889578033
495.625,0.0019657568516986018
495.9375,0.0021071782079359115
496.25,0.001442497833620557
496.5625,0.0012232947314527272
496.875,0.001414213562373095
497.1875,0.0021637467504308353
497.5,0.0035779603128039306
497.8125,0.002276883835420683
498.125,0.0012727922061357853
498.4375,0.0014990663761154806
498.75,0.0019940411229460637
499.0625,0.0016051323932934627
499.375,0.0017465537495307722
499.6875,0.0017182694782833102
500,0.0015273506473629426
500.3125,0.001385929291125633
500.625,0.0017465537495307722
500.9375,0.0019657568516986018
501.25,0.002326381310103741
501.5625,0.0026870057685088804
501.875,0.0016617009357883866
502.1875,0.0011667261889578033
502.5,0.0013576450198781711
502.8125,0.0018879751057680819
503.125,0.0016899852070358485
503.4375,0.0019940411229460637
503.75,0.0016617009357883866
504.0625,0.002326381310103741
504.375,0.0017748380207782343
504.6875,0.0038820162287141456
505,0.01131370849898476
505.3125,0.00887419010389117
505.625,0.0019940411229460637
505.9375,0.0016334166645409246
506.25,0.0014707821048680187
506.5625,0.0016899852070358485
506.875,0.0012727922061357853
507.1875,0.0008626702730475879
507.5,0.001385929291125633
507.8125,0.0011384419177103415
508.125,0.0018879751057680819
508.4375,0.002382949852598665
508.75,0.0018031222920256963
509.0625,0.0012445079348883236
509.375,0.0011667261889578033
509.6875,0.000834386001800126
510,0.0013293607486307092
510.3125,0.0017465537495307722
510.625,0.0011950104602052652
510.9375,0.0014707821048680187
511.25,0.0017748380207782343
511.5625,0.0026870057685088804
511.875,0.0024960869375885127
512.1875,0.0017465537495307722
512.5,0.0036062445840513925
512.8125,0.0033870414818835625
513.125,0.0018314065632731578
513.4375,0.0015273506473629426
513.75,0.00185969083452062
514.0625,0.002439518395093589
514.375,0.0020788939366884495
514.6875,0.002800142853498728
515,0.004242640687119285
515.3125,0.002856711395993652
515.625,0.002856711395993652
515.9375,0.0038820162287141456
516.25,0.0026870057685088804
516.5625,0.0019445436482630055
516.875,0.003075914498161481
517.1875,0.0036628131265463155
517.5,0.004080006127446379
517.8125,0.006264966081312811
518.125,0.005628569978244918
518.4375,0.007990306627407986
518.75,0.00826607827207074
519.0625,0.006236681810065348
519.375,0.0049356053326821015
519.6875,0.002552655480083436
520,0.004186072144624361
520.3125,0.0044123463146040565
520.625,0.003910300499961608
520.9375,0.005183092706097393
521.25,0.003995153313703993
521.5625,0.004461843789287114
521.875,0.004101219330881975
522.1875,0.0032739043968937143
522.5,0.0046315494167718865
522.8125,0.004879036790187178
523.125,0.004157787873376899
523.4375,0.0052396612485923165
523.75,0.004772970773009195
524.0625,0.0033021886681411767
524.375,0.003104198769408943
524.6875,0.0027152900397563423
525,0.0020788939366884495
525.3125,0.004080006127446379
525.625,0.004327493500861671
525.9375,0.004023437584951455
526.25,0.0038537319574666836
526.5625,0.0027435743110038042
526.875,0.002382949852598665
527.1875,0.0016899852070358485
527.5,0.002411234123846127
527.8125,0.002637508293825822
528.125,0.0017465537495307722
528.4375,0.0015273506473629426
528.75,0.002524371208835974
529.0625,0.0031890515831513293
529.375,0.0033870414818835625
529.6875,0.0022203152929257592
530,0.0016051323932934627
530.3125,0.001442497833620557
530.625,0.0021920310216782973
530.9375,0.002411234123846127
531.25,0.001385929291125633
531.5625,0.0019940411229460637
531.875,0.0018031222920256963
532.1875,0.0017182694782833102
532.5,0.002022325394193526
532.8125,0.0029698484809834993
533.125,0.002913279938488576
533.4375,0.003691097397793778
533.75,0.004051721856198917
534.0625,0.0027435743110038042
534.375,0.0016899852070358485
534.6875,0.0018031222920256963
535,0.0024960869375885127
535.3125,0.0033870414818835625
535.625,0.0033587572106361006
535.9375,0.0021637467504308353
536.25,0.002022325394193526
536.5625,0.002248599564173221
536.875,0.002382949852598665
537.1875,0.0019162593770155438
537.5,0.0016617009357883866
537.8125,0.0026092240225783605
538.125,0.0032456201256462532
538.4375,0.0033587572106361006
538.75,0.0019657568516986018
539.0625,0.0019657568516986018
539.375,0.002022325394193526
539.6875,0.0015556349186104045
540,0.0020788939366884495
540.3125,0.002022325394193526
540.625,0.0014707821048680187
540.9375,0.0015273506473629426
541.25,0.0021920310216782973
541.5625,0.0019657568516986018
541.875,0.0015273506473629426
542.1875,0.0017748380207782343
542.5,0.002856711395993652
542.8125,0.004879036790187178
543.125,0.0043840620433565946
543.4375,0.0026870057685088804
543.75,0.0014707821048680187
544.0625,0.0011101576464628796
544.375,0.0010818733752154177
544.6875,0.0015556349186104045
545,0.0018031222920256963
545.3125,0.0017182694782833102
545.625,0.0020506096654409876
545.9375,0.002326381310103741
546.25,0.0020788939366884495
546.5625,0.0016051323932934627
546.875,0.0012727922061357853
547.1875,0.001442497833620557
547.5,0.0016899852070358485
547.8125,0.0012727922061357853
548.125,0.002022325394193526
548.4375,0.0021354624791833734
548.75,0.0015556349186104045
549.0625,0.0011101576464628796
549.375,0.0013293607486307092
549.6875,0.0017748380207782343
550,0.0034648232278140824
550.3125,0.004603265145524425
550.625,0.0027152900397563423
550.9375,0.0011667261889578033
551.25,0.0011950104602052652
551.5625,0.0012232947314527272
551.875,0.0015556349186104045
552.1875,0.0022203152929257592
552.5,0.00185969083452062
552.8125,0.0019940411229460637
553.125,0.002856711395993652
553.4375,0.0022203152929257592
553.75,0.002022325394193526
554.0625,0.002411234123846127
554.375,0.0014707821048680187
554.6875,0.0011950104602052652
555,0.0018031222920256963
555.3125,0.0019445436482630055
555.625,0.0021920310216782973
555.9375,0.002382949852598665
556.25,0.0019657568516986018
556.5625,0.002248599564173221
556.875,0.002248599564173221
557.1875,0.0018314065632731578
557.5,0.0016899852070358485
557.8125,0.002382949852598665
558.125,0.002276883835420683
558.4375,0.0016334166645409246
558.75,0.0011384419177103415
559.0625,0.0019940411229460637
559.375,0.0015839191898578662
559.6875,0.0018031222920256963
560,0.0020506096654409876
560.3125,0.002022325394193526
560.625,0.001442497833620557
560.9375,0.0016617009357883866
561.25,0.0018314065632731578
561.5625,0.0018879751057680819
561.875,0.0021071782079359115
562.1875,0.0015556349186104045
562.5,0.001414213562373095
562.8125,0.0016899852070358485
563.125,0.0020506096654409876
563.4375,0.002411234123846127
563.75,0.002524371208835974
564.0625,0.0016617009357883866
564.375,0.0017182694782833102
564.6875,0.002771858582251266
565,0.00490732106143464
565.3125,0.008930758646386094
565.625,0.005989194436650057
565.9375,0.0026870057685088804
566.25,0.0016051323932934627
566.5625,0.0018031222920256963
566.875,0.0016899852070358485
567.1875,0.003104198769408943
567.5,0.002800142853498728
567.8125,0.0018879751057680819
568.125,0.00185969083452062
568.4375,0.0019445436482630055
568.75,0.0018314065632731578
569.0625,0.0019445436482630055
569.375,0.002354665581351203
569.6875,0.002552655480083436
570,0.0020788939366884495
570.3125,0.003075914498161481
570.625,0.006710443353460336
570.9375,0.00543765114732455
571.25,0.002552655480083436
571.5625,0.0011950104602052652
571.875,0.0013010764773832475
572.1875,0.0017748380207782343
572.5,0.0018879751057680819
572.8125,0.002552655480083436
573.125,0.002354665581351203
573.4375,0.0019445436482630055
573.75,0.0019445436482630055
574.0625,0.0018031222920256963
574.375,0.0015556349186104045
574.6875,0.0017748380207782343
575,0.0017748380207782343
575.3125,0.0016617009357883866
575.625,0.00185969083452062
575.9375,0.002439518395093589
576.25,0.0017465537495307722
576.5625,0.0027152900397563423
576.875,0.002800142853498728
577.1875,0.0019657568516986018
577.5,0.003691097397793778
577.8125,0.003047630226914019
578.125,0.0014707821048680187
578.4375,0.0021071782079359115
578.75,0.00185969083452062
579.0625,0.001414213562373095
579.375,0.0016899852070358485
579.6875,0.002382949852598665
580,0.0031890515831513293
580.3125,0.007403407999023152
580.625,0.009510586206959064
580.9375,0.0046598336880193485
581.25,0.002637508293825822
581.5625,0.002248599564173221
581.875,0.0027435743110038042
582.1875,0.002382949852598665
582.5,0.002248599564173221
582.8125,0.002439518395093589
583.125,0.002248599564173221
583.4375,0.0019445436482630055
583.75,0.0046598336880193485
584.0625,0.007297341981845169
584.375,0.0038254476862192217
584.6875,0.00282842712474619
585,0.00185969083452062
585.3125,0.0019162593770155438
585.625,0.0019445436482630055
585.9375,0.0023051681066681446
586.25,0.002248599564173221
586.5625,0.0013010764773832475
586.875,0.0019162593770155438
587.1875,0.002856711395993652
587.5,0.00371938166904124
587.8125,0.016694791103814385
588.125,0.024430539289995213
588.4375,0.009510586206959064
588.75,0.0019445436482630055
589.0625,0.002856711395993652
589.375,0.002354665581351203
589.6875,0.0016899852070358485
590,0.0013010764773832475
590.3125,0.0015556349186104045
590.625,0.0016334166645409246
590.9375,0.002276883835420683
591.25,0.002382949852598665
591.5625,0.0027152900397563423
591.875,0.0038254476862192217
592.1875,0.004574980874276962
592.5,0.0026870057685088804
592.8125,0.0019445436482630055
593.125,0.0016617009357883866
593.4375,0.0034931074990615443
593.75,0.004157787873376899
594.0625,0.002248599564173221
594.375,0.0017465537495307722
594.6875,0.0021920310216782973
595,0.0021920310216782973
595.3125,0.005381082604829626
595.625,0.007269057710597707
595.9375,0.0029698484809834993
596.25,0.0015556349186104045
596.5625,0.0018314065632731578
596.875,0.0019445436482630055
597.1875,0.0018031222920256963
597.5,0.0014707821048680187
597.8125,0.0019445436482630055
598.125,0.0024960869375885127
598.4375,0.002411234123846127
598.75,0.0031890515831513293
599.0625,0.0024678026663410508
599.375,0.002022325394193526
599.6875,0.0013293607486307092
600,0.0011667261889578033
600.3125,0.0019940411229460637
600.625,0.002276883835420683
600.9375,0.0031324830406564055
601.25,0.004101219330881975
601.5625,0.0016899852070358485
601.875,0.0013576450198781711
602.1875,0.0018879751057680819
602.5,0.0020788939366884495
602.8125,0.0020506096654409876
603.125,0.0033870414818835625
603.4375,0.002524371208835974
603.75,0.0018031222920256963
604.0625,0.0016334166645409246
604.375,0.0015556349186104045
604.6875,0.0015556349186104045
605,0.0023051681066681446
605.3125,0.002800142853498728
605.625,0.002552655480083436
605.9375,0.0015839191898578662
606.25,0.0019657568516986018
606.5625,0.002665792565073284
606.875,0.0031324830406564055
607.1875,0.0032173358543987913
607.5,0.0019162593770155438
607.8125,0.0019445436482630055
608.125,0.0017182694782833102
608.4375,0.002439518395093589
608.75,0.0033870414818835625
609.0625,0.0022203152929257592
609.375,0.0021920310216782973
609.6875,0.002439518395093589
610,0.0027435743110038042
610.3125,0.0034365389565666205
610.625,0.002771858582251266
610.9375,0.002276883835420683
611.25,0.0015273506473629426
611.5625,0.0021920310216782973
611.875,0.002382949852598665
612.1875,0.003910300499961608
612.5,0.0038537319574666836
612.8125,0.003075914498161481
613.125,0.003047630226914019
613.4375,0.0033021886681411767
613.75,0.002771858582251266
614.0625,0.0021354624791833734
614.375,0.0019445436482630055
614.6875,0.0020506096654409876
615,0.002326381310103741
615.3125,0.0029981327522309613
615.625,0.003047630226914019
615.9375,0.0047164022305142715
616.25,0.009482301935711602
616.5625,0.00662559053971795
616.875,0.002439518395093589
617.1875,0.003026417023478423
617.5,0.0031324830406564055
617.8125,0.0021637467504308353
618.125,0.002248599564173221
618.4375,0.0016051323932934627
618.75,0.0018314065632731578
619.0625,0.0047164022305142715
619.375,0.007155920625607861
619.6875,0.003910300499961608
620,0.0016899852070358485
620.3125,0.0017465537495307722
620.625,0.0026870057685088804
620.9375,0.002439518395093589
621.25,0.0017182694782833102
621.5625,0.0021637467504308353
621.875,0.002552655480083436
622.1875,0.0033304729393886386
622.5,0.0047164022305142715
622.8125,0.0070710678118654745
623.125,0.006434671708797583
623.4375,0.007459976541518076
623.75,0.0162210295604194
624.0625,0.0120632416870425
624.375,0.0044123463146040565
624.6875,0.0019657568516986018
625,0.0015273506473629426
625.3125,0.002439518395093589
625.625,0.0038820162287141456
625.9375,0.0032456201256462532
626.25,0.0036062445840513925
626.5625,0.004992173875177025
626.875,0.005494219689819474
627.1875,0.006823580438450183
627.5,0.010125769106591359
627.8125,0.018801969311750297
628.125,0.012480434687942563
628.4375,0.00371938166904124
628.75,0.0029415642097360374
629.0625,0.004023437584951455
629.375,0.004242640687119285
629.6875,0.005826559876977152
630,0.006158900064134829
630.3125,0.007792316728675753
630.625,0.011257139956489836
630.9375,0.036387714959859735
631.25,0.11323607993921371
631.5625,0.0937411459819006
631.875,0.020909147519686207
632.1875,0.005600285706997456
632.5,0.004157787873376899
632.8125,0.002856711395993652
633.125,0.00507702668891941
633.4375,0.006017478707897519
633.75,0.005854844148224613
634.0625,0.004772970773009195
634.375,0.0025809397513308985
634.6875,0.006547808793787429
635,0.007679179643685905
635.3125,0.0052396612485923165
635.625,0.00393858477120907
635.9375,0.0020788939366884495
636.25,0.003075914498161481
636.5625,0.0035213917703090063
636.875,0.004270924958366747
637.1875,0.0032456201256462532
637.5,0.0026870057685088804
637.8125,0.0025809397513308985
638.125,0.002354665581351203
638.4375,0.0031324830406564055
638.75,0.007764032457428291
639.0625,0.007240773439350247
639.375,0.002856711395993652
639.6875,0.0021637467504308353
640,0.0017182694782833102
640.3125,0.005183092706097393
640.625,0.0073185551852807664
640.9375,0.0046881179592668095
641.25,0.003026417023478423
641.5625,0.00282842712474619
641.875,0.003995153313703993
642.1875,0.0025809397513308985
642.5,0.0046315494167718865
642.8125,0.004327493500861671
643.125,0.002524371208835974
643.4375,0.0025809397513308985
643.75,0.0031324830406564055
644.0625,0.004129503602129437
644.375,0.0029981327522309613
644.6875,0.002382949852598665
645,0.0027152900397563423
645.3125,0.002856711395993652
645.625,0.0024678026663410508
645.9375,0.002248599564173221
646.25,0.004327493500861671
646.5625,0.0045466966030295
646.875,0.0023051681066681446
647.1875,0.0019162593770155438
647.5,0.002326381310103741
647.8125,0.002439518395093589
648.125,0.0019940411229460637
648.4375,0.0016899852070358485
648.75,0.002552655480083436
649.0625,0.00282842712474619
649.375,0.002354665581351203
649.6875,0.0021637467504308353
650,0.0029981327522309613
650.3125,0.003104198769408943
650.625,0.0029698484809834993
650.9375,0.0029415642097360374
651.25,0.002326381310103741
651.5625,0.0016899852070358485
651.875,0.0021637467504308353
652.1875,0.0021920310216782973
652.5,0.0016051323932934627
652.8125,0.002524371208835974
653.125,0.002856711395993652
653.4375,0.002354665581351203
653.75,0.0021071782079359115
654.0625,0.002800142853498728
654.375,0.0021071782079359115
654.6875,0.0017465537495307722
655,0.0010253048327204938
655.3125,0.0010818733752154177
655.625,0.0015273506473629426
655.9375,0.0015556349186104045
656.25,0.002248599564173221
656.5625,0.0021354624791833734
656.875,0.0016334166645409246
657.1875,0.0016334166645409246
657.5,0.0024960869375885127
657.8125,0.0019445436482630055
658.125,0.0021920310216782973
658.4375,0.002524371208835974
658.75,0.002276883835420683
659.0625,0.0027435743110038042
659.375,0.0034082546853191585
659.6875,0.004242640687119285
660,0.002524371208835974
660.3125,0.0021354624791833734
660.625,0.0016051323932934627
660.9375,0.0019162593770155438
661.25,0.0038254476862192217
661.5625,0.004080006127446379
661.875,0.002856711395993652
662.1875,0.0031607673119038674
662.5,0.002439518395093589
662.8125,0.0016334166645409246
663.125,0.0029698484809834993
663.4375,0.0033870414818835625
663.75,0.002411234123846127
664.0625,0.001385929291125633
664.375,0.0021071782079359115
664.6875,0.0016899852070358485
665,0.003047630226914019
665.3125,0.0035213917703090063
665.625,0.0018879751057680819
665.9375,0.001385929291125633
666.25,0.0017182694782833102
666.5625,0.0019940411229460637
666.875,0.0015839191898578662
667.1875,0.0018031222920256963
667.5,0.0016334166645409246
667.8125,0.002354665581351203
668.125,0.0032456201256462532
668.4375,0.0018879751057680819
668.75,0.0010818733752154177
669.0625,0.0019162593770155438
669.375,0.0026870057685088804
669.6875,0.002248599564173221
670,0.0016617009357883866
670.3125,0.001414213562373095
670.625,0.0016899852070358485
670.9375,0.003691097397793778
671.25,0.0034082546853191585
671.5625,0.002665792565073284
671.875,0.002276883835420683
672.1875,0.002248599564173221
672.5,0.0018031222920256963
672.8125,0.0014707821048680187
673.125,0.0020788939366884495
673.4375,0.0031324830406564055
673.75,0.0033304729393886386
674.0625,0.0019445436482630055
674.375,0.002771858582251266
674.6875,0.0033304729393886386
675,0.004299209229614209
675.3125,0.003995153313703993
675.625,0.0025809397513308985
675.9375,0.0021354624791833734
676.25,0.002411234123846127
676.5625,0.0031607673119038674
676.875,0.002552655480083436
677.1875,0.0019657568516986018
677.5,0.0015273506473629426
677.8125,0.001385929291125633
678.125,0.002382949852598665
678.4375,0.003910300499961608
678.75,0.004744686501761733
679.0625,0.002411234123846127
679.375,0.0019940411229460637
679.6875,0.0021071782079359115
680,0.00282842712474619
680.3125,0.00579827560572969
680.625,0.00543765114732455
680.9375,0.0029415642097360374
681.25,0.003995153313703993
681.5625,0.0038537319574666836
681.875,0.004299209229614209
682.1875,0.004214356415871823
682.5,0.0027152900397563423
682.8125,0.002326381310103741
683.125,0.0020788939366884495
683.4375,0.0011950104602052652
683.75,0.0021354624791833734
684.0625,0.0033304729393886386
684.375,0.002524371208835974
684.6875,0.0020788939366884495
685,0.0019657568516986018
685.3125,0.0034365389565666205
685.625,0.004822468247692254
685.9375,0.004023437584951455
686.25,0.0032739043968937143
686.5625,0.0016899852070358485
686.875,0.0016334166645409246
687.1875,0.0024678026663410508
687.5,0.004101219330881975
687.8125,0.005048742417671948
688.125,0.0035213917703090063
688.4375,0.0015273506473629426
688.75,0.0016617009357883866
689.0625,0.002326381310103741
689.375,0.0021071782079359115
689.6875,0.0018879751057680819
690,0.0033021886681411767
690.3125,0.0025809397513308985
690.625,0.0021354624791833734
690.9375,0.002248599564173221
691.25,0.0024960869375885127
691.5625,0.004101219330881975
691.875,0.0034365389565666205
692.1875,0.002771858582251266
692.5,0.003104198769408943
692.8125,0.004023437584951455
693.125,0.002800142853498728
693.4375,0.0033870414818835625
693.75,0.0027152900397563423
694.0625,0.0016051323932934627
694.375,0.002524371208835974
694.6875,0.0024960869375885127
695,0.0029415642097360374
695.3125,0.010620743853421943
695.625,0.012091525958289962
695.9375,0.005409366876077088
696.25,0.004023437584951455
696.5625,0.003966869042456532
696.875,0.0037971634149717597
697.1875,0.003995153313703993
697.5,0.0034082546853191585
697.8125,0.002411234123846127
698.125,0.0015273506473629426
698.4375,0.0017748380207782343
698.75,0.003768879143724298
699.0625,0.00579827560572969
699.375,0.00393858477120907
699.6875,0.0032173358543987913
700,0.0034365389565666205
700.3125,0.0026092240225783605
700.625,0.0024960869375885127
700.9375,0.003995153313703993
701.25,0.0033870414818835625
701.5625,0.0046881179592668095
701.875,0.004461843789287114
702.1875,0.0032173358543987913
702.5,0.003966869042456532
702.8125,0.013088546519762993
703.125,0.016086679271993955
703.4375,0.007297341981845169
703.75,0.0032456201256462532
704.0625,0.0038537319574666836
704.375,0.003026417023478423
704.6875,0.00282842712474619
705,0.0018314065632731578
705.3125,0.0021354624791833734
705.625,0.002524371208835974
705.9375,0.0026870057685088804
706.25,0.0035779603128039306
706.5625,0.005854844148224613
706.875,0.00579827560572969
707.1875,0.0036062445840513925
707.5,0.0017182694782833102
707.8125,0.0013293607486307092
708.125,0.0018314065632731578
708.4375,0.0024678026663410508
708.75,0.003104198769408943
709.0625,0.0034082546853191585
709.375,0.0031890515831513293
709.6875,0.005628569978244918
710,0.00662559053971795
710.3125,0.010429825022501575
710.625,0.01378151116532581
710.9375,0.007679179643685905
711.25,0.005105310960166872
711.5625,0.0035213917703090063
711.875,0.0035213917703090063
712.1875,0.0044406305858515184
712.5,0.003768879143724298
712.8125,0.004850752518939716
713.125,0.00543765114732455
713.4375,0.006710443353460336
713.75,0.005600285706997456
714.0625,0.007764032457428291
714.375,0.006653874810965412
714.6875,0.006017478707897519
715,0.0032456201256462532
715.3125,0.003910300499961608
715.625,0.003691097397793778
715.9375,0.004186072144624361
716.25,0.005381082604829626
716.5625,0.004023437584951455
716.875,0.004242640687119285
717.1875,0.005826559876977152
717.5,0.006406387437550121
717.8125,0.02312946281261197
718.125,0.04234862512526233
718.4375,0.022966828252939064
718.75,0.005741707063234766
719.0625,0.0031890515831513293
719.375,0.004490128060534576
719.6875,0.005932625894155133
720,0.009510586206959064
720.3125,0.010705596667164329
720.625,0.008598418459228417
720.9375,0.0037405948724768363
721.25,0.004299209229614209
721.5625,0.009708576105691296
721.875,0.008654987001723341
722.1875,0.007764032457428291
722.5,0.006236681810065348
722.8125,0.0049356053326821015
723.125,0.004080006127446379
723.4375,0.00998434775035405
723.75,0.014806815998046305
724.0625,0.008817621561396247
724.375,0.0034365389565666205
724.6875,0.0026870057685088804
725,0.003047630226914019
725.3125,0.01134199277023222
725.625,0.022740554082959368
725.9375,0.015450283168926063
726.25,0.007990306627407986
726.5625,0.007573113626507924
726.875,0.009093393206059
727.1875,0.011426845583974608
727.5,0.010097484835343897
727.8125,0.007431692270270614
728.125,0.005020458146424487
728.4375,0.005324514062334702
728.75,0.004603265145524425
729.0625,0.007184204896855323
729.375,0.010847018023401638
729.6875,0.012480434687942563
730,0.008654987001723341
730.3125,0.010429825022501575
730.625,0.009956063479106589
730.9375,0.009567154749453988
731.25,0.008570134187980956
731.5625,0.004023437584951455
731.875,0.003026417023478423
732.1875,0.0049356053326821015
732.5,0.008761053018901323
732.8125,0.02640336720950568
733.125,0.06628418966842696
733.4375,0.04986517020927533
733.75,0.015584633457351506
734.0625,0.01733118720688228
734.375,0.018639334752077394
734.6875,0.011483414126469532
735,0.0045466966030295
735.3125,0.003910300499961608
735.625,0.004574980874276962
735.9375,0.006378103166302659
736.25,0.0046881179592668095
736.5625,0.008322646814565663
736.875,0.007297341981845169
737.1875,0.006682159082212874
737.5,0.005494219689819474
737.8125,0.007933738084913064
738.125,0.006130615792887367
738.4375,0.0033304729393886386
738.75,0.0033870414818835625
739.0625,0.002524371208835974
739.375,0.0027152900397563423
739.6875,0.0020788939366884495
740,0.004461843789287114
740.3125,0.00543765114732455
740.625,0.005105310960166872
740.9375,0.004744686501761733
741.25,0.007792316728675753
741.5625,0.007707463914933367
741.875,0.0031324830406564055
742.1875,0.0049356053326821015
742.5,0.00959543902070145
742.8125,0.005826559876977152
743.125,0.0047164022305142715
743.4375,0.006215468606629752
743.75,0.005324514062334702
744.0625,0.002665792565073284
744.375,0.002552655480083436
744.6875,0.0033304729393886386
745,0.0033587572106361006
745.3125,0.0032456201256462532
745.625,0.002800142853498728
745.9375,0.003966869042456532
746.25,0.005494219689819474
746.5625,0.01034497220875919
746.875,0.006823580438450183
747.1875,0.002552655480083436
747.5,0.003104198769408943
747.8125,0.005105310960166872
748.125,0.012091525958289962
748.4375,0.011589480143647512
748.75,0.0044123463146040565
749.0625,0.0034648232278140824
749.375,0.0022203152929257592
749.6875,0.007155920625607861
750,0.017585745648109434
750.3125,0.01653215654414148
750.625,0.010953084040579621
750.9375,0.006321534623807735
751.25,0.005572001435749994
751.5625,0.0070710678118654745
751.875,0.006045762979144981
752.1875,0.004879036790187178
752.5,0.0035213917703090063
752.8125,0.002354665581351203
753.125,0.002552655480083436
753.4375,0.006957930726875627
753.75,0.016807928188804232
754.0625,0.03447145558284419
754.375,0.0233274527113442
754.6875,0.005494219689819474
755,0.004186072144624361
755.3125,0.005105310960166872
755.625,0.012841059146347701
755.9375,0.015167440456451443
756.25,0.006653874810965412
756.5625,0.006321534623807735
756.875,0.009899494936611665
757.1875,0.040990980105384156
757.5,0.13024199802675018
757.8125,0.11678575598077018
758.125,0.03025709916697237
758.4375,0.009376235918533619
758.75,0.007184204896855323
759.0625,0.004992173875177025
759.375,0.005685138520739842
759.6875,0.0045466966030295
760,0.0031890515831513293
760.3125,0.0033587572106361006
760.625,0.005960910165402595
760.9375,0.021552614690565967
761.25,0.025929605666110696
761.5625,0.011787470042379747
761.875,0.008181225458328355
762.1875,0.0034648232278140824
762.5,0.002884995667241114
762.8125,0.0044123463146040565
763.125,0.0070427835406180125
763.4375,0.008400428560496184
763.75,0.002884995667241114
764.0625,0.002354665581351203
764.375,0.00371938166904124
764.6875,0.005600285706997456
765,0.017663527394039955
765.3125,0.020025264043203025
765.625,0.008400428560496184
765.9375,0.003026417023478423
766.25,0.0027152900397563423
766.5625,0.0034931074990615443
766.875,0.004744686501761733
767.1875,0.0038537319574666836
767.5,0.003104198769408943
767.8125,0.002665792565073284
768.125,0.0046315494167718865
768.4375,0.005183092706097393
768.75,0.0070427835406180125
769.0625,0.008513565645486032
769.375,0.0067952961672027214
769.6875,0.0034931074990615443
770,0.0024678026663410508
770.3125,0.0020506096654409876
770.625,0.00579827560572969
770.9375,0.007933738084913064
771.25,0.00393858477120907
771.5625,0.004355777772109133
771.875,0.004023437584951455
772.1875,0.0024678026663410508
772.5,0.0052679455198397784
772.8125,0.006187184335382291
773.125,0.0033587572106361006
773.4375,0.0020506096654409876
773.75,0.002439518395093589
774.0625,0.00393858477120907
774.375,0.004023437584951455
774.6875,0.004744686501761733
775,0.004051721856198917
775.3125,0.0046881179592668095
775.625,0.0031324830406564055
775.9375,0.004490128060534576
776.25,0.003966869042456532
776.5625,0.005105310960166872
776.875,0.004518412331782038
777.1875,0.0027435743110038042
777.5,0.0019162593770155438
777.8125,0.0032173358543987913
778.125,0.0037405948724768363
778.4375,0.005600285706997456
778.75,0.006045762979144981
779.0625,0.004603265145524425
779.375,0.003768879143724298
779.6875,0.003768879143724298
780,0.005133595231414334
780.3125,0.004214356415871823
780.625,0.0036628131265463155
780.9375,0.0034648232278140824
781.25,0.0031890515831513293
781.5625,0.0029981327522309613
781.875,0.004603265145524425
782.1875,0.005409366876077088
782.5,0.004744686501761733
782.8125,0.005409366876077088
783.125,0.005183092706097393
783.4375,0.004355777772109133
783.75,0.002665792565073284
784.0625,0.0017748380207782343
784.375,0.002665792565073284
784.6875,0.0029698484809834993
785,0.0024960869375885127
785.3125,0.0026092240225783605
785.625,0.003691097397793778
785.9375,0.0038537319574666836
786.25,0.0032739043968937143
786.5625,0.004023437584951455
786.875,0.0033587572106361006
787.1875,0.002637508293825822
787.5,0.004327493500861671
787.8125,0.006547808793787429
788.125,0.00490732106143464
788.4375,0.0033304729393886386
788.75,0.003995153313703993
789.0625,0.004461843789287114
789.375,0.005769991334482228
789.6875,0.004772970773009195
790,0.0052113769773448546
790.3125,0.0034365389565666205
790.625,0.0024678026663410508
790.9375,0.002248599564173221
791.25,0.0031324830406564055
791.5625,0.002856711395993652
791.875,0.0034648232278140824
792.1875,0.004772970773009195
792.5,0.006102331521639905
792.8125,0.00579827560572969
793.125,0.0052679455198397784
793.4375,0.005713422791987304
793.75,0.0052679455198397784
794.0625,0.005854844148224613
794.375,0.0044406305858515184
794.6875,0.004355777772109133
795,0.004101219330881975
795.3125,0.005685138520739842
795.625,0.005685138520739842
795.9375,0.005826559876977152
796.25,0.005409366876077088
796.5625,0.002552655480083436
796.875,0.004051721856198917
797.1875,0.008598418459228417
797.5,0.007099352083112937
797.8125,0.004461843789287114
798.125,0.004518412331782038
798.4375,0.0049638896039295635
798.75,0.004051721856198917
799.0625,0.003026417023478423
799.375,0.004080006127446379
799.6875,0.005048742417671948
800,0.003075914498161481
800.3125,0.002382949852598665
800.625,0.0037971634149717597
800.9375,0.006321534623807735
801.25,0.005572001435749994
801.5625,0.005381082604829626
801.875,0.0052396612485923165
802.1875,0.0037971634149717597
802.5,0.005883128419472075
802.8125,0.008789337290148785
803.125,0.006293250352560273
803.4375,0.003910300499961608
803.75,0.004129503602129437
804.0625,0.004518412331782038
804.375,0.0049638896039295635
804.6875,0.004801255044256657
805,0.0035496760415564686
805.3125,0.00393858477120907
805.625,0.004051721856198917
805.9375,0.003966869042456532
806.25,0.005381082604829626
806.5625,0.006434671708797583
806.875,0.005960910165402595
807.1875,0.00490732106143464
807.5,0.004574980874276962
807.8125,0.0036628131265463155
808.125,0.00490732106143464
808.4375,0.005989194436650057
808.75,0.006851864709697645
809.0625,0.0049356053326821015
809.375,0.0038537319574666836
809.6875,0.0044406305858515184
810,0.005989194436650057
810.3125,0.00693671752344003
810.625,0.005572001435749994
810.9375,0.004461843789287114
811.25,0.005904341622907671
811.5625,0.005854844148224613
811.875,0.004023437584951455
812.1875,0.0046315494167718865
812.5,0.006378103166302659
812.8125,0.008711555544218265
813.125,0.005324514062334702
813.4375,0.004023437584951455
813.75,0.0046315494167718865
814.0625,0.0067670118959552595
814.375,0.00529622979108724
814.6875,0.0052679455198397784
815,0.005628569978244918
815.3125,0.005048742417671948
815.625,0.0052679455198397784
815.9375,0.004574980874276962
816.25,0.004822468247692254
816.5625,0.005685138520739842
816.875,0.007990306627407986
817.1875,0.007679179643685905
817.5,0.005741707063234766
817.8125,0.007848885271170678
818.125,0.008350931085813125
818.4375,0.005713422791987304
818.75,0.005494219689819474
819.0625,0.005685138520739842
819.375,0.005685138520739842
819.6875,0.007155920625607861
820,0.008428712831743646
820.3125,0.00693671752344003
820.625,0.007764032457428291
820.9375,0.007657966440250309
821.25,0.004129503602129437
821.5625,0.006236681810065348
821.875,0.00901561146012848
822.1875,0.009072180002623404
822.5,0.005826559876977152
822.8125,0.0049356053326821015
823.125,0.007099352083112937
823.4375,0.006653874810965412
823.75,0.008181225458328355
824.0625,0.011539982668964456
824.375,0.014446191539641166
824.6875,0.01566948627109389
825,0.009899494936611665
825.3125,0.00920653029104885
825.625,0.011568266940211916
825.9375,0.007240773439350247
826.25,0.004879036790187178
826.5625,0.004461843789287114
826.875,0.004744686501761733
827.1875,0.007707463914933367
827.5,0.011646048686142435
827.8125,0.009680291834443836
828.125,0.011151073939311853
828.4375,0.012812774875100241
828.75,0.0067952961672027214
829.0625,0.006710443353460336
829.375,0.00812465691583343
829.6875,0.005522503961066936
830,0.004992173875177025
830.3125,0.008209509729575817
830.625,0.00848528137423857
830.9375,0.010125769106591359
831.25,0.01220466304327981
831.5625,0.01549978064360912
831.875,0.02218901079363386
832.1875,0.01195010460205265
832.5,0.0046598336880193485
832.8125,0.005960910165402595
833.125,0.007488260812765538
833.4375,0.005522503961066936
833.75,0.005769991334482228
834.0625,0.00507702668891941
834.375,0.007657966440250309
834.6875,0.006880148980945107
835,0.005352798333582164
835.3125,0.00848528137423857
835.625,0.007127636354360399
835.9375,0.005854844148224613
836.25,0.008428712831743646
836.5625,0.00812465691583343
836.875,0.0067952961672027214
837.1875,0.004574980874276962
837.5,0.0043840620433565946
837.8125,0.0047164022305142715
838.125,0.006908433252192568
838.4375,0.008570134187980956
838.75,0.008683271272970803
839.0625,0.007657966440250309
839.375,0.0047164022305142715
839.6875,0.004214356415871823
840,0.0046598336880193485
840.3125,0.006986214998123089
840.625,0.00737512372777569
840.9375,0.0064629559800450445
841.25,0.006017478707897519
841.5625,0.004772970773009195
841.875,0.007240773439350247
842.1875,0.008372144289248722
842.5,0.0052396612485923165
842.8125,0.0073185551852807664
843.125,0.007155920625607861
843.4375,0.005133595231414334
843.75,0.005769991334482228
844.0625,0.0033870414818835625
844.375,0.0037971634149717597
844.6875,0.004157787873376899
845,0.004355777772109133
845.3125,0.0031890515831513293
845.625,0.005600285706997456
845.9375,0.00998434775035405
846.25,0.012148094500784886
846.5625,0.010620743853421943
846.875,0.009178246019801387
847.1875,0.008789337290148785
847.5,0.007544829355260462
847.8125,0.0064912402512925065
848.125,0.009793428919433682
848.4375,0.008541849916733494
848.75,0.004080006127446379
849.0625,0.0043840620433565946
849.375,0.004744686501761733
849.6875,0.003910300499961608
850,0.004490128060534576
850.3125,0.0049638896039295635
850.625,0.002884995667241114
850.9375,0.002771858582251266
851.25,0.0032456201256462532
851.5625,0.005522503961066936
851.875,0.006130615792887367
852.1875,0.005183092706097393
852.5,0.0037405948724768363
852.8125,0.0046598336880193485
853.125,0.005960910165402595
853.4375,0.007516545084013
853.75,0.007905453813665602
854.0625,0.006158900064134829
854.375,0.005713422791987304
854.6875,0.004157787873376899
855,0.00490732106143464
855.3125,0.010620743853421943
855.625,0.022323361082059304
855.9375,0.018554481938335005
856.25,0.008018590898655448
856.5625,0.00579827560572969
856.875,0.004242640687119285
857.1875,0.0052679455198397784
857.5,0.008372144289248722
857.8125,0.009093393206059
858.125,0.0052113769773448546
858.4375,0.004355777772109133
858.75,0.00393858477120907
859.0625,0.0031607673119038674
859.375,0.004214356415871823
859.6875,0.005600285706997456
860,0.004023437584951455
860.3125,0.004744686501761733
860.625,0.0035496760415564686
860.9375,0.006264966081312811
861.25,0.0067952961672027214
861.5625,0.008152941187080893
861.875,0.007240773439350247
862.1875,0.005932625894155133
862.5,0.0052679455198397784
862.8125,0.004327493500861671
863.125,0.008372144289248722
863.4375,0.007601397897755385
863.75,0.0052113769773448546
864.0625,0.003075914498161481
864.375,0.0031607673119038674
864.6875,0.00282842712474619
865,0.006102331521639905
865.3125,0.007735748186180829
865.625,0.005826559876977152
865.9375,0.005960910165402595
866.25,0.005381082604829626
866.5625,0.0037405948724768363
866.875,0.0035213917703090063
867.1875,0.003047630226914019
867.5,0.002382949852598665
867.8125,0.0029698484809834993
868.125,0.004157787873376899
868.4375,0.01131370849898476
868.75,0.02598617420860562
869.0625,0.019304015126392748
869.375,0.006576093065034891
869.6875,0.003910300499961608
870,0.004023437584951455
870.3125,0.006710443353460336
870.625,0.015478567440173525
870.9375,0.015697770542341356
871.25,0.006653874810965412
871.5625,0.0021920310216782973
871.875,0.0024678026663410508
872.1875,0.0029415642097360374
872.5,0.005989194436650057
872.8125,0.010649028124669405
873.125,0.00737512372777569
873.4375,0.004744686501761733
873.75,0.004490128060534576
874.0625,0.0033870414818835625
874.375,0.004051721856198917
874.6875,0.004023437584951455
875,0.0046598336880193485
875.3125,0.004270924958366747
875.625,0.005324514062334702
875.9375,0.01650387227289402
876.25,0.04403861033229818
876.5625,0.0377453599797379
876.875,0.012148094500784886
877.1875,0.0034082546853191585
877.5,0.003691097397793778
877.8125,0.0033587572106361006
878.125,0.006597306268470488
878.4375,0.006547808793787429
878.75,0.0031324830406564055
879.0625,0.004772970773009195
879.375,0.00393858477120907
879.6875,0.0052113769773448546
880,0.00812465691583343
880.3125,0.008209509729575817
880.625,0.00507702668891941
880.9375,0.003047630226914019
881.25,0.002665792565073284
881.5625,0.00543765114732455
881.875,0.005628569978244918
882.1875,0.00282842712474619
882.5,0.0027152900397563423
882.8125,0.004157787873376899
883.125,0.0034082546853191585
883.4375,0.003047630226914019
883.75,0.010097484835343897
884.0625,0.018335278836167177
884.375,0.010535891039679557
884.6875,0.004355777772109133
885,0.003691097397793778
885.3125,0.0021354624791833734
885.625,0.00490732106143464
885.9375,0.007629682169002847
886.25,0.0052396612485923165
886.5625,0.002665792565073284
886.875,0.0038537319574666836
887.1875,0.010097484835343897
887.5,0.009652007563196374
887.8125,0.006519524522539968
888.125,0.004744686501761733
888.4375,0.0034648232278140824
888.75,0.004157787873376899
889.0625,0.0035496760415564686
889.375,0.004214356415871823
889.6875,0.005409366876077088
890,0.004490128060534576
890.3125,0.004850752518939716
890.625,0.005020458146424487
890.9375,0.006519524522539968
891.25,0.013116830791010456
891.5625,0.014311841251215722
891.875,0.006045762979144981
892.1875,0.0038254476862192217
892.5,0.004051721856198917
892.8125,0.0038537319574666836
893.125,0.005628569978244918
893.4375,0.0064629559800450445
893.75,0.004214356415871823
894.0625,0.004744686501761733
894.375,0.00529622979108724
894.6875,0.0037405948724768363
895,0.00393858477120907
895.3125,0.0029698484809834993
895.625,0.004051721856198917
895.9375,0.0036628131265463155
896.25,0.002771858582251266
896.5625,0.002524371208835974
896.875,0.0035213917703090063
897.1875,0.004101219330881975
897.5,0.002856711395993652
897.8125,0.005494219689819474
898.125,0.00662559053971795
898.4375,0.005133595231414334
898.75,0.005826559876977152
899.0625,0.00565685424949238
899.375,0.004023437584951455
899.6875,0.0033021886681411767
900,0.0018314065632731578
900.3125,0.0016617009357883866
900.625,0.0046315494167718865
900.9375,0.005713422791987304
901.25,0.0034082546853191585
901.5625,0.002524371208835974
901.875,0.0017748380207782343
902.1875,0.0023051681066681446
902.5,0.0021920310216782973
902.8125,0.002411234123846127
903.125,0.0032173358543987913
903.4375,0.002276883835420683
903.75,0.0017182694782833102
904.0625,0.0027152900397563423
904.375,0.0036628131265463155
904.6875,0.002771858582251266
905,0.0033021886681411767
905.3125,0.0032739043968937143
905.625,0.003104198769408943
905.9375,0.0031890515831513293
906.25,0.005020458146424487
906.5625,0.007403407999023152
906.875,0.0038537319574666836
907.1875,0.00282842712474619
907.5,0.0032739043968937143
907.8125,0.0029415642097360374
908.125,0.0034931074990615443
908.4375,0.00565685424949238
908.75,0.004080006127446379
909.0625,0.002913279938488576
909.375,0.0033870414818835625
909.6875,0.0033304729393886386
910,0.004801255044256657
910.3125,0.005713422791987304
910.625,0.003768879143724298
910.9375,0.002439518395093589
911.25,0.002354665581351203
911.5625,0.0026870057685088804
911.875,0.003104198769408943
912.1875,0.00371938166904124
912.5,0.0033021886681411767
912.8125,0.0038537319574666836
913.125,0.002665792565073284
913.4375,0.002382949852598665
913.75,0.005048742417671948
914.0625,0.0070710678118654745
914.375,0.005826559876977152
914.6875,0.0031890515831513293
915,0.0034082546853191585
915.3125,0.003691097397793778
915.625,0.002248599564173221
915.9375,0.0035779603128039306
916.25,0.002856711395993652
916.5625,0.0032173358543987913
916.875,0.0026092240225783605
917.1875,0.00282842712474619
917.5,0.003768879143724298
917.8125,0.0029981327522309613
918.125,0.0032739043968937143
918.4375,0.004242640687119285
918.75,0.004879036790187178
919.0625,0.004270924958366747
919.375,0.002800142853498728
919.6875,0.002326381310103741
920,0.0020788939366884495
920.3125,0.002411234123846127
920.625,0.002552655480083436
920.9375,0.0038537319574666836
921.25,0.0031607673119038674
921.5625,0.003910300499961608
921.875,0.00565685424949238
922.1875,0.006597306268470488
922.5,0.0044123463146040565
922.8125,0.002439518395093589
923.125,0.0021637467504308353
923.4375,0.0031890515831513293
923.75,0.0029415642097360374
924.0625,0.002354665581351203
924.375,0.0017465537495307722
924.6875,0.0034931074990615443
925,0.0036345288552988536
925.3125,0.002439518395093589
925.625,0.004850752518939716
925.9375,0.006264966081312811
926.25,0.0046598336880193485
926.5625,0.003026417023478423
926.875,0.0032739043968937143
927.1875,0.0034931074990615443
927.5,0.0026092240225783605
927.8125,0.0022203152929257592
928.125,0.002771858582251266
928.4375,0.004355777772109133
928.75,0.00662559053971795
929.0625,0.007573113626507924
929.375,0.006264966081312811
929.6875,0.004214356415871823
930,0.0029981327522309613
930.3125,0.0023051681066681446
930.625,0.0018031222920256963
930.9375,0.0021354624791833734
931.25,0.002276883835420683
931.5625,0.0036345288552988536
931.875,0.0034082546853191585
932.1875,0.003104198769408943
932.5,0.004270924958366747
932.8125,0.004574980874276962
933.125,0.00490732106143464
933.4375,0.0052113769773448546
933.75,0.002354665581351203
934.0625,0.002326381310103741
934.375,0.004157787873376899
934.6875,0.00529622979108724
935,0.0052679455198397784
935.3125,0.006215468606629752
935.625,0.006519524522539968
935.9375,0.009121677477306462
936.25,0.0120632416870425
936.5625,0.010097484835343897
936.875,0.0037405948724768363
937.1875,0.002276883835420683
937.5,0.0033587572106361006
937.8125,0.0033304729393886386
938.125,0.0033021886681411767
938.4375,0.004270924958366747
938.75,0.004574980874276962
939.0625,0.004101219330881975
939.375,0.003768879143724298
939.6875,0.005600285706997456
940,0.00393858477120907
940.3125,0.0031324830406564055
940.625,0.003026417023478423
940.9375,0.0035213917703090063
941.25,0.003075914498161481
941.5625,0.002382949852598665
941.875,0.0021354624791833734
942.1875,0.004299209229614209
942.5,0.0044123463146040565
942.8125,0.0064912402512925065
943.125,0.008039804102091045
943.4375,0.006264966081312811
943.75,0.005494219689819474
944.0625,0.0036062445840513925
944.375,0.0026092240225783605
944.6875,0.0021071782079359115
945,0.0031607673119038674
945.3125,0.003075914498161481
945.625,0.002856711395993652
945.9375,0.003104198769408943
946.25,0.004461843789287114
946.5625,0.0070710678118654745
946.875,0.0052396612485923165
947.1875,0.0033304729393886386
947.5,0.0019657568516986018
947.8125,0.0023051681066681446
948.125,0.0020506096654409876
948.4375,0.0015839191898578662
948.75,0.0023051681066681446
949.0625,0.003768879143724298
949.375,0.0046881179592668095
949.6875,0.0043840620433565946
950,0.006158900064134829
950.3125,0.005713422791987304
950.625,0.004270924958366747
950.9375,0.002800142853498728
951.25,0.0024960869375885127
951.5625,0.002439518395093589
951.875,0.0032173358543987913
952.1875,0.002913279938488576
952.5,0.0020788939366884495
952.8125,0.0021637467504308353
953.125,0.0027435743110038042
953.4375,0.002884995667241114
953.75,0.0020788939366884495
954.0625,0.002884995667241114
954.375,0.0026092240225783605
954.6875,0.002248599564173221
955,0.0018879751057680819
955.3125,0.0032739043968937143
955.625,0.005161879502661797
955.9375,0.0032173358543987913
956.25,0.003026417023478423
956.5625,0.0032739043968937143
956.875,0.002665792565073284
957.1875,0.002326381310103741
957.5,0.0029698484809834993
957.8125,0.002354665581351203
958.125,0.002439518395093589
958.4375,0.002354665581351203
958.75,0.002665792565073284
959.0625,0.003691097397793778
959.375,0.0036628131265463155
959.6875,0.0020788939366884495
960,0.0017182694782833102
960.3125,0.002326381310103741
960.625,0.002884995667241114
960.9375,0.004242640687119285
961.25,0.0034365389565666205
961.5625,0.0020788939366884495
961.875,0.0016051323932934627
962.1875,0.0012727922061357853
962.5,0.001414213562373095
962.8125,0.0019162593770155438
963.125,0.002637508293825822
963.4375,0.0033587572106361006
963.75,0.003768879143724298
964.0625,0.004157787873376899
964.375,0.004129503602129437
964.6875,0.00565685424949238
965,0.005932625894155133
965.3125,0.0034365389565666205
965.625,0.0025809397513308985
965.9375,0.002326381310103741
966.25,0.0020788939366884495
966.5625,0.0031324830406564055
966.875,0.0026870057685088804
967.1875,0.0021354624791833734
967.5,0.0020788939366884495
967.8125,0.00185969083452062
968.125,0.0023051681066681446
968.4375,0.003047630226914019
968.75,0.0034082546853191585
969.0625,0.0021071782079359115
969.375,0.0018031222920256963
969.6875,0.00185969083452062
970,0.001385929291125633
970.3125,0.0018314065632731578
970.625,0.002354665581351203
970.9375,0.0018314065632731578
971.25,0.002276883835420683
971.5625,0.0035496760415564686
971.875,0.0034082546853191585
972.1875,0.0033587572106361006
972.5,0.0020788939366884495
972.8125,0.0024678026663410508
973.125,0.002326381310103741
973.4375,0.0014990663761154806
973.75,0.0021354624791833734
974.0625,0.003075914498161481
974.375,0.0023051681066681446
974.6875,0.0020506096654409876
975,0.002276883835420683
975.3125,0.0019162593770155438
975.625,0.002411234123846127
975.9375,0.0023051681066681446
976.25,0.002524371208835974
976.5625,0.002276883835420683
976.875,0.0017182694782833102
977.1875,0.0019657568516986018
977.5,0.0018031222920256963
977.8125,0.003047630226914019
978.125,0.0052679455198397784
978.4375,0.004518412331782038
978.75,0.002382949852598665
979.0625,0.0015273506473629426
979.375,0.0019445436482630055
979.6875,0.002382949852598665
980,0.0037971634149717597
980.3125,0.00282842712474619
980.625,0.002326381310103741
980.9375,0.0023051681066681446
981.25,0.003104198769408943
981.5625,0.003910300499961608
981.875,0.0035779603128039306
982.1875,0.0037971634149717597
982.5,0.0020506096654409876
982.8125,0.002276883835420683
983.125,0.0024678026663410508
983.4375,0.0015839191898578662
983.75,0.002439518395093589
984.0625,0.002439518395093589
984.375,0.0031607673119038674
984.6875,0.002856711395993652
985,0.0015839191898578662
985.3125,0.002665792565073284
985.625,0.0046881179592668095
985.9375,0.0038537319574666836
986.25,0.0023051681066681446
986.5625,0.002022325394193526
986.875,0.0021354624791833734
987.1875,0.002524371208835974
987.5,0.002552655480083436
987.8125,0.002884995667241114
988.125,0.002856711395993652
988.4375,0.0016051323932934627
988.75,0.0027435743110038042
989.0625,0.0031890515831513293
989.375,0.002771858582251266
989.6875,0.002800142853498728
990,0.0019445436482630055
990.3125,0.001442497833620557
990.625,0.0010535891039679557
990.9375,0.00096873629022557
991.25,0.00185969083452062
991.5625,0.0021920310216782973
991.875,0.0029698484809834993
992.1875,0.003104198769408943
992.5,0.0018314065632731578
992.8125,0.0020788939366884495
993.125,0.0033870414818835625
993.4375,0.0036628131265463155
993.75,0.0027152900397563423
994.0625,0.002022325394193526
994.375,0.0018314065632731578
994.6875,0.002411234123846127
995,0.0032173358543987913
995.3125,0.004051721856198917
995.625,0.002637508293825822
995.9375,0.0014990663761154806
996.25,0.0020788939366884495
996.5625,0.0019162593770155438
996.875,0.0023051681066681446
997.1875,0.0023051681066681446
997.5,0.0016051323932934627
997.8125,0.0012727922061357853
998.125,0.0016617009357883866
998.4375,0.0017748380207782343
998.75,0.002354665581351203
999.0625,0.0019162593770155438
999.375,0.001414213562373095
999.6875,0.0019445436482630055