DateTime,1RV-O-T,2AX-O-T,2RV-O-T,3RV-O-T,6RV-O-T,7RV-O-T,8RV-O-T
2026-04-30 23:42:00,0.33857,1.08063,0.71376,0.9873,1.30208,1.22642,1.23674
2026-05-01 00:42:00,0.35119,1.08654,0.7567,0.97716,1.31118,1.17862,1.17719
2026-05-01 01:42:00,0.35952,1.11625,0.73341,0.97781,1.30433,1.2938,1.2955
2026-05-01 02:42:00,0.36397,1.12159,0.68728,0.983,1.29431,1.19365,1.24296
2026-05-01 03:42:00,0.35603,1.14383,0.65725,0.97931,1.28211,1.33778,1.36708
2026-05-01 04:42:00,0.36294,1.08859,0.7164,0.96128,1.2686,1.20167,1.19949
2026-05-01 05:42:00,0.35209,1.01018,0.63319,0.97279,1.30104,1.32782,1.3098
2026-05-01 06:42:00,0.36055,1.01678,0.66351,0.99616,1.30858,1.30926,1.35891
2026-05-01 07:42:00,0.36223,1.00479,0.65928,0.95967,1.29836,1.14673,1.15789
2026-05-01 08:42:00,0.37241,1.01437,0.67903,0.9777,1.29786,1.34005,1.36928
2026-05-01 09:42:00,0.34336,0.99022,0.59372,0.97961,1.31594,1.14821,1.1367
2026-05-01 10:42:00,0.34185,0.93435,0.55631,0.97268,1.32542,1.19865,1.23069
2026-05-01 11:42:00,0.32469,0.9159,0.53898,0.98872,1.30367,1.12652,1.12726
2026-05-01 12:42:00,0.31816,0.87736,0.51903,1.01327,1.38268,1.19219,1.1994
2026-05-01 13:42:00,0.33356,0.92603,0.53964,0.98517,1.32027,1.16351,1.17874
2026-05-01 14:42:00,0.32419,0.95007,0.58036,1.00928,1.33341,1.07753,1.08407
2026-05-01 15:42:00,0.33135,1.00453,0.54601,1.01154,1.36516,1.08898,1.10172
2026-05-01 16:42:00,0.34582,1.01306,0.60639,0.98946,1.32514,1.25654,1.26292
2026-05-01 17:42:00,0.33623,0.93098,0.55612,1.00316,1.34633,1.26433,1.29867
2026-05-01 18:42:00,0.33943,1.00065,0.58949,0.99109,1.28914,1.26617,1.28641
2026-05-01 19:42:00,0.3382,1.09019,0.59455,0.96825,1.35046,1.20409,1.20169
2026-05-01 20:42:00,0.3398,1.07362,0.65155,0.9896,1.32386,1.20401,1.22997
2026-05-01 21:42:00,0.34696,1.09919,0.67149,0.98231,1.34069,1.25483,1.25602
2026-05-01 22:42:00,0.34233,1.05901,0.6339,0.98065,1.31915,1.30059,1.29203
2026-05-01 23:42:00,0.33833,1.01125,0.62715,0.99194,1.32955,1.34044,1.33567
2026-05-02 00:42:00,0.33683,0.86688,0.53297,0.95319,1.35091,1.26472,1.29792
2026-05-02 01:42:00,0.33728,0.93518,0.56874,0.99674,1.35139,1.17498,1.20199
2026-05-02 02:42:00,0.34659,0.92013,0.54233,0.97654,1.32164,1.15885,1.2079
2026-05-02 03:42:00,0.34553,1.06478,0.65413,0.97496,1.29465,1.10104,1.10751
2026-05-02 04:42:00,0.35016,1.11264,0.61035,0.97709,1.33604,1.20213,1.23981
2026-05-02 05:42:00,0.34283,1.10024,0.64734,0.98266,1.29175,1.24014,1.2743
2026-05-02 06:42:00,0.36828,1.34497,0.83106,0.9714,1.29303,1.25758,1.27489
2026-05-02 07:42:00,0.36374,1.24073,0.75061,0.99001,1.28381,1.19797,1.21332
2026-05-02 08:42:00,0.34036,1.03518,0.61317,0.9825,1.29803,1.18269,1.21942
2026-05-02 09:42:00,0.33099,0.87224,0.51944,0.98251,1.30516,1.23482,1.26111
2026-05-02 10:42:00,0.32291,0.79641,0.43731,0.99794,1.34919,1.20938,1.21376
2026-05-02 11:42:00,0.31992,0.79506,0.44226,0.9987,1.37008,1.1736,1.18227
2026-05-02 12:42:00,0.31838,0.77289,0.46312,0.99256,1.3358,1.17635,1.17407
2026-05-02 13:42:00,0.31706,0.75965,0.4579,0.99783,1.35723,1.17947,1.19867
2026-05-02 14:42:00,0.32669,0.7649,0.43379,0.98222,1.32316,1.09666,1.09684
2026-05-02 15:42:00,0.331,0.76003,0.45205,0.99697,1.34693,1.0894,1.10648
2026-05-02 16:42:00,0.33634,0.80683,0.47932,1.00191,1.31857,1.25475,1.27023
2026-05-02 17:42:00,0.32649,0.74421,0.45818,0.99028,1.34615,1.11201,1.14451
2026-05-02 18:42:00,0.32827,0.74945,0.45918,1.00571,1.37503,1.0595,1.06381
2026-05-02 19:42:00,0.3331,0.79465,0.49654,0.98457,1.32693,1.17862,1.18347
2026-05-02 20:42:00,0.32406,0.81088,0.47993,0.98341,1.34473,1.28585,1.27976
2026-05-02 21:42:00,0.32752,0.84251,0.50187,0.99409,1.30612,1.14763,1.14375
2026-05-02 22:42:00,0.32897,0.79074,0.48049,0.97717,1.31055,1.16273,1.14725
2026-05-02 23:42:00,0.32647,0.81063,0.4932,0.98939,1.34206,1.06616,1.10451
2026-05-03 00:42:00,0.33729,0.82206,0.55206,0.99652,1.34877,1.15703,1.20276
2026-05-03 01:42:00,0.3382,0.81903,0.52577,0.99232,1.30534,1.14523,1.13432
2026-05-03 02:42:00,0.34737,0.82791,0.55381,0.98558,1.31389,1.08915,1.10801
2026-05-03 03:42:00,0.34251,0.82877,0.58219,0.99271,1.31454,1.16292,1.13381
2026-05-03 04:42:00,0.33821,0.80118,0.5303,0.98349,1.33956,1.10075,1.12363
2026-05-03 05:42:00,0.34568,0.9273,0.59964,0.99916,1.30162,1.21838,1.20527
2026-05-03 06:42:00,0.33982,0.98875,0.59369,0.98293,1.31157,1.25549,1.25184
2026-05-03 07:42:00,0.33874,1.04291,0.63348,0.97262,1.28902,1.23843,1.24268
2026-05-03 08:42:00,0.33481,0.96019,0.54051,0.98319,1.31242,1.25018,1.27672
2026-05-03 09:42:00,0.33836,0.91779,0.48397,0.99812,1.31575,1.12893,1.12404
2026-05-03 10:42:00,0.33038,0.90868,0.52609,0.99079,1.33152,1.15272,1.1463
2026-05-03 11:42:00,0.33057,0.95846,0.53549,0.99837,1.30246,1.13034,1.137
2026-05-03 12:42:00,0.32859,1.02854,0.56529,0.97602,1.3181,1.13363,1.12094
2026-05-03 13:42:00,0.31989,0.94358,0.54414,0.99456,1.34239,1.10544,1.09906
2026-05-03 14:42:00,0.33709,0.99488,0.57636,0.9947,1.30137,1.09506,1.11799
2026-05-03 15:42:00,0.33774,1.06076,0.5453,1.00385,1.30549,1.13557,1.13629
2026-05-03 16:42:00,0.34198,1.0957,0.61393,0.99092,1.30468,1.28846,1.31508
2026-05-03 17:42:00,0.33797,1.08853,0.59502,1.00771,1.33688,1.22111,1.21055
2026-05-03 18:42:00,0.34862,1.07209,0.60466,0.99925,1.31298,1.25145,1.23671
2026-05-03 19:42:00,0.34726,1.05312,0.62595,0.99502,1.32384,1.28145,1.28691
2026-05-03 20:42:00,0.33683,1.06639,0.6314,0.98153,1.32608,1.23095,1.22767
2026-05-03 21:42:00,0.342,1.05842,0.62862,0.99607,1.32864,1.06571,1.08748
2026-05-03 22:42:00,0.34006,1.07876,0.62994,0.99917,1.33012,1.16975,1.17193
2026-05-03 23:42:00,0.34058,1.06465,0.68836,0.98305,1.314,1.13766,1.15127
2026-05-04 00:42:00,0.34221,1.06792,0.62048,0.99439,1.33564,1.05808,1.04131
2026-05-04 01:42:00,0.34307,1.05402,0.60851,0.9882,1.31574,1.26663,1.24001
2026-05-04 02:42:00,0.34141,1.06397,0.6457,0.9935,1.31975,1.07758,1.08763
2026-05-04 03:42:00,0.35402,1.03175,0.64531,0.99532,1.29615,1.05664,1.093
2026-05-04 04:42:00,0.34888,1.05027,0.62149,0.99903,1.33727,1.14394,1.14289
2026-05-04 05:42:00,0.35931,1.04787,0.64897,0.96562,1.33444,1.09844,1.1249
2026-05-04 06:42:00,0.35733,1.0505,0.63809,0.96708,1.32135,1.1242,1.1405
2026-05-04 07:42:00,0.34831,1.02077,0.63515,0.98264,1.28416,1.13803,1.13933
2026-05-04 08:42:00,0.34632,1.00365,0.59436,0.98842,1.34448,1.39148,1.33632
2026-05-04 09:42:00,0.34117,0.99227,0.58287,0.98072,1.2863,1.29265,1.29816
2026-05-04 10:42:00,0.28098,0.27576,0.29706,0.99891,1.30461,1.03218,1.06803
2026-05-04 11:42:00,0.27994,0.2905,0.29536,1.00641,1.32798,1.13601,1.13915
2026-05-04 12:42:00,0.28286,0.29239,0.28659,0.99399,1.32157,1.05452,1.06192
2026-05-04 13:42:00,0.28556,0.30623,0.28523,1.00673,1.35694,1.22248,1.20296
2026-05-04 14:42:00,0.29105,0.30774,0.2841,0.99656,1.34463,1.19401,1.15646
2026-05-04 15:42:00,0.28812,0.30829,0.28159,1.02094,1.35666,1.11651,1.1106
2026-05-04 16:42:00,0.29891,0.30907,0.28784,0.99507,1.35103,1.19736,1.17884
2026-05-04 17:42:00,0.29658,0.30767,0.2966,0.99027,1.31813,1.09508,1.10687
2026-05-04 18:42:00,0.29315,0.29431,0.29463,1.00175,1.34263,1.23372,1.24441
2026-05-04 19:42:00,0.28371,0.30725,0.30096,0.99407,1.33176,1.10098,1.10947
2026-05-04 20:42:00,0.29335,0.31834,0.3176,0.99613,1.35547,1.16249,1.17056
2026-05-04 21:42:00,0.29301,0.31517,0.31658,0.97713,1.29569,1.1684,1.16347
2026-05-04 22:42:00,0.29219,0.31399,0.31778,0.98624,1.32995,1.17328,1.17044
2026-05-04 23:42:00,0.29501,0.32132,0.32745,0.98407,1.28236,1.1754,1.17096
2026-05-05 00:42:00,0.29657,0.34896,0.3305,0.99255,1.32033,1.12955,1.11605
2026-05-05 01:42:00,0.2996,0.34095,0.33946,0.98456,1.31397,1.13497,1.14524
2026-05-05 02:42:00,0.29773,0.35353,0.33251,1.00234,1.30442,1.12532,1.11741
2026-05-05 03:42:00,0.30635,0.35324,0.33719,1.00107,1.36568,1.08897,1.11455
2026-05-05 04:42:00,0.31871,0.3396,0.34004,0.98009,1.2988,1.11636,1.14381
2026-05-05 05:42:00,0.31063,0.34007,0.3484,0.96865,1.3117,1.17447,1.17597
2026-05-05 06:42:00,0.32729,0.34671,0.3538,0.98703,1.31049,1.07413,1.09818
2026-05-05 07:42:00,0.31895,0.35251,0.35324,0.97695,1.2792,1.10961,1.13914
2026-05-05 08:42:00,0.32755,0.346,0.35717,0.96126,1.28964,1.18474,1.17311
2026-05-05 09:42:00,0.31736,0.32506,0.33316,0.99638,1.32746,1.10347,1.09172
2026-05-05 10:42:00,0.29904,0.3245,0.33076,1.00058,1.34664,1.04454,1.05421
2026-05-05 11:42:00,0.29724,0.3497,0.33571,0.98162,1.32417,1.09919,1.12212
2026-05-05 12:42:00,0.29454,0.35073,0.31849,0.99533,1.33719,1.23647,1.21626
2026-05-05 13:42:00,0.28277,0.34855,0.31367,0.99307,1.35146,1.09705,1.0774
2026-05-05 14:42:00,0.2866,0.35056,0.31731,1.00621,1.34473,1.13173,1.12987
2026-05-05 15:42:00,0.29697,0.35852,0.32756,0.99455,1.33369,1.05226,1.0411
2026-05-05 16:42:00,0.29413,0.37007,0.32686,1.00662,1.33165,1.16716,1.181
2026-05-05 17:42:00,0.29639,0.36234,0.32854,0.99044,1.33591,1.14727,1.16487
2026-05-05 18:42:00,0.29653,0.36118,0.33585,0.99176,1.32286,1.1855,1.17072
2026-05-05 19:42:00,0.29266,0.3745,0.34303,0.9942,1.3305,1.15055,1.12914
2026-05-05 20:42:00,0.30116,0.36268,0.34686,0.98128,1.32227,1.22429,1.22642
2026-05-05 21:42:00,0.301,0.37598,0.35526,0.97694,1.30739,1.2461,1.21677
2026-05-05 22:42:00,0.29475,0.36292,0.34709,0.99781,1.31794,1.06663,1.08105
2026-05-05 23:42:00,0.30274,0.37281,0.34921,0.98216,1.34712,1.24666,1.17745
2026-05-06 00:42:00,0.31102,0.37033,0.35906,0.9675,1.33285,1.287,1.28003
2026-05-06 01:42:00,0.31395,0.36392,0.35666,0.97647,1.30016,1.25868,1.24159
2026-05-06 02:42:00,0.30842,0.36523,0.35073,0.97405,1.29187,1.14253,1.14675
2026-05-06 03:42:00,0.31135,0.35671,0.34802,0.98317,1.32499,1.17794,1.19193
2026-05-06 04:42:00,0.3204,0.39108,0.38045,0.98884,1.31772,1.30267,1.30658
2026-05-06 05:42:00,0.31127,0.35566,0.36612,0.98409,1.33987,1.22212,1.21325
2026-05-06 06:42:00,0.30704,0.36356,0.35622,0.97079,1.32615,1.27531,1.26402
2026-05-06 07:42:00,0.30646,0.37546,0.3625,0.97414,1.32709,1.263,1.25453
2026-05-06 08:42:00,0.30076,0.36059,0.34774,0.98648,1.33596,1.21418,1.20289
2026-05-06 09:42:00,0.28996,0.3742,0.35648,0.99401,1.35035,1.06302,1.04251
2026-05-06 10:42:00,0.30376,0.36935,0.34933,0.99351,1.34985,1.09213,1.13432
2026-05-06 11:42:00,0.29366,0.39231,0.36163,0.99367,1.30853,0.1331,1.15919
2026-05-06 12:42:00,0.29949,0.37564,0.34463,1.00484,1.34332,0.15562,1.21608
2026-05-06 13:42:00,0.29575,0.4021,0.34959,1.01102,1.38623,0.1071,1.154
2026-05-06 14:42:00,0.28331,0.3887,0.34761,1.02692,1.3808,0.11035,1.08585
2026-05-06 15:42:00,0.28958,0.39532,0.35031,1.01867,1.35993,0.1082,1.28142
2026-05-06 16:42:00,0.29495,0.38834,0.35091,1.01187,1.36582,0.11096,1.16456
2026-05-06 17:42:00,0.29681,0.41055,0.36092,1.01341,1.40218,0.12381,1.18721
2026-05-06 18:42:00,0.29445,0.38307,0.35234,1.00527,1.34014,0.1296,1.1955
2026-05-06 19:42:00,0.29544,0.40016,0.36782,1.01265,1.32166,0.12297,1.10541
2026-05-06 20:42:00,0.2899,0.39327,0.36753,1.00229,1.34377,0.13559,1.213
2026-05-06 21:42:00,0.28788,0.41111,0.36439,0.99205,1.31969,0.12127,1.11674
2026-05-06 22:42:00,0.29657,0.40379,0.37792,1.00147,1.3477,0.12392,1.25973
2026-05-06 23:42:00,0.30448,0.43236,0.38366,1.00594,1.35026,0.11813,1.25158
2026-05-07 00:42:00,0.30278,0.38709,0.38011,1.00518,1.3521,0.1164,1.20318
2026-05-07 01:42:00,0.30789,0.40708,0.38219,0.98995,1.33146,0.12953,1.24166
2026-05-07 02:42:00,0.30274,0.42641,0.39973,0.99445,1.32297,0.12977,1.26722
2026-05-07 03:42:00,0.30125,0.43925,0.39079,1.00897,1.34972,0.12151,1.20413
2026-05-07 04:42:00,0.30904,0.45498,0.40528,0.99661,1.34962,0.12196,1.11369
2026-05-07 05:42:00,0.32334,0.44593,0.41406,0.98185,1.32277,0.12191,1.22776
2026-05-07 06:42:00,0.32105,0.42504,0.40232,0.98784,1.34336,0.1284,1.21054
2026-05-07 07:42:00,0.30784,0.43597,0.40112,0.99899,1.31716,0.11886,1.22271
2026-05-07 08:42:00,0.30526,0.42924,0.40492,0.97986,1.38342,0.12894,1.15765
2026-05-07 09:42:00,0.302,0.44158,0.40456,1.02121,1.3734,0.12081,1.10317
2026-05-07 10:42:00,0.29438,0.43899,0.37597,1.01178,1.32312,0.12128,1.10577
2026-05-07 11:42:00,0.30128,0.4453,0.3783,1.01731,1.38424,0.12193,1.11033
2026-05-07 12:42:00,0.29185,0.39593,0.36519,1.01793,1.38504,0.12645,1.10064
2026-05-07 13:42:00,0.28505,0.43503,0.34824,1.02624,1.34206,0.121,1.17328
2026-05-07 14:42:00,0.29167,0.4117,0.3508,1.02111,1.40161,0.12562,1.25225
2026-05-07 15:42:00,0.29702,0.41491,0.33877,1.02323,1.36047,0.11364,1.16663
2026-05-07 16:42:00,0.30275,0.43576,0.36327,1.01717,1.3639,0.11789,1.09877
2026-05-07 17:42:00,0.29544,0.46124,0.37438,1.01001,1.39836,0.1222,1.1939
2026-05-07 18:42:00,0.29836,0.49439,0.40041,1.01365,1.35883,0.16648,1.21518
2026-05-07 19:42:00,0.29844,0.49996,0.40191,1.00001,1.32559,0.11913,1.34059
2026-05-07 20:42:00,0.28971,0.53349,0.42184,1.0111,1.37009,0.10937,1.12403
2026-05-07 21:42:00,0.30077,0.51033,0.40246,1.02149,1.37869,0.11799,1.09374
2026-05-07 22:42:00,0.30171,0.54266,0.43771,1.00963,1.3666,0.1207,1.2159
2026-05-07 23:42:00,0.30658,0.50491,0.44219,1.01291,1.34328,0.11762,1.14292
2026-05-08 00:42:00,0.30689,0.56292,0.43936,0.99037,1.36913,0.11596,1.15347
2026-05-08 01:42:00,0.31727,0.54832,0.41641,1.00036,1.36967,0.11878,1.24049
2026-05-08 02:42:00,0.32391,0.51668,0.43376,1.0038,1.3812,0.11841,1.14534
2026-05-08 03:42:00,0.32822,0.56932,0.45682,1.00267,1.34207,0.11654,1.16091
2026-05-08 04:42:00,0.33527,0.60343,0.47059,1.0092,1.35459,0.1154,1.11678
2026-05-08 05:42:00,0.33721,0.56564,0.45806,1.00158,1.3569,0.1258,1.23444
2026-05-08 06:42:00,0.33093,0.52138,0.42739,1.01575,1.33222,0.11462,1.15469
2026-05-08 07:42:00,0.34017,0.6035,0.48111,1.01243,1.3822,0.12056,1.26891
2026-05-08 08:42:00,0.33931,0.5997,0.44952,1.0246,1.32532,0.12329,1.20766
2026-05-08 09:42:00,0.3211,0.55774,0.43054,1.00877,1.37306,0.12204,1.10114
2026-05-08 10:42:00,0.31245,0.4644,0.38899,1.01593,1.36589,0.13062,1.15639
2026-05-08 11:42:00,0.29498,0.46766,0.37707,1.01131,1.3836,0.13269,1.16555
2026-05-08 12:42:00,0.28912,0.50046,0.38283,1.02665,1.39645,0.12663,1.11659
2026-05-08 13:42:00,0.2902,0.55259,0.41527,1.02607,1.40592,0.13282,1.12126
2026-05-08 14:42:00,0.29107,0.5283,0.40511,1.02816,1.40503,0.12762,1.19988
2026-05-08 15:42:00,0.29243,0.52507,0.41429,1.02849,1.364,0.12353,1.19658
2026-05-08 16:42:00,0.29637,0.54145,0.4085,1.03483,1.39542,0.12247,1.18884
2026-05-08 17:42:00,0.29496,0.6014,0.45458,1.04672,1.40916,0.14085,1.14117
2026-05-08 18:42:00,0.29375,0.56534,0.43861,1.03164,1.35396,0.13015,1.12952
2026-05-08 19:42:00,0.30088,0.61074,0.46216,1.04481,1.36518,0.12958,1.0581
2026-05-08 20:42:00,0.293,0.55935,0.44787,1.03014,1.39332,0.12629,1.11932
2026-05-08 21:42:00,0.30363,0.59044,0.4398,1.02717,1.40063,0.16656,1.16271
2026-05-08 22:42:00,0.30728,0.62254,0.46775,1.02517,1.39385,0.14981,1.22715
2026-05-08 23:42:00,0.3023,0.51318,0.39764,1.0109,1.34599,0.16713,1.19424
2026-05-09 00:42:00,0.30929,0.56414,0.43611,1.02324,1.35541,0.15756,1.22399
2026-05-09 01:42:00,0.31346,0.58549,0.48088,1.02424,1.36067,0.13734,1.17117
2026-05-09 02:42:00,0.31191,0.57011,0.45123,1.01496,1.3397,0.13345,1.14139
2026-05-09 03:42:00,0.30984,0.57534,0.43744,1.03455,1.3679,0.14114,1.2064
2026-05-09 04:42:00,0.31026,0.5436,0.43282,1.02572,1.36907,0.15793,1.17054
2026-05-09 05:42:00,0.30228,0.45138,0.388,1.02482,1.39916,0.14942,1.1204
2026-05-09 06:42:00,0.30316,0.43989,0.37847,1.01993,1.35712,0.19546,1.17332
2026-05-09 07:42:00,0.30618,0.4449,0.38588,0.99872,1.40523,0.16721,1.21704
2026-05-09 08:42:00,0.30409,0.42605,0.36704,1.02799,1.4109,0.18476,1.18336
2026-05-09 09:42:00,0.30029,0.44302,0.37205,1.04174,1.39338,0.18258,1.10322
2026-05-09 10:42:00,0.30877,0.44021,0.37007,1.02999,1.37657,0.23368,1.1865
2026-05-09 11:42:00,0.29438,0.44302,0.35996,1.03459,1.42586,0.1737,1.13772
2026-05-09 12:42:00,0.30228,0.48751,0.38262,1.05239,1.40229,0.12864,1.08987
2026-05-09 13:42:00,0.30627,0.44153,0.36085,1.03516,1.4069,0.13836,1.31952
2026-05-09 14:42:00,0.30163,0.45375,0.36202,1.03016,1.35912,0.18755,1.13464
2026-05-09 15:42:00,0.29951,0.45011,0.35972,1.04501,1.40034,0.12857,1.14578
2026-05-09 16:42:00,0.29886,0.48951,0.37461,1.05177,1.3773,0.12245,1.04986
2026-05-09 17:42:00,0.30321,0.51368,0.40145,1.04326,1.43186,0.12938,1.18405
2026-05-09 18:42:00,0.30671,0.49556,0.40864,1.04708,1.39301,0.13213,1.24222
2026-05-09 19:42:00,0.30087,0.43321,0.38123,1.04099,1.36476,0.118,1.09589
2026-05-09 20:42:00,0.30209,0.49597,0.41785,1.04231,1.37143,0.12167,1.26028
2026-05-09 21:42:00,0.29584,0.474,0.37934,1.01825,1.38365,0.11537,1.11805
2026-05-09 22:42:00,0.29672,0.50705,0.40129,1.02682,1.37062,0.11954,1.16929
2026-05-09 23:42:00,0.29744,0.5757,0.45827,1.03204,1.38199,0.12005,1.11881
2026-05-10 00:42:00,0.30067,0.54749,0.43012,1.00606,1.37018,0.11974,1.14768
2026-05-10 01:42:00,0.29771,0.51133,0.43142,1.00294,1.35262,0.12438,1.31861
2026-05-10 02:42:00,0.30153,0.54515,0.43657,1.02913,1.40104,0.1204,1.14206
2026-05-10 03:42:00,0.30262,0.59034,0.48924,1.00739,1.37177,0.11674,1.09427
2026-05-10 04:42:00,0.29792,0.49034,0.42019,1.01821,1.34991,0.11969,1.14739
2026-05-10 05:42:00,0.30496,0.52473,0.41722,1.01854,1.37373,0.11754,1.18391
2026-05-10 06:42:00,0.30883,0.60513,0.47244,0.99456,1.34551,0.12927,1.15163
2026-05-10 07:42:00,0.3121,0.62048,0.49164,1.01765,1.37861,0.13091,1.28698
2026-05-10 08:42:00,0.31139,0.58744,0.44372,0.9975,1.33501,0.12834,1.18009
2026-05-10 09:42:00,0.30876,0.5272,0.40689,1.00753,1.37274,0.12869,1.32066
2026-05-10 10:42:00,0.30747,0.55258,0.40855,1.01435,1.34684,0.12461,1.19095
2026-05-10 11:42:00,0.30885,0.60451,0.44469,1.02917,1.34199,0.12521,1.16318
2026-05-10 12:42:00,0.31538,0.55446,0.44409,1.03326,1.38827,0.12208,1.10638
2026-05-10 13:42:00,0.31318,0.59852,0.42513,1.03476,1.41993,0.13474,1.28492
2026-05-10 14:42:00,0.31627,0.55445,0.4401,1.01325,1.35252,0.12988,1.11221
2026-05-10 15:42:00,0.30422,0.54184,0.40647,1.02726,1.39115,0.12226,1.04615
2026-05-10 16:42:00,0.31439,0.54588,0.39921,1.03328,1.39758,0.11686,1.09867
2026-05-10 17:42:00,0.32009,0.64141,0.48695,1.02945,1.3832,0.1258,1.18485
2026-05-10 18:42:00,0.32367,0.63117,0.47504,1.01014,1.38743,0.12444,1.10915
2026-05-10 19:42:00,0.30691,0.56699,0.47221,1.02528,1.38177,0.12255,1.18046
2026-05-10 20:42:00,0.30481,0.60476,0.47469,1.01462,1.32887,0.12298,1.15765
2026-05-10 21:42:00,0.30683,0.63479,0.48645,1.0173,1.3669,0.12427,1.09618
2026-05-10 22:42:00,0.30308,0.62231,0.4951,1.02,1.36963,0.12005,1.1113
2026-05-10 23:42:00,0.30234,0.68024,0.55826,1.03896,1.3546,0.11899,1.12234
2026-05-11 00:42:00,0.30635,0.65523,0.50492,1.00456,1.3565,0.12295,1.13792
2026-05-11 01:42:00,0.30886,0.66516,0.5099,1.02445,1.36536,0.12333,1.09271
2026-05-11 02:42:00,0.31552,0.71385,0.56932,1.0148,1.33897,0.12586,1.15016
2026-05-11 03:42:00,0.3031,0.63084,0.52761,1.01646,1.34204,0.13085,1.19847
2026-05-11 04:42:00,0.30448,0.70395,0.53509,1.00954,1.34695,0.12971,1.06555
2026-05-11 05:42:00,0.31214,0.75796,0.55337,1.01772,1.35525,0.12977,1.29872
2026-05-11 06:42:00,0.33331,0.78845,0.63597,1.00593,1.38412,0.12504,1.14478
2026-05-11 07:42:00,0.32442,0.81634,0.62069,0.99409,1.31385,0.12382,1.15123
2026-05-11 08:42:00,0.33455,0.91342,0.59706,1.01782,1.38313,0.12559,1.17081
2026-05-11 09:42:00,0.31255,0.80603,0.49939,1.00732,1.34735,0.12841,1.09521
2026-05-11 10:42:00,0.31755,0.73923,0.4972,1.02122,1.38459,0.12552,1.14873
2026-05-11 11:42:00,0.30487,0.63126,0.43422,1.00996,1.31225,0.11862,1.08566
2026-05-11 12:42:00,0.30308,0.51881,0.40089,1.01057,1.36744,0.12057,1.0533
2026-05-11 13:42:00,0.3061,0.57726,0.41283,1.02387,1.38699,0.12698,1.14838
2026-05-11 14:42:00,0.30687,0.54972,0.41476,1.01293,1.34674,0.11803,1.11082
2026-05-11 15:42:00,0.30259,0.56365,0.42439,1.0159,1.36819,0.11728,1.05201
2026-05-11 16:42:00,0.30951,0.56982,0.42169,1.01554,1.33542,0.21227,1.15329
2026-05-11 17:42:00,0.30329,0.59262,0.42428,1.01883,1.3357,0.22494,1.06966
2026-05-11 18:42:00,0.30535,0.54635,0.44584,0.99926,1.35718,0.13419,1.22632
2026-05-11 19:42:00,0.30511,0.56612,0.44776,1.02111,1.38504,0.15221,1.29143
2026-05-11 20:42:00,0.30022,0.53084,0.449,1.01762,1.35525,0.14055,1.08175
2026-05-11 21:42:00,0.30201,0.56218,0.45945,1.00307,1.35398,0.12455,1.20425
2026-05-11 22:42:00,0.30771,0.59847,0.4584,0.99176,1.3297,0.1202,1.20701
2026-05-11 23:42:00,0.3069,0.65803,0.47364,1.01683,1.35358,0.12128,1.10241
2026-05-12 00:42:00,0.30626,0.68866,0.51712,1.0139,1.3599,0.12356,1.1404
2026-05-12 01:42:00,0.31803,0.76271,0.60383,1.01765,1.35331,0.12862,1.16702
2026-05-12 02:42:00,0.32443,0.78159,0.59632,1.0215,1.37793,0.13331,1.31151
2026-05-12 03:42:00,0.33198,0.87876,0.64901,1.02113,1.32898,0.12779,1.20099
2026-05-12 04:42:00,0.32798,0.68555,0.5843,1.00406,1.37262,0.1311,1.19493
2026-05-12 05:42:00,0.33209,0.81123,0.59379,1.01405,1.36103,0.13254,1.24988
2026-05-12 06:42:00,0.33464,0.79545,0.62908,0.98121,1.34827,0.14061,1.30882
2026-05-12 07:42:00,0.3303,0.72614,0.61641,1.00021,1.35524,0.13783,1.29269
2026-05-12 08:42:00,0.3319,0.73157,0.59031,1.0239,1.36637,0.13394,1.21606
2026-05-12 09:42:00,0.31891,0.64592,0.49918,1.02223,1.38947,0.13409,1.27516
2026-05-12 10:42:00,0.31263,0.54109,0.44695,1.02935,1.40099,0.1407,1.09204
2026-05-12 11:42:00,0.32061,0.60068,0.45677,1.02275,1.40296,0.12917,1.20366
2026-05-12 12:42:00,0.32086,0.62937,0.47061,1.00947,1.38268,0.12094,1.0631
2026-05-12 13:42:00,0.3132,0.6467,0.46948,1.02797,1.3799,0.12877,1.23962
2026-05-12 14:42:00,0.32104,0.62383,0.45875,1.03339,1.41946,0.12845,1.23126
2026-05-12 15:42:00,0.33311,0.6924,0.51422,1.0065,1.37787,0.12762,1.22214
2026-05-12 16:42:00,0.32502,0.65778,0.47469,1.02801,1.39459,0.22452,1.16569
2026-05-12 17:42:00,0.32557,0.71117,0.52652,1.01429,1.35597,0.13066,1.25909
2026-05-12 18:42:00,0.32578,0.70429,0.50279,1.01814,1.3554,0.12212,1.17089
2026-05-12 19:42:00,0.32672,0.71569,0.53562,0.99886,1.35405,0.12267,1.31523
2026-05-12 20:42:00,0.31917,0.75529,0.55887,1.00893,1.35357,0.12976,1.15699
2026-05-12 21:42:00,0.32094,0.82327,0.58087,1.00239,1.33373,0.11771,1.27131
2026-05-12 22:42:00,0.31754,0.85988,0.61308,0.99617,1.35692,0.11038,1.20195
2026-05-12 23:42:00,0.31907,0.81926,0.59723,1.00654,1.34486,0.11369,1.22518
2026-05-13 00:42:00,0.31943,0.82499,0.61207,1.01894,1.35661,0.1135,1.17796
2026-05-13 01:42:00,0.32165,0.82728,0.61515,0.9896,1.32707,0.10986,1.20249
2026-05-13 02:42:00,0.31699,0.85202,0.58967,1.01596,1.41993,0.12193,1.14531
2026-05-13 03:42:00,0.3285,0.92673,0.64629,1.01529,1.34442,0.12229,1.16448
2026-05-13 04:42:00,0.33165,1.01728,0.68904,0.98876,1.32637,0.13099,1.28726
2026-05-13 05:42:00,0.33573,1.10314,0.72934,1.00268,1.36518,0.12185,1.22001
2026-05-13 06:42:00,0.34099,1.09568,0.74485,0.99945,1.37592,0.12953,1.26604
2026-05-13 07:42:00,0.34505,1.03045,0.76845,0.98366,1.29696,0.11882,1.11508
2026-05-13 08:42:00,0.33439,0.95377,0.64928,0.99133,1.34521,0.12701,1.23344
2026-05-13 09:42:00,0.33726,1.00493,0.61713,1.01022,1.38945,0.12867,1.1785
2026-05-13 10:42:00,0.33224,0.89774,0.54577,0.99655,1.37772,0.12122,1.2086
2026-05-14 11:33:37,0.31404,0.73159,0.46065,1.02204,1.33621,0.17125,1.15179
2026-05-14 12:42:00,0.30639,0.78054,0.48476,0.99582,1.31894,0.16808,1.15321
2026-05-14 13:42:00,0.31145,0.79451,0.46691,1.00601,1.40124,0.16819,1.16057
2026-05-14 14:42:00,0.30739,0.76578,0.45953,1.0042,1.34893,0.21819,1.11733
2026-05-14 15:42:00,0.31558,0.78428,0.45212,1.01888,1.34282,0.21503,1.03467
2026-05-14 16:42:00,0.31052,0.81635,0.46873,1.01542,1.37915,0.21483,1.11132
2026-05-14 17:42:00,0.30923,0.80271,0.49624,1.00958,1.35808,0.21287,1.1766
2026-05-14 18:42:00,0.30673,0.77981,0.46607,1.01862,1.36523,0.2208,1.13794
2026-05-14 19:42:00,0.31521,0.79288,0.50012,1.00726,1.35267,0.21925,1.14576
2026-05-14 20:42:00,0.30664,0.83809,0.53975,1.02213,1.34913,0.21138,1.11516
2026-05-14 21:42:00,0.31237,0.9145,0.58865,0.9832,1.34622,0.21731,1.12652
2026-05-14 22:42:00,0.31039,0.91945,0.56064,1.00378,1.31084,0.21412,1.08837
2026-05-14 23:42:00,0.30832,0.90191,0.57786,1.00883,1.34404,0.21202,1.05236
2026-05-15 00:42:00,0.313,0.85352,0.57005,1.00401,1.36456,0.21917,1.21456
2026-05-15 01:42:00,0.30602,0.82147,0.49346,0.9931,1.34454,0.21364,1.1237
2026-05-15 02:42:00,,0.84091,,1.00369,1.30436,0.21446,1.16158
2026-05-15 03:42:00,0.30906,0.85323,0.58472,1.00441,1.32692,0.21022,1.10198
2026-05-15 04:42:00,0.31049,0.8532,0.58443,1.02014,1.35509,0.21996,1.10301
2026-05-15 05:42:00,0.31127,0.85573,0.57165,1.00666,1.33902,0.2236,1.21566
2026-05-15 06:42:00,0.32684,0.98359,0.68455,1.0068,1.34233,0.22791,1.15607
2026-05-15 07:42:00,0.3251,0.9981,0.692,0.99421,1.31879,0.21843,1.06429
2026-05-15 08:42:00,0.33398,0.96263,0.65856,1.01222,1.33011,0.2131,1.19776
2026-05-15 09:59:47,0.33778,0.92214,0.6609,1.01586,1.36129,0.22237,1.10692
2026-05-15 10:42:00,0.32162,0.82414,0.57184,1.02518,1.3228,0.22103,1.27742
2026-05-15 11:42:00,0.31859,0.90788,0.5491,1.03812,1.36244,0.21072,1.13897
2026-05-15 12:42:00,0.33072,0.95343,0.60084,1.01306,1.35428,0.23993,1.20982
2026-05-15 13:42:00,0.3131,0.88444,0.51717,1.00262,1.3449,0.21439,1.0104
2026-05-15 14:42:00,0.31527,0.87436,0.50416,1.01426,1.33337,0.21028,1.18915
2026-05-15 15:42:00,0.31885,0.8926,0.54418,0.99994,1.37014,0.22182,1.19017
2026-05-15 16:42:00,0.32508,0.94671,0.61966,0.99979,1.33907,0.22318,1.20143
2026-05-15 17:42:00,0.30836,0.84481,0.55098,1.01558,1.34555,0.20728,1.08997
2026-05-15 18:42:00,0.00321,0.00286,0.00378,0.00276,0.00296,0.00364,0.00534
2026-05-15 19:42:00,0.00301,0.00278,0.00379,0.00276,0.00292,0.00418,0.00634
2026-05-15 20:42:00,0.00283,0.00241,0.00356,0.00288,0.00301,0.00543,0.00566
2026-05-15 21:42:00,0.24071,0.6681,0.26986,0.95485,1.18934,0.10123,0.93344
2026-05-15 22:42:00,0.24017,0.60974,0.25511,0.92018,1.157,0.11062,0.89008
2026-05-15 23:42:00,0.23486,0.6515,0.2646,0.95115,1.21077,0.10592,0.81497
2026-05-16 00:42:00,0.24242,0.67198,0.29319,0.95484,1.18683,0.10618,0.89102
2026-05-16 01:42:00,0.24314,0.76783,0.3082,0.9271,1.18342,0.10704,0.84555
2026-05-16 02:42:00,0.2444,0.60109,0.26642,0.93065,1.19502,0.10814,0.908
2026-05-16 03:42:00,0.26423,0.7849,0.34939,0.97292,1.20309,0.15244,0.83698
2026-05-16 04:42:00,0.26737,0.6173,0.31217,1.00499,1.27265,0.15636,0.89285
2026-05-16 05:42:00,0.26916,0.92974,0.39668,0.98824,1.2613,0.15479,0.88578
2026-05-16 06:42:00,0.25882,0.68873,0.38035,0.95231,1.21557,0.16561,0.88359
2026-05-16 07:42:00,0.00283,0.00257,0.0033,0.00271,0.00293,0.00374,0.00568
2026-05-16 08:42:00,0.0028,0.00266,0.00335,0.00275,0.00304,0.00588,0.0058
2026-05-16 09:42:00,0.02493,0.03987,0.0216,0.82176,0.47265,0.02731,0.0689
2026-05-16 10:42:00,0.00295,0.01375,0.00282,0.00494,0.0027,0.0035,0.00593
2026-05-16 11:42:00,0.00293,0.01328,0.00272,0.00431,0.00247,0.00354,0.00545
2026-05-16 12:42:00,0.00286,0.01309,0.00262,0.00378,0.00249,0.00365,0.00549
2026-05-16 13:42:00,0.00282,0.01301,0.00265,0.00418,0.00265,0.00373,0.00595
2026-05-16 14:42:00,0.00317,0.01386,0.00286,0.00463,0.00266,0.00393,0.0058
2026-05-16 16:42:00,0.003,0.01277,0.00291,0.00449,0.00263,0.00383,0.00596
2026-05-16 17:42:00,0.00292,0.01322,0.00276,0.00436,0.00249,0.00377,0.00577
2026-05-16 18:42:00,0.00289,0.01227,0.00269,0.00454,0.00273,0.00385,0.00603
2026-05-16 19:42:00,0.00294,0.01273,0.00275,0.00433,0.00277,0.00394,0.00601
2026-05-16 20:42:00,0.00303,0.0123,0.00281,0.00434,0.00257,0.00387,0.0063
2026-05-16 21:42:00,0.00291,0.01249,0.00283,0.00406,0.00268,0.00398,0.00621
2026-05-16 22:42:00,0.00282,0.01317,0.00276,0.00437,0.00275,0.00392,0.00611
2026-05-16 23:42:00,0.00257,0.01182,0.00245,0.00461,0.00263,0.00392,0.00579
2026-05-17 00:42:00,0.00286,0.01246,0.00273,0.0046,0.0026,0.00413,0.00536
2026-05-17 01:42:00,0.30253,0.30297,0.19346,0.41511,1.07845,0.09102,0.83584
2026-05-17 02:42:00,0.31163,0.26363,0.19262,0.35878,1.13211,0.09732,0.72805
2026-05-17 03:42:00,0.29816,0.19532,0.18612,0.32511,1.12953,0.093,0.88414
2026-05-17 04:42:00,0.28128,0.20597,0.19482,0.30013,1.16926,0.11151,1.15348
2026-05-17 05:42:00,0.27318,0.19468,0.20159,0.31471,1.15501,0.11354,1.18537
2026-05-17 06:42:00,0.27042,0.22023,0.2022,0.61088,1.11782,0.11255,1.1168
2026-05-17 07:42:00,0.27235,0.24078,0.20425,0.60824,1.15835,0.11339,1.21545
2026-05-17 08:42:00,0.27311,0.21993,0.21095,0.65064,1.14336,0.11356,1.13259
2026-05-17 09:42:00,0.27318,0.25751,0.22254,0.65736,1.14678,0.11387,1.21863
2026-05-18 00:19:49,0.27535,0.24522,0.26317,0.76798,1.1069,0.117,1.25144
2026-05-18 01:42:00,0.2712,0.21678,0.26535,0.75374,1.09254,0.11827,1.24136
2026-05-18 02:42:00,0.27395,0.20638,0.26687,0.75349,1.10214,0.11137,1.13745
2026-05-18 03:42:00,0.26933,0.21405,0.26212,0.7681,1.08625,0.11571,1.16223
2026-05-18 04:42:00,0.28187,0.21402,0.28189,0.77871,1.11901,0.11594,1.23083
2026-05-18 05:42:00,0.28076,0.21554,0.27739,0.76801,1.07886,0.11824,1.24719
2026-05-18 06:42:00,0.2797,0.22075,0.26931,0.77865,1.08058,0.12,1.24089
2026-05-18 07:42:00,0.27668,0.21536,0.26054,0.76593,1.10393,0.11575,1.22128
2026-05-18 08:42:00,0.28221,0.21352,0.26465,0.74778,1.08717,0.11149,1.21399
2026-05-18 09:42:00,0.27427,0.35968,0.26794,1.17528,1.76765,0.65498,1.16291
2026-05-18 10:42:00,0.28145,0.37981,0.27172,1.16588,1.72043,0.73726,1.25693
2026-05-18 11:42:00,0.28023,0.3956,0.28435,1.14686,1.67596,0.7429,1.18191
2026-05-18 12:42:00,0.28458,0.39397,0.28949,1.10063,1.57383,0.7742,1.22322
2026-05-18 13:42:00,0.27731,0.39503,0.27846,1.12889,1.57082,0.85753,1.24533
2026-05-18 14:42:00,0.28124,0.39317,0.27422,1.13659,1.50516,0.84624,1.20281
2026-05-18 15:42:00,0.28065,0.39676,0.26977,1.09793,1.49441,0.90127,1.33629
2026-05-18 16:42:00,0.28069,0.41226,0.27348,1.10574,1.47635,0.66469,1.1974
2026-05-18 17:42:00,0.28386,0.4297,0.28647,1.11382,1.50151,0.92343,1.28552
2026-05-18 18:42:00,0.28145,0.4423,0.28615,1.10117,1.46609,0.89679,1.24723
2026-05-18 19:42:00,0.27553,0.43579,0.29268,1.10142,1.4616,0.90898,1.23317
2026-05-18 20:42:00,0.27535,0.42576,0.28884,1.10139,1.42296,0.90484,1.29715
2026-05-18 21:42:00,0.2706,0.42342,0.28671,1.11189,1.40738,0.9147,1.29596
2026-05-18 22:42:00,,0.44936,0.30038,1.10244,1.42332,0.91678,1.33312
2026-05-18 23:42:00,0.27463,0.42864,0.29398,1.11323,1.42999,0.92619,1.3333
2026-05-19 00:42:00,0.28297,0.43412,0.2891,1.11709,1.42563,0.91443,1.33184
2026-05-19 01:42:00,0.28178,0.44165,0.28737,1.07703,1.39935,0.93924,1.29128
2026-05-19 02:42:00,0.28534,0.45499,0.29347,1.11764,1.38802,0.90762,1.22665
2026-05-19 03:42:00,0.28643,0.46565,0.2934,1.10793,1.40605,0.6917,1.21495
2026-05-19 04:42:00,0.28567,0.4523,0.29875,1.10129,1.39641,0.8348,1.29938
2026-05-19 05:42:00,0.28536,0.46809,0.3207,1.10652,1.42351,0.86529,1.25574
2026-05-19 06:42:00,0.28753,0.44,0.31194,1.09326,1.4277,0.76686,1.20795
2026-05-19 07:42:00,0.29123,0.45186,0.30611,1.08459,1.44433,0.89333,1.30619
2026-05-19 08:42:00,0.28395,0.42207,0.28452,1.08328,1.40051,0.88244,1.23142
2026-05-19 09:42:00,0.28357,0.43382,0.29819,1.09961,1.4194,1.07048,1.43632
2026-05-19 10:42:00,0.28401,0.43819,0.30661,1.10804,1.43465,0.90775,1.24722
2026-05-19 11:42:00,0.29556,0.42463,0.30219,1.09039,1.41694,0.87067,1.26312
2026-05-19 12:42:00,0.29211,0.43766,0.31271,1.0822,1.4175,0.8545,1.23259
2026-05-19 13:42:00,0.29659,0.41555,0.31859,1.11364,1.46661,0.88037,1.1882
2026-05-19 14:42:00,0.29958,0.42983,0.32564,1.10363,1.44887,0.85232,1.25471
2026-05-19 15:42:00,0.30778,0.42221,0.3272,1.10297,1.45009,0.8589,1.19802
2026-05-19 16:42:00,0.3148,0.42568,0.32751,1.10722,1.43365,0.85617,1.16497
2026-05-19 17:42:00,0.31046,0.41292,0.30607,1.10326,1.42261,0.92683,1.35647
2026-05-19 18:42:00,0.3079,0.44977,0.32742,1.0813,1.38961,0.91678,1.26773
2026-05-19 19:42:00,0.30251,0.46187,0.33907,1.08167,1.38948,0.91467,1.29977
2026-05-19 20:42:00,0.29237,0.45199,0.34694,1.09808,1.43342,0.91734,1.30975
2026-05-19 21:42:00,0.28402,0.46909,0.3502,1.08196,1.38019,0.96655,1.33209
2026-05-19 22:42:00,0.2848,0.46351,0.34246,1.07,1.38028,0.99253,1.33096
2026-05-19 23:42:00,0.28186,0.46279,0.3279,1.09297,1.39007,1.04028,1.34772
2026-05-20 00:42:00,0.28138,0.48928,0.33528,1.11226,1.36298,1.03572,1.29492
2026-05-20 01:42:00,0.28473,0.46435,0.33402,1.08104,1.37287,0.93164,1.35709
2026-05-20 02:42:00,0.28655,0.48141,0.34293,1.08547,1.36337,0.97405,1.35207
2026-05-20 03:42:00,0.28684,0.49058,0.3523,1.09369,1.39103,0.84876,1.27644
2026-05-20 04:42:00,0.28797,0.47236,0.32659,1.08873,1.33818,0.79959,1.22051
2026-05-20 05:42:00,0.28455,0.50776,0.34901,1.05768,1.35308,0.90552,1.2788
2026-05-20 06:42:00,0.28008,0.47998,0.33833,1.07608,1.34173,0.87039,1.25597
2026-05-20 07:42:00,0.28723,0.4873,0.33974,1.0726,1.35252,0.96909,1.33431
2026-05-20 08:42:00,0.29178,0.47373,0.32501,1.08364,1.35635,1.11794,1.42299
2026-05-20 09:42:00,0.29617,0.46728,0.32084,1.07451,1.37456,1.12548,1.36537
2026-05-20 10:42:00,0.29397,0.42661,0.31682,1.09868,1.40032,1.00158,1.3166
2026-05-20 11:42:00,0.28124,0.38899,0.31578,1.10775,1.44927,1.11115,1.32512
2026-05-20 12:42:00,0.28461,0.3772,0.31742,1.09721,1.4252,1.05476,1.29748
2026-05-20 13:42:00,0.27591,0.36863,0.30466,1.10225,1.46272,0.92142,1.23121
2026-05-20 14:42:00,0.27679,0.37528,0.30495,1.1171,1.43988,1.07296,1.35818
2026-05-20 15:42:00,0.27958,0.38525,0.30919,1.09007,1.40711,1.02093,1.34362
2026-05-20 16:42:00,0.27979,0.41452,0.32116,1.11652,1.42936,1.29227,1.47591
2026-05-20 17:42:00,0.28009,0.40673,0.31721,1.10529,1.42562,1.0257,1.24956
2026-05-20 18:42:00,0.28216,0.41518,0.32719,1.10051,1.40919,1.05726,1.34426
2026-05-20 19:42:00,0.29975,0.42002,0.32694,1.12468,1.3876,0.87236,1.19052
2026-05-20 20:42:00,0.30175,0.42955,0.34983,1.08676,1.38772,0.88387,1.19246
2026-05-20 21:42:00,0.31274,0.44477,0.3471,1.0871,1.35775,0.87007,1.19433
2026-05-20 22:42:00,0.31554,0.45124,0.35159,1.08618,1.33884,0.84472,1.25175
2026-05-20 23:42:00,0.30768,0.44738,0.34953,1.08968,1.37818,0.84938,1.14169
2026-05-21 00:42:00,0.30878,0.41513,0.3363,1.09628,1.38526,0.81945,1.08375
2026-05-21 01:42:00,0.30905,0.41857,0.33767,1.09506,1.35737,0.95261,1.30848
2026-05-21 02:42:00,0.30858,0.43206,0.34235,1.10593,1.36755,0.93131,1.28204
2026-05-21 03:42:00,0.30559,0.40407,0.31956,1.10845,1.38584,0.93265,1.28047
2026-05-21 04:42:00,0.31315,0.42839,0.34121,1.08821,1.38404,0.83859,1.30034
2026-05-21 05:42:00,0.30814,0.46002,0.34337,1.0836,1.36673,0.89487,1.20938
2026-05-21 06:42:00,0.31386,0.47881,0.37036,1.08945,1.37053,0.97139,1.38809
2026-05-21 07:42:00,0.30677,0.48943,0.366,1.0881,1.32537,0.80194,1.16372
2026-05-21 08:42:00,0.3027,0.41928,0.30992,1.09997,1.35835,0.89571,1.2914
2026-05-21 09:42:00,0.2871,0.38444,0.31118,1.11249,1.42625,0.84909,1.20889
2026-05-21 10:42:00,0.30114,0.37392,0.32667,1.10868,1.43994,0.80679,1.26628
2026-05-21 11:42:00,0.2994,0.36983,0.29526,1.14474,1.49111,0.80882,1.26283
2026-05-21 12:42:00,0.30168,0.39564,0.32343,1.16207,1.50557,0.82127,1.25437
2026-05-21 13:42:00,0.29824,0.36328,0.32386,1.10896,1.49596,0.64317,1.15219
2026-05-21 14:42:00,,,,,,,1.19295
2026-05-21 15:42:00,0.2926,0.41598,0.31784,1.09516,1.37991,0.73085,1.20748
2026-05-21 16:42:00,0.29633,0.39368,0.31151,1.08952,1.38363,0.70933,1.10015
2026-05-21 17:42:00,0.30206,0.37237,0.30086,1.07793,1.35178,0.7283,1.19523
2026-05-21 18:42:00,0.30746,0.38404,0.30116,1.08795,1.36292,0.78426,1.24183
2026-05-21 19:42:00,0.3112,0.3807,0.3074,1.06644,1.35266,0.76593,1.14351
2026-05-21 20:42:00,,,,,1.35106,0.77097,1.20414
2026-05-21 21:42:00,0.30975,0.41009,0.32016,1.07601,1.34171,0.56107,1.07427
2026-05-21 22:42:00,0.32069,0.41447,0.32694,1.089,1.37724,0.73626,1.2126
2026-05-21 23:42:00,0.31971,0.40188,0.32636,1.09287,1.34779,0.791,1.17528
2026-05-22 00:42:00,0.31183,0.38981,0.32648,1.07927,1.35047,0.78081,1.17155
2026-05-22 01:42:00,0.31349,0.38855,0.32179,1.09508,1.37795,0.64266,1.16326
2026-05-22 02:42:00,0.32639,0.41583,0.34427,1.09342,1.3825,0.79841,1.30415
2026-05-22 03:42:00,0.32012,0.43773,0.34486,1.07743,1.34133,0.69814,1.18703
2026-05-22 04:42:00,0.32552,0.45297,0.35355,1.08916,1.33213,0.72336,1.26829
2026-05-22 05:42:00,0.31419,0.45441,0.35227,1.08126,1.3332,0.68386,1.17363
2026-05-22 06:42:00,0.31818,0.46564,0.35166,1.07876,1.33153,0.72229,1.16043
2026-05-22 07:42:00,0.30651,0.44519,0.33489,1.09241,1.341,0.72935,1.17043
2026-05-22 08:42:00,0.3111,0.43089,0.32129,1.07466,1.33187,0.69662,1.2116
2026-05-22 09:42:00,0.31324,0.41512,0.30576,1.09827,1.38305,0.64426,1.15176
2026-05-22 10:42:00,0.31456,0.37593,0.3238,1.08576,1.39217,0.7177,1.25218
2026-05-22 11:42:00,0.30937,0.42132,0.33625,1.09699,1.42469,0.7599,1.29954
2026-05-22 12:42:00,0.30091,0.42172,0.33592,1.075,1.40508,0.74923,1.21909
2026-05-22 13:42:00,0.30128,0.44595,0.34076,1.09376,1.40087,0.70759,1.18822
2026-05-22 14:42:00,0.30623,0.4145,0.33055,1.10327,1.40804,0.74705,1.20359
2026-05-22 15:42:00,0.31459,0.45311,0.35508,1.1022,1.36675,0.60209,1.07218
2026-05-22 16:42:00,0.31869,0.44512,0.34173,1.10023,1.36477,0.65566,1.08521
2026-05-22 17:42:00,0.30959,0.42657,0.32854,1.08092,1.34505,0.67622,1.08043
2026-05-22 18:42:00,0.31383,0.45082,0.33817,1.09286,1.34561,0.77448,1.18141
2026-05-22 19:42:00,0.3106,0.47073,0.35717,1.06358,1.28271,0.7137,1.12759
2026-05-22 20:42:00,0.30904,0.44562,0.33657,1.08837,1.32289,0.67557,1.15833
2026-05-22 21:42:00,0.31126,0.43849,0.33493,1.08481,1.30891,0.72424,1.24493
2026-05-22 22:42:00,0.31422,0.44069,0.33272,1.05988,1.33127,0.67453,1.21962
2026-05-22 23:42:00,0.31417,0.4635,0.35107,1.07994,1.28969,0.65575,1.14648
2026-05-23 00:42:00,0.30446,0.44975,0.3345,1.09158,1.32688,0.69903,1.21942
2026-05-23 01:42:00,0.30503,0.41654,0.31315,1.07803,1.32571,0.67408,1.13384
2026-05-23 02:42:00,0.30585,0.42483,0.322,1.05656,1.32084,0.70082,1.15867
2026-05-23 03:42:00,0.31314,0.42212,0.33301,1.05904,1.31982,0.74326,1.21673
2026-05-23 04:42:00,0.31266,0.45036,0.34358,1.05304,1.31776,0.72316,1.14614
2026-05-23 05:42:00,0.31477,0.45964,0.35381,1.08151,1.30971,0.71038,1.24053
2026-05-23 06:42:00,0.32024,0.46519,0.35451,1.07248,1.33129,0.68333,1.13974
2026-05-23 07:42:00,0.32048,0.4862,0.36628,1.05952,1.29931,0.73772,1.18768
2026-05-23 08:42:00,0.31139,0.43263,0.31673,1.06066,1.31085,0.73428,1.20471
2026-05-23 09:42:00,0.29932,0.37976,0.28883,1.08411,1.33631,0.67906,1.06921
2026-05-23 10:42:00,0.30174,0.40078,0.31851,1.07298,1.38317,0.73229,1.11013
2026-05-23 11:42:00,0.00672,0.41009,0.33757,1.06701,1.34163,0.76355,1.29484
2026-05-23 12:42:00,0.00598,0.40566,0.33003,1.07667,1.33545,0.6528,1.13678
2026-05-23 13:42:00,0.0058,0.40094,0.324,1.09268,1.34025,0.6541,1.14481
2026-05-23 14:42:00,0.00674,0.40839,0.3275,1.09349,1.36592,0.67956,1.14979
2026-05-23 15:42:00,0.00722,0.40553,0.32456,1.10115,1.32618,0.6733,1.19146
2026-05-23 16:42:00,0.00691,0.40873,0.32761,1.0795,1.31769,0.68072,1.15891
2026-05-23 17:42:00,0.00705,0.42346,0.3311,1.09066,1.34146,0.67717,1.13342
2026-05-23 18:42:00,0.00709,0.43671,0.3428,1.08711,1.32679,0.70253,1.17255
2026-05-23 19:42:00,0.00739,0.44583,0.34105,1.07601,1.30721,0.75776,1.18511
2026-05-23 20:42:00,0.00753,0.45574,0.34745,1.08318,1.33166,0.71597,1.13029
2026-05-23 21:42:00,0.00731,0.45048,0.33773,1.08487,1.29914,0.72179,1.14239
2026-05-23 22:42:00,0.00922,0.46662,0.34796,1.06518,1.30506,0.73207,1.18044
2026-05-23 23:42:00,0.00837,0.46949,0.34689,1.0835,1.30734,0.7334,1.16758
2026-05-24 00:42:00,0.00724,0.44246,0.3426,1.09833,1.32236,0.75023,1.25426
2026-05-24 01:42:00,0.00755,0.45053,0.3488,1.07865,1.32923,0.74068,1.27784
2026-05-24 02:42:00,0.00732,0.44705,0.33829,1.09671,1.32384,0.74896,1.19526
2026-05-24 03:42:00,0.00797,0.44672,0.33362,1.10069,1.30294,0.62975,1.12724
2026-05-24 04:42:00,0.00777,0.46015,0.34393,1.09254,1.31043,0.67883,1.18465
2026-05-24 05:42:00,0.00728,0.43402,0.32585,1.08503,1.34959,0.69065,1.12611
2026-05-24 06:42:00,0.00765,0.45067,0.35394,1.08645,1.28428,0.68302,1.16386
2026-05-24 07:42:00,0.01082,0.456,0.35965,1.07322,1.31636,0.70969,1.25977
2026-05-24 08:42:00,0.00861,0.45527,0.34273,1.08105,1.29736,0.71975,1.19683
2026-05-24 09:42:00,0.00782,0.40129,0.32118,1.08189,1.32904,0.74793,1.26347
2026-05-24 10:42:00,0.00781,0.37746,0.32851,1.08338,1.3706,0.68518,1.14616
2026-05-24 11:42:00,0.00822,0.37438,0.3174,1.08765,1.36497,0.73301,1.23102
2026-05-24 12:42:00,0.00686,0.37634,0.32874,1.09867,1.44391,0.71769,1.26006
2026-05-24 13:42:00,0.00681,0.38242,0.34574,1.11715,1.40377,0.59578,1.04816
2026-05-24 14:42:00,0.00643,0.36645,0.34328,1.11102,1.4118,0.64208,1.10117
2026-05-24 15:42:00,0.01082,0.3643,0.33689,1.11056,1.44282,0.71775,1.21899
2026-05-24 16:42:00,0.00842,0.35049,0.3371,1.10863,1.43346,0.68923,1.17611
2026-05-24 17:42:00,0.0122,0.37638,0.35086,1.08029,1.36353,0.76799,1.2962
2026-05-24 18:42:00,0.00881,0.45314,0.38737,1.08954,1.34511,0.64738,1.14181
2026-05-24 19:42:00,0.01048,0.41613,0.35222,1.06583,1.34137,0.75077,1.26914
2026-05-24 20:42:00,0.01315,0.43296,0.36504,1.06088,1.33752,0.74066,1.26234
2026-05-24 21:42:00,0.00892,0.43508,0.35666,1.09188,1.32382,0.68832,1.1615
2026-05-24 22:42:00,0.0098,0.41352,0.3323,1.07501,1.32082,0.63189,1.08827
2026-05-24 23:42:00,0.00911,0.43911,0.34786,1.0875,1.25777,0.75894,1.25506
2026-05-25 00:42:00,,,,,,0.7434,1.21531
2026-05-25 01:42:00,0.01117,0.41955,0.33907,1.08144,1.33581,0.69185,1.22413
2026-05-25 02:42:00,0.01121,0.41051,0.34857,1.08689,1.33961,0.69185,1.15546
2026-05-25 03:42:00,0.01226,0.46644,0.37376,1.06029,1.28019,0.71806,1.1486
2026-05-25 04:42:00,0.01372,0.47101,0.36224,1.08112,1.29125,0.67574,1.09752
2026-05-25 05:42:00,0.01272,0.4683,0.35569,1.07836,1.30188,0.67148,1.14924
2026-05-25 06:42:00,0.01226,0.49186,0.38064,1.07097,1.27521,0.68252,1.22957
2026-05-25 07:42:00,0.01126,0.47922,0.35278,1.05644,1.28049,0.63568,1.12975
2026-05-25 08:42:00,0.01149,0.47392,0.36226,1.06428,1.30356,0.75876,1.34915
2026-05-25 09:42:00,0.00994,0.38489,0.3054,1.09072,1.29807,0.71974,1.1729
2026-05-25 10:42:00,0.00837,0.38566,0.32695,1.07971,1.3377,0.68447,1.18016
2026-05-25 11:42:00,0.00911,0.36802,0.31355,1.11191,1.38942,0.72203,1.19657
2026-05-25 12:42:00,0.00704,0.39065,0.32888,1.10718,1.42461,0.60014,1.12339
2026-05-25 13:42:00,0.0068,0.36534,0.32997,1.12941,1.44039,0.79715,1.20296
2026-05-25 14:42:00,0.00627,0.35512,0.34402,1.13523,1.42484,0.7351,1.21421
2026-05-25 15:42:00,0.00734,0.34697,0.35528,1.13525,1.45535,1.08502,1.42142
2026-05-25 16:42:00,0.00668,0.32602,0.33836,1.14097,1.45654,1.00547,1.33471
2026-05-25 17:42:00,0.0106,0.3448,0.34176,1.09889,1.41719,1.03338,1.41234
2026-05-25 18:42:00,,,,,,1.0972,1.45456
2026-05-25 19:42:00,0.01077,0.46193,0.40426,1.06629,1.33881,1.13955,1.45039
2026-05-25 20:42:00,0.01267,0.46302,0.39202,1.05758,1.33998,1.1351,1.53494
2026-05-25 21:42:00,0.00971,0.48695,0.3945,1.08035,1.31284,1.18485,1.37584
2026-05-25 22:42:00,0.01288,0.45758,0.37455,1.06131,1.31298,0.61287,1.1298
2026-05-25 23:42:00,0.01093,0.47976,0.39622,1.08485,1.35634,1.17849,1.38501
2026-05-26 00:42:00,0.01251,0.46382,0.37167,1.04431,1.31529,1.18109,1.45133
2026-05-26 01:42:00,0.01185,0.47285,0.38057,1.05004,1.31263,1.09931,1.37465
2026-05-26 02:42:00,0.01064,0.44332,0.36584,1.06473,1.34166,0.98694,1.24332
2026-05-26 03:42:00,0.01184,0.43152,0.35609,1.05405,1.3364,1.0483,1.3347
2026-05-26 04:42:00,0.01219,0.46916,0.37561,1.0535,1.31662,0.92609,1.27507
2026-05-26 05:42:00,0.01222,0.48194,0.3911,1.04803,1.28587,0.91962,1.23862
2026-05-26 06:42:00,0.01159,0.45907,0.36885,1.08083,1.33418,0.86572,1.2398
2026-05-26 07:42:00,,,,1.07055,1.32533,0.91023,1.32627
2026-05-26 08:42:00,0.00983,0.43024,0.36889,1.06879,1.36952,0.85136,1.20502
2026-05-26 09:42:00,0.01793,0.37814,0.325,1.15973,1.34499,0.72178,1.21857
2026-05-26 10:42:00,0.01761,0.39503,0.33287,1.18609,1.4118,0.84916,1.33689
2026-05-26 11:42:00,0.02371,0.42688,0.36471,1.18275,1.40997,0.82,1.28413
2026-05-26 12:42:00,0.0227,0.38612,0.37751,1.20657,1.41897,0.77387,1.20277
2026-05-26 13:42:00,0.01464,0.37151,0.37058,1.17021,1.4412,0.81983,1.16711
2026-05-26 14:42:00,0.0157,0.38273,0.37532,1.21148,1.43819,0.94936,1.34178
2026-05-26 15:42:00,0.01602,0.3671,0.36163,1.19493,1.44125,0.87753,1.30932
2026-05-26 16:42:00,0.01874,0.3514,0.35583,1.20809,1.44326,1.03892,1.36335
2026-05-26 17:42:00,0.01639,0.37579,0.35755,1.20977,1.44255,0.91032,1.23534
2026-05-26 18:42:00,0.00244,0.00297,0.00198,0.00286,0.0028,0.00269,0.00687
2026-05-26 19:42:00,0.00159,0.00426,0.00321,0.00227,0.00185,0.00197,0.004
2026-05-26 20:42:00,0.05111,0.30005,0.2365,1.06403,1.19301,0.95759,1.163
2026-05-26 21:42:00,0.05681,0.34178,0.26115,1.0358,1.16981,1.11949,1.33289
2026-05-26 22:42:00,0.06165,0.32424,0.24288,1.04368,1.15878,0.73415,1.09781
2026-05-26 23:42:00,0.00601,0.33414,0.25315,1.02297,1.12846,0.96556,1.17304
2026-05-27 00:42:00,0.00677,0.36598,0.26571,1.06428,1.18325,0.85686,1.10956
2026-05-27 01:42:00,0.00636,0.39606,0.28132,1.1092,1.25743,0.79272,1.09836
2026-05-27 02:42:00,0.00862,0.33446,0.24064,1.0176,1.13883,0.79006,0.97026
2026-05-27 03:42:00,0.00931,0.3545,0.26075,1.0272,1.12037,0.65853,0.99884
2026-05-27 04:42:00,0.00872,0.36265,0.26857,1.02998,1.15101,0.72618,1.03991
2026-05-27 05:42:00,0.00653,0.36615,0.2554,1.0876,1.16689,0.7264,1.02737
2026-05-27 06:42:00,0.0068,0.39217,0.26776,1.11113,1.2136,0.64808,0.93986
2026-05-27 07:42:00,0.00631,0.42038,0.29609,1.06156,1.17473,0.81545,1.11091
2026-05-27 08:42:00,0.00677,0.37836,0.28388,1.08797,1.19019,0.79522,1.0833
2026-05-27 09:42:00,0.00789,0.32992,0.25533,1.01091,1.12748,0.76484,0.95092
2026-05-27 10:42:00,0.00713,0.32506,0.2398,1.03514,1.12887,0.76242,1.02065
2026-05-27 11:42:00,,,,,,0.77179,1.00856
2026-05-27 12:42:00,0.00751,0.34891,0.26295,1.0329,1.12043,0.8628,1.04876
2026-05-27 13:42:00,0.00735,0.34492,0.25573,1.01756,1.1332,0.79435,1.02273
2026-05-27 14:42:00,0.00768,0.36167,0.27178,1.02498,1.11123,0.73484,0.96116
2026-05-27 15:42:00,0.00785,0.39899,0.29931,1.03105,1.1282,0.80543,1.02399
2026-05-27 16:42:00,0.00868,0.39822,0.30049,1.03007,1.10079,0.84716,1.01688
2026-05-27 17:42:00,0.00905,0.3768,0.2725,1.02558,1.11791,0.93313,1.13201
2026-05-27 18:42:00,,,,,,,1.14083
2026-05-27 19:42:00,0.00975,0.39082,0.30201,1.02286,1.10647,0.95346,1.15635
2026-05-27 20:42:00,0.01043,0.3853,0.2945,1.00342,1.08288,0.9731,1.14879
2026-05-27 21:42:00,0.01051,0.39689,0.30282,1.00402,1.08848,0.90508,1.09156
2026-05-27 22:42:00,0.00967,0.39095,0.30224,1.00379,1.10258,0.94046,1.07306
2026-05-27 23:42:00,0.0094,0.39949,0.30554,1.0332,1.12015,0.94913,1.13587
2026-05-28 00:42:00,0.00956,0.39011,0.30221,0.99542,1.0827,0.76257,1.05727
2026-05-28 01:42:00,0.00911,0.4389,0.33241,1.0374,1.16085,0.91329,1.14344
2026-05-28 02:42:00,0.00934,0.43676,0.334,1.01261,1.11362,1.07689,1.17772
2026-05-28 03:42:00,0.00939,0.42973,0.33221,1.01976,1.09635,0.71951,1.05525
2026-05-28 04:42:00,0.00944,0.44015,0.33013,1.06085,1.14658,0.63576,1.0251
2026-05-28 05:42:00,,,,,,0.64686,1.06711
2026-05-28 06:42:00,,0.44633,0.33876,1.00515,1.1042,0.68652,1.07485
2026-05-28 07:42:00,0.00964,0.4787,0.36568,1.01603,1.12515,0.62976,1.04568
2026-05-28 08:42:00,0.00993,0.47648,0.37192,1.05628,1.16954,0.6294,1.04773
2026-05-28 09:42:00,0.00935,0.45385,0.35422,1.00635,1.11638,0.69437,1.06334
2026-05-28 10:42:00,0.01004,0.47094,0.36236,1.00974,1.10593,0.68996,1.03579
2026-05-28 11:42:00,0.00984,0.48424,0.37675,1.01254,1.09704,0.64328,1.01542
2026-05-28 12:42:00,0.00963,0.47706,0.36425,1.0187,1.1097,0.68988,1.07514
2026-05-28 13:42:00,0.00826,0.4628,0.36198,1.01451,1.094,0.57116,0.95107
2026-05-28 14:42:00,0.00937,0.4985,0.3869,0.99954,1.1209,0.53955,0.94244
2026-05-28 15:42:00,0.0094,0.51692,0.40448,0.99309,1.0945,0.57286,0.96592
2026-05-28 16:42:00,0.00954,0.49557,0.3869,1.00765,1.11032,0.60831,0.97741
2026-05-28 17:42:00,0.01015,0.45791,0.34565,1.00861,1.11585,0.5551,0.95426
2026-05-28 18:42:00,0.00986,0.5058,0.38792,1.02843,1.09671,0.72279,1.02962
2026-05-28 19:42:00,0.00842,0.52915,0.41679,1.03847,1.12097,0.53109,0.90988
2026-05-28 20:42:00,0.00873,0.49552,0.38551,0.99748,1.09272,0.63527,0.97745
2026-05-28 21:42:00,0.00986,0.51548,0.38814,1.06095,1.13686,0.6713,1.02667
2026-05-28 22:42:00,0.00866,0.50712,0.39505,1.02396,1.09921,0.7564,1.07642
2026-05-28 23:42:00,0.01134,0.55239,0.4053,1.05204,1.12054,0.46622,0.91172
2026-05-29 00:42:00,0.00966,0.46589,0.35859,1.05845,1.15116,0.56169,1.02241
2026-05-29 01:42:00,0.00923,0.52904,0.41307,1.04946,1.1142,0.76458,1.11985
2026-05-29 02:42:00,0.01103,0.53946,0.41033,1.03133,1.11778,0.64783,1.01016
2026-05-29 03:42:00,0.00893,0.53154,0.40493,1.03896,1.11813,0.70261,1.04329
2026-05-29 04:42:00,0.01065,0.50335,0.38752,1.04616,1.11345,0.64505,0.9707
2026-05-29 05:42:00,0.01018,0.5284,0.38161,1.02646,1.11735,0.71889,1.05515
2026-05-29 06:42:00,0.0099,0.5257,0.38779,1.03081,1.12725,0.73066,1.07203
2026-05-29 07:42:00,0.0106,0.5715,0.42786,1.03444,1.13027,0.7765,1.08727
2026-05-29 08:42:00,0.00888,0.56019,0.4246,1.02357,1.11007,0.83243,1.10238
2026-05-29 09:42:00,0.00889,0.52812,0.39883,1.01304,1.11243,0.62932,0.96353
2026-05-29 10:42:00,0.00877,0.56183,0.45286,1.04209,1.13075,0.64834,1.04438
2026-05-29 11:42:00,0.00881,0.5251,0.4139,1.03068,1.11105,0.68416,1.04908
2026-05-29 12:42:00,0.02359,0.5573,0.45215,1.03233,1.13216,0.64497,1.01997
2026-05-29 13:42:00,0.00937,0.50774,0.41154,1.03659,1.12498,0.75031,1.12016
2026-05-29 14:42:00,,,,,,0.71772,1.0583
2026-05-29 15:42:00,0.00902,0.56528,0.44009,1.03582,1.11193,0.67311,0.99707
2026-05-29 16:42:00,0.0093,0.54392,0.41384,1.02251,1.10755,0.72142,1.07202
2026-05-29 17:42:00,0.00901,0.52412,0.42235,1.03976,1.11016,0.69107,1.03584
2026-05-29 18:42:00,0.00909,0.49076,0.3904,1.04194,1.12216,0.65148,1.07045
2026-05-29 19:42:00,0.00923,0.52539,0.41794,1.03055,1.12528,0.52123,0.89903
2026-05-29 20:42:00,0.00962,0.49322,0.41457,1.02345,1.10962,0.61903,1.03342
2026-05-29 21:42:00,0.0093,0.50881,0.41335,1.04184,1.1126,0.51491,0.95812
2026-05-29 22:42:00,0.01033,0.51311,0.40693,1.04217,1.12414,0.57731,0.95318
2026-05-29 23:42:00,0.00953,0.53075,0.42841,1.03451,1.11448,0.54206,0.96363
2026-05-30 00:42:00,0.00853,0.53773,0.44158,1.02586,1.10163,0.59681,0.96351
2026-05-30 01:42:00,0.00913,0.59305,0.47029,1.04623,1.12613,0.62699,1.02021
2026-05-30 02:42:00,0.0098,0.51192,0.44381,1.04054,1.08562,0.5981,0.98927
2026-05-30 03:42:00,0.00871,0.56098,0.46075,1.03719,1.12011,0.6441,1.03879
2026-05-30 04:42:00,0.00921,0.54176,0.45678,1.03771,1.10589,0.68638,1.08234
2026-05-30 05:42:00,0.00938,0.57515,0.4972,1.05262,1.12541,0.68497,1.06157
2026-05-30 06:42:00,0.00946,0.58198,0.50031,1.03163,1.09101,0.5559,0.96324
2026-05-30 07:42:00,0.00959,0.64114,0.53729,1.03017,1.11413,0.58879,1.03733
2026-05-30 08:42:00,0.00844,0.57587,0.52912,1.0237,1.09624,0.5852,0.98043
2026-05-30 09:42:00,0.00935,0.61421,0.5027,1.02414,1.10171,0.59891,0.97299
2026-05-30 10:42:00,0.00776,0.47645,0.43453,1.01402,1.08451,0.53522,0.90195
2026-05-30 11:42:00,0.00851,0.52148,0.44692,1.02229,1.12257,0.53064,0.93996
2026-05-30 12:42:00,0.0089,0.57897,0.4797,1.05628,1.14198,0.55719,0.97116
2026-05-30 13:42:00,0.00904,0.58584,0.49997,1.02424,1.10919,0.5909,0.9911
2026-05-30 14:42:00,0.00891,0.5391,0.46838,1.05325,1.12329,0.51063,0.92757
2026-05-30 15:42:00,0.00814,0.53174,0.445,1.02527,1.09172,0.53086,0.92336
2026-05-30 16:42:00,0.00887,0.57247,0.46665,1.0483,1.10651,0.69151,1.06136
2026-05-30 17:42:00,0.00906,0.55558,0.44341,1.04256,1.11044,0.59439,0.97681
2026-05-30 18:42:00,0.0084,0.59863,0.49688,1.01996,1.0953,0.61956,0.98353
2026-05-30 19:42:00,0.0076,0.55828,0.46641,1.0154,1.09089,0.69231,1.05542
2026-05-30 20:42:00,0.00828,0.58455,0.47073,1.03237,1.08852,0.53101,0.90539
2026-05-30 21:42:00,0.012,0.5371,0.46528,0.99717,1.08927,0.58988,1.03529
2026-05-30 22:42:00,0.00824,0.57873,0.49629,0.99772,1.06459,0.54924,0.86201
2026-05-30 23:42:00,0.00907,0.62105,0.51293,1.00909,1.08727,0.54121,0.95957
