DateTime,1RV-O-V,2AX-O-V,2RV-O-V,3RV-O-V,6RV-O-V,7RV-O-V,8RV-O-V
2026-04-20 18:42:00,0.26983,0.04351,0.4275,0.59758,0.38738,0.79232,1.24399
2026-04-20 19:42:00,0.26258,0.0397,0.3987,0.5762,0.37603,0.74944,1.23856
2026-04-20 20:42:00,0.26859,0.04291,0.40433,0.5451,0.37214,0.78383,1.39293
2026-04-20 21:42:00,0.27459,0.04699,0.41147,0.51485,0.36515,0.78572,1.35591
2026-04-20 22:42:00,0.28039,0.04078,0.41292,0.48405,0.35765,0.7804,1.35896
2026-04-20 23:42:00,0.2849,0.04264,0.40089,0.45947,0.35825,0.79194,1.45125
2026-04-21 00:42:00,0.29859,0.04851,0.40995,0.46084,0.3487,0.81894,1.47966
2026-04-21 01:42:00,0.29662,0.04354,0.41694,0.46263,0.33889,0.77625,1.38996
2026-04-21 02:42:00,0.30402,0.04887,0.43775,0.45921,0.37122,0.83638,1.4635
2026-04-21 03:42:00,0.30677,0.05182,0.44012,0.44463,0.35347,0.81556,1.47469
2026-04-21 04:42:00,0.2959,0.04788,0.44302,0.44263,0.35943,0.82405,1.52128
2026-04-21 05:42:00,0.30247,0.04928,0.43096,0.42657,0.32939,0.80383,1.55521
2026-04-21 06:42:00,0.29337,0.05314,0.44119,0.45134,0.34585,0.86819,1.66694
2026-04-21 07:42:00,0.28981,0.05193,0.45445,0.43907,0.32345,0.84313,1.58839
2026-04-21 08:42:00,0.29336,0.04956,0.42103,0.44374,0.32254,0.81229,1.44205
2026-04-21 09:42:00,0.29998,0.04866,0.4187,0.43945,0.31814,0.86601,1.61766
2026-04-21 10:42:00,0.30228,0.05341,0.46457,0.45568,0.34111,0.93353,1.71266
2026-04-21 11:42:00,0.29916,0.04987,0.44536,0.44197,0.31858,0.86567,1.68309
2026-04-21 12:42:00,0.30377,0.05383,0.46711,0.46061,0.34599,0.91859,1.75793
2026-04-21 13:42:00,0.29624,0.04985,0.42768,0.43705,0.31701,0.85202,1.53345
2026-04-21 14:42:00,0.30022,0.04966,0.43838,0.44989,0.33854,0.92676,1.59911
2026-04-21 15:42:00,0.29983,0.05275,0.44692,0.43139,0.3305,0.89762,1.55512
2026-04-21 16:42:00,0.29862,0.05242,0.45306,0.43777,0.33933,0.85661,1.70597
2026-04-21 17:42:00,0.30043,0.04563,0.42295,0.43006,0.32901,0.82488,1.44404
2026-04-21 18:42:00,0.30596,0.0506,0.44336,0.43485,0.31903,0.83714,1.52764
2026-04-21 19:42:00,0.3071,0.05461,0.44742,0.43149,0.31836,0.85528,1.59321
2026-04-21 20:42:00,0.30585,0.04833,0.41653,0.43917,0.3366,0.8683,1.66286
2026-04-21 21:42:00,0.31231,0.04726,0.42706,0.39984,0.30767,0.8306,1.5984
2026-04-21 22:42:00,0.30725,0.04726,0.43471,0.41257,0.31527,0.83943,1.74267
2026-04-21 23:42:00,0.31646,0.05037,0.46125,0.4351,0.32856,0.90399,1.83024
2026-04-22 00:42:00,0.31157,0.04883,0.42777,0.39842,0.29829,0.81804,1.80041
2026-04-22 01:42:00,0.32484,0.05175,0.44449,0.42841,0.31516,0.87138,1.65154
2026-04-22 02:42:00,0.32595,0.05176,0.43464,0.41093,0.31391,0.89398,1.76644
2026-04-22 03:42:00,0.3266,0.05059,0.4273,0.40338,0.30782,0.87089,1.96379
2026-04-22 04:42:00,0.32882,0.0512,0.4399,0.40426,0.30817,0.87821,1.86314
2026-04-22 05:42:00,0.33844,0.05127,0.44449,0.41786,0.30512,0.85481,1.76769
2026-04-22 06:42:00,0.33692,0.0529,0.44588,0.41771,0.31124,0.90841,1.89362
2026-04-22 07:42:00,0.32897,0.04828,0.43086,0.38178,0.29625,0.78725,1.49021
2026-04-22 08:42:00,0.32334,0.05433,0.45166,0.40648,0.30506,0.84831,1.53441
2026-04-22 09:42:00,0.32868,0.05435,0.44643,0.41515,0.31809,0.85453,1.51105
2026-04-22 10:42:00,0.32999,0.05098,0.44076,0.42073,0.31245,0.88362,1.58513
2026-04-22 11:42:00,0.34685,0.04736,0.45289,0.42388,0.31883,0.86711,1.64444
2026-04-22 12:42:00,0.34643,0.04435,0.46108,0.43109,0.3106,0.82333,1.64244
2026-04-22 13:42:00,0.32759,0.04162,0.45452,0.40919,0.31427,0.79737,1.41742
2026-04-22 14:42:00,0.31401,0.04523,0.45357,0.42488,0.32974,0.85992,1.35856
2026-04-22 15:42:00,0.32802,0.04682,0.46207,0.41437,0.33547,0.78099,1.34043
2026-04-22 16:42:00,0.32936,0.04283,0.45446,0.41858,0.33204,0.79437,1.31424
2026-04-22 17:42:00,0.33027,0.04221,0.44345,0.40268,0.3187,0.77929,1.29403
2026-04-22 18:42:00,0.33672,0.04444,0.44757,0.39078,0.32034,0.7593,1.27921
2026-04-22 19:42:00,0.33809,0.04472,0.45357,0.40289,0.30151,0.77621,1.24858
2026-04-22 20:42:00,0.33636,0.04767,0.48695,0.43272,0.34301,0.86221,1.45025
2026-04-22 21:42:00,0.34528,0.04641,0.44665,0.40685,0.31318,0.77138,1.21524
2026-04-22 22:42:00,0.3444,0.04302,0.4552,0.40186,0.31103,0.76753,1.204
2026-04-22 23:42:00,0.35001,0.04398,0.43877,0.40508,0.30237,0.75617,1.20535
2026-04-23 00:42:00,0.34228,0.04761,0.45361,0.41225,0.31199,0.78599,1.28305
2026-04-23 01:42:00,0.34334,0.04466,0.45808,0.40057,0.31053,0.77608,1.25551
2026-04-23 02:42:00,0.34789,0.04862,0.47233,0.42524,0.32969,0.81487,1.34317
2026-04-23 03:42:00,0.35076,0.04382,0.45333,0.39983,0.31231,0.76569,1.22945
2026-04-23 04:42:00,0.34765,0.04543,0.45621,0.39512,0.30172,0.77441,1.2536
2026-04-23 05:42:00,0.35467,0.04767,0.46139,0.41739,0.31772,0.78759,1.26544
2026-04-23 06:42:00,0.3526,0.05095,0.48088,0.41659,0.31726,0.83891,1.3172
2026-04-23 07:42:00,0.34546,0.05024,0.45259,0.40908,0.31263,0.81801,1.31798
2026-04-23 08:42:00,0.35437,0.04738,0.46013,0.42431,0.32023,0.81051,1.25457
2026-04-23 09:05:57,0.00131,0.00152,0.00172,0.00148,0.00148,0.00155,0.00154
2026-04-23 10:42:00,0.32564,0.04792,0.47315,0.40012,0.30875,0.74442,1.12655
2026-04-23 11:42:00,0.3212,0.82194,0.39491,1.00633,1.40965,0.93912,1.09834
2026-04-23 12:42:00,0.00238,0.00193,0.00222,0.00219,0.0025,0.00467,0.00437
2026-04-23 13:42:00,0.33784,0.73481,0.36305,0.96024,1.3222,1.10748,1.24552
2026-04-23 14:42:00,0.31286,0.6413,0.35358,0.98636,1.36572,1.1143,1.24159
2026-04-23 15:42:00,0.31428,0.59773,0.34321,0.99052,1.36594,1.17576,1.30156
2026-04-23 16:42:00,0.30634,0.53887,0.31719,1.00778,1.35001,0.98851,1.10609
2026-04-23 17:42:00,0.31027,0.71106,0.36913,0.9987,1.37492,1.10146,1.19014
2026-04-23 18:42:00,0.31089,0.566,0.33112,0.97229,1.31755,1.08513,1.17072
2026-04-23 19:42:00,0.30404,0.62019,0.344,0.99007,1.33261,1.11555,1.22312
2026-04-23 20:42:00,0.30573,0.60951,0.36095,0.99925,1.32139,1.14255,1.23532
2026-04-23 21:42:00,0.31013,0.69241,0.38987,0.98654,1.32351,1.11917,1.22137
2026-04-23 22:42:00,0.3105,0.60434,0.35184,1.00333,1.34761,1.12427,1.20856
2026-04-23 23:42:00,0.31368,0.62643,0.35961,1.00268,1.3281,1.08454,1.16538
2026-04-24 00:42:00,0.31981,0.67336,0.37769,0.97826,1.35978,1.16748,1.25302
2026-04-24 01:42:00,0.32045,0.65895,0.37727,0.98614,1.34415,1.17503,1.26572
2026-04-24 02:42:00,0.32326,0.62005,0.37603,0.97743,1.33641,1.14639,1.20192
2026-04-24 03:42:00,0.31832,0.64947,0.39176,0.97936,1.36021,1.19851,1.27441
2026-04-24 04:42:00,0.32274,0.66374,0.40065,0.98478,1.30611,1.12492,1.19902
2026-04-24 05:42:00,0.31993,0.68716,0.41388,0.98439,1.35926,1.15182,1.23587
2026-04-24 06:42:00,0.31386,0.63469,0.39881,0.98899,1.34581,1.14165,1.23147
2026-04-24 07:42:00,0.31248,0.67404,0.42202,0.97978,1.30224,1.22029,1.33695
2026-04-24 08:42:00,0.32209,0.62779,0.40378,0.96423,1.30865,1.22059,1.31703
2026-04-24 09:42:00,0.31354,0.62652,0.3867,0.97281,1.28828,1.10368,1.14577
2026-04-24 10:42:00,0.31081,0.64078,0.40568,0.98624,1.33062,1.15022,1.23798
2026-04-24 11:42:00,0.29741,0.69113,0.39831,0.99742,1.35311,1.15068,1.20113
2026-04-24 12:42:00,0.30591,0.68322,0.38372,0.98054,1.3474,1.09755,1.13795
2026-04-24 13:42:00,0.30173,0.69228,0.36718,0.99808,1.35207,1.16994,1.22074
2026-04-24 14:42:00,0.29806,0.66729,0.38041,1.00176,1.39348,1.08754,1.14705
2026-04-24 15:42:00,0.30599,0.73622,0.3944,0.99783,1.3725,1.16062,1.20322
2026-04-24 16:42:00,0.30275,0.70891,0.39508,0.98809,1.36743,1.1711,1.21345
2026-04-24 17:42:00,0.30646,0.70557,0.38208,0.99873,1.38176,1.25389,1.31065
2026-04-24 18:42:00,0.30746,0.7472,0.40845,0.98962,1.32423,1.06578,1.11708
2026-04-24 19:42:00,0.30365,0.70872,0.37962,0.98619,1.33283,1.11301,1.15301
2026-04-24 20:42:00,0.31432,0.80675,0.48875,0.98595,1.33002,1.15444,1.20939
2026-04-24 21:42:00,0.30963,0.81814,0.48779,0.96627,1.34507,1.19102,1.24821
2026-04-24 22:42:00,0.31276,0.83212,0.51871,0.97904,1.32931,1.08949,1.15668
2026-04-24 23:42:00,0.3203,0.88107,0.48239,0.9959,1.33538,1.12299,1.17994
2026-04-25 00:42:00,0.31646,0.76497,0.4538,0.99521,1.36406,1.15006,1.21692
2026-04-25 01:42:00,0.31033,0.71185,0.44463,0.99225,1.35035,1.14905,1.21127
2026-04-25 02:42:00,0.31635,0.76572,0.4614,0.99204,1.31455,1.15066,1.21233
2026-04-25 03:42:00,0.33078,0.75459,0.48602,0.9846,1.35869,1.18159,1.23371
2026-04-25 04:42:00,0.32746,0.8278,0.5504,0.96683,1.3242,1.22193,1.28373
2026-04-25 05:42:00,0.33058,0.75613,0.50432,0.96336,1.34894,1.17094,1.23866
2026-04-25 06:42:00,0.33293,0.78309,0.51716,0.98444,1.33276,1.14891,1.17905
2026-04-25 07:42:00,0.33694,0.83128,0.51677,0.97321,1.30603,1.12765,1.16228
2026-04-25 08:42:00,0.33504,0.75442,0.43699,0.98463,1.30574,1.20946,1.24997
2026-04-25 09:42:00,0.32708,0.8137,0.4696,0.95892,1.29049,1.23755,1.29851
2026-04-25 10:42:00,0.31528,0.82602,0.48917,1.01105,1.38584,1.13916,1.18705
2026-04-25 11:42:00,0.29964,0.74465,0.4494,0.99815,1.36669,1.16216,1.20643
2026-04-25 12:42:00,0.29866,0.76787,0.45501,0.99758,1.33986,1.13281,1.18042
2026-04-25 13:42:00,0.30175,0.76189,0.44833,1.00528,1.33778,1.21347,1.26161
2026-04-25 14:42:00,0.3066,0.7614,0.41527,1.00336,1.36993,1.08159,1.13577
2026-04-25 15:42:00,0.3027,0.73829,0.40703,1.0045,1.33237,1.22149,1.26521
2026-04-25 16:42:00,0.3153,0.7656,0.43171,1.01052,1.3486,1.31894,1.33851
2026-04-25 17:42:00,0.32321,0.75136,0.43728,1.00065,1.36184,1.27951,1.3318
2026-04-25 18:42:00,0.32058,0.81011,0.4391,0.99433,1.36682,1.24927,1.29082
2026-04-25 19:42:00,0.3226,0.78582,0.4396,0.97799,1.32237,1.21849,1.26313
2026-04-25 20:42:00,0.31992,0.76268,0.4214,0.99461,1.3353,1.15883,1.21017
2026-04-25 21:42:00,0.31953,0.77579,0.4362,0.99438,1.36774,1.22299,1.26304
2026-04-25 22:42:00,0.32207,0.90631,0.49553,0.97651,1.35775,1.16144,1.19108
2026-04-25 23:42:00,0.31941,0.78846,0.47651,0.97504,1.37231,1.22645,1.27934
2026-04-26 00:42:00,0.32377,0.86259,0.49193,0.98863,1.36904,1.26341,1.28025
2026-04-26 01:42:00,0.33208,0.78711,0.46116,0.98739,1.33591,1.18249,1.22767
2026-04-26 02:42:00,0.33042,0.84343,0.46646,0.98157,1.35482,1.17963,1.17939
2026-04-26 03:42:00,0.33146,0.77799,0.46408,0.96871,1.32559,1.21507,1.23952
2026-04-26 04:42:00,0.32528,0.81547,0.46944,0.98762,1.3244,1.17024,1.20836
2026-04-26 05:42:00,0.32431,0.92811,0.51991,0.99728,1.34898,1.12402,1.14376
2026-04-26 06:42:00,0.33353,0.91615,0.47621,0.97463,1.32205,1.22818,1.24976
2026-04-26 07:42:00,0.32093,0.83724,0.4399,0.99169,1.31814,1.10339,1.12477
2026-04-26 08:42:00,0.32267,0.83839,0.44723,0.98536,1.35569,1.25443,1.2914
2026-04-26 09:42:00,0.32135,0.86023,0.45652,0.99458,1.36763,1.20464,1.24356
2026-04-26 10:42:00,0.31512,0.76301,0.43,1.00327,1.35988,1.11987,1.1493
2026-04-26 11:42:00,0.30475,0.7376,0.436,0.99323,1.35575,1.17903,1.20569
2026-04-26 12:42:00,0.30186,0.80794,0.41368,0.99765,1.37045,1.14569,1.17506
2026-04-26 13:42:00,0.30698,0.81843,0.41118,0.99854,1.31366,1.05105,1.09489
2026-04-26 14:42:00,0.30491,0.74317,0.38453,1.00795,1.37441,1.11413,1.1545
2026-04-26 15:42:00,0.3122,0.7449,0.38654,0.9898,1.32716,1.0995,1.12744
2026-04-26 16:42:00,0.32587,0.76746,0.40329,0.99646,1.36025,1.19519,1.23829
2026-04-26 17:42:00,0.31804,0.75074,0.40187,0.99023,1.34121,1.10246,1.13269
2026-04-26 18:42:00,0.31978,0.83264,0.42375,0.99748,1.33913,1.14215,1.17854
2026-04-26 19:42:00,0.32909,0.90049,0.48098,0.97703,1.33379,1.10468,1.11055
2026-04-26 20:42:00,0.31039,0.96407,0.51286,0.99095,1.33686,1.13907,1.16179
2026-04-26 21:42:00,0.33143,0.97311,0.52166,0.97772,1.32459,1.15245,1.16852
2026-04-26 22:42:00,0.32944,0.99695,0.58315,0.98177,1.32862,1.17476,1.21104
2026-04-26 23:42:00,0.32423,0.90658,0.49787,0.98792,1.36696,1.2812,1.32249
2026-04-27 00:42:00,0.32573,0.95596,0.50697,0.9947,1.32622,1.08127,1.10611
2026-04-27 01:42:00,0.33218,0.99754,0.54245,0.99083,1.33434,1.19965,1.25223
2026-04-27 02:42:00,0.327,0.83367,0.50436,0.99324,1.31479,1.16748,1.1992
2026-04-27 03:42:00,0.33464,0.86706,0.50765,0.98561,1.3106,1.2048,1.24666
2026-04-27 04:42:00,0.34006,0.91062,0.55996,0.98907,1.3121,1.19303,1.21853
2026-04-27 05:42:00,0.3372,0.90061,0.51147,0.9838,1.34237,1.29949,1.33027
2026-04-27 06:42:00,0.32868,0.98154,0.52766,0.97494,1.3119,1.13689,1.15729
2026-04-27 07:42:00,0.31638,0.88957,0.49234,0.97133,1.33493,1.16816,1.18793
2026-04-27 08:42:00,0.32032,0.91827,0.48682,0.97949,1.32843,1.13871,1.15683
2026-04-27 09:42:00,0.32306,0.90968,0.50094,0.99675,1.30643,1.05095,1.0887
2026-04-27 10:42:00,0.32703,0.92996,0.48004,0.98822,1.319,1.0796,1.10801
2026-04-27 11:42:00,0.32739,0.88678,0.51132,0.98996,1.36679,1.13208,1.17834
2026-04-28 11:32:31,0.32903,0.96874,0.51288,0.99876,1.35351,1.20445,1.2655
2026-04-28 12:42:00,0.32426,0.97355,0.50514,0.99477,1.3097,1.18121,1.21527
2026-04-28 13:42:00,0.32333,0.96445,0.50291,0.98133,1.35506,1.30575,1.36075
2026-04-28 14:42:00,0.3386,1.00682,0.54669,0.99309,1.35171,1.31604,1.38063
2026-04-28 15:42:00,0.35078,1.03468,0.57495,0.99514,1.32031,1.18607,1.21572
2026-04-28 16:42:00,0.34581,1.05003,0.58747,1.01577,1.33353,1.26533,1.31642
2026-04-28 17:42:00,0.34716,0.97014,0.55293,1.01603,1.35421,1.22821,1.28749
2026-04-28 18:42:00,0.35044,1.03164,0.5842,1.00539,1.30387,1.18216,1.20357
2026-04-28 19:42:00,0.34856,1.0265,0.61598,0.97021,1.28841,1.29391,1.32827
2026-04-28 20:42:00,0.35554,1.0902,0.60727,0.98822,1.31578,1.30361,1.34803
2026-04-28 21:42:00,0.35535,1.0774,0.59593,0.9967,1.32899,1.2157,1.26167
2026-04-28 22:42:00,0.34196,1.0235,0.61114,0.97653,1.31248,1.21883,1.22715
2026-04-28 23:42:00,0.3398,1.08337,0.60242,0.9798,1.29093,1.27523,1.31184
2026-04-29 00:42:00,0.34175,1.00858,0.57885,0.9985,1.3239,1.24592,1.30329
2026-04-29 01:42:00,0.3397,1.03796,0.5507,0.99445,1.32414,1.37606,1.45642
2026-04-29 02:42:00,0.35196,1.03906,0.63022,0.98045,1.32821,1.41815,1.47244
2026-04-29 03:42:00,0.35427,1.00959,0.64334,0.98847,1.32895,1.3346,1.39949
2026-04-29 04:42:00,0.36368,1.07835,0.66381,0.98659,1.2926,1.37211,1.45099
2026-04-29 05:42:00,0.35066,1.03556,0.66238,0.98263,1.32399,1.17005,1.20906
2026-04-29 06:42:00,0.34736,0.97795,0.60701,0.99784,1.30818,1.18257,1.20609
2026-04-29 07:42:00,0.34187,1.02519,0.62376,1.01277,1.30347,1.1459,1.17822
2026-04-29 08:42:00,0.34387,1.01503,0.6493,0.97973,1.30772,1.11895,1.15044
2026-04-29 09:42:00,0.35227,1.01031,0.59916,0.9718,1.29946,1.12936,1.13909
2026-04-29 10:42:00,0.35008,0.93964,0.56055,0.98894,1.29572,1.19288,1.23809
2026-04-29 11:42:00,0.33849,0.91156,0.54424,0.98824,1.32727,1.15347,1.17431
2026-04-29 12:42:00,0.33273,0.84568,0.49223,1.00315,1.33498,1.17507,1.20347
2026-04-29 13:42:00,0.33596,0.92711,0.54694,0.98854,1.3395,1.14544,1.17533
2026-04-29 14:42:00,0.34974,0.93588,0.55787,1.00085,1.32839,1.06655,1.08165
2026-04-29 15:42:00,0.33606,0.94592,0.50529,0.98731,1.30553,1.19242,1.20787
2026-04-29 16:42:00,0.34393,0.9608,0.54714,0.99832,1.321,1.30922,1.31231
2026-04-29 17:42:00,0.34774,1.06892,0.62266,0.9949,1.32674,1.16049,1.19572
2026-04-29 18:42:00,0.33762,1.11977,0.61199,0.9963,1.33073,1.14854,1.15924
2026-04-29 19:42:00,0.33612,1.11876,0.64873,0.98945,1.31512,1.12416,1.1374
2026-04-29 20:42:00,0.336,1.05477,0.60048,0.9741,1.30307,1.13115,1.16424
2026-04-29 21:42:00,0.34235,1.15983,0.64414,0.97871,1.29083,1.11257,1.14626
2026-04-29 22:42:00,0.34437,1.04651,0.60279,0.99775,1.32286,1.10572,1.13108
2026-04-29 23:42:00,0.35771,1.01974,0.65875,0.97974,1.32515,1.09525,1.11903
2026-04-30 00:42:00,0.35951,1.02809,0.59142,0.98499,1.3363,1.10217,1.10737
2026-04-30 01:42:00,0.35697,0.96243,0.60954,0.98796,1.30323,1.22169,1.22958
2026-04-30 02:42:00,0.33923,0.97245,0.54722,0.9963,1.3084,1.10879,1.13326
2026-04-30 03:42:00,0.34359,0.91729,0.53278,0.96785,1.29342,1.26378,1.29697
2026-04-30 04:42:00,0.35044,0.95403,0.55529,0.9797,1.30064,1.15928,1.18249
2026-04-30 05:42:00,0.34717,0.95856,0.51927,0.99449,1.29983,1.12564,1.13632
2026-04-30 06:42:00,0.35009,0.9854,0.55677,0.97139,1.28188,1.1712,1.16648
2026-04-30 07:42:00,0.3447,1.10161,0.64249,0.97035,1.32502,1.30516,1.30198
2026-04-30 08:42:00,0.3513,1.01107,0.60999,0.98955,1.2847,1.16664,1.17978
2026-04-30 09:42:00,0.34321,0.92033,0.57281,0.99561,1.3043,1.18026,1.19504
2026-04-30 10:42:00,0.33445,0.8781,0.49836,0.98825,1.32309,1.17246,1.18067
2026-04-30 11:42:00,0.33562,0.94691,0.53417,1.0104,1.35037,1.12131,1.13814
2026-04-30 12:42:00,0.31754,0.94349,0.47057,0.9959,1.33103,1.13824,1.16288
2026-04-30 13:42:00,0.33211,0.95882,0.49687,1.00191,1.31993,1.12529,1.1593
2026-04-30 14:42:00,0.33655,1.02138,0.52255,1.00085,1.33557,1.16952,1.18293
2026-04-30 15:42:00,0.33885,0.99498,0.52137,1.02106,1.31112,1.11754,1.13155
2026-04-30 16:42:00,0.33453,1.01426,0.53638,1.01216,1.35304,1.14517,1.13992
2026-04-30 17:42:00,0.34403,1.06401,0.58517,0.99005,1.32738,1.14279,1.19668
2026-04-30 18:42:00,0.3507,1.10562,0.62786,1.001,1.31935,1.20256,1.2072
2026-04-30 19:42:00,0.34604,1.14333,0.62453,0.97691,1.3433,1.16063,1.15734
2026-04-30 20:42:00,0.34008,1.15481,0.67375,0.97104,1.28894,1.13159,1.11011
2026-04-30 21:42:00,0.33629,1.13675,0.58964,0.98845,1.29471,1.27213,1.29278
2026-04-30 22:42:00,0.3416,1.14256,0.67015,0.96711,1.30449,1.17754,1.21473
2026-04-30 23:42:00,0.33857,1.08063,0.71376,0.9873,1.30208,1.22642,1.23674
2026-05-01 00:42:00,0.35119,1.08654,0.7567,0.97716,1.31118,1.17862,1.17719
2026-05-01 01:42:00,0.35952,1.11625,0.73341,0.97781,1.30433,1.2938,1.2955
2026-05-01 02:42:00,0.36397,1.12159,0.68728,0.983,1.29431,1.19365,1.24296
2026-05-01 03:42:00,0.35603,1.14383,0.65725,0.97931,1.28211,1.33778,1.36708
2026-05-01 04:42:00,0.36294,1.08859,0.7164,0.96128,1.2686,1.20167,1.19949
2026-05-01 05:42:00,0.35209,1.01018,0.63319,0.97279,1.30104,1.32782,1.3098
2026-05-01 06:42:00,0.36055,1.01678,0.66351,0.99616,1.30858,1.30926,1.35891
2026-05-01 07:42:00,0.36223,1.00479,0.65928,0.95967,1.29836,1.14673,1.15789
2026-05-01 08:42:00,0.37241,1.01437,0.67903,0.9777,1.29786,1.34005,1.36928
2026-05-01 09:42:00,0.34336,0.99022,0.59372,0.97961,1.31594,1.14821,1.1367
2026-05-01 10:42:00,0.34185,0.93435,0.55631,0.97268,1.32542,1.19865,1.23069
2026-05-01 11:42:00,0.32469,0.9159,0.53898,0.98872,1.30367,1.12652,1.12726
2026-05-01 12:42:00,0.31816,0.87736,0.51903,1.01327,1.38268,1.19219,1.1994
2026-05-01 13:42:00,0.33356,0.92603,0.53964,0.98517,1.32027,1.16351,1.17874
2026-05-01 14:42:00,0.32419,0.95007,0.58036,1.00928,1.33341,1.07753,1.08407
2026-05-01 15:42:00,0.33135,1.00453,0.54601,1.01154,1.36516,1.08898,1.10172
2026-05-01 16:42:00,0.34582,1.01306,0.60639,0.98946,1.32514,1.25654,1.26292
2026-05-01 17:42:00,0.33623,0.93098,0.55612,1.00316,1.34633,1.26433,1.29867
2026-05-01 18:42:00,0.33943,1.00065,0.58949,0.99109,1.28914,1.26617,1.28641
2026-05-01 19:42:00,0.3382,1.09019,0.59455,0.96825,1.35046,1.20409,1.20169
2026-05-01 20:42:00,0.3398,1.07362,0.65155,0.9896,1.32386,1.20401,1.22997
2026-05-01 21:42:00,0.34696,1.09919,0.67149,0.98231,1.34069,1.25483,1.25602
2026-05-01 22:42:00,0.34233,1.05901,0.6339,0.98065,1.31915,1.30059,1.29203
2026-05-01 23:42:00,0.33833,1.01125,0.62715,0.99194,1.32955,1.34044,1.33567
2026-05-02 00:42:00,0.33683,0.86688,0.53297,0.95319,1.35091,1.26472,1.29792
2026-05-02 01:42:00,0.33728,0.93518,0.56874,0.99674,1.35139,1.17498,1.20199
2026-05-02 02:42:00,0.34659,0.92013,0.54233,0.97654,1.32164,1.15885,1.2079
2026-05-02 03:42:00,0.34553,1.06478,0.65413,0.97496,1.29465,1.10104,1.10751
2026-05-02 04:42:00,0.35016,1.11264,0.61035,0.97709,1.33604,1.20213,1.23981
2026-05-02 05:42:00,0.34283,1.10024,0.64734,0.98266,1.29175,1.24014,1.2743
2026-05-02 06:42:00,0.36828,1.34497,0.83106,0.9714,1.29303,1.25758,1.27489
2026-05-02 07:42:00,0.36374,1.24073,0.75061,0.99001,1.28381,1.19797,1.21332
2026-05-02 08:42:00,0.34036,1.03518,0.61317,0.9825,1.29803,1.18269,1.21942
2026-05-02 09:42:00,0.33099,0.87224,0.51944,0.98251,1.30516,1.23482,1.26111
2026-05-02 10:42:00,0.32291,0.79641,0.43731,0.99794,1.34919,1.20938,1.21376
2026-05-02 11:42:00,0.31992,0.79506,0.44226,0.9987,1.37008,1.1736,1.18227
2026-05-02 12:42:00,0.31838,0.77289,0.46312,0.99256,1.3358,1.17635,1.17407
2026-05-02 13:42:00,0.31706,0.75965,0.4579,0.99783,1.35723,1.17947,1.19867
2026-05-02 14:42:00,0.32669,0.7649,0.43379,0.98222,1.32316,1.09666,1.09684
2026-05-02 15:42:00,0.331,0.76003,0.45205,0.99697,1.34693,1.0894,1.10648
2026-05-02 16:42:00,0.33634,0.80683,0.47932,1.00191,1.31857,1.25475,1.27023
2026-05-02 17:42:00,0.32649,0.74421,0.45818,0.99028,1.34615,1.11201,1.14451
2026-05-02 18:42:00,0.32827,0.74945,0.45918,1.00571,1.37503,1.0595,1.06381
2026-05-02 19:42:00,0.3331,0.79465,0.49654,0.98457,1.32693,1.17862,1.18347
2026-05-02 20:42:00,0.32406,0.81088,0.47993,0.98341,1.34473,1.28585,1.27976
2026-05-02 21:42:00,0.32752,0.84251,0.50187,0.99409,1.30612,1.14763,1.14375
2026-05-02 22:42:00,0.32897,0.79074,0.48049,0.97717,1.31055,1.16273,1.14725
2026-05-02 23:42:00,0.32647,0.81063,0.4932,0.98939,1.34206,1.06616,1.10451
2026-05-03 00:42:00,0.33729,0.82206,0.55206,0.99652,1.34877,1.15703,1.20276
2026-05-03 01:42:00,0.3382,0.81903,0.52577,0.99232,1.30534,1.14523,1.13432
2026-05-03 02:42:00,0.34737,0.82791,0.55381,0.98558,1.31389,1.08915,1.10801
2026-05-03 03:42:00,0.34251,0.82877,0.58219,0.99271,1.31454,1.16292,1.13381
2026-05-03 04:42:00,0.33821,0.80118,0.5303,0.98349,1.33956,1.10075,1.12363
2026-05-03 05:42:00,0.34568,0.9273,0.59964,0.99916,1.30162,1.21838,1.20527
2026-05-03 06:42:00,0.33982,0.98875,0.59369,0.98293,1.31157,1.25549,1.25184
2026-05-03 07:42:00,0.33874,1.04291,0.63348,0.97262,1.28902,1.23843,1.24268
2026-05-03 08:42:00,0.33481,0.96019,0.54051,0.98319,1.31242,1.25018,1.27672
2026-05-03 09:42:00,0.33836,0.91779,0.48397,0.99812,1.31575,1.12893,1.12404
2026-05-03 10:42:00,0.33038,0.90868,0.52609,0.99079,1.33152,1.15272,1.1463
2026-05-03 11:42:00,0.33057,0.95846,0.53549,0.99837,1.30246,1.13034,1.137
2026-05-03 12:42:00,0.32859,1.02854,0.56529,0.97602,1.3181,1.13363,1.12094
2026-05-03 13:42:00,0.31989,0.94358,0.54414,0.99456,1.34239,1.10544,1.09906
2026-05-03 14:42:00,0.33709,0.99488,0.57636,0.9947,1.30137,1.09506,1.11799
2026-05-03 15:42:00,0.33774,1.06076,0.5453,1.00385,1.30549,1.13557,1.13629
2026-05-03 16:42:00,0.34198,1.0957,0.61393,0.99092,1.30468,1.28846,1.31508
2026-05-03 17:42:00,0.33797,1.08853,0.59502,1.00771,1.33688,1.22111,1.21055
2026-05-03 18:42:00,0.34862,1.07209,0.60466,0.99925,1.31298,1.25145,1.23671
2026-05-03 19:42:00,0.34726,1.05312,0.62595,0.99502,1.32384,1.28145,1.28691
2026-05-03 20:42:00,0.33683,1.06639,0.6314,0.98153,1.32608,1.23095,1.22767
2026-05-03 21:42:00,0.342,1.05842,0.62862,0.99607,1.32864,1.06571,1.08748
2026-05-03 22:42:00,0.34006,1.07876,0.62994,0.99917,1.33012,1.16975,1.17193
2026-05-03 23:42:00,0.34058,1.06465,0.68836,0.98305,1.314,1.13766,1.15127
2026-05-04 00:42:00,0.34221,1.06792,0.62048,0.99439,1.33564,1.05808,1.04131
2026-05-04 01:42:00,0.34307,1.05402,0.60851,0.9882,1.31574,1.26663,1.24001
2026-05-04 02:42:00,0.34141,1.06397,0.6457,0.9935,1.31975,1.07758,1.08763
2026-05-04 03:42:00,0.35402,1.03175,0.64531,0.99532,1.29615,1.05664,1.093
2026-05-04 04:42:00,0.34888,1.05027,0.62149,0.99903,1.33727,1.14394,1.14289
2026-05-04 05:42:00,0.35931,1.04787,0.64897,0.96562,1.33444,1.09844,1.1249
2026-05-04 06:42:00,0.35733,1.0505,0.63809,0.96708,1.32135,1.1242,1.1405
2026-05-04 07:42:00,0.34831,1.02077,0.63515,0.98264,1.28416,1.13803,1.13933
2026-05-04 08:42:00,0.34632,1.00365,0.59436,0.98842,1.34448,1.39148,1.33632
2026-05-04 09:42:00,0.34117,0.99227,0.58287,0.98072,1.2863,1.29265,1.29816
2026-05-04 10:42:00,0.28098,0.27576,0.29706,0.99891,1.30461,1.03218,1.06803
2026-05-04 11:42:00,0.27994,0.2905,0.29536,1.00641,1.32798,1.13601,1.13915
2026-05-04 12:42:00,0.28286,0.29239,0.28659,0.99399,1.32157,1.05452,1.06192
2026-05-04 13:42:00,0.28556,0.30623,0.28523,1.00673,1.35694,1.22248,1.20296
2026-05-04 14:42:00,0.29105,0.30774,0.2841,0.99656,1.34463,1.19401,1.15646
2026-05-04 15:42:00,0.28812,0.30829,0.28159,1.02094,1.35666,1.11651,1.1106
2026-05-04 16:42:00,0.29891,0.30907,0.28784,0.99507,1.35103,1.19736,1.17884
2026-05-04 17:42:00,0.29658,0.30767,0.2966,0.99027,1.31813,1.09508,1.10687
2026-05-04 18:42:00,0.29315,0.29431,0.29463,1.00175,1.34263,1.23372,1.24441
2026-05-04 19:42:00,0.28371,0.30725,0.30096,0.99407,1.33176,1.10098,1.10947
2026-05-04 20:42:00,0.29335,0.31834,0.3176,0.99613,1.35547,1.16249,1.17056
2026-05-04 21:42:00,0.29301,0.31517,0.31658,0.97713,1.29569,1.1684,1.16347
2026-05-04 22:42:00,0.29219,0.31399,0.31778,0.98624,1.32995,1.17328,1.17044
2026-05-04 23:42:00,0.29501,0.32132,0.32745,0.98407,1.28236,1.1754,1.17096
2026-05-05 00:42:00,0.29657,0.34896,0.3305,0.99255,1.32033,1.12955,1.11605
2026-05-05 01:42:00,0.2996,0.34095,0.33946,0.98456,1.31397,1.13497,1.14524
2026-05-05 02:42:00,0.29773,0.35353,0.33251,1.00234,1.30442,1.12532,1.11741
2026-05-05 03:42:00,0.30635,0.35324,0.33719,1.00107,1.36568,1.08897,1.11455
2026-05-05 04:42:00,0.31871,0.3396,0.34004,0.98009,1.2988,1.11636,1.14381
2026-05-05 05:42:00,0.31063,0.34007,0.3484,0.96865,1.3117,1.17447,1.17597
2026-05-05 06:42:00,0.32729,0.34671,0.3538,0.98703,1.31049,1.07413,1.09818
2026-05-05 07:42:00,0.31895,0.35251,0.35324,0.97695,1.2792,1.10961,1.13914
2026-05-05 08:42:00,0.32755,0.346,0.35717,0.96126,1.28964,1.18474,1.17311
2026-05-05 09:42:00,0.31736,0.32506,0.33316,0.99638,1.32746,1.10347,1.09172
2026-05-05 10:42:00,0.29904,0.3245,0.33076,1.00058,1.34664,1.04454,1.05421
2026-05-05 11:42:00,0.29724,0.3497,0.33571,0.98162,1.32417,1.09919,1.12212
2026-05-05 12:42:00,0.29454,0.35073,0.31849,0.99533,1.33719,1.23647,1.21626
2026-05-05 13:42:00,0.28277,0.34855,0.31367,0.99307,1.35146,1.09705,1.0774
2026-05-05 14:42:00,0.2866,0.35056,0.31731,1.00621,1.34473,1.13173,1.12987
2026-05-05 15:42:00,0.29697,0.35852,0.32756,0.99455,1.33369,1.05226,1.0411
2026-05-05 16:42:00,0.29413,0.37007,0.32686,1.00662,1.33165,1.16716,1.181
2026-05-05 17:42:00,0.29639,0.36234,0.32854,0.99044,1.33591,1.14727,1.16487
2026-05-05 18:42:00,0.29653,0.36118,0.33585,0.99176,1.32286,1.1855,1.17072
2026-05-05 19:42:00,0.29266,0.3745,0.34303,0.9942,1.3305,1.15055,1.12914
2026-05-05 20:42:00,0.30116,0.36268,0.34686,0.98128,1.32227,1.22429,1.22642
2026-05-05 21:42:00,0.301,0.37598,0.35526,0.97694,1.30739,1.2461,1.21677
2026-05-05 22:42:00,0.29475,0.36292,0.34709,0.99781,1.31794,1.06663,1.08105
2026-05-05 23:42:00,0.30274,0.37281,0.34921,0.98216,1.34712,1.24666,1.17745
2026-05-06 00:42:00,0.31102,0.37033,0.35906,0.9675,1.33285,1.287,1.28003
2026-05-06 01:42:00,0.31395,0.36392,0.35666,0.97647,1.30016,1.25868,1.24159
2026-05-06 02:42:00,0.30842,0.36523,0.35073,0.97405,1.29187,1.14253,1.14675
2026-05-06 03:42:00,0.31135,0.35671,0.34802,0.98317,1.32499,1.17794,1.19193
2026-05-06 04:42:00,0.3204,0.39108,0.38045,0.98884,1.31772,1.30267,1.30658
2026-05-06 05:42:00,0.31127,0.35566,0.36612,0.98409,1.33987,1.22212,1.21325
2026-05-06 06:42:00,0.30704,0.36356,0.35622,0.97079,1.32615,1.27531,1.26402
2026-05-06 07:42:00,0.30646,0.37546,0.3625,0.97414,1.32709,1.263,1.25453
2026-05-06 08:42:00,0.30076,0.36059,0.34774,0.98648,1.33596,1.21418,1.20289
2026-05-06 09:42:00,0.28996,0.3742,0.35648,0.99401,1.35035,1.06302,1.04251
2026-05-06 10:42:00,0.30376,0.36935,0.34933,0.99351,1.34985,1.09213,1.13432
2026-05-06 11:42:00,0.29366,0.39231,0.36163,0.99367,1.30853,0.1331,1.15919
2026-05-06 12:42:00,0.29949,0.37564,0.34463,1.00484,1.34332,0.15562,1.21608
2026-05-06 13:42:00,0.29575,0.4021,0.34959,1.01102,1.38623,0.1071,1.154
2026-05-06 14:42:00,0.28331,0.3887,0.34761,1.02692,1.3808,0.11035,1.08585
2026-05-06 15:42:00,0.28958,0.39532,0.35031,1.01867,1.35993,0.1082,1.28142
2026-05-06 16:42:00,0.29495,0.38834,0.35091,1.01187,1.36582,0.11096,1.16456
2026-05-06 17:42:00,0.29681,0.41055,0.36092,1.01341,1.40218,0.12381,1.18721
2026-05-06 18:42:00,0.29445,0.38307,0.35234,1.00527,1.34014,0.1296,1.1955
2026-05-06 19:42:00,0.29544,0.40016,0.36782,1.01265,1.32166,0.12297,1.10541
2026-05-06 20:42:00,0.2899,0.39327,0.36753,1.00229,1.34377,0.13559,1.213
2026-05-06 21:42:00,0.28788,0.41111,0.36439,0.99205,1.31969,0.12127,1.11674
2026-05-06 22:42:00,0.29657,0.40379,0.37792,1.00147,1.3477,0.12392,1.25973
2026-05-06 23:42:00,0.30448,0.43236,0.38366,1.00594,1.35026,0.11813,1.25158
2026-05-07 00:42:00,0.30278,0.38709,0.38011,1.00518,1.3521,0.1164,1.20318
2026-05-07 01:42:00,0.30789,0.40708,0.38219,0.98995,1.33146,0.12953,1.24166
2026-05-07 02:42:00,0.30274,0.42641,0.39973,0.99445,1.32297,0.12977,1.26722
2026-05-07 03:42:00,0.30125,0.43925,0.39079,1.00897,1.34972,0.12151,1.20413
2026-05-07 04:42:00,0.30904,0.45498,0.40528,0.99661,1.34962,0.12196,1.11369
2026-05-07 05:42:00,0.32334,0.44593,0.41406,0.98185,1.32277,0.12191,1.22776
2026-05-07 06:42:00,0.32105,0.42504,0.40232,0.98784,1.34336,0.1284,1.21054
2026-05-07 07:42:00,0.30784,0.43597,0.40112,0.99899,1.31716,0.11886,1.22271
2026-05-07 08:42:00,0.30526,0.42924,0.40492,0.97986,1.38342,0.12894,1.15765
2026-05-07 09:42:00,0.302,0.44158,0.40456,1.02121,1.3734,0.12081,1.10317
2026-05-07 10:42:00,0.29438,0.43899,0.37597,1.01178,1.32312,0.12128,1.10577
2026-05-07 11:42:00,0.30128,0.4453,0.3783,1.01731,1.38424,0.12193,1.11033
2026-05-07 12:42:00,0.29185,0.39593,0.36519,1.01793,1.38504,0.12645,1.10064
2026-05-07 13:42:00,0.28505,0.43503,0.34824,1.02624,1.34206,0.121,1.17328
2026-05-07 14:42:00,0.29167,0.4117,0.3508,1.02111,1.40161,0.12562,1.25225
2026-05-07 15:42:00,0.29702,0.41491,0.33877,1.02323,1.36047,0.11364,1.16663
2026-05-07 16:42:00,0.30275,0.43576,0.36327,1.01717,1.3639,0.11789,1.09877
2026-05-07 17:42:00,0.29544,0.46124,0.37438,1.01001,1.39836,0.1222,1.1939
2026-05-07 18:42:00,0.29836,0.49439,0.40041,1.01365,1.35883,0.16648,1.21518
2026-05-07 19:42:00,0.29844,0.49996,0.40191,1.00001,1.32559,0.11913,1.34059
2026-05-07 20:42:00,0.28971,0.53349,0.42184,1.0111,1.37009,0.10937,1.12403
2026-05-07 21:42:00,0.30077,0.51033,0.40246,1.02149,1.37869,0.11799,1.09374
2026-05-07 22:42:00,0.30171,0.54266,0.43771,1.00963,1.3666,0.1207,1.2159
2026-05-07 23:42:00,0.30658,0.50491,0.44219,1.01291,1.34328,0.11762,1.14292
2026-05-08 00:42:00,0.30689,0.56292,0.43936,0.99037,1.36913,0.11596,1.15347
2026-05-08 01:42:00,0.31727,0.54832,0.41641,1.00036,1.36967,0.11878,1.24049
2026-05-08 02:42:00,0.32391,0.51668,0.43376,1.0038,1.3812,0.11841,1.14534
2026-05-08 03:42:00,0.32822,0.56932,0.45682,1.00267,1.34207,0.11654,1.16091
2026-05-08 04:42:00,0.33527,0.60343,0.47059,1.0092,1.35459,0.1154,1.11678
2026-05-08 05:42:00,0.33721,0.56564,0.45806,1.00158,1.3569,0.1258,1.23444
2026-05-08 06:42:00,0.33093,0.52138,0.42739,1.01575,1.33222,0.11462,1.15469
2026-05-08 07:42:00,0.34017,0.6035,0.48111,1.01243,1.3822,0.12056,1.26891
2026-05-08 08:42:00,0.33931,0.5997,0.44952,1.0246,1.32532,0.12329,1.20766
2026-05-08 09:42:00,0.3211,0.55774,0.43054,1.00877,1.37306,0.12204,1.10114
2026-05-08 10:42:00,0.31245,0.4644,0.38899,1.01593,1.36589,0.13062,1.15639
2026-05-08 11:42:00,0.29498,0.46766,0.37707,1.01131,1.3836,0.13269,1.16555
2026-05-08 12:42:00,0.28912,0.50046,0.38283,1.02665,1.39645,0.12663,1.11659
2026-05-08 13:42:00,0.2902,0.55259,0.41527,1.02607,1.40592,0.13282,1.12126
2026-05-08 14:42:00,0.29107,0.5283,0.40511,1.02816,1.40503,0.12762,1.19988
2026-05-08 15:42:00,0.29243,0.52507,0.41429,1.02849,1.364,0.12353,1.19658
2026-05-08 16:42:00,0.29637,0.54145,0.4085,1.03483,1.39542,0.12247,1.18884
2026-05-08 17:42:00,0.29496,0.6014,0.45458,1.04672,1.40916,0.14085,1.14117
2026-05-08 18:42:00,0.29375,0.56534,0.43861,1.03164,1.35396,0.13015,1.12952
2026-05-08 19:42:00,0.30088,0.61074,0.46216,1.04481,1.36518,0.12958,1.0581
2026-05-08 20:42:00,0.293,0.55935,0.44787,1.03014,1.39332,0.12629,1.11932
2026-05-08 21:42:00,0.30363,0.59044,0.4398,1.02717,1.40063,0.16656,1.16271
2026-05-08 22:42:00,0.30728,0.62254,0.46775,1.02517,1.39385,0.14981,1.22715
2026-05-08 23:42:00,0.3023,0.51318,0.39764,1.0109,1.34599,0.16713,1.19424
2026-05-09 00:42:00,0.30929,0.56414,0.43611,1.02324,1.35541,0.15756,1.22399
2026-05-09 01:42:00,0.31346,0.58549,0.48088,1.02424,1.36067,0.13734,1.17117
2026-05-09 02:42:00,0.31191,0.57011,0.45123,1.01496,1.3397,0.13345,1.14139
2026-05-09 03:42:00,0.30984,0.57534,0.43744,1.03455,1.3679,0.14114,1.2064
2026-05-09 04:42:00,0.31026,0.5436,0.43282,1.02572,1.36907,0.15793,1.17054
2026-05-09 05:42:00,0.30228,0.45138,0.388,1.02482,1.39916,0.14942,1.1204
2026-05-09 06:42:00,0.30316,0.43989,0.37847,1.01993,1.35712,0.19546,1.17332
2026-05-09 07:42:00,0.30618,0.4449,0.38588,0.99872,1.40523,0.16721,1.21704
2026-05-09 08:42:00,0.30409,0.42605,0.36704,1.02799,1.4109,0.18476,1.18336
2026-05-09 09:42:00,0.30029,0.44302,0.37205,1.04174,1.39338,0.18258,1.10322
2026-05-09 10:42:00,0.30877,0.44021,0.37007,1.02999,1.37657,0.23368,1.1865
2026-05-09 11:42:00,0.29438,0.44302,0.35996,1.03459,1.42586,0.1737,1.13772
2026-05-09 12:42:00,0.30228,0.48751,0.38262,1.05239,1.40229,0.12864,1.08987
2026-05-09 13:42:00,0.30627,0.44153,0.36085,1.03516,1.4069,0.13836,1.31952
2026-05-09 14:42:00,0.30163,0.45375,0.36202,1.03016,1.35912,0.18755,1.13464
2026-05-09 15:42:00,0.29951,0.45011,0.35972,1.04501,1.40034,0.12857,1.14578
2026-05-09 16:42:00,0.29886,0.48951,0.37461,1.05177,1.3773,0.12245,1.04986
2026-05-09 17:42:00,0.30321,0.51368,0.40145,1.04326,1.43186,0.12938,1.18405
2026-05-09 18:42:00,0.30671,0.49556,0.40864,1.04708,1.39301,0.13213,1.24222
2026-05-09 19:42:00,0.30087,0.43321,0.38123,1.04099,1.36476,0.118,1.09589
2026-05-09 20:42:00,0.30209,0.49597,0.41785,1.04231,1.37143,0.12167,1.26028
2026-05-09 21:42:00,0.29584,0.474,0.37934,1.01825,1.38365,0.11537,1.11805
2026-05-09 22:42:00,0.29672,0.50705,0.40129,1.02682,1.37062,0.11954,1.16929
2026-05-09 23:42:00,0.29744,0.5757,0.45827,1.03204,1.38199,0.12005,1.11881
2026-05-10 00:42:00,0.30067,0.54749,0.43012,1.00606,1.37018,0.11974,1.14768
2026-05-10 01:42:00,0.29771,0.51133,0.43142,1.00294,1.35262,0.12438,1.31861
2026-05-10 02:42:00,0.30153,0.54515,0.43657,1.02913,1.40104,0.1204,1.14206
2026-05-10 03:42:00,0.30262,0.59034,0.48924,1.00739,1.37177,0.11674,1.09427
2026-05-10 04:42:00,0.29792,0.49034,0.42019,1.01821,1.34991,0.11969,1.14739
2026-05-10 05:42:00,0.30496,0.52473,0.41722,1.01854,1.37373,0.11754,1.18391
2026-05-10 06:42:00,0.30883,0.60513,0.47244,0.99456,1.34551,0.12927,1.15163
2026-05-10 07:42:00,0.3121,0.62048,0.49164,1.01765,1.37861,0.13091,1.28698
2026-05-10 08:42:00,0.31139,0.58744,0.44372,0.9975,1.33501,0.12834,1.18009
2026-05-10 09:42:00,0.30876,0.5272,0.40689,1.00753,1.37274,0.12869,1.32066
2026-05-10 10:42:00,0.30747,0.55258,0.40855,1.01435,1.34684,0.12461,1.19095
2026-05-10 11:42:00,0.30885,0.60451,0.44469,1.02917,1.34199,0.12521,1.16318
2026-05-10 12:42:00,0.31538,0.55446,0.44409,1.03326,1.38827,0.12208,1.10638
2026-05-10 13:42:00,0.31318,0.59852,0.42513,1.03476,1.41993,0.13474,1.28492
2026-05-10 14:42:00,0.31627,0.55445,0.4401,1.01325,1.35252,0.12988,1.11221
2026-05-10 15:42:00,0.30422,0.54184,0.40647,1.02726,1.39115,0.12226,1.04615
2026-05-10 16:42:00,0.31439,0.54588,0.39921,1.03328,1.39758,0.11686,1.09867
2026-05-10 17:42:00,0.32009,0.64141,0.48695,1.02945,1.3832,0.1258,1.18485
2026-05-10 18:42:00,0.32367,0.63117,0.47504,1.01014,1.38743,0.12444,1.10915
2026-05-10 19:42:00,0.30691,0.56699,0.47221,1.02528,1.38177,0.12255,1.18046
2026-05-10 20:42:00,0.30481,0.60476,0.47469,1.01462,1.32887,0.12298,1.15765
2026-05-10 21:42:00,0.30683,0.63479,0.48645,1.0173,1.3669,0.12427,1.09618
2026-05-10 22:42:00,0.30308,0.62231,0.4951,1.02,1.36963,0.12005,1.1113
2026-05-10 23:42:00,0.30234,0.68024,0.55826,1.03896,1.3546,0.11899,1.12234
2026-05-11 00:42:00,0.30635,0.65523,0.50492,1.00456,1.3565,0.12295,1.13792
2026-05-11 01:42:00,0.30886,0.66516,0.5099,1.02445,1.36536,0.12333,1.09271
2026-05-11 02:42:00,0.31552,0.71385,0.56932,1.0148,1.33897,0.12586,1.15016
2026-05-11 03:42:00,0.3031,0.63084,0.52761,1.01646,1.34204,0.13085,1.19847
2026-05-11 04:42:00,0.30448,0.70395,0.53509,1.00954,1.34695,0.12971,1.06555
2026-05-11 05:42:00,0.31214,0.75796,0.55337,1.01772,1.35525,0.12977,1.29872
2026-05-11 06:42:00,0.33331,0.78845,0.63597,1.00593,1.38412,0.12504,1.14478
2026-05-11 07:42:00,0.32442,0.81634,0.62069,0.99409,1.31385,0.12382,1.15123
2026-05-11 08:42:00,0.33455,0.91342,0.59706,1.01782,1.38313,0.12559,1.17081
2026-05-11 09:42:00,0.31255,0.80603,0.49939,1.00732,1.34735,0.12841,1.09521
2026-05-11 10:42:00,0.31755,0.73923,0.4972,1.02122,1.38459,0.12552,1.14873
2026-05-11 11:42:00,0.30487,0.63126,0.43422,1.00996,1.31225,0.11862,1.08566
2026-05-11 12:42:00,0.30308,0.51881,0.40089,1.01057,1.36744,0.12057,1.0533
2026-05-11 13:42:00,0.3061,0.57726,0.41283,1.02387,1.38699,0.12698,1.14838
2026-05-11 14:42:00,0.30687,0.54972,0.41476,1.01293,1.34674,0.11803,1.11082
2026-05-11 15:42:00,0.30259,0.56365,0.42439,1.0159,1.36819,0.11728,1.05201
2026-05-11 16:42:00,0.30951,0.56982,0.42169,1.01554,1.33542,0.21227,1.15329
2026-05-11 17:42:00,0.30329,0.59262,0.42428,1.01883,1.3357,0.22494,1.06966
2026-05-11 18:42:00,0.30535,0.54635,0.44584,0.99926,1.35718,0.13419,1.22632
2026-05-11 19:42:00,0.30511,0.56612,0.44776,1.02111,1.38504,0.15221,1.29143
2026-05-11 20:42:00,0.30022,0.53084,0.449,1.01762,1.35525,0.14055,1.08175
2026-05-11 21:42:00,0.30201,0.56218,0.45945,1.00307,1.35398,0.12455,1.20425
2026-05-11 22:42:00,0.30771,0.59847,0.4584,0.99176,1.3297,0.1202,1.20701
2026-05-11 23:42:00,0.3069,0.65803,0.47364,1.01683,1.35358,0.12128,1.10241
2026-05-12 00:42:00,0.30626,0.68866,0.51712,1.0139,1.3599,0.12356,1.1404
2026-05-12 01:42:00,0.31803,0.76271,0.60383,1.01765,1.35331,0.12862,1.16702
2026-05-12 02:42:00,0.32443,0.78159,0.59632,1.0215,1.37793,0.13331,1.31151
2026-05-12 03:42:00,0.33198,0.87876,0.64901,1.02113,1.32898,0.12779,1.20099
2026-05-12 04:42:00,0.32798,0.68555,0.5843,1.00406,1.37262,0.1311,1.19493
2026-05-12 05:42:00,0.33209,0.81123,0.59379,1.01405,1.36103,0.13254,1.24988
2026-05-12 06:42:00,0.33464,0.79545,0.62908,0.98121,1.34827,0.14061,1.30882
2026-05-12 07:42:00,0.3303,0.72614,0.61641,1.00021,1.35524,0.13783,1.29269
2026-05-12 08:42:00,0.3319,0.73157,0.59031,1.0239,1.36637,0.13394,1.21606
2026-05-12 09:42:00,0.31891,0.64592,0.49918,1.02223,1.38947,0.13409,1.27516
2026-05-12 10:42:00,0.31263,0.54109,0.44695,1.02935,1.40099,0.1407,1.09204
2026-05-12 11:42:00,0.32061,0.60068,0.45677,1.02275,1.40296,0.12917,1.20366
2026-05-12 12:42:00,0.32086,0.62937,0.47061,1.00947,1.38268,0.12094,1.0631
2026-05-12 13:42:00,0.3132,0.6467,0.46948,1.02797,1.3799,0.12877,1.23962
2026-05-12 14:42:00,0.32104,0.62383,0.45875,1.03339,1.41946,0.12845,1.23126
2026-05-12 15:42:00,0.33311,0.6924,0.51422,1.0065,1.37787,0.12762,1.22214
2026-05-12 16:42:00,0.32502,0.65778,0.47469,1.02801,1.39459,0.22452,1.16569
2026-05-12 17:42:00,0.32557,0.71117,0.52652,1.01429,1.35597,0.13066,1.25909
2026-05-12 18:42:00,0.32578,0.70429,0.50279,1.01814,1.3554,0.12212,1.17089
2026-05-12 19:42:00,0.32672,0.71569,0.53562,0.99886,1.35405,0.12267,1.31523
2026-05-12 20:42:00,0.31917,0.75529,0.55887,1.00893,1.35357,0.12976,1.15699
2026-05-12 21:42:00,0.32094,0.82327,0.58087,1.00239,1.33373,0.11771,1.27131
2026-05-12 22:42:00,0.31754,0.85988,0.61308,0.99617,1.35692,0.11038,1.20195
2026-05-12 23:42:00,0.31907,0.81926,0.59723,1.00654,1.34486,0.11369,1.22518
2026-05-13 00:42:00,0.31943,0.82499,0.61207,1.01894,1.35661,0.1135,1.17796
2026-05-13 01:42:00,0.32165,0.82728,0.61515,0.9896,1.32707,0.10986,1.20249
2026-05-13 02:42:00,0.31699,0.85202,0.58967,1.01596,1.41993,0.12193,1.14531
2026-05-13 03:42:00,0.3285,0.92673,0.64629,1.01529,1.34442,0.12229,1.16448
2026-05-13 04:42:00,0.33165,1.01728,0.68904,0.98876,1.32637,0.13099,1.28726
2026-05-13 05:42:00,0.33573,1.10314,0.72934,1.00268,1.36518,0.12185,1.22001
2026-05-13 06:42:00,0.34099,1.09568,0.74485,0.99945,1.37592,0.12953,1.26604
2026-05-13 07:42:00,0.34505,1.03045,0.76845,0.98366,1.29696,0.11882,1.11508
2026-05-13 08:42:00,0.33439,0.95377,0.64928,0.99133,1.34521,0.12701,1.23344
2026-05-13 09:42:00,0.33726,1.00493,0.61713,1.01022,1.38945,0.12867,1.1785
2026-05-13 10:42:00,0.33224,0.89774,0.54577,0.99655,1.37772,0.12122,1.2086
2026-05-14 11:33:37,0.31404,0.73159,0.46065,1.02204,1.33621,0.17125,1.15179
2026-05-14 12:42:00,0.30639,0.78054,0.48476,0.99582,1.31894,0.16808,1.15321
2026-05-14 13:42:00,0.31145,0.79451,0.46691,1.00601,1.40124,0.16819,1.16057
2026-05-14 14:42:00,0.30739,0.76578,0.45953,1.0042,1.34893,0.21819,1.11733
2026-05-14 15:42:00,0.31558,0.78428,0.45212,1.01888,1.34282,0.21503,1.03467
2026-05-14 16:42:00,0.31052,0.81635,0.46873,1.01542,1.37915,0.21483,1.11132
2026-05-14 17:42:00,0.30923,0.80271,0.49624,1.00958,1.35808,0.21287,1.1766
2026-05-14 18:42:00,0.30673,0.77981,0.46607,1.01862,1.36523,0.2208,1.13794
2026-05-14 19:42:00,0.31521,0.79288,0.50012,1.00726,1.35267,0.21925,1.14576
2026-05-14 20:42:00,0.30664,0.83809,0.53975,1.02213,1.34913,0.21138,1.11516
2026-05-14 21:42:00,0.31237,0.9145,0.58865,0.9832,1.34622,0.21731,1.12652
2026-05-14 22:42:00,0.31039,0.91945,0.56064,1.00378,1.31084,0.21412,1.08837
2026-05-14 23:42:00,0.30832,0.90191,0.57786,1.00883,1.34404,0.21202,1.05236
2026-05-15 00:42:00,0.313,0.85352,0.57005,1.00401,1.36456,0.21917,1.21456
2026-05-15 01:42:00,0.30602,0.82147,0.49346,0.9931,1.34454,0.21364,1.1237
2026-05-15 02:42:00,,0.84091,,1.00369,1.30436,0.21446,1.16158
2026-05-15 03:42:00,0.30906,0.85323,0.58472,1.00441,1.32692,0.21022,1.10198
2026-05-15 04:42:00,0.31049,0.8532,0.58443,1.02014,1.35509,0.21996,1.10301
2026-05-15 05:42:00,0.31127,0.85573,0.57165,1.00666,1.33902,0.2236,1.21566
2026-05-15 06:42:00,0.32684,0.98359,0.68455,1.0068,1.34233,0.22791,1.15607
2026-05-15 07:42:00,0.3251,0.9981,0.692,0.99421,1.31879,0.21843,1.06429
2026-05-15 08:42:00,0.33398,0.96263,0.65856,1.01222,1.33011,0.2131,1.19776
2026-05-15 09:59:47,0.33778,0.92214,0.6609,1.01586,1.36129,0.22237,1.10692
2026-05-15 10:42:00,0.32162,0.82414,0.57184,1.02518,1.3228,0.22103,1.27742
2026-05-15 11:42:00,0.31859,0.90788,0.5491,1.03812,1.36244,0.21072,1.13897
2026-05-15 12:42:00,0.33072,0.95343,0.60084,1.01306,1.35428,0.23993,1.20982
2026-05-15 13:42:00,0.3131,0.88444,0.51717,1.00262,1.3449,0.21439,1.0104
2026-05-15 14:42:00,0.31527,0.87436,0.50416,1.01426,1.33337,0.21028,1.18915
2026-05-15 15:42:00,0.31885,0.8926,0.54418,0.99994,1.37014,0.22182,1.19017
2026-05-15 16:42:00,0.32508,0.94671,0.61966,0.99979,1.33907,0.22318,1.20143
2026-05-15 17:42:00,0.30836,0.84481,0.55098,1.01558,1.34555,0.20728,1.08997
2026-05-15 18:42:00,0.00321,0.00286,0.00378,0.00276,0.00296,0.00364,0.00534
2026-05-15 19:42:00,0.00301,0.00278,0.00379,0.00276,0.00292,0.00418,0.00634
2026-05-15 20:42:00,0.00283,0.00241,0.00356,0.00288,0.00301,0.00543,0.00566
2026-05-15 21:42:00,0.24071,0.6681,0.26986,0.95485,1.18934,0.10123,0.93344
2026-05-15 22:42:00,0.24017,0.60974,0.25511,0.92018,1.157,0.11062,0.89008
2026-05-15 23:42:00,0.23486,0.6515,0.2646,0.95115,1.21077,0.10592,0.81497
2026-05-16 00:42:00,0.24242,0.67198,0.29319,0.95484,1.18683,0.10618,0.89102
2026-05-16 01:42:00,0.24314,0.76783,0.3082,0.9271,1.18342,0.10704,0.84555
2026-05-16 02:42:00,0.2444,0.60109,0.26642,0.93065,1.19502,0.10814,0.908
2026-05-16 03:42:00,0.26423,0.7849,0.34939,0.97292,1.20309,0.15244,0.83698
2026-05-16 04:42:00,0.26737,0.6173,0.31217,1.00499,1.27265,0.15636,0.89285
2026-05-16 05:42:00,0.26916,0.92974,0.39668,0.98824,1.2613,0.15479,0.88578
2026-05-16 06:42:00,0.25882,0.68873,0.38035,0.95231,1.21557,0.16561,0.88359
2026-05-16 07:42:00,0.00283,0.00257,0.0033,0.00271,0.00293,0.00374,0.00568
2026-05-16 08:42:00,0.0028,0.00266,0.00335,0.00275,0.00304,0.00588,0.0058
2026-05-16 09:42:00,0.02493,0.03987,0.0216,0.82176,0.47265,0.02731,0.0689
2026-05-16 10:42:00,0.00295,0.01375,0.00282,0.00494,0.0027,0.0035,0.00593
2026-05-16 11:42:00,0.00293,0.01328,0.00272,0.00431,0.00247,0.00354,0.00545
2026-05-16 12:42:00,0.00286,0.01309,0.00262,0.00378,0.00249,0.00365,0.00549
2026-05-16 13:42:00,0.00282,0.01301,0.00265,0.00418,0.00265,0.00373,0.00595
2026-05-16 14:42:00,0.00317,0.01386,0.00286,0.00463,0.00266,0.00393,0.0058
2026-05-16 16:42:00,0.003,0.01277,0.00291,0.00449,0.00263,0.00383,0.00596
2026-05-16 17:42:00,0.00292,0.01322,0.00276,0.00436,0.00249,0.00377,0.00577
2026-05-16 18:42:00,0.00289,0.01227,0.00269,0.00454,0.00273,0.00385,0.00603
2026-05-16 19:42:00,0.00294,0.01273,0.00275,0.00433,0.00277,0.00394,0.00601
2026-05-16 20:42:00,0.00303,0.0123,0.00281,0.00434,0.00257,0.00387,0.0063
2026-05-16 21:42:00,0.00291,0.01249,0.00283,0.00406,0.00268,0.00398,0.00621
2026-05-16 22:42:00,0.00282,0.01317,0.00276,0.00437,0.00275,0.00392,0.00611
2026-05-16 23:42:00,0.00257,0.01182,0.00245,0.00461,0.00263,0.00392,0.00579
2026-05-17 00:42:00,0.00286,0.01246,0.00273,0.0046,0.0026,0.00413,0.00536
2026-05-17 01:42:00,0.30253,0.30297,0.19346,0.41511,1.07845,0.09102,0.83584
2026-05-17 02:42:00,0.31163,0.26363,0.19262,0.35878,1.13211,0.09732,0.72805
2026-05-17 03:42:00,0.29816,0.19532,0.18612,0.32511,1.12953,0.093,0.88414
2026-05-17 04:42:00,0.28128,0.20597,0.19482,0.30013,1.16926,0.11151,1.15348
2026-05-17 05:42:00,0.27318,0.19468,0.20159,0.31471,1.15501,0.11354,1.18537
2026-05-17 06:42:00,0.27042,0.22023,0.2022,0.61088,1.11782,0.11255,1.1168
2026-05-17 07:42:00,0.27235,0.24078,0.20425,0.60824,1.15835,0.11339,1.21545
2026-05-17 08:42:00,0.27311,0.21993,0.21095,0.65064,1.14336,0.11356,1.13259
2026-05-17 09:42:00,0.27318,0.25751,0.22254,0.65736,1.14678,0.11387,1.21863
2026-05-18 00:19:49,0.27535,0.24522,0.26317,0.76798,1.1069,0.117,1.25144
2026-05-18 01:42:00,0.2712,0.21678,0.26535,0.75374,1.09254,0.11827,1.24136
2026-05-18 02:42:00,0.27395,0.20638,0.26687,0.75349,1.10214,0.11137,1.13745
2026-05-18 03:42:00,0.26933,0.21405,0.26212,0.7681,1.08625,0.11571,1.16223
2026-05-18 04:42:00,0.28187,0.21402,0.28189,0.77871,1.11901,0.11594,1.23083
2026-05-18 05:42:00,0.28076,0.21554,0.27739,0.76801,1.07886,0.11824,1.24719
2026-05-18 06:42:00,0.2797,0.22075,0.26931,0.77865,1.08058,0.12,1.24089
2026-05-18 07:42:00,0.27668,0.21536,0.26054,0.76593,1.10393,0.11575,1.22128
2026-05-18 08:42:00,0.28221,0.21352,0.26465,0.74778,1.08717,0.11149,1.21399
2026-05-18 09:42:00,0.27427,0.35968,0.26794,1.17528,1.76765,0.65498,1.16291
2026-05-18 10:42:00,0.28145,0.37981,0.27172,1.16588,1.72043,0.73726,1.25693
2026-05-18 11:42:00,0.28023,0.3956,0.28435,1.14686,1.67596,0.7429,1.18191
2026-05-18 12:42:00,0.28458,0.39397,0.28949,1.10063,1.57383,0.7742,1.22322
2026-05-18 13:42:00,0.27731,0.39503,0.27846,1.12889,1.57082,0.85753,1.24533
2026-05-18 14:42:00,0.28124,0.39317,0.27422,1.13659,1.50516,0.84624,1.20281
2026-05-18 15:42:00,0.28065,0.39676,0.26977,1.09793,1.49441,0.90127,1.33629
2026-05-18 16:42:00,0.28069,0.41226,0.27348,1.10574,1.47635,0.66469,1.1974
2026-05-18 17:42:00,0.28386,0.4297,0.28647,1.11382,1.50151,0.92343,1.28552
2026-05-18 18:42:00,0.28145,0.4423,0.28615,1.10117,1.46609,0.89679,1.24723
2026-05-18 19:42:00,0.27553,0.43579,0.29268,1.10142,1.4616,0.90898,1.23317
2026-05-18 20:42:00,0.27535,0.42576,0.28884,1.10139,1.42296,0.90484,1.29715
2026-05-18 21:42:00,0.2706,0.42342,0.28671,1.11189,1.40738,0.9147,1.29596
2026-05-18 22:42:00,,0.44936,0.30038,1.10244,1.42332,0.91678,1.33312
2026-05-18 23:42:00,0.27463,0.42864,0.29398,1.11323,1.42999,0.92619,1.3333
2026-05-19 00:42:00,0.28297,0.43412,0.2891,1.11709,1.42563,0.91443,1.33184
2026-05-19 01:42:00,0.28178,0.44165,0.28737,1.07703,1.39935,0.93924,1.29128
2026-05-19 02:42:00,0.28534,0.45499,0.29347,1.11764,1.38802,0.90762,1.22665
2026-05-19 03:42:00,0.28643,0.46565,0.2934,1.10793,1.40605,0.6917,1.21495
2026-05-19 04:42:00,0.28567,0.4523,0.29875,1.10129,1.39641,0.8348,1.29938
2026-05-19 05:42:00,0.28536,0.46809,0.3207,1.10652,1.42351,0.86529,1.25574
2026-05-19 06:42:00,0.28753,0.44,0.31194,1.09326,1.4277,0.76686,1.20795
2026-05-19 07:42:00,0.29123,0.45186,0.30611,1.08459,1.44433,0.89333,1.30619
2026-05-19 08:42:00,0.28395,0.42207,0.28452,1.08328,1.40051,0.88244,1.23142
2026-05-19 09:42:00,0.28357,0.43382,0.29819,1.09961,1.4194,1.07048,1.43632
2026-05-19 10:42:00,0.28401,0.43819,0.30661,1.10804,1.43465,0.90775,1.24722
2026-05-19 11:42:00,0.29556,0.42463,0.30219,1.09039,1.41694,0.87067,1.26312
2026-05-19 12:42:00,0.29211,0.43766,0.31271,1.0822,1.4175,0.8545,1.23259
2026-05-19 13:42:00,0.29659,0.41555,0.31859,1.11364,1.46661,0.88037,1.1882
2026-05-19 14:42:00,0.29958,0.42983,0.32564,1.10363,1.44887,0.85232,1.25471
2026-05-19 15:42:00,0.30778,0.42221,0.3272,1.10297,1.45009,0.8589,1.19802
2026-05-19 16:42:00,0.3148,0.42568,0.32751,1.10722,1.43365,0.85617,1.16497
2026-05-19 17:42:00,0.31046,0.41292,0.30607,1.10326,1.42261,0.92683,1.35647
2026-05-19 18:42:00,0.3079,0.44977,0.32742,1.0813,1.38961,0.91678,1.26773
2026-05-19 19:42:00,0.30251,0.46187,0.33907,1.08167,1.38948,0.91467,1.29977
2026-05-19 20:42:00,0.29237,0.45199,0.34694,1.09808,1.43342,0.91734,1.30975
2026-05-19 21:42:00,0.28402,0.46909,0.3502,1.08196,1.38019,0.96655,1.33209
2026-05-19 22:42:00,0.2848,0.46351,0.34246,1.07,1.38028,0.99253,1.33096
2026-05-19 23:42:00,0.28186,0.46279,0.3279,1.09297,1.39007,1.04028,1.34772
2026-05-20 00:42:00,0.28138,0.48928,0.33528,1.11226,1.36298,1.03572,1.29492
2026-05-20 01:42:00,0.28473,0.46435,0.33402,1.08104,1.37287,0.93164,1.35709
2026-05-20 02:42:00,0.28655,0.48141,0.34293,1.08547,1.36337,0.97405,1.35207
2026-05-20 03:42:00,0.28684,0.49058,0.3523,1.09369,1.39103,0.84876,1.27644
2026-05-20 04:42:00,0.28797,0.47236,0.32659,1.08873,1.33818,0.79959,1.22051
2026-05-20 05:42:00,0.28455,0.50776,0.34901,1.05768,1.35308,0.90552,1.2788
2026-05-20 06:42:00,0.28008,0.47998,0.33833,1.07608,1.34173,0.87039,1.25597
2026-05-20 07:42:00,0.28723,0.4873,0.33974,1.0726,1.35252,0.96909,1.33431
2026-05-20 08:42:00,0.29178,0.47373,0.32501,1.08364,1.35635,1.11794,1.42299
2026-05-20 09:42:00,0.29617,0.46728,0.32084,1.07451,1.37456,1.12548,1.36537
2026-05-20 10:42:00,0.29397,0.42661,0.31682,1.09868,1.40032,1.00158,1.3166
2026-05-20 11:42:00,0.28124,0.38899,0.31578,1.10775,1.44927,1.11115,1.32512
2026-05-20 12:42:00,0.28461,0.3772,0.31742,1.09721,1.4252,1.05476,1.29748
2026-05-20 13:42:00,0.27591,0.36863,0.30466,1.10225,1.46272,0.92142,1.23121
2026-05-20 14:42:00,0.27679,0.37528,0.30495,1.1171,1.43988,1.07296,1.35818
2026-05-20 15:42:00,0.27958,0.38525,0.30919,1.09007,1.40711,1.02093,1.34362
2026-05-20 16:42:00,0.27979,0.41452,0.32116,1.11652,1.42936,1.29227,1.47591
2026-05-20 17:42:00,0.28009,0.40673,0.31721,1.10529,1.42562,1.0257,1.24956
2026-05-20 18:42:00,0.28216,0.41518,0.32719,1.10051,1.40919,1.05726,1.34426
