DateTime,10RH-V,11RH-V,1RV-V,2RH-V,3RV-V,5RV-V,7RV-V,9RV-V
2026-04-30 23:02:00,0.05101,0.48914,0.19434,0.21853,0.09106,0.07224,0.07532,0.06002
2026-05-01 00:02:00,0.06186,1.06186,0.20729,0.23057,0.08963,0.07373,0.07686,0.06517
2026-05-01 01:02:00,0.05471,0.35259,0.20348,0.23422,0.09275,0.07592,0.07632,0.06561
2026-05-01 02:02:00,0.06169,0.73863,0.20414,0.23895,0.09179,0.07546,0.0764,0.06621
2026-05-01 03:02:00,0.04979,1.59394,0.19435,0.21873,0.09646,0.07543,0.07486,0.0635
2026-05-01 04:02:00,0.05646,0.3373,0.18397,0.20529,0.09458,0.07268,0.07477,0.05818
2026-05-01 05:02:00,0.05507,0.27738,0.20422,0.22024,0.09804,0.07527,0.07996,0.06323
2026-05-01 06:02:00,0.04893,0.53377,0.19574,0.23401,0.09349,0.07789,0.07942,0.06471
2026-05-01 07:02:00,0.05239,0.42959,0.18613,0.22483,0.09169,0.0736,0.07325,0.06299
2026-05-01 08:02:00,0.06484,0.35755,0.20748,0.23804,0.09,0.07542,0.0768,0.06693
2026-05-01 09:02:00,0.05642,0.44071,0.20268,0.24627,0.08747,0.07761,0.08045,0.06809
2026-05-01 10:02:00,0.05958,0.41142,0.21463,0.25333,0.08943,0.07719,0.07857,0.06904
2026-05-01 11:02:00,0.05704,0.13984,0.19807,0.23115,0.08573,0.07576,0.07738,0.06561
2026-05-01 12:02:00,0.05499,0.53511,0.20993,0.22219,0.09356,0.07359,0.08131,0.06508
2026-05-01 13:02:00,0.04846,0.95437,0.17184,0.18847,0.09275,0.06951,0.07252,0.05896
2026-05-01 14:02:00,0.04964,0.83591,0.19619,0.23201,0.08605,0.07345,0.07445,0.06143
2026-05-01 15:02:00,0.0536,0.188,0.2135,0.26631,0.08717,0.07616,0.07829,0.06709
2026-05-01 16:02:00,0.05209,0.4066,0.22726,0.25771,0.09314,0.0801,0.0777,0.06511
2026-05-01 17:02:00,0.05441,1.79928,0.20292,0.22997,0.09184,0.07457,0.07625,0.06318
2026-05-01 18:02:00,0.05679,0.22889,0.22099,0.23855,0.09971,0.07965,0.07841,0.06592
2026-05-01 19:02:00,0.05925,0.09847,0.18853,0.23578,0.08671,0.07354,0.07408,0.06103
2026-05-01 20:02:00,0.05325,0.17867,0.23577,0.26146,0.08901,0.07345,0.07891,0.06575
2026-05-01 21:02:00,0.05509,0.95355,0.22353,0.26499,0.09344,0.07718,0.0799,0.06758
2026-05-01 22:02:00,0.05381,0.30943,0.19493,0.24118,0.08999,0.07623,0.08039,0.06374
2026-05-01 23:02:00,0.05541,0.34448,0.21153,0.22103,0.09589,0.07399,0.07662,0.0645
2026-05-02 00:02:00,0.05334,0.27389,0.17957,0.19127,0.08784,0.06775,0.07156,0.05878
2026-05-02 01:02:00,0.05193,0.50364,0.20724,0.23096,0.09136,0.07338,0.07831,0.06217
2026-05-02 02:02:00,0.05829,0.44329,0.19463,0.23608,0.08966,0.07424,0.07372,0.06683
2026-05-02 03:02:00,0.05002,0.70865,0.19751,0.22062,0.09124,0.07308,0.07459,0.06029
2026-05-02 04:02:00,0.05678,0.38657,0.19303,0.20883,0.09367,0.07044,0.07535,0.06184
2026-05-02 05:02:00,0.0505,0.156,0.1917,0.2277,0.09641,0.07652,0.07793,0.06035
2026-05-02 06:02:00,0.05323,0.31967,0.21421,0.24391,0.08657,0.07253,0.07468,0.06391
2026-05-02 07:02:00,0.05843,0.39365,0.20948,0.24058,0.0871,0.07423,0.07462,0.06169
2026-05-02 08:02:00,0.05491,0.53365,0.21643,0.25807,0.08739,0.07307,0.07406,0.06522
2026-05-02 09:02:00,0.05364,0.2851,0.19341,0.23599,0.08589,0.07298,0.07265,0.06557
2026-05-02 10:02:00,0.05606,0.32909,0.19036,0.2248,0.09597,0.07654,0.07909,0.06268
2026-05-02 11:02:00,0.05018,1.11179,0.19872,0.20702,0.10363,0.07934,0.08448,0.0644
2026-05-02 12:02:00,0.05621,0.47034,0.17872,0.20098,0.09826,0.07163,0.07528,0.06058
2026-05-02 13:02:00,0.05417,0.48085,0.20167,0.2283,0.09979,0.07622,0.07892,0.06618
2026-05-02 14:02:00,0.05293,0.23722,0.21424,0.25222,0.09541,0.07797,0.07644,0.06437
2026-05-02 15:02:00,0.05301,0.32996,0.20173,0.22726,0.09659,0.07716,0.07863,0.06565
2026-05-02 16:02:00,0.05456,0.36259,0.21154,0.21679,0.10008,0.07681,0.08246,0.06247
2026-05-02 17:02:00,0.05316,0.32056,0.21255,0.25239,0.09474,0.07618,0.07706,0.06419
2026-05-02 18:02:00,0.05154,0.38175,0.22676,0.26693,0.08818,0.0738,0.0761,0.0674
2026-05-02 19:02:00,0.05277,0.2384,0.20091,0.23663,0.09688,0.07792,0.07754,0.06582
2026-05-02 20:02:00,0.05041,0.29051,0.20543,0.23369,0.09836,0.07801,0.08199,0.06677
2026-05-02 21:02:00,0.04882,0.41763,0.21421,0.2371,0.09355,0.07311,0.07656,0.06169
2026-05-02 22:02:00,0.04834,1.04899,0.21711,0.2595,0.09371,0.07719,0.07755,0.06848
2026-05-02 23:02:00,0.05159,1.39136,0.20292,0.24357,0.0972,0.08018,0.07842,0.06617
2026-05-03 00:02:00,0.0561,0.27512,0.2149,0.24468,0.09859,0.07985,0.07746,0.0674
2026-05-03 01:02:00,0.04728,0.71476,0.19949,0.22039,0.09864,0.07575,0.077,0.06374
2026-05-03 02:02:00,0.05201,0.46578,0.21832,0.2578,0.09208,0.07773,0.07859,0.06716
2026-05-03 03:02:00,0.05012,0.56102,0.21111,0.23805,0.09606,0.07907,0.07921,0.06633
2026-05-03 04:02:00,0.05706,0.31516,0.18858,0.22903,0.09915,0.08132,0.08174,0.06721
2026-05-03 05:02:00,0.05878,0.217,0.19881,0.23234,0.09843,0.08064,0.08412,0.07021
2026-05-03 06:02:00,0.04905,1.38207,0.20094,0.21547,0.09942,0.07701,0.0796,0.06312
2026-05-03 07:02:00,0.05031,0.54055,0.21853,0.26204,0.09212,0.07696,0.0764,0.06551
2026-05-03 08:02:00,0.04872,0.64218,0.20162,0.25097,0.09208,0.07795,0.0799,0.06802
2026-05-03 09:02:00,0.05576,0.63554,0.21694,0.25007,0.09375,0.07885,0.08127,0.06945
2026-05-03 10:02:00,0.04858,0.18463,0.21593,0.25992,0.09259,0.08075,0.07988,0.0679
2026-05-03 11:02:00,0.06169,0.55748,0.21067,0.23131,0.09628,0.07957,0.08192,0.06975
2026-05-03 12:02:00,0.04698,1.61699,0.20608,0.22674,0.09907,0.07911,0.08185,0.06223
2026-05-03 13:02:00,0.05139,1.43053,0.21377,0.22811,0.09859,0.07712,0.07904,0.06345
2026-05-03 14:02:00,0.04839,0.28427,0.19318,0.21638,0.10269,0.07793,0.07918,0.06441
2026-05-03 15:02:00,0.05499,0.19014,0.21636,0.22642,0.09858,0.07567,0.07769,0.06364
2026-05-03 16:02:00,0.04943,0.28155,0.20737,0.23042,0.10225,0.07961,0.07935,0.06291
2026-05-03 17:02:00,0.04907,0.33244,0.21096,0.22856,0.09297,0.0747,0.07712,0.06378
2026-05-03 18:02:00,0.05165,1.22742,0.21152,0.24723,0.09331,0.07863,0.07796,0.06347
2026-05-03 19:02:00,0.04991,0.70821,0.23296,0.25236,0.09303,0.07625,0.0772,0.06552
2026-05-03 20:02:00,0.05399,0.67931,0.20324,0.23454,0.09474,0.07734,0.07708,0.06555
2026-05-03 21:02:00,0.06173,0.203,0.17998,0.2101,0.10396,0.07818,0.07705,0.06225
2026-05-03 22:02:00,0.05292,0.42016,0.21347,0.2272,0.10071,0.07538,0.07774,0.06441
2026-05-03 23:02:00,0.05323,0.31953,0.20999,0.25972,0.09775,0.08184,0.07874,0.06852
2026-05-04 00:02:00,0.05037,0.44335,0.23791,0.28916,0.10811,0.08502,0.08469,0.07223
2026-05-04 01:02:00,0.05078,1.30858,0.27398,0.29947,0.09045,0.07586,0.07646,0.06852
2026-05-04 02:02:00,0.05829,0.30776,0.26608,0.29216,0.09471,0.07828,0.08049,0.07014
2026-05-04 03:02:00,0.0498,0.11469,0.21152,0.23091,0.09479,0.07937,0.08095,0.06528
2026-05-04 04:02:00,0.05028,0.24894,0.21017,0.22872,0.09736,0.07687,0.08006,0.06617
2026-05-04 05:02:00,0.051,0.35559,0.2036,0.21283,0.09847,0.07581,0.07913,0.06427
2026-05-04 06:02:00,0.04768,0.28352,0.2194,0.22268,0.10047,0.07689,0.0782,0.06315
2026-05-04 07:02:00,0.05257,0.68584,0.21418,0.26441,0.0959,0.07909,0.07941,0.07142
2026-05-04 08:02:00,0.05804,0.33215,0.20639,0.23917,0.09698,0.08009,0.07824,0.06727
2026-05-04 09:02:00,0.04737,0.44626,0.20484,0.23386,0.09032,0.07498,0.07588,0.06555
2026-05-04 10:02:00,0.05023,1.9699,0.2031,0.24396,0.09089,0.07619,0.07612,0.0667
2026-05-04 11:02:00,0.05986,0.64914,0.21058,0.22114,0.09748,0.07712,0.07893,0.06528
2026-05-04 12:02:00,0.05323,0.2859,0.1881,0.2052,0.09769,0.07506,0.07594,0.06136
2026-05-04 13:02:00,0.0517,0.38349,0.22045,0.22839,0.09281,0.075,0.07647,0.06423
2026-05-04 14:02:00,0.05377,0.88098,0.20262,0.24434,0.09245,0.07785,0.07977,0.06531
2026-05-04 15:02:00,0.05571,0.30531,0.21219,0.23125,0.09698,0.07819,0.07962,0.06585
2026-05-04 16:02:00,0.05549,5.36889,0.20132,0.21304,0.10293,0.07794,0.08288,0.06846
2026-05-04 17:02:00,0.05069,0.22497,0.2178,0.23966,0.09709,0.07994,0.08372,0.06886
2026-05-04 18:02:00,0.04946,0.35594,0.21763,0.25093,0.09212,0.07587,0.07532,0.06533
2026-05-04 19:02:00,0.05633,0.52223,0.2077,0.24333,0.09145,0.07629,0.07612,0.06596
2026-05-04 20:02:00,0.05497,0.32444,0.20426,0.22814,0.09858,0.0789,0.07885,0.06611
2026-05-04 21:02:00,0.05844,0.46574,0.20587,0.21067,0.09992,0.07695,0.07686,0.06427
2026-05-04 22:02:00,0.05412,0.17771,0.18002,0.20722,0.09533,0.07263,0.07547,0.0648
2026-05-04 23:02:00,0.05143,0.28724,0.20194,0.23952,0.09119,0.0745,0.07714,0.06488
2026-05-05 00:02:00,0.05309,0.27556,0.19923,0.23607,0.09309,0.07669,0.0757,0.06622
2026-05-05 01:02:00,0.056,0.55085,0.21289,0.23339,0.09741,0.07722,0.07936,0.0646
2026-05-05 02:02:00,0.0558,0.2675,0.23121,0.23552,0.10766,0.08207,0.07802,0.06584
2026-05-05 03:02:00,0.05164,0.53097,0.19544,0.22326,0.09872,0.07753,0.0786,0.06353
2026-05-05 04:02:00,0.04672,1.31149,0.21213,0.24534,0.08947,0.07583,0.07425,0.06201
2026-05-05 05:02:00,0.05449,0.91005,0.22712,0.27928,0.10351,0.08243,0.07865,0.07458
2026-05-05 06:02:00,0.05111,0.32613,0.2343,0.26961,0.10048,0.08063,0.07785,0.06896
2026-05-05 07:02:00,0.04943,0.6845,0.17435,0.19417,0.09863,0.0761,0.07845,0.06458
2026-05-05 08:02:00,0.05251,0.22637,0.20738,0.23593,0.10045,0.08011,0.07932,0.06628
2026-05-05 09:02:00,0.06016,0.12571,0.22369,0.22561,0.10817,0.08106,0.08586,0.06924
2026-05-05 10:02:00,0.06171,0.69699,0.19708,0.23249,0.10344,0.08214,0.08186,0.06781
2026-05-05 11:02:00,0.00227,0.22664,0.00716,0.00446,0.00455,0.00417,0.0038,0.00224
2026-05-05 12:02:00,0.00258,1.22408,0.00487,0.00321,0.00491,0.0044,0.00386,0.00264
2026-05-05 13:02:00,0.05608,0.14946,0.19697,0.23528,0.096,0.07267,0.07878,0.06643
2026-05-05 14:02:00,0.05794,0.76357,0.19594,0.21984,0.09947,0.07591,0.08344,0.06903
2026-05-05 15:02:00,0.04839,0.25027,0.21307,0.21428,0.10126,0.07287,0.08225,0.06649
2026-05-05 16:02:00,0.05768,0.99443,0.20159,0.22363,0.10311,0.07702,0.07883,0.06629
2026-05-05 17:02:00,0.05676,1.20943,0.20709,0.24919,0.09986,0.08082,0.08217,0.0705
2026-05-05 18:02:00,0.05637,0.25462,0.21708,0.25904,0.09717,0.08117,0.07749,0.07017
2026-05-05 19:02:00,0.05773,0.3633,0.20175,0.24404,0.09474,0.07996,0.08402,0.07092
2026-05-05 20:02:00,0.05908,0.32446,0.21329,0.21317,0.10332,0.076,0.08435,0.06454
2026-05-05 21:02:00,0.05704,0.34362,0.22358,0.22758,0.10074,0.079,0.08658,0.07118
2026-05-05 22:02:00,0.05379,0.36056,0.21612,0.24137,0.09837,0.07953,0.07978,0.06733
2026-05-05 23:02:00,0.04967,0.84062,0.19154,0.23515,0.09392,0.07899,0.07844,0.06457
2026-05-06 00:02:00,0.06037,0.43921,0.20161,0.23495,0.0959,0.07897,0.08036,0.06913
2026-05-06 01:02:00,0.05083,0.3824,0.201,0.21791,0.09979,0.07773,0.07934,0.06634
2026-05-06 02:02:00,0.05789,2.9709,0.2089,0.21204,0.10403,0.07721,0.08319,0.06637
2026-05-06 03:02:00,0.05549,0.34244,0.22143,0.22613,0.10304,0.08001,0.08351,0.06635
2026-05-06 04:02:00,0.05579,0.50295,0.18269,0.22047,0.09948,0.07909,0.07897,0.06485
2026-05-06 05:02:00,0.05202,0.23569,0.21013,0.22914,0.10433,0.08006,0.07889,0.06617
2026-05-06 06:02:00,0.05324,0.44774,0.21539,0.23341,0.0963,0.07758,0.07774,0.06428
2026-05-06 07:02:00,0.05134,1.71374,0.21322,0.24188,0.0923,0.077,0.07469,0.0645
2026-05-06 08:02:00,0.05261,0.60701,0.20567,0.23803,0.09307,0.0773,0.07808,0.06426
2026-05-06 09:02:00,0.05548,0.30463,0.19223,0.22289,0.10277,0.08088,0.08191,0.06872
2026-05-06 10:02:00,0.05796,0.49861,0.20926,0.23845,0.09288,0.07729,0.0823,0.06726
2026-05-06 11:02:00,0.05959,0.07205,0.19115,0.22836,0.09587,0.07736,0.07879,0.06264
2026-05-06 12:02:00,0.05494,0.22218,0.20757,0.23284,0.09848,0.07901,0.08175,0.06947
2026-05-06 13:02:00,0.06478,0.48311,0.20516,0.23107,0.10019,0.08245,0.08219,0.06917
2026-05-06 14:02:00,0.0563,0.57615,0.18509,0.2281,0.10315,0.08169,0.08113,0.06871
2026-05-06 15:02:00,0.06267,0.88002,0.1829,0.20968,0.09696,0.07597,0.07828,0.06674
2026-05-06 16:02:00,0.05175,0.8641,0.19123,0.21844,0.10358,0.07912,0.08031,0.06545
2026-05-06 17:02:00,0.0543,0.3934,0.21919,0.253,0.09335,0.07806,0.07892,0.0685
2026-05-06 18:02:00,0.05594,0.19793,0.21144,0.24727,0.09268,0.07917,0.08192,0.07248
2026-05-06 19:02:00,0.05611,3.42012,0.20057,0.24691,0.09447,0.07911,0.07936,0.06871
2026-05-06 20:02:00,0.05727,0.46729,0.19227,0.22302,0.10245,0.07842,0.0818,0.06689
2026-05-06 21:02:00,0.06116,0.36967,0.21599,0.23264,0.10822,0.08137,0.08049,0.06496
2026-05-06 22:02:00,0.05779,0.24677,0.20438,0.24488,0.09713,0.07893,0.07789,0.0687
2026-05-06 23:02:00,0.05374,0.39895,0.19045,0.22873,0.09888,0.07959,0.07764,0.06488
2026-05-07 00:02:00,0.06025,1.14244,0.22024,0.23626,0.10636,0.08228,0.08197,0.06847
2026-05-07 01:02:00,0.04996,0.34371,0.20288,0.22752,0.10239,0.08106,0.08425,0.06743
2026-05-07 02:02:00,0.05932,0.49423,0.21088,0.21947,0.10834,0.07945,0.08034,0.06611
2026-05-07 03:02:00,0.0601,0.19143,0.23247,0.25896,0.09658,0.07947,0.08271,0.06952
2026-05-07 04:02:00,0.05427,0.71232,0.19899,0.23761,0.097,0.07643,0.076,0.06129
2026-05-07 05:02:00,0.06347,0.22139,0.2248,0.22733,0.10247,0.07723,0.08038,0.06526
2026-05-07 06:02:00,0.06084,0.16587,0.218,0.21729,0.1065,0.0798,0.0811,0.065
2026-05-07 07:02:00,0.05202,0.93103,0.21644,0.22962,0.09908,0.07604,0.07843,0.0624
2026-05-07 08:02:00,0.0576,0.3033,0.20407,0.2423,0.09344,0.07689,0.07592,0.06888
2026-05-07 09:02:00,0.05018,0.56709,0.20727,0.23563,0.0952,0.0778,0.07801,0.06566
2026-05-07 10:02:00,0.05595,1.4998,0.20775,0.23488,0.09612,0.07854,0.08019,0.06664
2026-05-07 11:02:00,0.05439,0.53961,0.2052,0.22794,0.09865,0.07774,0.08149,0.06589
2026-05-07 12:02:00,0.0525,0.44149,0.22013,0.25255,0.0969,0.08034,0.07968,0.06803
2026-05-07 13:02:00,0.05399,0.39118,0.2054,0.2485,0.09623,0.0791,0.08003,0.06727
2026-05-07 14:02:00,0.05879,0.22983,0.19921,0.22214,0.10181,0.07947,0.08318,0.06788
2026-05-07 15:02:00,0.05092,1.29809,0.20519,0.2145,0.10109,0.07519,0.07657,0.0644
2026-05-07 16:02:00,0.0534,0.17136,0.21295,0.23526,0.09873,0.07737,0.08336,0.06793
2026-05-07 17:02:00,0.05844,0.19508,0.22855,0.25169,0.09991,0.08078,0.08202,0.06848
2026-05-07 18:02:00,0.05667,0.66548,0.22922,0.25865,0.09391,0.07772,0.07654,0.06858
2026-05-07 19:02:00,0.05303,0.20078,0.22705,0.24594,0.0968,0.07946,0.07782,0.06503
2026-05-07 20:02:00,0.06165,0.21865,0.19915,0.21799,0.10638,0.08133,0.08377,0.06726
2026-05-07 21:02:00,0.0582,0.13393,0.23153,0.23389,0.11238,0.08406,0.08408,0.06757
2026-05-07 22:02:00,0.05864,0.15784,0.19567,0.21258,0.10575,0.07828,0.08285,0.06654
2026-05-07 23:02:00,0.04908,0.26012,0.21913,0.25662,0.09093,0.07551,0.0767,0.06549
2026-05-08 00:02:00,0.0508,0.26547,0.21274,0.24202,0.09509,0.0782,0.08028,0.06825
2026-05-08 01:02:00,0.0534,0.35105,0.22921,0.24169,0.10036,0.0793,0.08323,0.06923
2026-05-08 02:02:00,0.05806,2.27234,0.20844,0.22808,0.10565,0.08133,0.08472,0.07014
2026-05-08 03:02:00,0.05016,1.89732,0.20615,0.21989,0.09651,0.07464,0.07778,0.06492
2026-05-08 04:02:00,0.05685,0.3275,0.22401,0.2511,0.09513,0.07818,0.08096,0.06888
2026-05-08 05:02:00,0.0541,0.78785,0.23058,0.26854,0.09776,0.07977,0.08133,0.0714
2026-05-08 06:02:00,0.0567,0.45023,0.21719,0.24383,0.09153,0.07615,0.07747,0.06715
2026-05-08 07:02:00,0.05585,0.4284,0.22237,0.22733,0.10476,0.0812,0.07978,0.06799
2026-05-08 08:02:00,0.0566,0.44241,0.2131,0.22064,0.09889,0.0745,0.07946,0.06398
2026-05-08 09:02:00,0.0546,0.18716,0.22218,0.24254,0.09665,0.07745,0.0759,0.06896
2026-05-08 10:02:00,0.0581,0.44679,0.21181,0.2439,0.1025,0.07851,0.07786,0.0641
2026-05-08 11:02:00,0.05268,0.53225,0.21362,0.24064,0.10292,0.07882,0.07861,0.06422
2026-05-08 12:02:00,0.05321,0.44901,0.21714,0.23528,0.09972,0.07971,0.08172,0.06394
2026-05-08 13:02:00,0.05917,0.33738,0.19238,0.21344,0.09825,0.07375,0.07749,0.06213
2026-05-08 14:02:00,0.05346,0.14732,0.222,0.22518,0.09858,0.07576,0.07634,0.0615
2026-05-08 15:02:00,0.05461,0.59373,0.22809,0.24392,0.09654,0.07829,0.07785,0.06729
2026-05-08 16:02:00,0.05891,0.23035,0.20955,0.24992,0.09575,0.07949,0.0805,0.06828
2026-05-08 17:02:00,0.0583,0.30671,0.22344,0.24195,0.0992,0.07921,0.08235,0.06555
2026-05-08 18:02:00,0.05541,0.84372,0.22596,0.22088,0.10066,0.07604,0.08024,0.06645
2026-05-08 19:02:00,0.04615,0.15506,0.20582,0.23279,0.09169,0.07585,0.07575,0.06382
2026-05-08 20:02:00,0.05936,0.33612,0.21442,0.25034,0.09567,0.07756,0.07754,0.06564
2026-05-08 21:02:00,0.04928,0.38489,0.18387,0.21566,0.10058,0.07726,0.07535,0.05879
2026-05-08 22:02:00,0.05787,0.87957,0.20611,0.21251,0.10432,0.07658,0.07971,0.06426
2026-05-08 23:02:00,0.05492,1.14087,0.21894,0.24263,0.09723,0.07876,0.07836,0.06638
2026-05-09 00:02:00,0.05561,0.38215,0.20727,0.24271,0.09661,0.07866,0.07694,0.06439
2026-05-09 01:02:00,0.05494,0.5695,0.22668,0.2271,0.10589,0.07974,0.07899,0.06573
2026-05-09 02:02:00,0.0622,0.92258,0.21895,0.2468,0.10243,0.08199,0.08102,0.06563
2026-05-09 03:02:00,0.05207,0.70309,0.2129,0.2417,0.10345,0.08245,0.0824,0.06758
2026-05-09 04:02:00,0.06984,0.89499,0.22692,0.25188,0.10509,0.08305,0.08135,0.07049
2026-05-09 05:02:00,0.05798,1.37749,0.19807,0.23062,0.11131,0.08299,0.08336,0.0689
2026-05-09 06:02:00,0.05636,0.29909,0.20854,0.22987,0.11387,0.08254,0.08604,0.06951
2026-05-09 07:02:00,0.06083,0.44467,0.22165,0.24081,0.11145,0.0815,0.08615,0.06684
2026-05-09 08:02:00,0.05558,0.61942,0.23706,0.2537,0.09772,0.07685,0.0802,0.0663
2026-05-09 09:02:00,0.06083,0.74316,0.20535,0.24887,0.10489,0.08189,0.08043,0.06844
2026-05-09 10:02:00,0.05661,1.23226,0.18384,0.21813,0.10209,0.07692,0.07686,0.06248
2026-05-09 11:02:00,0.05808,0.17815,0.22083,0.2506,0.10055,0.07946,0.07984,0.06761
2026-05-09 12:02:00,0.05276,0.26225,0.20531,0.23905,0.09666,0.07937,0.07845,0.06727
2026-05-09 13:02:00,0.05519,0.4458,0.22537,0.24336,0.09357,0.07726,0.07661,0.06243
2026-05-09 14:02:00,0.05879,0.29036,0.23795,0.27009,0.09937,0.07847,0.07755,0.06816
2026-05-09 15:02:00,0.0593,0.17251,0.21939,0.24318,0.10527,0.08241,0.08178,0.06952
2026-05-09 16:02:00,0.05856,0.1558,0.19464,0.23334,0.10361,0.08313,0.08451,0.06735
2026-05-09 17:02:00,0.06156,0.29976,0.20244,0.23982,0.09993,0.08065,0.08169,0.06912
2026-05-09 18:02:00,0.05303,0.24305,0.21535,0.23184,0.10348,0.07929,0.08038,0.06363
2026-05-09 19:02:00,0.05352,1.18702,0.19613,0.22645,0.10458,0.08002,0.07942,0.06402
2026-05-09 20:02:00,0.05429,0.37161,0.20514,0.23049,0.09826,0.0776,0.08104,0.06706
2026-05-09 21:02:00,0.0571,0.70395,0.21999,0.24269,0.09745,0.07896,0.08012,0.06569
2026-05-09 22:02:00,0.058,1.0011,0.20675,0.23326,0.10035,0.07892,0.0802,0.0656
2026-05-09 23:02:00,0.06151,0.24019,0.1967,0.22378,0.10443,0.08039,0.0827,0.06732
2026-05-10 00:02:00,0.05719,0.21357,0.2257,0.23468,0.09911,0.0777,0.0786,0.06442
2026-05-10 01:02:00,0.05892,0.71704,0.21525,0.24518,0.09773,0.0766,0.08029,0.06612
2026-05-10 02:02:00,0.06051,0.23345,0.21792,0.22032,0.11491,0.08167,0.08166,0.06876
2026-05-10 03:02:00,0.05463,0.26457,0.20864,0.2302,0.10539,0.08136,0.07961,0.06683
2026-05-10 04:02:00,0.05714,0.39951,0.20895,0.23368,0.10683,0.08149,0.08509,0.06753
2026-05-10 05:02:00,0.0569,0.23746,0.2245,0.24158,0.1053,0.08309,0.08025,0.06782
2026-05-10 06:02:00,0.05003,0.45622,0.23083,0.23117,0.10881,0.08158,0.08173,0.06432
2026-05-10 07:02:00,0.05373,0.76891,0.21372,0.23024,0.11646,0.0842,0.08452,0.0678
2026-05-10 08:02:00,0.0512,0.82958,0.20072,0.22658,0.10604,0.07892,0.07941,0.06402
2026-05-10 09:02:00,0.05964,0.26037,0.23368,0.25024,0.09854,0.07691,0.07862,0.06538
2026-05-10 10:02:00,0.05687,0.82642,0.22361,0.27053,0.09662,0.07911,0.07886,0.06911
2026-05-10 11:02:00,0.05846,0.60507,0.20689,0.25119,0.09807,0.07932,0.08098,0.06953
2026-05-10 12:02:00,0.05017,0.41725,0.20795,0.21767,0.10461,0.08069,0.08508,0.06642
2026-05-10 13:02:00,0.06389,0.3764,0.20776,0.21848,0.10778,0.08004,0.08426,0.069
2026-05-10 14:02:00,0.05352,0.16283,0.18185,0.20021,0.10672,0.07906,0.0825,0.0662
2026-05-10 15:02:00,0.05837,0.45509,0.19868,0.21632,0.10083,0.07591,0.0802,0.06664
2026-05-10 16:02:00,0.05436,0.26323,0.19715,0.24221,0.09929,0.07954,0.07799,0.06399
2026-05-10 17:02:00,0.05869,0.97467,0.20888,0.2472,0.10148,0.08091,0.08123,0.06516
2026-05-10 18:02:00,0.05698,0.5883,0.20509,0.22189,0.10938,0.07944,0.08403,0.06678
2026-05-10 19:02:00,0.06629,0.19979,0.20779,0.23403,0.10548,0.07858,0.08325,0.06581
2026-05-10 20:02:00,0.05544,0.209,0.21148,0.2345,0.09934,0.07892,0.08213,0.06623
2026-05-10 21:02:00,0.05528,0.33787,0.20539,0.2428,0.09511,0.07809,0.08152,0.06702
2026-05-10 22:02:00,0.05038,0.97594,0.18809,0.23451,0.09721,0.07646,0.07548,0.06155
2026-05-10 23:02:00,0.05761,0.34111,0.21045,0.23933,0.09622,0.08034,0.08044,0.06678
2026-05-11 00:02:00,0.05825,0.48067,0.21941,0.2195,0.1052,0.08007,0.08458,0.06971
2026-05-11 01:02:00,0.05643,0.28526,0.20734,0.20783,0.10499,0.07417,0.08234,0.06659
2026-05-11 02:02:00,0.05433,0.56954,0.20057,0.21568,0.10622,0.07804,0.08366,0.06389
2026-05-11 03:02:00,0.06196,0.27288,0.20259,0.22624,0.1077,0.08209,0.08337,0.0699
2026-05-11 04:02:00,0.05309,0.51635,0.21512,0.22985,0.10505,0.08002,0.08478,0.06337
2026-05-11 05:02:00,0.06368,0.23231,0.19946,0.23644,0.11038,0.0858,0.08776,0.06907
2026-05-11 06:02:00,0.05721,0.06828,0.21502,0.24185,0.09695,0.07794,0.08157,0.06933
2026-05-11 07:02:00,0.05526,0.81493,0.23451,0.26087,0.09719,0.07896,0.07928,0.06925
2026-05-11 08:02:00,0.06109,0.78478,0.21446,0.2484,0.09177,0.07627,0.07913,0.06586
2026-05-11 09:02:00,0.0579,0.16601,0.21432,0.23771,0.10223,0.07908,0.08045,0.06623
2026-05-11 10:02:00,0.05805,0.19941,0.2038,0.21497,0.10506,0.0767,0.08215,0.06458
2026-05-11 11:02:00,0.05466,0.43431,0.181,0.20905,0.10715,0.07818,0.08024,0.06413
2026-05-11 12:02:00,0.04844,0.43581,0.21549,0.22802,0.09775,0.07473,0.0788,0.06385
2026-05-11 13:02:00,0.05425,0.42605,0.21267,0.26537,0.09857,0.08127,0.08029,0.06815
2026-05-11 14:02:00,0.05908,0.48741,0.22086,0.24652,0.09489,0.08026,0.08234,0.06915
2026-05-11 15:02:00,0.0656,0.25221,0.21655,0.24059,0.09689,0.07948,0.08201,0.06786
2026-05-11 16:02:00,0.06044,2.13499,0.21711,0.23004,0.10874,0.08209,0.08609,0.07024
2026-05-11 17:02:00,0.05632,2.69719,0.19432,0.22246,0.10738,0.08006,0.08089,0.065
2026-05-11 18:02:00,0.06109,0.47866,0.21711,0.23308,0.10002,0.07823,0.08125,0.06684
2026-05-11 19:02:00,0.05336,0.48239,0.20047,0.23224,0.09882,0.07861,0.07672,0.06727
2026-05-11 20:02:00,0.06132,0.47805,0.22192,0.24628,0.10038,0.07955,0.08016,0.06877
2026-05-11 21:02:00,0.04993,0.48829,0.20525,0.22586,0.09417,0.07643,0.07541,0.06346
2026-05-11 22:02:00,0.06117,0.62639,0.20495,0.22666,0.09886,0.07813,0.07893,0.06473
2026-05-11 23:02:00,0.06536,0.478,0.21446,0.23506,0.10024,0.07942,0.08133,0.0666
2026-05-12 00:02:00,0.04898,0.60602,0.18599,0.21598,0.09813,0.07458,0.07311,0.05806
2026-05-12 01:02:00,0.05502,0.25649,0.22752,0.21981,0.10372,0.07571,0.08219,0.06319
2026-05-12 02:02:00,0.05283,0.36353,0.21959,0.2244,0.09769,0.07607,0.08105,0.06602
2026-05-12 03:02:00,0.05331,0.30122,0.20003,0.21074,0.09789,0.07465,0.07663,0.06101
2026-05-12 04:02:00,0.05388,0.28417,0.20599,0.21517,0.09932,0.0755,0.07912,0.06228
2026-05-12 05:02:00,0.05192,0.46774,0.22174,0.23748,0.09667,0.07522,0.07821,0.06325
2026-05-12 06:02:00,0.0598,0.3461,0.22264,0.24107,0.09992,0.08031,0.07947,0.06791
2026-05-12 07:02:00,0.06282,0.24488,0.2148,0.23706,0.10207,0.07963,0.08057,0.06588
2026-05-12 08:02:00,0.05653,0.24044,0.21435,0.23333,0.09706,0.07663,0.07615,0.06266
2026-05-12 09:02:00,0.05801,0.55721,0.23024,0.24267,0.09696,0.07783,0.08,0.0638
2026-05-12 10:02:00,0.06465,0.64967,0.23233,0.24364,0.09504,0.07536,0.07743,0.06376
2026-05-12 11:02:00,0.05703,0.31623,0.2076,0.23667,0.09435,0.07749,0.07841,0.06651
2026-05-12 12:02:00,0.0612,0.31581,0.20264,0.20278,0.10301,0.07594,0.08342,0.06877
2026-05-12 13:02:00,0.04967,0.27254,0.19382,0.21339,0.10545,0.08094,0.08317,0.06379
2026-05-12 14:02:00,0.05119,0.71898,0.20902,0.2367,0.09957,0.07748,0.07714,0.06386
2026-05-12 15:02:00,0.05794,0.29713,0.22612,0.25095,0.09414,0.07905,0.08218,0.06906
2026-05-12 16:02:00,0.05434,0.42282,0.20343,0.25192,0.09675,0.07761,0.07414,0.06434
2026-05-12 17:02:00,0.0579,0.77553,0.22049,0.23346,0.09627,0.07624,0.07765,0.06456
2026-05-12 18:02:00,0.05383,0.88839,0.20991,0.22015,0.10425,0.07972,0.08148,0.06693
2026-05-12 19:02:00,0.05935,0.47726,0.21299,0.20925,0.10466,0.07825,0.08687,0.07254
2026-05-12 20:02:00,0.05484,0.13968,0.20631,0.23113,0.10128,0.08024,0.08313,0.06503
2026-05-12 21:02:00,0.05103,1.66184,0.22734,0.24776,0.09378,0.07802,0.07881,0.06649
2026-05-12 22:02:00,0.05573,0.1486,0.21621,0.2397,0.09238,0.07671,0.07651,0.06495
2026-05-12 23:02:00,0.06363,0.14848,0.21591,0.21152,0.10277,0.07604,0.08076,0.06475
2026-05-13 00:02:00,0.06011,0.35371,0.19953,0.20918,0.10098,0.07514,0.08199,0.06536
2026-05-13 01:02:00,0.05343,0.16204,0.22691,0.21427,0.10053,0.07197,0.07722,0.06149
2026-05-13 02:02:00,0.0636,0.18836,0.22291,0.23548,0.09513,0.07669,0.07998,0.0663
2026-05-13 03:02:00,0.0621,1.5509,0.21093,0.22433,0.10024,0.07743,0.07976,0.06697
2026-05-13 04:02:00,0.05814,0.21456,0.21488,0.22818,0.10199,0.08114,0.07847,0.06708
2026-05-13 05:02:00,0.0633,1.68537,0.22117,0.22581,0.11128,0.08377,0.08632,0.06829
2026-05-13 06:02:00,0.05399,0.32299,0.17567,0.19362,0.10281,0.07877,0.08328,0.06408
2026-05-13 07:02:00,0.04972,0.13036,0.19668,0.23456,0.09519,0.0762,0.07395,0.0602
2026-05-13 08:02:00,0.05966,0.09462,0.26579,0.29014,0.09011,0.07465,0.07496,0.06534
2026-05-13 09:02:00,0.05679,0.11744,0.36227,0.30471,0.09678,0.07782,0.07786,0.06608
2026-05-13 10:02:00,0.05572,0.06428,0.23067,0.22376,0.10555,0.07643,0.08351,0.06286
2026-05-13 11:02:00,0.06053,0.14287,0.20706,0.20237,0.10795,0.07569,0.08322,0.06631
2026-05-13 12:02:00,0.0497,0.93538,0.18651,0.20248,0.10093,0.07534,0.07627,0.06215
2026-05-13 13:02:00,0.05024,0.46995,0.22304,0.24716,0.09403,0.07536,0.07553,0.06203
2026-05-13 14:02:00,0.05834,0.22226,0.26293,0.29839,0.09514,0.07716,0.07499,0.06681
2026-05-13 15:02:00,0.05712,0.19895,0.29698,0.29383,0.09269,0.07733,0.07458,0.06669
2026-05-13 16:02:00,0.05299,0.18379,0.23415,0.25457,0.09634,0.07621,0.08047,0.06252
2026-05-13 17:02:00,0.06462,0.14985,0.23444,0.22728,0.11474,0.08215,0.08792,0.06905
2026-05-13 18:02:00,0.05412,0.28874,0.18088,0.19698,0.10577,0.0792,0.08039,0.06199
2026-05-13 19:02:00,0.06036,0.35732,0.22181,0.24272,0.10591,0.08139,0.08404,0.0667
2026-05-13 20:02:00,0.06019,0.32777,0.22953,0.26431,0.0964,0.07852,0.08255,0.06809
2026-05-13 21:02:00,0.05901,0.4732,0.24098,0.25318,0.09692,0.07931,0.08294,0.06897
2026-05-13 22:02:00,0.05351,1.16827,0.22239,0.21897,0.10547,0.07731,0.08089,0.06063
2026-05-13 23:02:00,0.05712,0.28216,0.17713,0.19151,0.09751,0.0754,0.0817,0.06328
2026-05-14 00:02:00,0.06499,0.42751,0.17655,0.20117,0.11078,0.08115,0.08118,0.06608
2026-05-14 01:02:00,0.05732,0.33829,0.19179,0.2058,0.10331,0.07807,0.08082,0.0634
2026-05-14 02:02:00,0.05456,0.46418,0.20247,0.22271,0.10102,0.07643,0.08113,0.0632
2026-05-14 03:02:00,0.06497,0.2683,0.19522,0.21994,0.10349,0.078,0.0809,0.0688
2026-05-14 04:02:00,0.05667,0.42778,0.19205,0.21135,0.10208,0.07649,0.0817,0.06513
2026-05-14 05:02:00,0.06184,0.21599,0.20014,0.21987,0.10405,0.07804,0.08122,0.06602
2026-05-14 06:02:00,0.0646,1.39528,0.20931,0.22797,0.10573,0.07848,0.08327,0.06841
2026-05-14 07:02:00,0.05591,0.505,0.21577,0.22234,0.10753,0.07919,0.08409,0.06775
2026-05-14 08:02:00,0.04996,0.46203,0.22646,0.25272,0.09885,0.07844,0.07871,0.06457
2026-05-14 09:02:00,0.05917,0.31627,0.22118,0.23517,0.10591,0.08053,0.08476,0.06566
2026-05-14 10:02:00,0.06161,0.66034,0.20549,0.22239,0.10554,0.07754,0.0768,0.06085
2026-05-14 11:02:00,0.05693,0.46666,0.22116,0.22492,0.11011,0.08076,0.08444,0.06869
2026-05-14 12:02:00,0.06017,0.25379,0.19103,0.21816,0.10137,0.07523,0.07472,0.06022
2026-05-14 13:02:00,0.05781,0.42166,0.2328,0.27909,0.09246,0.07737,0.07578,0.06673
2026-05-14 14:02:00,0.06062,0.3532,0.19678,0.22961,0.09802,0.07615,0.07828,0.06264
2026-05-14 15:02:00,0.06543,0.59071,0.21802,0.23728,0.10118,0.0801,0.08537,0.06726
2026-05-14 16:02:00,0.06356,0.59903,0.22947,0.25443,0.09753,0.07723,0.07751,0.06573
2026-05-14 17:02:00,0.06353,0.23285,0.20902,0.21447,0.10213,0.07565,0.08206,0.06563
2026-05-14 18:02:00,0.06443,0.20951,0.19083,0.20982,0.10211,0.07649,0.08244,0.06974
2026-05-14 19:02:00,0.05826,2.83134,0.22555,0.22622,0.10506,0.07789,0.08489,0.06856
2026-05-14 20:02:00,0.05443,0.246,0.22441,0.24595,0.09457,0.07871,0.08122,0.06938
2026-05-14 21:02:00,0.05197,0.0801,0.23204,0.29237,0.09533,0.07732,0.07428,0.06782
2026-05-14 22:02:00,0.05793,0.4746,0.2304,0.25213,0.09422,0.07726,0.07791,0.06351
2026-05-14 23:02:00,0.05421,0.14931,0.20859,0.22049,0.10079,0.0754,0.0756,0.06267
2026-05-15 00:02:00,0.05933,0.5239,0.18302,0.21793,0.09926,0.07437,0.07566,0.05963
2026-05-15 01:02:00,0.05592,0.20001,0.18977,0.21381,0.10487,0.0768,0.07914,0.06195
2026-05-15 02:02:00,0.04999,0.17128,0.22869,0.24008,0.09754,0.07717,0.07957,0.0648
2026-05-15 03:02:00,0.05676,0.15282,0.22462,0.24472,0.09453,0.07671,0.08127,0.06509
2026-05-15 04:02:00,0.05907,0.06237,0.25774,0.2785,0.10163,0.07804,0.08141,0.06776
2026-05-15 05:02:00,0.0712,0.77025,0.22387,0.26981,0.09677,0.07801,0.07699,0.06595
2026-05-15 06:02:00,0.06804,0.57204,0.20646,0.23285,0.0985,0.08154,0.08681,0.06951
2026-05-15 07:02:00,0.05486,1.12118,0.21384,0.21832,0.10184,0.07937,0.08294,0.06839
2026-05-15 08:02:00,0.06236,0.17358,0.19363,0.2209,0.10415,0.07784,0.08166,0.06516
2026-05-15 09:02:00,0.05708,0.8147,0.21541,0.24476,0.10055,0.08116,0.08483,0.07018
2026-05-15 10:02:00,0.05647,0.39556,0.22817,0.25263,0.0966,0.07887,0.0796,0.0664
2026-05-15 11:02:00,0.05759,0.87241,0.22456,0.23079,0.10677,0.08129,0.08558,0.07004
2026-05-15 12:02:00,0.05949,0.44109,0.2269,0.25783,0.09965,0.08065,0.08324,0.06991
2026-05-15 13:02:00,0.06044,0.35688,0.20927,0.21902,0.09707,0.07521,0.07592,0.06195
2026-05-15 14:02:00,0.0516,0.87035,0.2119,0.23505,0.10024,0.07878,0.07985,0.06651
2026-05-15 15:02:00,0.05532,0.12929,0.21636,0.24851,0.09405,0.0804,0.07937,0.0709
2026-05-15 16:02:00,0.05732,0.32196,0.22692,0.24137,0.09476,0.0768,0.08038,0.06563
2026-05-15 17:02:00,0.00755,0.68447,0.00905,0.01532,0.00473,0.00378,0.00381,0.00705
2026-05-15 18:02:00,0.05891,0.29439,0.21099,0.25072,0.09832,0.08143,0.08028,0.07015
2026-05-15 19:02:00,0.05827,0.113,0.23289,0.25538,0.10038,0.08103,0.08333,0.06987
2026-05-15 20:02:00,0.05693,0.31965,0.20527,0.23915,0.10278,0.0789,0.08143,0.06629
2026-05-15 21:02:00,0.05213,0.40389,0.2211,0.23393,0.10442,0.07998,0.08189,0.06524
2026-05-15 22:02:00,0.0532,0.1096,0.26317,0.26168,0.1014,0.07868,0.08012,0.06546
2026-05-15 23:02:00,0.05202,0.54286,0.24915,0.2593,0.10418,0.08058,0.0845,0.07016
2026-05-16 00:02:00,0.05661,0.30744,0.25845,0.25661,0.10143,0.08083,0.08498,0.06906
2026-05-16 01:02:00,0.0578,0.35333,0.21475,0.23798,0.09569,0.07761,0.07812,0.06723
2026-05-16 02:02:00,0.06193,0.03174,0.22532,0.25215,0.10228,0.08133,0.08207,0.07058
2026-05-16 03:02:00,0.06415,1.32302,0.20189,0.21383,0.10611,0.07985,0.08239,0.06371
2026-05-16 04:02:00,0.05539,0.04973,0.19858,0.2237,0.10956,0.08085,0.0816,0.06511
2026-05-16 05:02:00,0.0558,0.21207,0.20944,0.23358,0.10284,0.08119,0.08393,0.06735
2026-05-16 06:02:00,0.05458,0.05822,0.22925,0.26239,0.09311,0.07639,0.07778,0.06362
2026-05-16 07:02:00,0.05588,0.45486,0.20663,0.23873,0.09656,0.0776,0.07849,0.0658
2026-05-16 08:02:00,0.0592,0.54585,0.23862,0.22332,0.1008,0.07605,0.07744,0.06482
2026-05-16 09:02:00,0.0697,0.16701,0.20796,0.22411,0.10724,0.07906,0.08421,0.0661
2026-05-16 10:02:00,0.05346,0.17633,0.22335,0.24389,0.09676,0.0772,0.07902,0.06516
2026-05-16 11:02:00,0.0566,0.23676,0.23824,0.25772,0.0968,0.07544,0.07962,0.06478
2026-05-16 12:02:00,0.05607,0.27375,0.22427,0.25911,0.09424,0.07687,0.07681,0.06675
2026-05-16 13:02:00,0.06066,0.30933,0.20327,0.21883,0.10081,0.07653,0.07842,0.06341
2026-05-16 14:02:00,0.05278,1.7799,0.21993,0.2344,0.10158,0.07791,0.08243,0.07058
2026-05-16 15:02:00,0.06097,0.31361,0.22445,0.24056,0.10384,0.08135,0.08423,0.06907
2026-05-16 16:02:00,0.05499,1.72951,0.20032,0.22389,0.09887,0.07629,0.07762,0.06686
2026-05-16 17:02:00,0.06212,0.30592,0.21217,0.25012,0.10085,0.08358,0.08629,0.0698
2026-05-16 18:02:00,0.05222,0.27167,0.2063,0.23258,0.10096,0.0776,0.076,0.06464
2026-05-16 19:02:00,0.05503,0.23819,0.21381,0.23048,0.10186,0.0765,0.07659,0.0624
2026-05-16 20:02:00,0.05888,0.20654,0.23142,0.21526,0.11476,0.07986,0.08764,0.06716
2026-05-16 21:02:00,0.05153,0.83684,0.19821,0.22904,0.10252,0.07786,0.07757,0.06279
2026-05-16 22:02:00,0.0563,0.07725,0.22857,0.26456,0.09359,0.07823,0.07848,0.07142
2026-05-16 23:02:00,0.06167,1.50855,0.22411,0.2424,0.09151,0.07489,0.0727,0.06349
2026-05-17 00:02:00,0.05839,0.45826,0.19815,0.23008,0.09466,0.07698,0.07785,0.06599
2026-05-17 01:02:00,0.05197,0.64647,0.19772,0.20589,0.10427,0.07626,0.07881,0.06465
2026-05-17 02:02:00,0.05772,0.06605,0.22048,0.2433,0.09046,0.07428,0.07594,0.06852
2026-05-17 03:02:00,0.05798,0.22782,0.22538,0.26458,0.0921,0.07879,0.07984,0.06722
2026-05-17 04:02:00,0.05796,1.15593,0.25547,0.26138,0.09639,0.07709,0.07736,0.0668
2026-05-17 05:02:00,0.06297,0.2951,0.22384,0.2523,0.09326,0.07677,0.07868,0.06785
2026-05-17 06:02:00,0.05961,0.11954,0.23606,0.26239,0.09925,0.08169,0.08642,0.0705
2026-05-17 07:02:00,0.04969,0.05141,0.23926,0.24899,0.09511,0.07474,0.07586,0.06656
2026-05-17 08:02:00,0.05772,0.34588,0.21895,0.25323,0.09318,0.07635,0.07421,0.06844
2026-05-17 09:02:00,0.05418,0.1851,0.2136,0.23852,0.09709,0.07888,0.07923,0.06755
2026-05-17 10:02:00,0.05048,0.31277,0.21212,0.23662,0.0995,0.07751,0.07679,0.0643
2026-05-17 11:02:00,0.05877,0.06728,0.20458,0.21853,0.09943,0.07516,0.07776,0.0654
2026-05-17 12:02:00,0.05751,0.30278,0.22161,0.23675,0.10425,0.07805,0.08046,0.06514
2026-05-17 13:02:00,0.05494,1.1494,0.22006,0.22801,0.10431,0.07938,0.08404,0.06768
2026-05-17 14:02:00,0.05247,0.33645,0.20662,0.22653,0.1068,0.0767,0.07931,0.06477
2026-05-17 15:02:00,0.0529,2.94155,0.21314,0.25468,0.09483,0.07633,0.07577,0.06391
2026-05-17 16:02:00,0.05325,4.42037,0.22253,0.24418,0.09363,0.07502,0.07695,0.06494
2026-05-17 17:02:00,0.05484,3.48711,0.21625,0.24079,0.09578,0.07789,0.07856,0.06397
2026-05-17 18:02:00,0.05293,0.20996,0.20239,0.21698,0.09888,0.07414,0.07606,0.06048
2026-05-17 19:02:00,0.06735,0.20522,0.23574,0.2305,0.10942,0.07816,0.08156,0.06552
2026-05-17 20:02:00,0.05648,1.26835,0.20942,0.22257,0.10866,0.07816,0.08332,0.06866
2026-05-17 21:02:00,0.05521,1.77171,0.20438,0.23655,0.10039,0.07896,0.08,0.06423
2026-05-17 22:02:00,0.05459,2.56438,0.20535,0.23478,0.09581,0.07639,0.07683,0.06431
2026-05-17 23:02:00,0.06204,0.30509,0.22154,0.23359,0.10253,0.07887,0.08142,0.06658
2026-05-18 00:02:00,0.06083,4.5078,0.22326,0.21347,0.10744,0.07458,0.08145,0.06351
2026-05-18 01:02:00,0.0526,4.7546,0.24088,0.21943,0.10372,0.07404,0.0793,0.06496
2026-05-18 02:02:00,0.06256,3.36443,0.18814,0.16265,0.09693,0.07321,0.05948,0.07183
2026-05-18 03:02:00,0.00158,3.85837,0.00245,0.002,0.00146,0.00142,0.00143,0.00117
2026-05-18 04:02:00,0.00126,4.78615,0.00274,0.00206,0.00159,0.00175,0.00195,0.00137
2026-05-18 05:02:00,0.00192,6.79939,0.00237,0.00189,0.00177,0.00191,0.00206,0.0014
2026-05-18 06:02:00,0.00104,7.83336,0.00232,0.00162,0.00114,0.0012,0.00132,0.00103
2026-05-18 07:02:00,0.00101,1.81277,0.00192,0.00149,0.00128,0.00144,0.00153,0.00113
2026-05-18 08:02:00,0.001,0.39064,0.0017,0.00141,0.00114,0.00123,0.00134,0.00104
2026-05-18 09:02:00,0.00114,0.24436,0.00311,0.00304,0.00353,0.00195,0.00219,0.00136
2026-05-18 10:02:00,0.00119,5.96212,0.00279,0.00217,0.00145,0.00167,0.00193,0.00125
2026-05-18 11:02:00,0.00101,0.09581,0.00211,0.00168,0.00146,0.00157,0.00165,0.00118
2026-05-18 12:02:00,0.00112,3.02514,0.00172,0.0017,0.00144,0.00164,0.00181,0.00129
2026-05-18 13:02:00,0.00105,4.70271,0.00264,0.00162,0.00169,0.0019,0.00211,0.00143
2026-05-18 14:02:00,0.00102,0.73259,0.00215,0.00177,0.00151,0.00172,0.00184,0.00126
2026-05-18 15:02:00,0.00096,10.18088,0.00225,0.00155,0.00129,0.00146,0.00165,0.00115
2026-05-18 16:02:00,0.00111,0.58217,0.00225,0.0019,0.00114,0.00117,0.00127,0.00098
2026-05-18 17:02:00,0.00105,3.79303,0.00205,0.00149,0.00107,0.00114,0.00126,0.00101
2026-05-18 18:02:00,0.00111,0.43314,0.00198,0.00159,0.00121,0.00122,0.00124,0.00106
2026-05-18 19:02:00,0.00098,3.71905,0.00249,0.00161,0.00137,0.00129,0.0013,0.00103
2026-05-18 20:02:00,0.00103,0.64623,0.00143,0.00171,0.00125,0.00139,0.00149,0.00113
2026-05-18 21:02:00,0.00116,0.66015,0.00285,0.00195,0.00131,0.00134,0.00143,0.00112
2026-05-18 22:02:00,0.001,0.26004,0.00319,0.00173,0.00125,0.00143,0.00172,0.00116
2026-05-18 23:02:00,0.00106,4.43826,0.00223,0.0016,0.00112,0.00125,0.00146,0.00107
2026-05-19 00:02:00,0.00098,0.32591,0.00254,0.00152,0.00144,0.00152,0.00168,0.00111
2026-05-19 01:02:00,0.00112,0.49711,0.00221,0.002,0.00122,0.00151,0.00179,0.00123
2026-05-19 02:02:00,0.00097,0.3418,0.00245,0.00158,0.00104,0.0011,0.00126,0.00098
2026-05-19 03:02:00,0.00111,0.32835,0.0023,0.00173,0.0014,0.00156,0.00178,0.00128
2026-05-19 04:02:00,0.06235,4.22578,0.23235,0.14518,0.0792,0.0555,0.04739,0.0495
2026-05-19 05:02:00,0.07416,2.06144,0.28436,0.1435,0.08768,0.05921,0.05446,0.05662
2026-05-19 06:02:00,0.06542,1.3277,0.3068,0.13571,0.09444,0.06348,0.05423,0.05677
2026-05-19 07:02:00,0.06196,2.40644,0.23045,0.17235,0.10272,0.06724,0.07681,0.05904
2026-05-19 08:02:00,0.05557,4.32886,0.24367,0.21793,0.0959,0.07393,0.07434,0.06331
2026-05-19 09:02:00,0.05349,2.61807,0.21462,0.21005,0.09217,0.07361,0.0738,0.06362
2026-05-19 10:02:00,0.00678,2.63854,0.02076,0.01495,0.00987,0.00917,0.00929,0.00582
2026-05-19 11:02:00,0.00594,4.76984,0.01181,0.00919,0.00653,0.00552,0.00536,0.00472
2026-05-19 12:02:00,0.00342,2.34401,0.01109,0.00691,0.00659,0.0059,0.00535,0.00398
2026-05-19 13:02:00,0.00264,0.40022,0.01368,0.00907,0.00714,0.00619,0.00549,0.00312
2026-05-19 14:02:00,0.05402,0.26032,0.22115,0.2605,0.09107,0.07211,0.07149,0.06145
2026-05-19 15:02:00,0.07239,1.26232,0.19282,0.17061,0.08977,0.0665,0.05572,0.06239
2026-05-19 16:02:00,0.06856,0.3407,0.18631,0.16532,0.08466,0.06165,0.04866,0.05725
2026-05-19 17:02:00,0.05385,0.25501,0.22715,0.25867,0.10418,0.07849,0.07789,0.06612
2026-05-19 18:02:00,0.05258,0.53568,0.20628,0.2376,0.10026,0.07285,0.07131,0.06229
2026-05-19 19:02:00,0.06046,0.5364,0.1914,0.22469,0.09034,0.07172,0.07087,0.06008
2026-05-19 20:02:00,0.05606,0.37207,0.19441,0.20733,0.08842,0.07428,0.0751,0.06484
2026-05-19 21:02:00,0.04917,0.29289,0.18152,0.17787,0.09965,0.07095,0.0768,0.06171
2026-05-19 22:02:00,0.0807,2.51803,0.21251,0.21336,0.09605,0.07633,0.06294,0.07254
2026-05-19 23:02:00,0.07055,0.25934,0.23235,0.2357,0.09656,0.07353,0.06422,0.07073
2026-05-20 00:02:00,0.08478,0.23772,0.22181,0.2205,0.09897,0.07182,0.05977,0.06502
2026-05-20 01:02:00,0.06875,0.16362,0.28123,0.29303,0.09893,0.0723,0.06356,0.0692
2026-05-20 02:02:00,0.04789,0.47427,0.18225,0.2035,0.09094,0.0728,0.07393,0.06551
2026-05-20 03:02:00,0.05361,0.12565,0.19603,0.20334,0.09276,0.07408,0.07394,0.06473
2026-05-20 04:02:00,0.04905,0.25536,0.18988,0.18707,0.10306,0.07809,0.07802,0.06487
2026-05-20 05:02:00,0.0489,0.24405,0.19697,0.21083,0.09039,0.07402,0.07563,0.0618
2026-05-20 06:02:00,0.04298,0.21081,0.20343,0.24325,0.09599,0.07694,0.07443,0.06566
2026-05-20 07:02:00,0.05,0.13227,0.18825,0.23145,0.09021,0.0776,0.07521,0.0685
2026-05-20 08:02:00,0.05209,2.42429,0.20036,0.21768,0.08682,0.07152,0.07294,0.06157
2026-05-20 09:02:00,0.05227,0.49196,0.16888,0.18825,0.10394,0.0766,0.08133,0.06343
2026-05-20 10:02:00,0.04827,0.5536,0.18392,0.20721,0.0948,0.07492,0.07596,0.06345
2026-05-20 11:02:00,0.04842,0.20592,0.1936,0.21708,0.08755,0.06988,0.07131,0.05886
2026-05-20 12:02:00,0.05466,0.13544,0.2102,0.23382,0.09142,0.07105,0.07391,0.0618
2026-05-20 13:02:00,0.04914,0.59853,0.20466,0.21983,0.08834,0.07252,0.07728,0.06636
2026-05-20 14:02:00,0.04439,0.96722,0.22992,0.24206,0.09521,0.07605,0.07987,0.06222
2026-05-20 15:02:00,0.05241,0.54065,0.20333,0.23378,0.09148,0.07223,0.07343,0.06236
2026-05-20 16:02:00,0.05124,0.23065,0.22517,0.22922,0.09704,0.07671,0.08294,0.06477
2026-05-20 17:02:00,0.05196,0.06522,0.19056,0.20902,0.09414,0.07402,0.07578,0.06164
2026-05-20 18:02:00,0.05501,0.24766,0.20567,0.22784,0.08626,0.07212,0.07191,0.06252
2026-05-20 19:02:00,0.04942,0.79166,0.22461,0.20866,0.09972,0.07377,0.07815,0.06093
2026-05-20 20:02:00,0.0555,0.19691,0.22032,0.23573,0.09469,0.0738,0.07743,0.06584
2026-05-20 21:02:00,0.0523,0.34093,0.19611,0.22319,0.09065,0.07242,0.07319,0.06392
2026-05-20 22:02:00,0.04882,0.5633,0.16723,0.19601,0.09008,0.07244,0.07233,0.06285
2026-05-20 23:02:00,0.04599,0.23574,0.18646,0.18452,0.10575,0.074,0.07684,0.0596
2026-05-21 00:02:00,0.04346,0.39502,0.2116,0.22371,0.09957,0.07338,0.07638,0.06
2026-05-21 01:02:00,0.05713,0.25747,0.20534,0.23058,0.09377,0.07225,0.07353,0.06201
2026-05-21 02:02:00,0.04991,0.23802,0.20286,0.20294,0.09972,0.07376,0.07685,0.05921
2026-05-21 03:02:00,0.04745,0.36895,0.16859,0.18084,0.11403,0.07585,0.07994,0.06326
2026-05-21 04:02:00,0.05125,0.28366,0.19755,0.21576,0.09849,0.0756,0.07711,0.06302
2026-05-21 05:02:00,0.04469,0.43919,0.21868,0.2594,0.09688,0.07556,0.07131,0.06213
2026-05-21 06:02:00,0.04671,0.58818,0.24635,0.25953,0.09824,0.07497,0.07493,0.06223
2026-05-21 07:02:00,0.05551,0.09533,0.23097,0.25454,0.10515,0.07749,0.07725,0.06232
2026-05-21 08:02:00,0.00541,0.64049,0.0187,0.01416,0.00956,0.00827,0.00738,0.00658
2026-05-21 09:02:00,0.05131,0.10561,0.228,0.24529,0.09288,0.07297,0.07783,0.06298
2026-05-21 10:02:00,0.05043,0.20293,0.20081,0.2177,0.09903,0.07325,0.07599,0.06111
2026-05-21 11:02:00,0.053,0.10044,0.20971,0.24067,0.09862,0.07789,0.08074,0.06513
2026-05-21 12:02:00,0.0532,0.32832,0.2243,0.21695,0.10718,0.07752,0.08403,0.06694
2026-05-21 13:02:00,0.05058,0.22378,0.22004,0.23005,0.1009,0.07644,0.079,0.06559
2026-05-21 14:02:00,0.05259,0.43506,0.23073,0.26028,0.11215,0.08249,0.08358,0.06371
2026-05-21 15:02:00,0.05272,0.19274,0.24346,0.28588,0.10711,0.0821,0.07933,0.07038
2026-05-21 16:02:00,0.04447,0.57804,0.19733,0.22369,0.09978,0.07947,0.08129,0.06599
2026-05-21 17:02:00,0.04876,0.06624,0.26913,0.25899,0.10285,0.07812,0.07937,0.0636
2026-05-21 18:02:00,0.04528,0.69747,0.24257,0.23033,0.11844,0.07929,0.08659,0.06605
2026-05-21 19:02:00,0.05444,0.16927,0.21893,0.23916,0.10306,0.07778,0.07994,0.06365
2026-05-21 20:02:00,0.05308,0.30014,0.20368,0.22328,0.10073,0.07817,0.08143,0.06608
2026-05-21 21:02:00,0.05535,0.89239,0.26101,0.27127,0.10718,0.08038,0.07958,0.06855
2026-05-21 22:02:00,0.05983,0.27846,0.1625,0.15627,0.11514,0.07722,0.07692,0.07852
2026-05-21 23:02:00,0.05047,6.70736,0.22311,0.24819,0.09952,0.07556,0.0763,0.06124
2026-05-22 00:02:00,0.05418,1.36914,0.27366,0.23418,0.11179,0.07818,0.08391,0.06268
2026-05-22 01:02:00,0.05041,2.44294,0.20107,0.21906,0.10141,0.07718,0.07799,0.06276
2026-05-22 02:02:00,0.06107,0.67326,0.2107,0.17547,0.10132,0.07052,0.05988,0.06964
2026-05-22 03:02:00,0.00406,0.50986,0.01331,0.01024,0.0079,0.00704,0.00661,0.0056
2026-05-22 04:02:00,0.00482,0.43236,0.00655,0.01015,0.00392,0.00341,0.00314,0.00444
2026-05-22 05:02:00,0.05891,0.25208,0.22381,0.2014,0.10793,0.07409,0.08294,0.06287
2026-05-22 06:02:00,0.05264,3.06015,0.21767,0.24997,0.09348,0.07531,0.07463,0.06397
2026-05-22 07:02:00,0.04666,0.12894,0.19512,0.22943,0.09415,0.07343,0.07094,0.06218
2026-05-22 08:02:00,0.05363,0.17695,0.20234,0.20861,0.10586,0.07683,0.07849,0.06332
2026-05-22 09:02:00,0.05178,3.65946,0.21443,0.24459,0.09842,0.07698,0.08033,0.06449
2026-05-22 10:02:00,0.05878,1.65605,0.23277,0.28054,0.1063,0.08088,0.07881,0.06604
2026-05-22 11:02:00,0.05229,0.68667,0.23104,0.23327,0.10911,0.07836,0.0842,0.0635
2026-05-22 12:02:00,0.05003,0.33911,0.18956,0.22492,0.10564,0.07602,0.07632,0.06121
2026-05-22 13:02:00,0.05118,0.58987,0.23627,0.23875,0.1035,0.07891,0.08247,0.06657
2026-05-22 14:02:00,0.04996,0.69382,0.19416,0.21134,0.09683,0.07841,0.08016,0.06718
2026-05-22 15:02:00,0.04874,1.42085,0.20502,0.21206,0.10126,0.0769,0.07879,0.06691
2026-05-22 16:02:00,0.05715,0.49638,0.2116,0.22858,0.10094,0.08089,0.08147,0.07051
2026-05-22 17:02:00,0.05105,0.26306,0.20268,0.24001,0.09503,0.07554,0.0733,0.06568
2026-05-22 18:02:00,0.04642,0.1836,0.22651,0.20499,0.11126,0.07532,0.08149,0.06275
2026-05-22 19:02:00,0.04857,0.04558,0.60401,0.4126,0.10037,0.07882,0.07649,0.06673
2026-05-22 20:02:00,0.0494,0.22059,0.24789,0.26361,0.09781,0.07662,0.07828,0.06678
2026-05-22 21:02:00,0.0531,0.19723,0.22277,0.26823,0.09951,0.07986,0.0761,0.06834
2026-05-22 22:02:00,0.04859,3.58594,0.50871,0.34422,0.09983,0.07836,0.08016,0.06516
2026-05-22 23:02:00,0.04819,0.16635,0.20886,0.23118,0.10614,0.07872,0.08019,0.06735
2026-05-23 00:02:00,0.0465,1.93629,0.60121,0.39538,0.09638,0.07576,0.07339,0.06403
2026-05-23 01:02:00,0.05317,0.08917,0.59132,0.42356,0.10135,0.07635,0.07321,0.06204
2026-05-23 02:02:00,0.05315,0.41196,0.3102,0.28844,0.10017,0.07698,0.07778,0.06403
2026-05-23 03:02:00,0.05681,0.42919,0.30104,0.25656,0.11156,0.08039,0.08353,0.06524
2026-05-23 04:02:00,0.04822,0.27621,0.32036,0.24973,0.11509,0.07739,0.08468,0.06528
2026-05-23 05:02:00,0.04638,0.28616,0.49895,0.34686,0.09701,0.07416,0.07494,0.06234
2026-05-23 06:02:00,0.05057,0.13133,0.2624,0.27348,0.09941,0.07726,0.07485,0.06252
2026-05-23 07:02:00,0.04926,0.23648,0.5513,0.36763,0.09794,0.07331,0.0731,0.06236
2026-05-23 08:02:00,0.0555,0.52974,0.49471,0.3202,0.1122,0.08146,0.0838,0.06556
2026-05-23 09:02:00,0.0456,0.4649,0.59839,0.36202,0.10514,0.07807,0.08207,0.06386
2026-05-23 10:02:00,0.04411,0.49878,0.37405,0.29499,0.09482,0.07254,0.07413,0.0608
2026-05-23 11:02:00,0.05719,0.33557,0.33753,0.29172,0.10424,0.07933,0.07758,0.06809
2026-05-23 12:02:00,0.06103,0.53544,0.35077,0.29529,0.10514,0.08012,0.07722,0.06656
2026-05-23 13:02:00,0.0513,0.25131,0.31573,0.28249,0.10126,0.07709,0.0774,0.06461
2026-05-23 14:02:00,0.04893,2.91622,0.33418,0.28527,0.09531,0.07851,0.07884,0.06522
2026-05-23 15:02:00,0.0579,0.12602,0.57982,0.35731,0.11193,0.08196,0.08466,0.0681
2026-05-23 16:02:00,0.04994,0.13037,0.47864,0.3401,0.10464,0.08098,0.08159,0.0672
2026-05-23 17:02:00,0.05001,0.42117,0.26418,0.31149,0.1062,0.08042,0.07631,0.06523
2026-05-23 18:02:00,0.05001,0.16781,0.37454,0.31086,0.10081,0.08171,0.08068,0.07023
2026-05-23 19:02:00,0.05469,0.17616,0.27547,0.24192,0.10997,0.07833,0.08725,0.07003
2026-05-23 20:02:00,0.05628,0.6077,0.28846,0.27355,0.10546,0.07963,0.08021,0.06629
2026-05-23 21:02:00,0.05319,0.43048,0.25327,0.25238,0.10759,0.08088,0.08232,0.06781
2026-05-23 22:02:00,0.05153,0.36416,0.32657,0.27464,0.0995,0.07579,0.07641,0.06508
2026-05-23 23:02:00,0.05244,0.20165,0.31611,0.29484,0.09975,0.07472,0.07442,0.06123
2026-05-24 00:02:00,0.04617,0.17025,0.23031,0.25986,0.09569,0.07333,0.07137,0.06088
2026-05-24 01:02:00,0.05196,0.08476,0.27262,0.26743,0.09782,0.07624,0.0775,0.06767
2026-05-24 02:02:00,0.04623,0.25411,0.25985,0.27268,0.09689,0.07196,0.07159,0.06031
2026-05-24 03:02:00,0.04776,0.36714,0.31346,0.27195,0.10083,0.07838,0.0818,0.06463
2026-05-24 04:02:00,0.04718,0.3556,0.25009,0.24433,0.10569,0.07679,0.07608,0.06088
2026-05-24 05:02:00,0.05128,0.43524,0.27155,0.24223,0.10219,0.07581,0.07736,0.06453
2026-05-24 06:02:00,0.04593,0.262,0.25234,0.24387,0.10389,0.081,0.0806,0.06603
2026-05-24 07:02:00,0.04751,0.44832,0.31782,0.25551,0.10014,0.07693,0.07969,0.06343
2026-05-24 08:02:00,0.05204,7.55229,0.26494,0.24616,0.10246,0.07795,0.08058,0.06514
2026-05-24 09:02:00,0.05502,0.23723,0.30792,0.24897,0.10823,0.07744,0.08143,0.06575
2026-05-24 10:02:00,0.04873,0.46398,0.29453,0.24687,0.10027,0.07408,0.07612,0.06108
2026-05-24 11:02:00,0.04818,0.53258,0.21089,0.28043,0.1119,0.08323,0.07909,0.06541
2026-05-24 12:02:00,0.05249,0.16358,0.23187,0.27374,0.10399,0.0814,0.07938,0.06461
2026-05-24 13:02:00,0.05496,0.69987,0.23473,0.25855,0.1004,0.07567,0.07769,0.06074
2026-05-24 14:02:00,0.05557,1.21973,0.24077,0.23006,0.11783,0.08314,0.09209,0.06811
2026-05-24 15:02:00,0.05736,0.48191,0.23294,0.21226,0.12297,0.07744,0.0872,0.06656
2026-05-24 16:02:00,0.05631,0.08276,0.21447,0.17828,0.11271,0.07595,0.07868,0.07271
2026-05-24 17:02:00,0.05879,0.17782,0.24211,0.31794,0.1113,0.08354,0.081,0.07429
2026-05-24 18:02:00,0.05412,1.01421,0.20417,0.23555,0.09728,0.07696,0.07588,0.06396
2026-05-24 19:02:00,0.05136,0.27,0.22833,0.22789,0.10405,0.07956,0.08282,0.06677
2026-05-24 20:02:00,0.05937,0.02956,0.22133,0.23865,0.10391,0.08147,0.08276,0.0699
2026-05-24 21:02:00,0.05028,0.18515,0.1736,0.20004,0.10188,0.07374,0.07491,0.06695
2026-05-24 22:02:00,0.05394,0.11268,0.19871,0.20251,0.10554,0.07326,0.07801,0.0649
2026-05-24 23:02:00,0.04294,0.09875,0.23565,0.23948,0.09264,0.07215,0.07255,0.06243
2026-05-25 00:02:00,0.04877,0.2659,0.21252,0.22497,0.09945,0.07568,0.0758,0.06446
2026-05-25 01:02:00,0.05279,0.99147,0.22922,0.24856,0.09849,0.07867,0.07735,0.06616
2026-05-25 02:02:00,0.05735,0.12736,0.21052,0.22001,0.10177,0.07662,0.07696,0.06248
2026-05-25 03:02:00,0.05597,0.09737,0.1885,0.23309,0.10115,0.07687,0.07772,0.06148
2026-05-25 04:02:00,0.05032,0.24112,0.19503,0.20265,0.1067,0.07502,0.08259,0.06583
2026-05-25 05:02:00,0.04548,0.42091,0.21845,0.20715,0.10861,0.07494,0.08492,0.06962
2026-05-25 06:02:00,0.05287,0.09328,0.44433,0.33655,0.09839,0.07631,0.07479,0.06375
2026-05-25 07:02:00,0.05141,0.04976,0.27378,0.24809,0.09344,0.07332,0.07306,0.06229
2026-05-25 08:02:00,0.05278,0.11327,0.21591,0.22156,0.10043,0.07547,0.07661,0.06161
2026-05-25 09:02:00,0.05246,0.28474,0.32494,0.25437,0.10314,0.07535,0.07556,0.06204
2026-05-25 10:02:00,0.04609,0.26312,0.22232,0.21021,0.11154,0.07333,0.07952,0.06328
2026-05-25 11:02:00,0.04804,0.44519,0.23419,0.25532,0.09626,0.0757,0.07818,0.06424
2026-05-25 12:02:00,0.00399,0.10849,0.00947,0.00661,0.00396,0.0029,0.00255,0.00348
2026-05-25 13:02:00,0.00527,0.23178,0.00806,0.01055,0.00286,0.00248,0.00294,0.00355
2026-05-25 14:02:00,0.05307,0.24671,0.18801,0.21295,0.1044,0.07055,0.07574,0.0652
2026-05-25 15:02:00,0.04932,0.25016,0.22265,0.25721,0.09155,0.07307,0.07537,0.06129
2026-05-25 16:02:00,0.0491,0.42385,0.23521,0.26561,0.10429,0.07771,0.08093,0.06279
2026-05-25 17:02:00,0.05686,0.33885,0.19663,0.23819,0.09923,0.08013,0.08274,0.06749
2026-05-25 18:02:00,0.05311,0.2672,0.17794,0.21422,0.10272,0.08038,0.07878,0.06387
2026-05-25 19:02:00,0.05053,0.74987,0.21012,0.24291,0.09732,0.07735,0.07653,0.06161
2026-05-25 20:02:00,0.05034,0.45305,0.18355,0.25719,0.1057,0.08138,0.07704,0.06445
2026-05-25 21:02:00,0.05032,0.62458,0.19092,0.23694,0.09591,0.07814,0.07619,0.06477
2026-05-25 22:02:00,0.05108,0.22896,0.17355,0.22425,0.09837,0.07826,0.07795,0.06436
2026-05-25 23:02:00,0.04893,0.33271,0.2033,0.23074,0.09449,0.07493,0.0751,0.06183
2026-05-26 00:02:00,0.05174,0.12954,0.19203,0.22544,0.09598,0.07687,0.07626,0.06252
2026-05-26 01:02:00,0.05011,0.37334,0.21572,0.24415,0.09839,0.07799,0.07665,0.06336
2026-05-26 02:02:00,0.05173,0.20972,0.21277,0.22503,0.10023,0.0792,0.08052,0.06754
2026-05-26 03:02:00,0.04447,0.32237,0.22598,0.236,0.10066,0.0762,0.07806,0.06586
2026-05-26 04:02:00,0.04897,0.09567,0.16788,0.21407,0.09601,0.07612,0.07407,0.06243
2026-05-26 05:02:00,0.05068,0.70527,0.21626,0.23456,0.09819,0.07694,0.07666,0.06642
2026-05-26 06:02:00,0.04931,0.13296,0.19911,0.21799,0.10387,0.07979,0.08098,0.0674
2026-05-26 07:02:00,0.04995,0.62195,0.20019,0.22491,0.09678,0.07655,0.07814,0.06383
2026-05-26 08:02:00,0.04554,0.33109,0.19899,0.25214,0.10382,0.07969,0.07594,0.0621
2026-05-26 09:02:00,0.05067,0.33936,0.21677,0.24613,0.09771,0.07482,0.07504,0.06101
2026-05-26 10:02:00,0.04992,0.70255,0.21643,0.25644,0.09871,0.07607,0.07634,0.0626
2026-05-26 11:02:00,0.05159,0.09804,0.20647,0.22547,0.09757,0.07661,0.07944,0.06244
2026-05-26 12:02:00,0.05191,0.38092,0.21051,0.21816,0.10535,0.07872,0.08185,0.06213
2026-05-26 13:02:00,0.05218,0.41702,0.19744,0.21773,0.10036,0.0767,0.07825,0.0596
2026-05-26 14:02:00,0.05129,0.30358,0.17818,0.24747,0.09495,0.07624,0.07203,0.06323
2026-05-26 15:02:00,0.04974,0.52603,0.18388,0.24278,0.09324,0.07538,0.07257,0.0609
2026-05-26 16:02:00,0.04846,0.24616,0.21373,0.23394,0.09859,0.07546,0.07802,0.06097
2026-05-26 17:02:00,0.05162,0.17883,0.20024,0.22237,0.10658,0.07676,0.07933,0.0599
2026-05-26 18:02:00,0.05022,0.29247,0.16797,0.22451,0.10047,0.07699,0.07601,0.05922
2026-05-26 19:02:00,0.04797,1.7125,0.18794,0.26725,0.09781,0.07819,0.07406,0.06089
2026-05-26 20:02:00,0.0475,0.91174,0.20027,0.265,0.10749,0.08172,0.07859,0.06126
2026-05-26 21:02:00,0.05053,0.3236,0.18018,0.25317,0.09928,0.07946,0.07646,0.06374
2026-05-26 22:02:00,0.05777,0.40552,0.20509,0.24079,0.10108,0.07868,0.07862,0.06318
2026-05-26 23:02:00,0.04674,0.24201,0.18653,0.19948,0.10552,0.07791,0.07795,0.06125
2026-05-27 00:02:00,0.04506,0.29617,0.20799,0.20925,0.10798,0.07735,0.08012,0.062
2026-05-27 01:02:00,0.04895,0.28632,0.22213,0.26816,0.10958,0.08326,0.07996,0.06485
2026-05-27 02:02:00,0.04974,0.16867,0.18962,0.23097,0.09615,0.07633,0.07533,0.06391
2026-05-27 03:02:00,0.06067,0.44182,0.21173,0.24581,0.10093,0.0798,0.07834,0.06802
2026-05-27 04:02:00,0.05773,0.43931,0.19348,0.21748,0.10275,0.07856,0.07671,0.06299
2026-05-27 05:02:00,0.04956,0.17464,0.2164,0.21793,0.10366,0.07694,0.07883,0.06006
2026-05-27 06:02:00,0.05403,0.57072,0.20679,0.22033,0.10978,0.07741,0.07752,0.06334
2026-05-27 07:02:00,0.04484,0.32301,0.2077,0.22552,0.10023,0.07647,0.07553,0.06325
2026-05-27 08:02:00,0.05697,1.97025,0.2523,0.2821,0.10035,0.07954,0.0773,0.06632
2026-05-27 09:02:00,0.04774,0.26562,0.20813,0.23611,0.09655,0.07451,0.0745,0.05906
2026-05-27 10:02:00,0.04995,0.73737,0.2063,0.23008,0.10015,0.07683,0.07649,0.06379
2026-05-27 11:02:00,0.05518,0.63898,0.19715,0.23996,0.10122,0.07834,0.07663,0.06532
2026-05-27 12:02:00,0.05611,0.19048,0.20838,0.23648,0.10136,0.07881,0.07706,0.06503
2026-05-27 13:02:00,0.05519,0.22935,0.2076,0.20022,0.11262,0.07739,0.08092,0.0643
2026-05-27 14:02:00,0.05358,0.53013,0.19131,0.20312,0.10784,0.07727,0.07845,0.0667
2026-05-27 15:02:00,0.04661,0.73644,0.22219,0.19851,0.11739,0.07646,0.08498,0.0661
2026-05-27 16:02:00,0.05824,0.35242,0.18744,0.23497,0.10401,0.07943,0.07754,0.06888
2026-05-27 17:02:00,0.04738,0.18237,0.20081,0.22874,0.10059,0.07649,0.07635,0.06243
2026-05-27 18:02:00,0.0557,0.31739,0.17765,0.23609,0.09856,0.07647,0.07495,0.06482
2026-05-27 19:02:00,0.05525,0.17608,0.21695,0.24431,0.10938,0.08165,0.08206,0.06748
2026-05-27 20:02:00,0.04768,0.48945,0.18262,0.21588,0.10666,0.07562,0.07616,0.06536
2026-05-27 21:02:00,0.04967,0.24893,0.20643,0.21253,0.11358,0.07661,0.0811,0.06623
2026-05-27 22:02:00,0.05255,0.47666,0.18965,0.23991,0.10722,0.08234,0.08068,0.07079
2026-05-27 23:02:00,0.05475,0.32562,0.196,0.24571,0.10155,0.07771,0.07369,0.0648
2026-05-28 00:02:00,0.05017,0.22809,0.18822,0.21898,0.10878,0.08019,0.08106,0.06668
2026-05-28 01:02:00,0.04569,0.31621,0.20082,0.23913,0.1042,0.07872,0.07728,0.06609
2026-05-28 02:02:00,0.05039,0.2436,0.18528,0.20746,0.11069,0.07525,0.07716,0.06615
2026-05-28 03:02:00,0.04865,0.5929,0.21883,0.21759,0.11366,0.07876,0.0807,0.06673
2026-05-28 04:02:00,0.05009,0.36724,0.19133,0.22354,0.11054,0.08017,0.08063,0.06671
2026-05-28 05:02:00,0.04849,0.98597,0.20793,0.20453,0.11058,0.07516,0.07861,0.06161
2026-05-28 06:02:00,0.04693,0.26761,0.20721,0.18673,0.11358,0.07368,0.07967,0.06203
2026-05-28 07:02:00,0.04541,0.50834,0.20844,0.23046,0.10623,0.07867,0.07752,0.06643
2026-05-28 08:02:00,0.05154,0.64965,0.20039,0.23629,0.10172,0.07859,0.07829,0.06704
2026-05-28 09:02:00,0.05993,0.61271,0.19717,0.24075,0.10387,0.08153,0.08037,0.06819
2026-05-28 10:02:00,0.05157,0.28886,0.20373,0.24231,0.10573,0.08342,0.08334,0.07089
2026-05-28 11:02:00,0.0434,0.51495,0.20497,0.20894,0.10839,0.07812,0.07908,0.06237
2026-05-28 12:02:00,0.04583,0.27308,0.20238,0.23755,0.09767,0.07696,0.0741,0.06387
2026-05-28 13:02:00,0.04457,1.21266,0.22277,0.24902,0.10254,0.0766,0.07727,0.06337
2026-05-28 14:02:00,0.04843,0.20247,0.20187,0.22228,0.10499,0.07799,0.07941,0.06273
2026-05-28 15:02:00,0.06826,0.76764,0.18515,0.15316,0.09592,0.07012,0.05719,0.06742
2026-05-28 16:02:00,0.0044,0.3185,0.00774,0.00531,0.006,0.00512,0.00425,0.00315
2026-05-28 17:02:00,0.00577,0.20125,0.00863,0.00513,0.00638,0.00517,0.00436,0.00512
2026-05-28 18:02:00,0.00346,0.25913,0.00486,0.0056,0.00283,0.00245,0.00222,0.00296
2026-05-28 19:02:00,0.00363,0.35969,0.00415,0.0056,0.00304,0.00264,0.0023,0.0024
2026-05-28 20:02:00,0.00598,0.25945,0.00674,0.00528,0.00435,0.00365,0.00349,0.0037
2026-05-28 21:02:00,0.00437,0.16591,0.00464,0.00926,0.00217,0.00186,0.00234,0.00242
2026-05-28 22:02:00,0.05636,0.28003,0.2262,0.24877,0.09561,0.07474,0.0735,0.06421
2026-05-28 23:02:00,0.04712,0.33014,0.20521,0.23895,0.09014,0.07144,0.06978,0.06083
2026-05-29 00:02:00,0.05463,0.28219,0.20666,0.25375,0.09362,0.07433,0.0712,0.06565
2026-05-29 01:02:00,0.04875,0.14169,0.20876,0.23545,0.10245,0.07983,0.08033,0.06719
2026-05-29 02:02:00,0.04967,0.52492,0.1983,0.20503,0.11223,0.07887,0.08389,0.06991
2026-05-29 03:02:00,0.05109,0.22838,0.19982,0.22922,0.10134,0.0771,0.07509,0.06133
2026-05-29 04:02:00,0.04719,0.42006,0.20695,0.24878,0.10173,0.07663,0.07469,0.06535
2026-05-29 05:02:00,0.04796,0.85948,0.18538,0.22706,0.10039,0.08036,0.08058,0.06723
2026-05-29 06:02:00,0.04433,0.32489,0.20422,0.22872,0.10414,0.08187,0.0829,0.06858
2026-05-29 07:02:00,0.04754,0.24962,0.17229,0.21038,0.11203,0.07969,0.08515,0.07048
2026-05-29 08:02:00,0.04872,0.39646,0.20621,0.21073,0.11031,0.07801,0.08285,0.06924
2026-05-29 09:02:00,0.05025,0.99568,0.20375,0.21438,0.10217,0.0748,0.07482,0.06086
2026-05-29 10:02:00,0.04859,1.25815,0.19428,0.21291,0.09878,0.07581,0.07357,0.06038
2026-05-29 11:02:00,0.04822,0.31477,0.20905,0.2022,0.11075,0.07543,0.07731,0.06183
2026-05-29 12:02:00,0.04669,0.30862,0.20924,0.20277,0.10824,0.07667,0.07726,0.05917
2026-05-29 13:02:00,0.04969,0.27365,0.20553,0.23932,0.10517,0.08294,0.08252,0.07072
2026-05-29 14:02:00,0.05223,0.2584,0.19258,0.23307,0.10627,0.07963,0.07736,0.06671
2026-05-29 15:02:00,0.04916,0.30932,0.20609,0.22748,0.10573,0.08222,0.08166,0.0684
2026-05-29 16:02:00,0.04971,0.28194,0.19906,0.21413,0.10967,0.07605,0.07874,0.06744
2026-05-29 17:02:00,0.0595,0.73216,0.2185,0.20959,0.11209,0.07819,0.08492,0.07005
2026-05-29 18:02:00,0.04813,0.54962,0.21544,0.22998,0.10915,0.07916,0.0799,0.06792
2026-05-29 19:02:00,0.04973,0.35158,0.19021,0.23002,0.11103,0.07982,0.07892,0.06667
2026-05-29 20:02:00,0.05575,0.20187,0.14739,0.14483,0.09484,0.073,0.05578,0.06519
2026-05-29 21:02:00,0.00198,0.21063,0.00302,0.00252,0.00155,0.00162,0.00167,0.00116
2026-05-29 22:02:00,0.00149,0.35517,0.00232,0.00201,0.0012,0.00129,0.0014,0.00128
2026-05-29 23:02:00,0.0012,0.15677,0.00219,0.00185,0.00134,0.00152,0.00161,0.00123
2026-05-30 00:02:00,0.00126,0.58455,0.00313,0.0025,0.00144,0.00132,0.00127,0.00115
2026-05-30 01:02:00,0.00123,0.15642,0.00275,0.00225,0.00136,0.00156,0.00177,0.00127
2026-05-30 02:02:00,0.00115,0.70419,0.00239,0.00218,0.00154,0.00172,0.00194,0.00129
2026-05-30 03:02:00,0.00122,0.35554,0.00247,0.00195,0.00125,0.00144,0.00167,0.00126
2026-05-30 04:02:00,0.00136,0.12781,0.00241,0.00232,0.00115,0.00128,0.00145,0.00113
2026-05-30 05:02:00,0.00116,0.21834,0.00234,0.00173,0.00145,0.00182,0.00216,0.00144
2026-05-30 06:02:00,0.00116,0.16351,0.00226,0.00185,0.00127,0.00132,0.00145,0.00111
2026-05-30 07:02:00,0.00123,0.2164,0.00271,0.00235,0.00115,0.00121,0.00131,0.00108
2026-05-30 08:02:00,0.00114,0.55369,0.00255,0.00194,0.00168,0.00229,0.00276,0.00164
2026-05-30 09:02:00,0.00113,0.28066,0.00208,0.00175,0.00123,0.00142,0.0016,0.00117
2026-05-30 10:02:00,0.00112,0.80043,0.00235,0.00184,0.00118,0.00139,0.0016,0.00117
2026-05-30 11:02:00,0.00141,0.4961,0.00292,0.0027,0.00134,0.00141,0.00159,0.00112
2026-05-30 12:02:00,0.00129,0.24143,0.00217,0.00198,0.00129,0.00155,0.00184,0.00128
2026-05-30 13:02:00,0.00113,0.19849,0.00216,0.00161,0.00121,0.00138,0.00162,0.00116
2026-05-30 14:02:00,0.00117,0.19768,0.00202,0.00182,0.00119,0.0012,0.00131,0.00104
2026-05-30 15:02:00,0.00108,0.14451,0.0019,0.00152,0.00121,0.00138,0.00155,0.00114
2026-05-30 16:02:00,0.00128,0.83462,0.00342,0.00272,0.00146,0.00164,0.00181,0.00133
2026-05-30 17:02:00,0.00111,0.32137,0.00225,0.00189,0.0013,0.00146,0.0016,0.00123
2026-05-30 18:02:00,0.00115,0.53619,0.00259,0.00179,0.00126,0.00145,0.00166,0.00125
2026-05-30 19:02:00,0.04066,0.36483,0.17677,0.22196,0.09852,0.06251,0.06719,0.05432
2026-05-30 20:02:00,0.04957,0.25792,0.20543,0.22979,0.10217,0.07155,0.07573,0.06266
2026-05-30 21:02:00,0.04579,0.13755,0.17348,0.19694,0.10108,0.07085,0.0707,0.05793
2026-05-30 22:02:00,0.04878,0.20871,0.1842,0.2252,0.10986,0.07756,0.07606,0.06599
2026-05-30 23:02:00,0.05027,0.25105,0.16295,0.18175,0.10858,0.07159,0.07388,0.06376
