DateTime,1RV-V,2RV-V,3RH-V,4RH-V
2026-04-20 18:46:00,2.93588,0.61513,1.19826,0.75863
2026-04-20 19:46:00,6.13352,0.81529,1.16952,0.70947
2026-04-20 20:46:00,2.37537,0.58497,1.20937,0.68226
2026-04-20 21:46:00,5.7515,0.81868,1.24042,0.718
2026-04-20 22:46:00,2.26524,0.5392,1.21398,0.68171
2026-04-20 23:46:00,1.62564,0.46068,1.19526,0.70992
2026-04-21 00:46:00,1.60826,0.49748,1.25494,0.66539
2026-04-21 01:46:00,4.31202,0.8592,1.20194,0.70818
2026-04-21 02:46:00,3.16078,0.68868,1.22691,0.73362
2026-04-21 03:46:00,3.67355,0.71192,1.16167,0.80693
2026-04-21 04:46:00,3.66201,0.74983,1.18989,0.75233
2026-04-21 05:46:00,5.32466,0.95199,1.24475,0.74663
2026-04-21 06:46:00,5.96727,0.92747,1.19294,0.62923
2026-04-21 07:46:00,4.50827,0.79814,1.24189,0.50492
2026-04-21 08:46:00,2.63243,0.63271,1.29504,0.55124
2026-04-21 09:46:00,1.61485,0.49431,1.19796,0.62571
2026-04-21 10:46:00,0.86386,0.44289,1.21179,0.62997
2026-04-21 11:46:00,1.25218,0.49768,1.24105,0.5482
2026-04-21 12:46:00,1.52041,0.50738,1.22412,0.66753
2026-04-21 13:46:00,3.20205,0.70038,1.25722,0.65587
2026-04-21 14:46:00,3.4295,0.72422,1.25504,0.67025
2026-04-21 15:46:00,3.71468,0.775,1.21026,0.66316
2026-04-21 16:46:00,3.36957,0.73914,1.21938,0.67401
2026-04-21 17:46:00,3.70604,0.78749,1.14329,0.65461
2026-04-21 18:46:00,3.61538,0.73163,1.17681,0.746
2026-04-21 19:46:00,4.06648,0.75176,1.23623,0.64737
2026-04-21 20:46:00,4.27551,0.80939,1.27251,0.61572
2026-04-21 21:46:00,5.00979,0.87776,1.27872,0.68023
2026-04-21 22:46:00,4.59271,0.83647,1.30529,0.54523
2026-04-21 23:46:00,4.85709,0.92252,1.28541,0.56383
2026-04-22 00:46:00,5.04789,0.91144,1.25451,0.76499
2026-04-22 01:46:00,4.74657,0.85641,1.25693,0.7376
2026-04-22 02:46:00,4.44762,0.84206,1.2559,0.7277
2026-04-22 03:46:00,4.23137,0.82827,1.20213,0.78378
2026-04-22 04:46:00,4.12499,0.83494,1.2377,0.74529
2026-04-22 05:46:00,4.39416,0.85051,1.21598,0.72047
2026-04-22 06:46:00,5.10079,0.89727,1.24788,0.71065
2026-04-22 07:46:00,5.3124,0.95381,1.07867,0.54819
2026-04-22 08:46:00,5.31177,0.97603,1.05336,0.63172
2026-04-22 09:46:00,5.52598,1.03868,1.07928,0.63914
2026-04-22 10:46:00,0.00173,0.00182,0.00266,0.00299
2026-04-22 11:46:00,0.0019,0.00186,0.00255,0.00273
2026-04-22 12:46:00,0.00184,0.0018,0.00237,0.00257
2026-04-22 13:46:00,0.0018,0.00189,0.00231,0.0025
2026-04-22 14:46:00,5.83112,1.198,1.16792,0.70926
2026-04-22 15:46:00,5.67799,1.01031,1.23968,0.5962
2026-04-22 16:46:00,5.92005,0.98768,1.21438,0.68617
2026-04-22 17:46:00,5.10263,0.87083,1.21857,0.64918
2026-04-22 18:46:00,2.54822,0.62957,1.19949,0.66448
2026-04-22 19:46:00,2.53043,0.62004,1.18747,0.61542
2026-04-22 20:46:00,1.54867,0.49905,1.21195,0.58359
2026-04-22 21:46:00,1.76117,0.52576,1.19581,0.6636
2026-04-22 22:46:00,1.31231,0.48018,1.22087,0.64904
2026-04-22 23:46:00,2.79967,0.7344,1.19524,0.67909
2026-04-23 00:46:00,5.87755,0.97829,1.17997,0.63625
2026-04-23 01:46:00,5.79123,0.91781,1.15915,0.67579
2026-04-23 02:46:00,4.66206,0.85957,1.16161,0.66663
2026-04-23 03:46:00,3.11226,0.71651,1.18484,0.64848
2026-04-23 04:46:00,2.09023,0.57389,1.20416,0.61226
2026-04-23 05:46:00,0.98776,0.45109,1.18026,0.64399
2026-04-23 06:46:00,3.2932,0.73122,1.14651,0.63079
2026-04-23 07:46:00,1.05381,0.46142,1.17699,0.606
2026-04-23 08:46:00,1.02928,0.46512,1.19424,0.62318
2026-04-23 09:05:25,0.0014,0.00139,0.00206,0.00176
2026-04-23 10:46:00,6.28806,1.12961,1.11129,0.64168
2026-04-23 11:46:00,6.05692,0.98876,1.20956,0.62425
2026-04-23 12:46:00,5.91816,0.89678,1.26554,0.75289
2026-04-23 13:46:00,5.76783,0.91519,1.23046,0.92538
2026-04-23 14:46:00,5.24229,0.86134,1.20515,0.95892
2026-04-23 15:46:00,3.77819,0.77647,1.2597,0.78626
2026-04-23 16:46:00,4.22194,0.82429,1.24356,0.84214
2026-04-23 17:46:00,2.6441,0.64029,1.16387,0.90071
2026-04-23 18:46:00,1.52645,0.46364,1.19253,0.88368
2026-04-23 19:46:00,1.70391,0.49262,1.21602,0.80568
2026-04-23 20:46:00,1.17571,0.48201,1.25468,0.78655
2026-04-23 21:46:00,1.26318,0.50106,1.23369,0.75059
2026-04-23 22:46:00,3.2835,0.69267,1.24216,0.79207
2026-04-23 23:46:00,4.38666,0.8288,1.23179,0.83124
2026-04-24 00:46:00,4.08298,0.78886,1.21868,0.9126
2026-04-24 01:46:00,3.60867,0.74946,1.22524,0.87127
2026-04-24 02:46:00,4.2552,0.75348,1.25568,0.84206
2026-04-24 03:46:00,3.54677,0.70433,1.23288,0.8497
2026-04-24 04:46:00,4.53297,0.82137,1.26756,0.81858
2026-04-24 05:46:00,4.8153,0.81389,1.27803,0.8201
2026-04-24 06:46:00,4.21007,0.82171,1.29166,0.7714
2026-04-24 07:46:00,4.47562,0.84081,1.29769,0.85576
2026-04-24 08:46:00,5.31028,0.92409,1.22744,0.93061
2026-04-24 09:46:00,5.16283,0.9183,1.31094,0.8365
2026-04-24 10:46:00,4.92808,0.89077,1.33318,0.86193
2026-04-24 11:46:00,5.09295,0.93302,1.26947,0.91832
2026-04-24 12:46:00,4.78768,0.87566,1.30449,0.79167
2026-04-24 13:46:00,5.06855,0.89235,1.34083,0.82129
2026-04-24 14:46:00,4.63972,0.8424,1.34182,0.83846
2026-04-24 15:46:00,5.19813,0.90625,1.28465,0.90881
2026-04-24 16:46:00,5.42236,0.94076,1.33113,0.86306
2026-04-24 17:46:00,4.433,0.84604,1.35213,0.88877
2026-04-24 18:46:00,5.83695,0.97302,1.34266,0.7883
2026-04-24 19:46:00,5.05364,0.91858,1.31446,0.75424
2026-04-24 20:46:00,6.17268,1.12309,1.32971,0.78991
2026-04-24 21:46:00,5.52505,0.99503,1.23881,0.8529
2026-04-24 22:46:00,4.30465,0.84081,1.29386,0.83389
2026-04-24 23:46:00,2.6346,0.67451,1.27525,0.85578
2026-04-25 00:46:00,1.97609,0.59729,1.35169,0.69793
2026-04-25 01:46:00,2.12354,0.59596,1.32513,0.75066
2026-04-25 02:46:00,2.07963,0.62244,1.28702,0.84687
2026-04-25 03:46:00,2.27391,0.63749,1.28942,0.81102
2026-04-25 04:46:00,4.12337,0.83111,1.18813,0.77109
2026-04-25 05:46:00,6.6883,1.22401,1.1701,0.78465
2026-04-25 06:46:00,7.37892,1.36569,1.17365,0.79705
2026-04-25 07:46:00,7.44825,1.40825,1.3347,0.68943
2026-04-25 08:46:00,7.31675,1.3787,1.12005,0.96716
2026-04-25 09:46:00,5.47006,1.05785,1.22303,0.86455
2026-04-25 10:46:00,4.68069,0.90047,1.30734,0.7724
2026-04-25 11:46:00,5.60957,1.01178,1.2575,0.83825
2026-04-25 12:46:00,5.07518,0.94537,1.27862,0.75313
2026-04-25 13:46:00,5.12864,0.97373,1.25908,0.75778
2026-04-25 14:46:00,4.75085,0.91266,1.25367,0.81924
2026-04-25 15:46:00,5.09951,0.95503,1.25505,0.79986
2026-04-25 16:46:00,5.92525,1.04631,1.25678,0.76401
2026-04-25 17:46:00,5.30233,0.98448,1.25882,0.75501
2026-04-25 18:46:00,5.10127,0.96431,1.24817,0.85303
2026-04-25 19:46:00,4.77875,0.90754,1.28159,0.78809
2026-04-25 20:46:00,4.66894,0.90716,1.27188,0.67982
2026-04-25 21:46:00,4.44259,0.88736,1.28726,0.68103
2026-04-25 22:46:00,4.77076,0.90392,1.25413,0.71358
2026-04-25 23:46:00,4.71583,0.89479,1.19486,0.83326
2026-04-26 00:46:00,4.6437,0.88343,1.22703,0.81808
2026-04-26 01:46:00,4.38182,0.89572,1.22681,0.81915
2026-04-26 02:46:00,4.14784,0.84601,1.2083,0.83123
2026-04-26 03:46:00,4.6643,0.90222,1.18398,0.85614
2026-04-26 04:46:00,4.86734,0.94652,1.20901,0.73916
2026-04-26 05:46:00,4.70688,0.93805,1.22036,0.7843
2026-04-26 06:46:00,4.72009,0.92848,1.2359,0.78435
2026-04-26 07:46:00,5.16103,0.96361,1.22912,0.7614
2026-04-26 08:46:00,4.48722,0.88816,1.19963,0.89291
2026-04-26 09:46:00,5.04494,0.95563,1.20976,0.89533
2026-04-26 10:46:00,5.52895,0.98851,1.19696,0.94882
2026-04-26 11:46:00,4.66233,0.87906,1.21013,0.89175
2026-04-26 12:46:00,4.91852,0.94156,1.22197,0.84792
2026-04-26 13:46:00,4.93693,0.92454,1.22898,0.801
2026-04-26 14:46:00,5.6265,0.99559,1.17335,0.84406
2026-04-26 15:46:00,4.82742,0.90621,1.20101,0.8387
2026-04-26 16:46:00,5.38403,0.97469,1.22275,0.78583
2026-04-26 17:46:00,5.00291,0.91135,1.17111,0.79158
2026-04-26 18:46:00,5.02202,0.93542,1.20486,0.7899
2026-04-26 19:46:00,4.83947,0.89956,1.1958,0.72694
2026-04-26 20:46:00,4.60829,0.89647,1.18998,0.73828
2026-04-26 21:46:00,4.84176,0.90149,1.16497,0.76081
2026-04-26 22:46:00,4.57152,0.88126,1.17233,0.68588
2026-04-26 23:46:00,4.6463,0.87731,1.15315,0.7728
2026-04-27 00:46:00,5.36509,1.01528,1.19132,0.73704
2026-04-27 01:46:00,4.93705,0.89063,1.17378,0.75463
2026-04-27 02:46:00,5.17901,0.97512,1.15404,0.7042
2026-04-27 03:46:00,5.19279,0.96985,1.15192,0.76732
2026-04-27 04:46:00,4.67302,0.92489,1.13993,0.77845
2026-04-27 05:46:00,5.2684,0.98069,1.14187,0.75132
2026-04-27 06:46:00,5.53657,1.0393,1.14421,0.73992
2026-04-27 07:46:00,4.97737,0.94707,1.13049,0.77602
2026-04-27 08:46:00,5.59914,1.04657,1.12475,0.81288
2026-04-27 09:46:00,4.95033,0.96696,1.1486,0.8087
2026-04-27 10:46:00,6.29276,1.15576,1.0402,0.88556
2026-04-27 11:46:00,6.23478,1.12392,1.10401,0.9007
2026-04-27 12:46:00,5.20753,0.93821,1.12577,0.90811
2026-04-27 13:46:00,3.80395,0.78354,1.15951,0.72468
2026-04-27 14:46:00,2.921,0.66429,1.16122,0.76836
2026-04-27 15:46:00,3.25597,0.69624,1.11893,0.87985
2026-04-27 16:46:00,6.75136,1.15373,1.10102,0.838
2026-04-27 17:46:00,9.37001,1.55487,1.10364,0.82991
2026-04-27 18:46:00,6.51135,1.06172,1.12886,0.77894
2026-04-27 19:46:00,6.24421,1.00232,1.15051,0.66261
2026-04-27 20:46:00,3.44224,0.71951,1.16879,0.69078
2026-04-27 21:46:00,2.83312,0.63423,1.16868,0.68213
2026-04-27 22:46:00,2.26197,0.54652,1.13633,0.73217
2026-04-27 23:46:00,2.32672,0.56396,1.16605,0.67908
2026-04-28 00:46:00,3.66894,0.76036,1.1504,0.69133
2026-04-28 01:46:00,5.27724,0.96372,1.14039,0.71134
2026-04-28 02:46:00,7.76537,1.33956,1.15803,0.72335
2026-04-28 03:46:00,9.29475,1.58185,1.14222,0.70387
2026-04-28 04:46:00,9.66993,1.61903,1.15001,0.6512
2026-04-28 05:46:00,8.95739,1.54163,1.17216,0.69245
2026-04-28 06:46:00,8.43869,1.44571,1.17199,0.72609
2026-04-28 07:46:00,8.11342,1.41177,1.15361,0.78412
2026-04-28 08:46:00,6.05305,1.0595,1.14068,0.76429
2026-04-28 09:46:00,5.07758,0.96478,1.14561,0.79716
2026-04-28 10:46:00,5.83852,1.01241,1.07959,0.62003
2026-04-28 11:46:00,6.50177,1.12,1.1535,0.85618
2026-04-28 12:46:00,5.56085,0.9932,1.14836,0.79931
2026-04-28 13:46:00,5.37966,0.97044,1.16386,0.75425
2026-04-28 14:46:00,6.26192,1.10357,1.17432,0.76878
2026-04-28 15:46:00,6.87938,1.19065,1.13676,0.90455
2026-04-28 16:46:00,5.27573,0.91526,1.0397,0.66184
2026-04-28 17:46:00,5.35522,0.93855,1.11847,0.96077
2026-04-28 18:46:00,5.52786,1.00425,1.1015,0.93861
2026-04-28 19:46:00,4.67432,0.87274,1.11678,0.86375
2026-04-28 20:46:00,5.84273,1.00045,1.12362,0.81989
2026-04-28 21:46:00,5.90361,1.09316,1.10737,0.92355
2026-04-28 22:46:00,6.52035,1.09729,1.09434,0.90521
2026-04-28 23:46:00,5.55947,0.91586,1.03848,0.86616
2026-04-29 00:46:00,3.49279,0.73368,1.09139,0.86024
2026-04-29 01:46:00,3.15394,0.70754,1.09399,0.92043
2026-04-29 02:46:00,2.02067,0.56072,1.10901,0.93947
2026-04-29 03:46:00,3.13285,0.70815,1.13053,0.90957
2026-04-29 04:46:00,2.13745,0.58346,1.09245,0.97874
2026-04-29 05:46:00,2.80063,0.65159,1.10433,0.8267
2026-04-29 06:46:00,2.43983,0.61042,1.11192,0.93609
2026-04-29 07:46:00,4.7725,0.87693,1.08194,1.01133
2026-04-29 08:46:00,3.80255,0.76374,1.08257,1.04957
2026-04-29 09:46:00,6.00422,1.02572,1.07665,1.01485
2026-04-29 10:46:00,6.5972,1.1136,1.10822,0.89373
2026-04-29 11:46:00,7.67709,1.27258,1.08768,0.81642
2026-04-29 12:46:00,8.87071,1.46593,1.10083,0.93777
2026-04-29 13:46:00,8.68182,1.43741,1.10482,0.91945
2026-04-29 14:46:00,8.90474,1.47481,1.09012,0.93352
2026-04-29 15:46:00,8.90301,1.4681,1.11454,0.88764
2026-04-29 16:46:00,8.12219,1.34244,1.09684,0.87472
2026-04-29 17:46:00,7.81023,1.28516,1.10584,0.91941
2026-04-29 18:46:00,7.56614,1.24544,1.08033,0.92586
2026-04-29 19:46:00,6.84712,1.17866,1.0841,0.96145
2026-04-29 20:46:00,6.27875,1.07841,1.08135,0.9928
2026-04-29 21:46:00,5.14789,0.94023,1.15009,0.74398
2026-04-29 22:46:00,5.99119,1.06155,1.13697,0.64595
2026-04-29 23:46:00,5.55007,1.04522,1.09563,0.77526
2026-04-30 00:46:00,6.20313,1.11488,1.12665,0.87653
2026-04-30 01:46:00,6.42,1.13062,1.13809,0.85287
2026-04-30 02:46:00,5.12604,0.96522,1.13592,0.92428
2026-04-30 03:46:00,5.1918,1.02854,1.1722,0.78743
2026-04-30 04:46:00,5.48052,0.9795,1.16808,0.81341
2026-04-30 05:46:00,5.30595,0.99606,1.15814,0.83281
2026-04-30 06:46:00,5.02778,0.9553,1.13631,0.80116
2026-04-30 07:46:00,4.74916,0.92079,1.01617,0.71545
2026-04-30 08:46:00,5.31122,0.99786,1.00094,0.74886
2026-04-30 09:46:00,5.11854,0.946,1.00411,0.67093
2026-04-30 10:46:00,6.45151,1.10629,0.99567,0.77425
2026-04-30 11:46:00,5.4969,0.98738,1.0154,0.76019
2026-04-30 12:46:00,5.48593,0.99363,1.12579,1.07058
2026-04-30 13:46:00,6.12974,1.04367,1.12125,0.72688
2026-04-30 14:46:00,6.5596,1.10378,1.17381,0.76018
2026-04-30 15:46:00,6.48332,1.10994,1.17597,0.70003
2026-04-30 16:46:00,5.93397,1.03263,1.17211,0.7566
2026-04-30 17:46:00,6.58461,1.13919,1.16939,0.67438
2026-04-30 18:46:00,5.88046,1.00522,1.12112,0.80625
2026-04-30 19:46:00,5.27484,0.95439,1.15617,0.78589
2026-04-30 20:46:00,5.23459,0.93732,1.17592,0.81095
2026-04-30 21:46:00,4.89498,0.89962,1.19357,0.81913
2026-04-30 22:46:00,5.55169,1.00034,1.17259,0.7866
2026-04-30 23:46:00,5.45102,0.99712,1.13274,0.86001
2026-05-01 00:46:00,5.44034,1.04228,1.14086,0.91453
2026-05-01 01:46:00,5.24088,1.02154,1.12887,0.93447
2026-05-01 02:46:00,4.88741,0.96186,1.12331,1.00316
2026-05-01 03:46:00,4.59229,0.88809,1.10462,0.96319
2026-05-01 04:46:00,4.6699,0.94323,1.10232,0.93173
2026-05-01 05:46:00,4.78614,0.92169,1.07387,0.96966
2026-05-01 06:46:00,4.49758,0.8957,1.08147,1.06158
2026-05-01 07:46:00,4.62852,0.92557,1.08361,1.03828
2026-05-01 08:46:00,4.98014,0.94542,1.07713,1.0447
2026-05-01 09:46:00,5.60986,1.02394,1.06918,1.11628
2026-05-01 10:46:00,4.83847,0.92242,1.05399,1.0718
2026-05-01 11:46:00,5.38062,0.98373,1.0856,1.02227
2026-05-01 12:46:00,5.26622,0.94503,1.05679,1.05436
2026-05-01 13:46:00,5.55754,0.98167,1.06166,1.04526
2026-05-01 14:46:00,5.45817,0.95819,1.04615,1.03962
2026-05-01 15:46:00,5.34798,0.95621,1.04592,1.04282
2026-05-01 16:46:00,5.35252,0.95671,1.09735,0.93286
2026-05-01 17:46:00,6.31181,1.09607,1.0574,1.02361
2026-05-01 18:46:00,6.19594,1.05755,1.06654,1.11818
2026-05-01 19:46:00,4.92058,0.91453,1.0466,1.00949
2026-05-01 20:46:00,5.07819,0.92327,1.06211,0.98898
2026-05-01 21:46:00,6.34907,1.09342,1.0738,1.02373
2026-05-01 22:46:00,6.06308,1.05893,1.05706,0.92745
2026-05-01 23:46:00,5.64742,1.02228,1.06823,0.93453
2026-05-02 00:46:00,5.1297,0.97839,1.07553,0.93321
2026-05-02 01:46:00,6.29025,1.13686,1.05468,0.96392
2026-05-02 02:46:00,5.72427,1.05604,1.0786,0.91624
2026-05-02 03:46:00,4.85392,0.95246,1.08504,0.87471
2026-05-02 04:46:00,5.12177,0.96172,1.04573,1.04208
2026-05-02 05:46:00,4.86378,0.90547,1.07488,0.94553
2026-05-02 06:46:00,5.03921,0.93289,1.06442,0.95403
2026-05-02 07:46:00,4.79041,0.9386,1.05977,0.86415
2026-05-02 08:46:00,3.76775,0.82555,1.07187,0.8608
2026-05-02 09:46:00,4.16041,0.82969,1.04197,0.94202
2026-05-02 10:46:00,4.54263,0.85048,1.04557,0.90378
2026-05-02 11:46:00,4.00746,0.72494,1.04285,0.98045
2026-05-02 12:46:00,4.05403,0.75341,1.0454,0.97867
2026-05-02 13:46:00,4.41872,0.78673,1.03939,0.96802
2026-05-02 14:46:00,4.17143,0.763,1.06715,0.871
2026-05-02 15:46:00,4.67,0.80144,1.06631,0.84326
2026-05-02 16:46:00,4.58538,0.81931,1.03151,0.92538
2026-05-02 17:46:00,4.52905,0.84849,1.06482,1.01446
2026-05-02 18:46:00,4.59976,0.83098,1.08569,0.8665
2026-05-02 19:46:00,4.34389,0.80513,1.07786,0.87381
2026-05-02 20:46:00,3.48705,0.73978,1.10319,0.81103
2026-05-02 21:46:00,3.9278,0.80101,1.08879,0.86958
2026-05-02 22:46:00,4.04627,0.77612,1.07467,0.8799
2026-05-02 23:46:00,4.53396,0.83415,1.07208,0.83779
2026-05-03 00:46:00,4.4281,0.80822,1.07288,0.85767
2026-05-03 01:46:00,3.22964,0.69627,1.04849,0.83178
2026-05-03 02:46:00,4.24242,0.82542,1.07267,0.83497
2026-05-03 03:46:00,3.85984,0.75632,1.07493,0.8698
2026-05-03 04:46:00,4.28997,0.79979,1.07045,0.79846
2026-05-03 05:46:00,5.0713,0.89354,1.05976,0.85703
2026-05-03 06:46:00,5.41273,0.92517,1.04886,0.78336
2026-05-03 07:46:00,4.95566,0.86485,1.0721,0.85204
2026-05-03 08:46:00,4.44721,0.83897,1.10099,0.87952
2026-05-03 09:46:00,4.33539,0.82048,1.10417,0.69703
2026-05-03 10:46:00,4.21674,0.78186,1.05493,0.97461
2026-05-03 11:46:00,4.75972,0.85867,1.0569,0.94692
2026-05-03 12:46:00,5.14303,0.86998,1.04818,1.06102
2026-05-03 13:46:00,5.22507,0.87814,1.04375,0.98966
2026-05-03 14:46:00,4.35573,0.79568,1.04583,0.91635
2026-05-03 15:46:00,4.8733,0.85974,1.03282,1.00345
2026-05-03 16:46:00,5.90271,0.996,1.02147,1.03645
2026-05-03 17:46:00,5.3726,0.93522,1.02358,1.03781
2026-05-03 18:46:00,5.16104,0.89313,1.03839,1.09283
2026-05-03 19:46:00,4.76361,0.90039,1.028,0.98105
2026-05-03 20:46:00,4.57512,0.85441,1.01006,0.99518
2026-05-03 21:46:00,3.50647,0.72181,0.98678,1.0089
2026-05-03 22:46:00,4.17934,0.79057,1.04197,1.10693
2026-05-03 23:46:00,3.74723,0.70769,1.05257,1.02708
2026-05-04 00:46:00,4.39918,0.79002,1.05918,1.022
2026-05-04 01:46:00,2.94968,0.69354,1.0823,1.025
2026-05-04 02:46:00,4.38508,0.76601,1.11668,1.00411
2026-05-04 03:46:00,4.7254,0.81571,1.08043,0.96808
2026-05-04 04:46:00,4.12974,0.78361,1.10046,0.96996
2026-05-04 05:46:00,2.88009,0.69658,1.08023,0.99333
2026-05-04 06:46:00,2.61854,0.66669,1.09841,1.00503
2026-05-04 07:46:00,2.8791,0.64179,1.10319,0.98761
2026-05-04 08:46:00,2.95641,0.67899,1.1065,0.98197
2026-05-04 09:46:00,3.47443,0.76822,1.11556,0.97193
2026-05-04 10:46:00,3.68552,0.78913,1.1102,0.96423
2026-05-04 11:46:00,6.00704,0.90709,1.21349,0.90687
2026-05-04 12:46:00,1.24369,0.47196,1.21913,0.91773
2026-05-04 13:46:00,2.45651,0.59892,1.25091,0.85593
2026-05-04 14:46:00,4.70593,0.85607,1.21756,0.92674
2026-05-04 15:46:00,4.97744,0.91331,1.23095,0.80381
2026-05-04 16:46:00,5.11543,0.86023,1.21201,0.79172
2026-05-04 17:46:00,4.80265,0.84424,1.28414,0.81444
2026-05-04 18:46:00,5.40486,0.85437,1.30309,0.66404
2026-05-04 19:46:00,5.21995,0.82781,1.31659,0.72503
2026-05-04 20:46:00,4.61856,0.81335,1.36107,0.76719
2026-05-04 21:46:00,5.50708,0.90777,1.33823,0.76294
2026-05-04 22:46:00,6.11226,0.99306,1.34631,0.70504
2026-05-04 23:46:00,4.46919,0.85713,1.3097,0.78015
2026-05-05 00:46:00,4.30093,0.83981,1.33336,0.82305
2026-05-05 01:46:00,6.32174,1.10379,1.3187,0.82933
2026-05-05 02:46:00,5.25559,0.92749,1.30583,0.8108
2026-05-05 03:46:00,4.94191,0.93519,1.27866,0.88409
2026-05-05 04:46:00,6.06344,1.10043,1.31207,0.86647
2026-05-05 05:46:00,5.76178,1.10586,1.29162,0.83189
2026-05-05 06:46:00,5.82091,1.096,1.31144,0.85334
2026-05-05 07:46:00,5.53083,1.07177,1.31654,0.94181
2026-05-05 08:46:00,5.42862,1.06945,1.35013,0.92797
2026-05-05 09:46:00,5.39716,1.04449,1.34642,0.87575
2026-05-05 10:46:00,4.70339,0.90684,1.40126,0.86446
2026-05-05 11:46:00,4.85529,0.8464,1.37627,0.87444
2026-05-05 12:46:00,5.15106,0.91763,1.41818,0.97898
2026-05-05 13:46:00,5.26199,0.91147,1.39785,0.9917
2026-05-05 14:46:00,5.2503,0.9432,1.43517,0.94268
2026-05-05 15:46:00,5.35322,0.87079,1.44482,0.98268
2026-05-05 16:46:00,5.83611,0.9522,1.46357,0.88273
2026-05-05 17:46:00,4.53493,0.83491,1.42779,0.74979
2026-05-05 18:46:00,4.70784,0.85874,1.4008,0.72363
2026-05-05 19:46:00,4.54345,0.83931,1.38943,0.85902
2026-05-05 20:46:00,5.1623,0.94398,1.42823,0.76738
2026-05-05 21:46:00,4.68605,0.91257,1.41466,0.79394
2026-05-05 22:46:00,4.43213,0.88433,1.45008,0.75502
2026-05-05 23:46:00,4.85358,0.8872,1.47693,0.8462
2026-05-06 00:46:00,6.18171,1.1045,1.40092,0.85962
2026-05-06 01:46:00,5.61101,1.03127,1.42763,0.80795
2026-05-06 02:46:00,3.99704,0.81566,1.45162,0.81781
2026-05-06 03:46:00,4.233,0.79495,1.44859,0.82435
2026-05-06 04:46:00,4.26035,0.82095,1.46103,0.82722
2026-05-06 05:46:00,4.39243,0.84139,1.48907,0.83694
2026-05-06 06:46:00,4.00681,0.79398,1.41131,0.5966
2026-05-06 07:46:00,3.42058,0.72666,1.39454,0.63937
2026-05-06 08:46:00,3.80901,0.81282,1.38321,0.69831
2026-05-06 09:46:00,3.62841,0.76408,1.39383,0.71438
2026-05-06 10:46:00,0.00178,0.0019,0.00243,0.00222
2026-05-06 11:46:00,0.00165,0.00167,0.00206,0.00184
2026-05-06 12:46:00,0.00153,0.00151,0.00208,0.00181
2026-05-06 13:46:00,0.00149,0.00151,0.00206,0.00184
2026-05-06 14:46:00,0.00147,0.00147,0.00205,0.0018
2026-05-06 15:46:00,0.00148,0.00151,0.00207,0.00182
2026-05-06 16:46:00,0.00153,0.00157,0.00206,0.00181
2026-05-06 17:46:00,0.30717,0.49488,1.23211,0.49321
2026-05-06 18:46:00,5.91298,1.11045,1.45599,0.71963
2026-05-06 19:46:00,6.01581,0.98687,1.47273,0.77689
2026-05-06 20:46:00,6.13392,0.99551,1.52656,0.72816
2026-05-06 21:46:00,6.05436,0.94282,1.4901,0.78296
2026-05-06 22:46:00,5.98942,0.87849,1.48437,0.79621
2026-05-06 23:46:00,4.52096,0.81002,1.46937,0.87366
2026-05-07 00:46:00,2.30952,0.54108,1.46001,0.87861
2026-05-07 01:46:00,1.44016,0.46325,1.49239,0.76484
2026-05-07 02:46:00,1.0415,0.4417,1.53169,0.86046
2026-05-07 03:46:00,1.40819,0.48425,1.54508,0.71798
2026-05-07 04:46:00,2.92746,0.60027,1.54949,0.67051
2026-05-07 05:46:00,3.74475,0.70517,1.53807,0.69803
2026-05-07 06:46:00,3.93966,0.7282,1.57332,0.64938
2026-05-07 07:46:00,3.12778,0.65746,1.55364,0.6708
2026-05-07 08:46:00,3.29184,0.7065,1.54774,0.76495
2026-05-07 09:46:00,4.18587,0.81515,1.55942,0.83199
2026-05-07 10:46:00,3.86105,0.75647,1.43466,0.7752
2026-05-07 11:46:00,4.19407,0.76022,1.56491,0.98052
2026-05-07 12:46:00,4.97928,0.83415,1.56882,0.86733
2026-05-07 13:46:00,3.71452,0.72432,1.5558,0.85284
2026-05-07 14:46:00,3.67941,0.70516,1.59791,0.80599
2026-05-07 15:46:00,3.29298,0.64718,1.60212,0.82594
2026-05-07 16:46:00,2.41577,0.57387,1.61788,0.72893
2026-05-07 17:46:00,3.67354,0.69042,1.61251,0.81502
2026-05-07 18:46:00,3.162,0.64195,1.61663,0.82325
2026-05-07 19:46:00,4.66412,0.82466,1.60832,0.81632
2026-05-07 20:46:00,5.78416,0.91434,1.61444,0.79901
2026-05-07 21:46:00,5.77511,0.89524,1.65252,0.78805
2026-05-07 22:46:00,6.41608,0.95921,1.65251,0.74561
2026-05-07 23:46:00,6.48792,0.97732,1.63546,0.87936
2026-05-08 00:46:00,5.47672,0.8886,1.60436,0.86701
2026-05-08 01:46:00,6.16354,0.99512,1.59211,0.83638
2026-05-08 02:46:00,6.16907,0.98109,1.58734,0.80693
2026-05-08 03:46:00,5.28015,0.89415,1.55733,0.76921
2026-05-08 04:46:00,5.11528,0.86103,1.57096,0.79704
2026-05-08 05:46:00,4.74703,0.82432,1.55421,0.80417
2026-05-08 06:46:00,6.14827,1.00268,1.54464,0.81047
2026-05-08 07:46:00,5.49427,0.97672,1.55802,0.79928
2026-05-08 08:46:00,4.18423,0.796,1.56495,0.80977
2026-05-08 09:46:00,3.84532,0.74219,1.56603,0.8305
2026-05-08 10:46:00,2.26082,0.55942,1.58015,0.86085
2026-05-08 11:46:00,2.39872,0.57209,1.63923,0.91669
2026-05-08 12:46:00,3.75616,0.72624,1.64761,0.82313
2026-05-08 13:46:00,3.74621,0.73741,1.73756,0.77936
2026-05-08 14:46:00,3.12133,0.65108,1.70888,0.77411
2026-05-08 15:46:00,5.46652,0.97376,1.70339,0.7582
2026-05-08 16:46:00,7.52176,1.25132,1.70755,0.73456
2026-05-08 17:46:00,7.75722,1.31474,1.69808,0.7773
2026-05-08 18:46:00,7.32846,1.24406,1.71413,0.78
2026-05-08 19:46:00,6.29902,1.12653,1.73847,0.72778
2026-05-08 20:46:00,5.16582,0.91625,1.72885,0.72582
2026-05-08 21:46:00,4.55915,0.82055,1.69794,0.74426
2026-05-08 22:46:00,4.4826,0.88311,1.73721,0.79151
2026-05-08 23:46:00,4.82065,0.90122,1.71812,0.77234
2026-05-09 00:46:00,5.54716,0.94361,1.69435,0.79021
2026-05-09 01:46:00,4.67176,0.86495,1.68094,0.80014
2026-05-09 02:46:00,4.67819,0.86456,1.69812,0.76862
2026-05-09 03:46:00,4.32944,0.8113,1.72605,0.74204
2026-05-09 04:46:00,5.02951,0.94407,1.68339,0.73309
2026-05-09 05:46:00,4.91004,0.94943,1.71513,0.72124
2026-05-09 06:46:00,5.13307,0.92206,1.65159,0.70498
2026-05-09 07:46:00,5.0519,0.96851,1.69598,0.81396
2026-05-09 08:46:00,5.4007,0.95379,1.71398,0.75636
2026-05-09 09:46:00,4.82628,0.91335,1.70491,0.7885
2026-05-09 10:46:00,4.68695,0.89781,1.66948,0.76394
2026-05-09 11:46:00,5.92876,1.0107,1.63058,0.76356
2026-05-09 12:46:00,5.85048,1.00995,1.69248,0.80631
2026-05-09 13:46:00,4.76102,0.89121,1.70741,0.765
2026-05-09 14:46:00,5.76859,1.01932,1.70935,0.6523
2026-05-09 15:46:00,4.89876,0.87579,1.72659,0.76292
2026-05-09 16:46:00,5.32374,0.95939,1.69366,0.87624
2026-05-09 17:46:00,5.44842,0.96293,1.70505,0.87528
2026-05-09 18:46:00,5.26777,0.89212,1.71548,0.96436
2026-05-09 19:46:00,5.4721,0.93311,1.73442,0.79933
2026-05-09 20:46:00,5.00025,0.90242,1.73325,0.7214
2026-05-09 21:46:00,5.08616,0.92965,1.73567,0.74595
2026-05-09 22:46:00,5.20682,0.96396,1.68072,0.72976
2026-05-09 23:46:00,5.25799,0.96061,1.70848,0.7945
2026-05-10 00:46:00,5.16711,0.97033,1.7432,0.78376
2026-05-10 01:46:00,5.59757,0.94321,1.70458,0.72298
2026-05-10 02:46:00,5.17059,0.91197,1.72646,0.79532
2026-05-10 03:46:00,7.31204,1.18856,1.72697,0.76369
2026-05-10 04:46:00,6.00542,1.04954,1.66299,0.93985
2026-05-10 05:46:00,3.72981,0.75914,1.65441,0.89126
2026-05-10 06:46:00,4.57627,0.80754,1.63616,0.70825
2026-05-10 07:46:00,4.11748,0.76931,1.74578,0.73675
2026-05-10 08:46:00,5.49365,0.93475,1.78768,0.67422
2026-05-10 09:46:00,3.98208,0.76515,1.71349,0.9626
2026-05-10 10:46:00,4.22308,0.78826,1.75661,1.00021
2026-05-10 11:46:00,4.68676,0.78304,1.75258,0.96999
2026-05-10 12:46:00,5.03904,0.8093,1.69513,0.74862
2026-05-10 13:46:00,4.63391,0.78522,1.6483,0.79651
2026-05-10 14:46:00,3.97295,0.75231,1.75267,0.77136
2026-05-10 15:46:00,4.55394,0.82573,1.73939,0.82998
2026-05-10 16:46:00,5.40309,0.8832,1.62589,0.87642
2026-05-10 17:46:00,5.10677,0.86832,1.63122,0.89405
2026-05-10 18:46:00,5.7065,0.95363,1.6852,0.85102
2026-05-10 19:46:00,5.47746,0.90493,1.7196,0.92628
2026-05-10 20:46:00,5.93719,0.9685,1.76713,0.79452
2026-05-10 21:46:00,4.92747,0.86374,1.72697,0.80779
2026-05-10 22:46:00,4.894,0.89011,1.72899,0.79456
2026-05-10 23:46:00,5.60535,0.96956,1.75558,0.79669
2026-05-11 00:46:00,5.6751,0.96747,1.6849,0.79866
2026-05-11 01:46:00,5.46529,0.97052,1.74343,0.83177
2026-05-11 02:46:00,5.56889,0.99397,1.79853,0.82415
2026-05-11 03:46:00,5.15006,0.95009,1.77406,0.80323
2026-05-11 04:46:00,5.55544,0.99744,1.8037,0.80857
2026-05-11 05:46:00,5.97251,1.04575,1.78078,0.78314
2026-05-11 06:46:00,5.23003,0.97461,1.73797,0.73277
2026-05-11 07:46:00,4.60065,0.87283,1.83674,0.79758
2026-05-11 08:46:00,4.73892,0.8599,1.77643,0.84832
2026-05-11 09:46:00,4.49525,0.87277,1.80949,0.80228
2026-05-11 10:46:00,5.22761,0.80417,1.8195,0.83513
2026-05-11 11:46:00,2.83391,0.5974,1.8297,0.78616
2026-05-11 12:46:00,5.21406,0.86173,1.81553,0.84914
2026-05-11 13:46:00,4.67327,0.7228,1.85559,0.81523
2026-05-11 14:46:00,4.5777,0.74422,1.83753,0.90473
2026-05-11 15:46:00,4.9038,0.75835,1.85414,0.81606
2026-05-11 16:46:00,4.56062,0.75743,1.85811,0.8675
2026-05-11 17:46:00,3.85394,0.7075,1.85785,0.85317
2026-05-11 18:46:00,3.21977,0.67271,1.85525,0.8441
2026-05-11 19:46:00,3.33906,0.63478,1.84682,0.87727
2026-05-11 20:46:00,5.01768,0.82692,1.85113,0.8342
2026-05-11 21:46:00,3.93125,0.73784,1.832,0.66794
2026-05-11 22:46:00,4.4422,0.76999,1.90844,0.82383
2026-05-11 23:46:00,5.10728,0.84179,1.93415,0.84627
2026-05-12 00:46:00,4.3939,0.78553,1.9031,0.78586
2026-05-12 01:46:00,4.37428,0.7601,1.9177,0.81285
2026-05-12 02:46:00,3.39758,0.6926,1.87721,0.82813
2026-05-12 03:46:00,3.54068,0.67256,1.89723,0.76595
2026-05-12 04:46:00,3.52696,0.66976,1.90912,0.75169
2026-05-12 05:46:00,2.96576,0.65105,1.92386,0.85356
2026-05-12 06:46:00,3.7241,0.74839,1.95077,0.85377
2026-05-12 07:46:00,4.02801,0.70234,1.89819,0.84167
2026-05-12 08:46:00,4.2443,0.73842,1.89058,0.88423
2026-05-12 09:46:00,4.10498,0.7521,1.88231,0.83645
2026-05-12 10:46:00,3.41736,0.64615,1.90814,0.90995
2026-05-12 11:46:00,3.96187,0.71862,1.943,0.83644
2026-05-12 12:46:00,4.87889,0.84067,1.96335,0.74239
2026-05-12 13:46:00,4.22935,0.77052,1.96328,0.82737
2026-05-12 14:46:00,3.81721,0.6686,1.94369,0.85734
2026-05-12 15:46:00,4.45721,0.75274,2.01912,0.90493
2026-05-12 16:46:00,3.18769,0.64845,2.03773,0.78095
2026-05-12 17:46:00,3.22133,0.63502,2.04553,0.92909
2026-05-12 18:46:00,4.08515,0.73609,2.08966,0.87797
2026-05-12 19:46:00,3.78531,0.73613,2.10475,0.81634
2026-05-12 20:46:00,3.38921,0.65089,2.10622,0.81738
2026-05-12 21:46:00,4.08574,0.73318,2.08288,0.76323
2026-05-12 22:46:00,2.89558,0.67736,2.08078,0.74966
2026-05-12 23:46:00,3.23597,0.67716,2.00745,0.93029
2026-05-13 00:46:00,2.42907,0.59936,1.969,0.92477
2026-05-13 01:46:00,2.25516,0.60353,1.98712,0.86284
2026-05-13 02:46:00,2.5616,0.62827,2.03237,0.87229
2026-05-13 03:46:00,2.26683,0.60921,1.99955,0.88814
2026-05-13 04:46:00,2.25916,0.58213,2.00833,0.86503
2026-05-13 05:46:00,2.65265,0.63362,1.94928,0.81038
2026-05-13 06:46:00,2.18915,0.58494,1.99712,0.82126
2026-05-13 07:46:00,2.30009,0.5894,2.00758,0.84826
2026-05-13 08:46:00,3.00382,0.62778,2.0998,0.79857
2026-05-13 09:46:00,3.26834,0.63463,1.75676,0.75402
2026-05-13 10:46:00,3.2936,0.66821,2.08158,0.84648
2026-05-13 11:46:00,3.21682,0.68556,2.03529,0.87017
2026-05-13 12:46:00,3.76028,0.70859,1.96977,0.95785
2026-05-13 13:46:00,3.3729,0.67558,2.03033,0.74894
2026-05-13 14:46:00,3.75428,0.66855,2.02846,0.81345
2026-05-13 15:46:01,4.01251,0.72233,2.0274,0.81091
2026-05-13 16:46:00,4.08391,0.76813,2.06026,0.83694
2026-05-13 17:46:00,4.30836,0.77974,2.01642,0.89437
2026-05-13 18:46:00,4.22209,0.75053,1.94777,0.82015
2026-05-13 19:46:00,3.85433,0.72796,1.93455,0.79123
2026-05-13 20:46:00,3.80344,0.77516,1.96965,0.78973
2026-05-13 21:46:00,3.93687,0.75141,1.76668,0.68056
2026-05-13 22:46:00,4.53033,0.77711,1.95983,0.76674
2026-05-13 23:46:00,3.29462,0.70079,1.88883,0.69601
2026-05-14 00:46:00,0.0021,0.00241,0.00273,0.00288
2026-05-14 01:46:00,0.00158,0.00189,0.00249,0.00277
2026-05-14 02:46:00,0.0017,0.00184,0.00257,0.0027
2026-05-14 03:46:00,0.00163,0.00174,0.0025,0.00262
2026-05-14 04:46:00,0.00159,0.00176,0.00259,0.00262
2026-05-14 05:46:00,0.00167,0.00185,0.00266,0.00283
2026-05-14 06:46:00,0.00167,0.00181,0.00263,0.00278
2026-05-14 07:46:00,5.70609,1.1187,2.10915,0.75093
2026-05-14 08:46:00,3.58267,0.76883,2.06603,0.74891
2026-05-14 09:46:00,3.65822,0.89546,2.1508,0.83767
2026-05-14 10:46:00,6.08903,0.91586,2.14065,0.76916
2026-05-14 11:46:00,5.99806,0.89017,2.11536,0.7871
2026-05-14 12:46:00,6.14642,0.88038,2.08419,0.90026
2026-05-14 13:46:00,4.52894,0.79693,2.12394,0.91983
2026-05-14 14:46:00,2.59521,0.6006,2.17655,0.87846
2026-05-14 15:46:00,1.87826,0.46907,1.90312,0.74725
2026-05-14 16:46:00,2.97225,0.6349,2.17767,0.93707
2026-05-14 17:46:00,4.32967,0.78477,2.23911,0.99752
2026-05-14 18:46:00,5.04351,0.84124,2.14608,0.99532
2026-05-14 19:46:00,6.10896,0.91013,2.24892,0.9802
2026-05-14 20:46:00,6.00907,0.90745,2.25065,0.89475
2026-05-14 21:46:00,5.53986,0.82859,2.2755,0.85788
2026-05-14 22:46:00,5.17409,0.79294,2.24069,0.86888
2026-05-14 23:46:00,6.16143,0.92776,2.23816,0.84342
2026-05-15 00:46:00,6.11108,0.98476,2.29935,0.76785
2026-05-15 01:46:00,5.87758,1.01745,2.38652,0.82593
2026-05-15 02:46:00,5.14993,0.84458,2.24308,0.8408
2026-05-15 03:46:00,1.23685,0.47581,2.34162,0.72283
2026-05-15 04:46:00,2.54429,0.58994,2.37779,0.74746
2026-05-15 05:46:00,3.8605,0.69785,2.34078,0.74579
2026-05-15 06:46:00,5.2136,0.85355,2.40744,0.74581
2026-05-15 07:46:00,6.67662,1.09754,2.22566,0.80997
2026-05-15 08:46:00,5.80656,0.96754,2.35144,0.83736
2026-05-15 09:46:00,5.83597,0.94693,2.36323,0.83366
2026-05-15 10:46:00,5.8403,0.9459,2.38416,0.82604
2026-05-15 11:46:00,5.33396,0.87107,2.3858,0.78513
2026-05-15 12:46:00,6.62278,1.13646,2.41628,0.85418
2026-05-15 13:46:00,6.24516,1.07545,2.37802,0.81522
2026-05-15 14:46:00,6.04643,1.04307,2.38298,0.77689
2026-05-15 15:46:00,6.6242,1.13254,2.37633,0.81624
2026-05-15 16:46:00,6.28674,1.07713,2.40315,0.83635
2026-05-15 17:46:00,5.85836,1.03731,2.41951,0.84666
2026-05-15 18:46:00,6.55201,1.1493,2.39587,0.81538
2026-05-15 19:46:00,6.09413,1.0736,2.3456,0.86739
2026-05-15 20:46:00,5.42084,0.98749,2.38635,0.83762
2026-05-15 21:46:00,4.94846,0.90522,2.35484,0.82988
2026-05-15 22:46:00,4.97711,0.9407,2.32613,0.91486
2026-05-15 23:46:00,5.78911,0.97033,2.26893,0.89438
2026-05-16 00:46:00,4.26488,0.86967,2.29457,0.90131
2026-05-16 01:46:00,4.68654,0.86214,2.2558,0.8861
2026-05-16 02:46:00,4.93581,0.89332,2.23472,0.90424
2026-05-16 03:46:00,5.06831,0.88311,2.23961,0.85437
2026-05-16 04:46:00,5.13173,0.90233,2.25285,0.84187
2026-05-16 05:46:00,5.00602,0.86588,2.24183,0.8749
2026-05-16 06:46:00,5.01472,0.91846,2.23471,0.79851
2026-05-16 07:46:00,5.24728,0.93209,2.3049,0.84514
2026-05-16 08:46:00,5.21319,0.92862,2.39448,0.88371
2026-05-16 09:46:00,4.78889,0.89498,2.48196,0.673
2026-05-16 10:46:00,4.57441,0.87385,2.5201,0.82212
2026-05-16 11:46:00,5.99575,1.03165,2.57561,0.88501
2026-05-16 12:46:00,5.67862,0.97343,2.55667,0.86284
2026-05-16 13:46:00,5.59386,0.95972,2.5643,0.7728
2026-05-16 14:46:00,5.46267,0.95946,2.56435,0.86202
2026-05-16 15:46:00,5.60221,1.02299,2.547,0.92304
2026-05-16 16:46:00,5.59984,0.96955,2.51492,0.89211
2026-05-16 17:46:00,5.18663,0.94572,2.52268,1.0074
2026-05-16 18:46:00,5.54451,0.94733,2.44821,0.98736
2026-05-16 19:46:00,5.19849,0.91407,2.411,0.97552
2026-05-16 20:46:00,5.43463,0.96828,2.44872,0.98195
2026-05-16 21:46:00,4.67798,0.87893,2.48896,0.83064
2026-05-16 22:46:00,5.50489,1.01513,2.48574,0.89674
2026-05-16 23:46:00,5.55459,1.00971,2.4677,0.85145
2026-05-17 00:46:00,5.52212,1.03037,2.46373,0.85562
2026-05-17 01:46:00,4.48387,0.8552,2.47543,0.83269
2026-05-17 02:46:00,5.01996,0.92555,2.51703,0.85319
2026-05-17 03:46:00,4.45284,0.84229,2.45643,0.80246
2026-05-17 04:46:00,4.53251,0.8272,2.49261,0.86052
2026-05-17 05:46:00,5.2059,0.89736,2.56772,0.86124
2026-05-17 06:46:00,4.91621,0.9158,2.48078,0.84155
2026-05-17 07:46:00,5.41634,0.90266,2.56278,0.86081
2026-05-17 08:46:00,4.9916,0.95554,2.56064,0.83079
2026-05-17 09:46:00,4.55271,0.89921,2.56398,0.80295
2026-05-17 10:46:00,4.50892,0.86653,2.59998,0.81124
2026-05-17 11:46:00,4.00452,0.79108,2.49808,0.81491
2026-05-17 12:46:00,5.08963,0.88248,2.51663,0.81975
2026-05-17 13:46:00,4.03703,0.7593,2.51884,0.90185
2026-05-17 14:46:00,5.03149,0.84815,2.56326,0.82473
2026-05-17 15:46:00,6.33307,1.02696,2.55583,0.88734
2026-05-17 16:46:00,4.94053,0.87216,2.60486,0.78775
2026-05-17 17:46:00,5.28771,0.95801,2.44901,0.67904
2026-05-17 18:46:00,4.57767,0.8965,2.40073,0.71617
2026-05-17 19:46:00,5.49546,0.99082,2.44032,0.71182
2026-05-17 20:46:00,4.73667,0.90592,2.60433,0.69816
2026-05-17 21:46:00,4.40041,0.88037,2.57734,0.71467
2026-05-17 22:46:00,4.01466,0.79826,2.51916,0.64431
2026-05-17 23:46:00,4.18002,0.82157,2.51173,0.8836
2026-05-18 00:46:00,4.67468,0.9116,2.56525,0.95551
2026-05-18 01:46:00,4.56388,0.88807,2.48508,0.87579
2026-05-18 02:46:00,5.58147,0.98371,2.43979,0.82819
2026-05-18 03:46:00,5.0636,0.92935,2.47553,0.8517
2026-05-18 04:46:00,4.12622,0.86418,2.48478,0.83226
2026-05-18 05:46:00,4.14208,0.82439,2.46752,0.85452
2026-05-18 06:46:00,3.61745,0.76233,2.4337,0.91045
2026-05-18 07:46:00,2.87688,0.68833,2.44597,0.7951
2026-05-18 08:46:00,2.65766,0.67047,2.41087,0.81876
2026-05-18 09:46:00,3.32345,0.70323,2.41033,0.85409
2026-05-18 10:46:00,6.15727,0.99099,2.64602,0.84886
2026-05-18 11:46:00,4.67122,0.70945,2.71376,0.91497
2026-05-18 12:46:00,1.17814,0.35584,2.66363,0.92485
2026-05-18 13:46:00,0.00177,0.00199,0.00266,0.00279
2026-05-18 14:46:00,0.00168,0.00231,0.0027,0.00289
2026-05-18 15:46:00,4.91461,0.84757,2.55244,0.81277
2026-05-18 16:46:00,5.78927,0.87045,2.81677,0.87949
2026-05-18 17:46:00,4.80974,0.79084,2.92258,0.85835
2026-05-18 18:46:00,2.96399,0.56303,2.99362,0.81592
2026-05-18 19:46:00,4.4725,0.7464,2.99254,0.82823
2026-05-18 20:46:00,5.94746,0.92925,3.07149,0.80044
2026-05-18 21:46:00,5.84542,0.82506,3.05189,0.82612
2026-05-18 22:46:00,1.92455,0.44291,3.05117,0.81862
2026-05-18 23:46:00,1.19115,0.36896,2.98593,0.81135
2026-05-19 00:46:00,3.28118,0.64077,3.00923,0.83756
2026-05-19 01:46:00,4.75367,0.74257,3.1047,0.94158
2026-05-19 02:46:00,5.65842,0.84334,3.07658,0.911
2026-05-19 03:46:00,5.47434,0.86432,3.18146,0.92468
2026-05-19 04:46:00,4.21913,0.72376,3.18364,0.86557
2026-05-19 05:46:00,5.20001,0.87257,3.27217,0.90188
2026-05-19 06:46:00,5.24573,0.92611,3.11908,0.91135
2026-05-19 07:46:00,5.37443,0.95093,3.1526,0.9097
2026-05-19 08:46:00,6.14182,1.02254,3.15075,0.92656
2026-05-19 09:46:00,4.95813,0.90446,3.12422,0.89187
2026-05-19 10:46:00,5.26102,0.8972,3.04213,0.88318
2026-05-19 11:46:00,7.31347,1.2059,3.11218,0.88722
2026-05-19 12:46:00,7.39359,1.21671,3.14804,0.89566
2026-05-19 13:46:00,0.46423,0.28264,3.19229,0.88321
2026-05-19 14:46:00,5.92125,0.7755,3.22342,0.88592
2026-05-19 15:46:00,1.88425,0.39045,3.22349,0.90195
2026-05-19 16:46:00,2.90125,0.48929,3.23372,0.89024
2026-05-19 17:46:00,4.34434,0.70968,3.16288,0.89262
2026-05-19 18:46:00,4.52378,0.66984,3.04967,1.01707
2026-05-19 19:46:00,3.66058,0.63157,3.12936,0.90297
2026-05-19 20:46:00,4.95799,0.79025,3.10683,0.87297
2026-05-19 21:46:00,4.0147,0.66226,3.02771,0.91199
2026-05-19 22:46:00,4.32549,0.71966,3.00757,0.86654
2026-05-19 23:46:00,3.93475,0.69809,2.87306,0.87375
2026-05-20 00:46:00,3.71364,0.6949,2.94252,0.84627
2026-05-20 01:46:00,4.25987,0.77116,2.85104,0.81982
2026-05-20 02:46:00,4.86293,0.78624,2.82945,0.71386
2026-05-20 03:46:00,5.39272,0.8476,2.9239,0.91934
2026-05-20 04:46:00,5.18111,0.83307,2.97655,0.95025
2026-05-20 05:46:00,4.57655,0.78717,2.98081,0.92123
2026-05-20 06:46:00,4.51186,0.78742,3.07044,0.90922
2026-05-20 07:46:00,4.72197,0.81093,3.07048,0.86956
2026-05-20 08:46:00,4.52468,0.76435,3.07191,0.96333
2026-05-20 09:46:00,5.00095,0.85785,3.15793,0.92824
2026-05-20 10:46:00,5.02447,0.82446,3.11589,0.99745
2026-05-20 11:46:00,6.10393,0.97979,3.03789,0.89983
2026-05-20 12:46:00,5.26251,0.89311,2.96263,0.90654
2026-05-20 13:46:00,5.15059,0.86606,2.99231,0.93921
2026-05-20 14:46:00,6.43839,1.04726,3.02007,0.9698
2026-05-20 15:46:00,7.09142,1.12722,2.91536,0.86106
2026-05-20 16:46:00,6.42688,1.0348,3.01563,0.89569
2026-05-20 17:46:00,7.77534,1.23582,2.97439,0.9095
2026-05-20 18:46:00,5.19855,0.88185,2.96012,0.86856
