"Frequency (HZ)","9RV 2026-06-10 10:06:00"
0,0.009963134546918453
0.3125,0.005769991334482228
0.625,0.0006363961030678927
0.9375,0.0007424621202458748
1.25,0.0018243354954612923
1.5625,0.020647518010647188
1.875,0.09819591870337584
2.1875,0.1525795012444332
2.5,0.10357700130820548
2.8125,0.1109238407647337
3.125,0.5261440137452862
3.4375,0.5568183059131587
3.75,0.1863155657748434
4.0625,0.09005004858410681
4.375,0.03447852665065605
4.6875,0.03972525896706024
5,0.04466793536755421
5.3125,0.03276732824018461
5.625,0.034782582566566266
5.9375,0.0337926330729051
6.25,0.027386245635354984
6.5625,0.04497199128346442
6.875,0.03597052195895967
7.1875,0.04058085817229596
7.5,0.05504826291537272
7.8125,0.06192134082850596
8.125,0.058661578567235986
8.4375,0.05744535490359512
8.75,0.06757819507799834
9.0625,0.06898533757255956
9.375,0.07127636354360399
9.6875,0.22131735144357748
10,0.2639134639422551
10.3125,0.08734890067997421
10.625,0.1378363248566937
10.9375,0.21502410109101724
11.25,0.1528269886178485
11.5625,0.07865148727137967
11.875,0.05648368968118142
12.1875,0.12102839666788948
12.5,0.11807269032252969
12.8125,0.14551550450037962
13.125,0.12883485553218896
13.4375,0.07679886750467092
13.75,0.06631247393967442
14.0625,0.13325427291460487
14.375,0.27981629545114056
14.6875,0.24989153647132586
15,0.1828366004114056
15.3125,0.19236132875398837
15.625,0.2019426256390661
15.9375,0.1414001430338739
16.25,0.13080061238388754
16.5625,0.06754991080675088
16.875,0.0601535738755396
17.1875,0.05907877156813604
17.5,0.06622762112593203
17.8125,0.06873785019914429
18.125,0.06542859046319124
18.4375,0.041825366107184285
18.75,0.054631069914472655
19.0625,0.0563422683249441
19.375,0.057141298987684906
19.6875,0.06042934552020234
20,0.05943939602654118
20.3125,0.0320531503911862
20.625,0.0353906943983867
20.9375,0.03920199994898219
21.25,0.04593365650587813
21.5625,0.04709331162702406
21.875,0.03746251726726328
22.1875,0.05060056126170934
22.5,0.08455582889428735
22.8125,0.07605640538442505
23.125,0.10694282958665345
23.4375,0.12116274695631492
23.75,0.0678539667226611
24.0625,0.032682475426442224
24.375,0.06131322899668553
24.6875,0.6061460749687322
25,0.9045734209007028
25.3125,0.3309118314596805
25.625,0.10943184545643009
25.9375,0.11765549732162964
26.25,0.10200722425397134
26.5625,0.09929900528202686
26.875,0.0779302383545694
27.1875,0.05019043932862114
27.5,0.04632256523553072
27.8125,0.04533261574186956
28.125,0.04510634157188986
28.4375,0.03075207391380295
28.75,0.026007387412041217
29.0625,0.03227235349335403
29.375,0.04433559518039653
29.6875,0.037271598436342916
30,0.03834640074374647
30.3125,0.03986668032329754
30.625,0.028100423484353394
30.9375,0.057473639174842585
31.25,0.08375679823154655
31.5625,0.07994549268095105
31.875,0.039972746340475526
32.1875,0.05700694869925946
32.5,0.08599125566009604
32.8125,0.10722567229912806
33.125,0.09060159187343232
33.4375,0.08881261171703035
33.75,0.08963992665101862
34.0625,0.10857624625119436
34.375,0.09223500853797326
34.6875,0.08088594469992917
35,0.05253803384216048
35.3125,0.026615499243861647
35.625,0.02081722363813196
35.9375,0.02073237082438957
36.25,0.020400030637231895
36.5625,0.029811621894824843
36.875,0.03097127701597078
37.1875,0.024982082579320723
37.5,0.0249043008333902
37.8125,0.02694076836320746
38.125,0.027633733008770273
38.4375,0.024621458120915582
38.75,0.018603979413018064
39.0625,0.011653119753954303
39.375,0.011539982668964456
39.6875,0.01004798736066084
40,0.010323759005323594
40.3125,0.007177133829043457
40.625,0.010238906191581207
40.9375,0.010684383463728733
41.25,0.006569021997223026
41.5625,0.007092281015301072
41.875,0.006187184335382291
42.1875,0.008725697679841996
42.5,0.008888332239514901
42.8125,0.011349063838044085
43.125,0.007947880220536793
43.4375,0.00507702668891941
43.75,0.004058792924010783
44.0625,0.007396336931211287
44.375,0.004801255044256657
44.6875,0.005218448045156721
45,0.006816509370638317
45.3125,0.010847018023401638
45.625,0.010436896090313442
45.9375,0.013279465350683363
46.25,0.014248201640908932
46.5625,0.01383100864000887
46.875,0.015181582592075174
47.1875,0.013583521266593578
47.5,0.014467404743076761
47.8125,0.0075943268299435195
48.125,0.011511698397716992
48.4375,0.015817978695143068
48.75,0.02106471101154725
49.0625,0.020760655095637036
49.375,0.012176378772032348
49.6875,0.022054660505208414
50,0.026693280989792165
50.3125,0.018745400769255374
50.625,0.01626345596729059
50.9375,0.012310729060457791
51.25,0.013887577182503793
51.5625,0.026035671683288675
51.875,0.020873792180626884
52.1875,0.01767059846185182
52.5,0.013611805537841038
52.8125,0.00907925107043527
53.125,0.012395581874200177
53.4375,0.015266435405817562
53.75,0.0148280292014819
54.0625,0.014325983386839452
54.375,0.013640089809088502
54.6875,0.013166328265693516
55,0.008032733034279179
55.3125,0.008527707781109763
55.625,0.009333809511662426
55.9375,0.006293250352560273
56.25,0.004447701653663383
56.5625,0.0036981684656056434
56.875,0.0029839906166072303
57.1875,0.007261986642785843
57.5,0.007622611101190981
57.8125,0.0073185551852807664
58.125,0.0075943268299435195
58.4375,0.00864084486609961
58.75,0.010627814921233809
59.0625,0.010132840174403225
59.375,0.009164103884177655
59.6875,0.011483414126469532
60,0.00982878425849301
60.3125,0.010380327547818518
60.625,0.007870098474606273
60.9375,0.005932625894155133
61.25,0.007700392847121503
61.5625,0.01109450539681693
61.875,0.010847018023401638
62.1875,0.006017478707897519
62.5,0.007728677118368965
62.8125,0.010769236277471119
63.125,0.010267190462828668
63.4375,0.01040861181906598
63.75,0.009333809511662426
64.0625,0.011759185771132283
64.375,0.006208397538817886
64.6875,0.00565685424949238
65,0.00648416918348064
65.3125,0.006406387437550121
65.625,0.005883128419472075
65.9375,0.007947880220536793
66.25,0.008584276323604687
66.5625,0.006158900064134829
66.875,0.005854844148224613
67.1875,0.00924895669792004
67.5,0.008089301576774104
67.8125,0.005048742417671948
68.125,0.006293250352560273
68.4375,0.006017478707897519
68.75,0.005494219689819474
69.0625,0.005932625894155133
69.375,0.007700392847121503
69.6875,0.01670186217162625
70,0.020011121907579293
70.3125,0.00825193613644701
70.625,0.005522503961066936
70.9375,0.003754737008100567
71.25,0.0032314779900225223
71.5625,0.0032880465325174457
71.875,0.0021778888860545663
72.1875,0.0023475945135393375
72.5,0.004666904755831213
72.8125,0.005133595231414334
73.125,0.004143645737753168
73.4375,0.002757716446627535
73.75,0.002262741699796952
74.0625,0.002100107140124046
74.375,0.004582051942088827
74.6875,0.010493464632808366
75,0.009305525240414964
75.3125,0.006512453454728102
75.625,0.007947880220536793
75.9375,0.006264966081312811
76.25,0.006844793641885779
76.5625,0.006512453454728102
76.875,0.005741707063234766
77.1875,0.005161879502661797
77.5,0.005854844148224613
77.8125,0.012367297602952715
78.125,0.012148094500784886
78.4375,0.006102331521639905
78.75,0.0067670118959552595
79.0625,0.008421641763931781
79.375,0.00820243866176395
79.6875,0.00907925107043527
80,0.0073185551852807664
80.3125,0.010903586565896562
80.625,0.012034957415795038
80.9375,0.005741707063234766
81.25,0.0038678740930904146
81.5625,0.004751757569573599
81.875,0.004553767670841366
82.1875,0.006597306268470488
82.5,0.0072902709140333045
82.8125,0.005275016587651644
83.125,0.00417193000900063
83.4375,0.004999244942988891
83.75,0.005741707063234766
84.0625,0.00565685424949238
84.375,0.0032880465325174457
84.6875,0.004553767670841366
85,0.005409366876077088
85.3125,0.005932625894155133
85.625,0.007919595949289331
85.9375,0.0064629559800450445
86.25,0.006017478707897519
86.5625,0.006788225099390855
86.875,0.012254160517962869
87.1875,0.0077852456608638885
87.5,0.003365828278447966
87.8125,0.004334564568673536
88.125,0.0039739401102683964
88.4375,0.0039456558390209345
88.75,0.004277996026178612
89.0625,0.005275016587651644
89.375,0.0036981684656056434
89.6875,0.0035072496346852753
90,0.005352798333582164
90.3125,0.005960910165402595
90.625,0.004115361466505706
90.9375,0.0031466251762801364
91.25,0.004497199128346442
91.5625,0.004497199128346442
91.875,0.004030508652763321
92.1875,0.006158900064134829
92.5,0.006788225099390855
92.8125,0.003259762261269984
93.125,0.004886107857999043
93.4375,0.004695189027078675
93.75,0.0038678740930904146
94.0625,0.0023758787847867995
94.375,0.00245366053071732
94.6875,0.00439113311116846
95,0.006957930726875627
95.3125,0.005465935418572012
95.625,0.004582051942088827
95.9375,0.005826559876977152
96.25,0.006844793641885779
96.5625,0.008117585848021566
96.875,0.004610336213336289
97.1875,0.007643824304626579
97.5,0.007233702371538381
97.8125,0.004582051942088827
98.125,0.004419417382415922
98.4375,0.0067670118959552595
98.75,0.005607356774809321
99.0625,0.007947880220536793
99.375,0.014269414844344528
99.6875,0.09593317700357891
100,0.1642326209983875
100.3125,0.07017327696495297
100.625,0.004553767670841366
100.9375,0.004801255044256657
101.25,0.0084994235098623
101.5625,0.006130615792887367
101.875,0.004306280297426074
102.1875,0.006208397538817886
102.5,0.006208397538817886
102.8125,0.003033488091290289
103.125,0.0026233661582020914
103.4375,0.0034789653634378134
103.75,0.0035638181771801996
104.0625,0.0033941125496954275
104.375,0.004610336213336289
104.6875,0.0038678740930904146
105,0.0032880465325174457
105.3125,0.005190163773909259
105.625,0.004610336213336289
105.9375,0.004030508652763321
106.25,0.0032031937187750603
106.5625,0.005190163773909259
106.875,0.006130615792887367
107.1875,0.004772970773009195
107.5,0.0039173715677734726
107.8125,0.006844793641885779
108.125,0.006653874810965412
108.4375,0.005190163773909259
108.75,0.00223445742854949
109.0625,0.004447701653663383
109.375,0.007092281015301072
109.6875,0.007976164491784255
110,0.00648416918348064
110.3125,0.007368052659963825
110.625,0.005579072503561859
110.9375,0.0067387276247077976
111.25,0.006102331521639905
111.5625,0.005522503961066936
111.875,0.005190163773909259
112.1875,0.0038678740930904146
112.5,0.002870853531617383
112.8125,0.00223445742854949
113.125,0.0031466251762801364
113.4375,0.003365828278447966
113.75,0.007339768388716363
114.0625,0.007700392847121503
114.375,0.005989194436650057
114.6875,0.006045762979144981
115,0.004723473298326137
115.3125,0.004087077195258245
115.625,0.005324514062334702
115.9375,0.007424621202458749
116.25,0.008032733034279179
116.5625,0.009581296885077717
116.875,0.006844793641885779
117.1875,0.005826559876977152
117.5,0.004857823586751581
117.8125,0.004306280297426074
118.125,0.004553767670841366
118.4375,0.002870853531617383
118.75,0.004277996026178612
119.0625,0.005904341622907671
119.375,0.00579827560572969
119.6875,0.0035638181771801996
120,0.002757716446627535
120.3125,0.0019586857838867363
120.625,0.0027365032431919387
120.9375,0.002870853531617383
121.25,0.004857823586751581
121.5625,0.004666904755831213
121.875,0.0035355339059327372
122.1875,0.004525483399593904
122.5,0.004497199128346442
122.8125,0.002786000717874997
123.125,0.0037264527368531053
123.4375,0.0035638181771801996
123.75,0.0038678740930904146
124.0625,0.0036133156518632576
124.375,0.004087077195258245
124.6875,0.0038395898218429527
125,0.0024041630560342614
125.3125,0.004143645737753168
125.625,0.005161879502661797
125.9375,0.002757716446627535
126.25,0.0019869700551341982
126.5625,0.0019021172413918128
126.875,0.0019869700551341982
127.1875,0.0017677669529663686
127.5,0.0020152543263816606
127.8125,0.00245366053071732
128.125,0.00245366053071732
128.4375,0.0027365032431919387
128.75,0.00215667568261897
129.0625,0.0018243354954612923
129.375,0.001548563850798539
129.6875,0.001576848122046001
130,0.0014637110370561532
130.3125,0.0019304015126392746
130.625,0.002100107140124046
130.9375,0.0021778888860545663
131.25,0.0019869700551341982
131.5625,0.0034506810921903514
131.875,0.0031466251762801364
132.1875,0.0022910259710444136
132.5,0.0013222896808188437
132.8125,0.002651650429449553
133.125,0.006378103166302659
133.4375,0.004419417382415922
133.75,0.002899137802864845
134.0625,0.003118340905032674
134.375,0.0023475945135393375
134.6875,0.002679934700697015
135,0.0030122748878546922
135.3125,0.0025102290732122437
135.625,0.001576848122046001
135.9375,0.001520279579551077
136.25,0.0017677669529663686
136.5625,0.0012162236636408617
136.875,0.002566797615707167
137.1875,0.00306177236253775
137.5,0.003365828278447966
137.8125,0.0031466251762801364
138.125,0.0024041630560342614
138.4375,0.0024324473272817233
138.75,0.0018243354954612923
139.0625,0.003337544007200504
139.375,0.0031749094475275984
139.6875,0.006597306268470488
140,0.005465935418572012
140.3125,0.0022061731573020282
140.625,0.012862272349783299
140.9375,0.018469629124592622
141.25,0.008584276323604687
141.5625,0.00306177236253775
141.875,0.0027365032431919387
142.1875,0.003118340905032674
142.5,0.0024819448019647817
142.8125,0.0016263455967290591
143.125,0.0026233661582020914
143.4375,0.00245366053071732
143.75,0.003033488091290289
144.0625,0.002842569260369921
144.375,0.0023758787847867995
144.6875,0.0025950818869546295
145,0.0034789653634378134
145.3125,0.0035355339059327372
145.625,0.0031466251762801364
145.9375,0.0034223968209428895
146.25,0.0041931432124362265
146.5625,0.006074047250392443
146.875,0.00439113311116846
147.1875,0.0020435385976291225
147.5,0.002786000717874997
147.8125,0.0039739401102683964
148.125,0.0033941125496954275
148.4375,0.002870853531617383
148.75,0.004277996026178612
149.0625,0.005409366876077088
149.375,0.0041931432124362265
149.6875,0.005303300858899106
150,0.004002224381515858
150.3125,0.0032031937187750603
150.625,0.0025950818869546295
150.9375,0.002538513344459705
151.25,0.0024819448019647817
151.5625,0.002128391411371508
151.875,0.0030122748878546922
152.1875,0.0036981684656056434
152.5,0.0025950818869546295
152.8125,0.002708218971944477
153.125,0.0034506810921903514
153.4375,0.00417193000900063
153.75,0.004942676400493967
154.0625,0.002679934700697015
154.375,0.0016263455967290591
154.6875,0.0024041630560342614
155,0.0019021172413918128
155.3125,0.0034223968209428895
155.625,0.002786000717874997
155.9375,0.001294005409571382
156.25,0.002708218971944477
156.5625,0.004277996026178612
156.875,0.0036698841943581815
157.1875,0.004306280297426074
157.5,0.005769991334482228
157.8125,0.005579072503561859
158.125,0.004772970773009195
158.4375,0.0031466251762801364
158.75,0.0035638181771801996
159.0625,0.0019021172413918128
159.375,0.002071822868876584
159.6875,0.003309259735953042
160,0.0037830212793480288
160.3125,0.004772970773009195
160.625,0.0032314779900225223
160.9375,0.0031749094475275984
161.25,0.0019304015126392746
161.5625,0.001873832970144351
161.875,0.0035638181771801996
162.1875,0.004030508652763321
162.5,0.0039173715677734726
162.8125,0.00417193000900063
163.125,0.003337544007200504
163.4375,0.0038113055505954907
163.75,0.004002224381515858
164.0625,0.004497199128346442
164.375,0.004143645737753168
164.6875,0.00306177236253775
165,0.0039456558390209345
165.3125,0.004695189027078675
165.625,0.0034223968209428895
165.9375,0.004334564568673536
166.25,0.004553767670841366
166.5625,0.004582051942088827
166.875,0.006158900064134829
167.1875,0.004886107857999043
167.5,0.005989194436650057
167.8125,0.004857823586751581
168.125,0.0035638181771801996
168.4375,0.005133595231414334
168.75,0.006788225099390855
169.0625,0.005960910165402595
169.375,0.006512453454728102
169.6875,0.006816509370638317
170,0.007014499269370551
170.3125,0.006929646455628165
170.625,0.004999244942988891
170.9375,0.003889087296526011
171.25,0.00439113311116846
171.5625,0.0034506810921903514
171.875,0.004801255044256657
172.1875,0.004751757569573599
172.5,0.004886107857999043
172.8125,0.0064629559800450445
173.125,0.006321534623807735
173.4375,0.005883128419472075
173.75,0.004087077195258245
174.0625,0.004751757569573599
174.375,0.004857823586751581
174.6875,0.006208397538817886
175,0.006929646455628165
175.3125,0.005381082604829626
175.625,0.0029839906166072303
175.9375,0.0029274220741123064
176.25,0.004857823586751581
176.5625,0.005550788232314397
176.875,0.006844793641885779
177.1875,0.007205418100290919
177.5,0.00417193000900063
177.8125,0.0025950818869546295
178.125,0.006406387437550121
178.4375,0.00900146932450475
178.75,0.0041931432124362265
179.0625,0.00215667568261897
179.375,0.005161879502661797
179.6875,0.006130615792887367
180,0.0038395898218429527
180.3125,0.004497199128346442
180.625,0.005409366876077088
180.9375,0.00417193000900063
181.25,0.0033941125496954275
181.5625,0.007643824304626579
181.875,0.006873077913133241
182.1875,0.003259762261269984
182.5,0.003365828278447966
182.8125,0.006597306268470488
183.125,0.006349818895055197
183.4375,0.004334564568673536
183.75,0.004970960671741429
184.0625,0.006293250352560273
184.375,0.0039456558390209345
184.6875,0.004666904755831213
185,0.007509474016201134
185.3125,0.005932625894155133
185.625,0.005218448045156721
185.9375,0.004497199128346442
186.25,0.005713422791987304
186.5625,0.004914392129246505
186.875,0.0038678740930904146
187.1875,0.004334564568673536
187.5,0.004306280297426074
187.8125,0.002708218971944477
188.125,0.003118340905032674
188.4375,0.0036981684656056434
188.75,0.0029274220741123064
189.0625,0.003033488091290289
189.375,0.0036698841943581815
189.6875,0.004582051942088827
190,0.004087077195258245
190.3125,0.0035072496346852753
190.625,0.0038113055505954907
190.9375,0.003033488091290289
191.25,0.0024324473272817233
191.5625,0.0038113055505954907
191.875,0.003337544007200504
192.1875,0.002651650429449553
192.5,0.002566797615707167
192.8125,0.0038678740930904146
193.125,0.005381082604829626
193.4375,0.0039456558390209345
193.75,0.0030122748878546922
194.0625,0.0037830212793480288
194.375,0.0038678740930904146
194.6875,0.004447701653663383
195,0.004942676400493967
195.3125,0.003337544007200504
195.625,0.0025102290732122437
195.9375,0.003337544007200504
196.25,0.005190163773909259
196.5625,0.00417193000900063
196.875,0.0025950818869546295
197.1875,0.0033941125496954275
197.5,0.004610336213336289
197.8125,0.005105310960166872
198.125,0.004002224381515858
198.4375,0.004143645737753168
198.75,0.00306177236253775
199.0625,0.0022910259710444136
199.375,0.003754737008100567
199.6875,0.004362848839920998
200,0.003033488091290289
200.3125,0.003309259735953042
200.625,0.0041931432124362265
200.9375,0.0034789653634378134
201.25,0.0036981684656056434
201.5625,0.0034223968209428895
201.875,0.0029839906166072303
202.1875,0.004058792924010783
202.5,0.0032314779900225223
202.8125,0.004306280297426074
203.125,0.004751757569573599
203.4375,0.004087077195258245
203.75,0.004362848839920998
204.0625,0.004002224381515858
204.375,0.004666904755831213
204.6875,0.0036415999231107195
205,0.004801255044256657
205.3125,0.0032880465325174457
205.625,0.004666904755831213
205.9375,0.004419417382415922
206.25,0.005352798333582164
206.5625,0.0031466251762801364
206.875,0.002814284989122459
207.1875,0.0029839906166072303
207.5,0.005904341622907671
207.8125,0.005352798333582164
208.125,0.004497199128346442
208.4375,0.004362848839920998
208.75,0.0029274220741123064
209.0625,0.0035355339059327372
209.375,0.004801255044256657
209.6875,0.003889087296526011
210,0.0025950818869546295
210.3125,0.00306177236253775
210.625,0.002899137802864845
210.9375,0.004914392129246505
211.25,0.0036415999231107195
211.5625,0.0039739401102683964
211.875,0.004695189027078675
212.1875,0.004723473298326137
212.5,0.004723473298326137
212.8125,0.0023758787847867995
213.125,0.0027365032431919387
213.4375,0.003033488091290289
213.75,0.002128391411371508
214.0625,0.002679934700697015
214.375,0.0038395898218429527
214.6875,0.001873832970144351
215,0.0019586857838867363
215.3125,0.0025950818869546295
215.625,0.0023475945135393375
215.9375,0.00215667568261897
216.25,0.0020152543263816606
216.5625,0.0015980613254815972
216.875,0.0020435385976291225
217.1875,0.0019869700551341982
217.5,0.0032031937187750603
217.8125,0.0032031937187750603
218.125,0.002262741699796952
218.4375,0.002814284989122459
218.75,0.0023193102422918756
219.0625,0.0014354267658086915
219.375,0.002538513344459705
219.6875,0.0021778888860545663
220,0.0010465180361560902
220.3125,0.0008555992052357224
220.625,0.001520279579551077
220.9375,0.0019304015126392746
221.25,0.0022910259710444136
221.5625,0.00223445742854949
221.875,0.002071822868876584
222.1875,0.0018526197667087544
222.5,0.0013505739520663057
222.8125,0.0011030865786510141
223.125,0.001548563850798539
223.4375,0.001873832970144351
223.75,0.0019869700551341982
224.0625,0.001520279579551077
224.375,0.0017111984104714447
224.6875,0.0018243354954612923
225,0.0017111984104714447
225.3125,0.002128391411371508
225.625,0.0018243354954612923
225.9375,0.0010748023074035522
226.25,0.00096873629022557
226.5625,0.0014071424945612295
226.875,0.0019869700551341982
227.1875,0.0013222896808188437
227.5,0.0017960512242138308
227.8125,0.0017394826817189067
228.125,0.0019586857838867363
228.4375,0.0019021172413918128
228.75,0.00223445742854949
229.0625,0.00306177236253775
229.375,0.001576848122046001
229.6875,0.0013222896808188437
230,0.0015980613254815972
230.3125,0.001654629867976521
230.625,0.0014637110370561532
230.9375,0.0009970205614730319
231.25,0.0008273149339882605
231.5625,0.0008273149339882605
231.875,0.0007424621202458748
232.1875,0.00096873629022557
232.5,0.0012727922061357853
232.8125,0.002708218971944477
233.125,0.0026233661582020914
233.4375,0.0012727922061357853
233.75,0.001131370849898476
234.0625,0.0008555992052357224
234.375,0.001294005409571382
234.6875,0.0013222896808188437
235,0.0014919953083036151
235.3125,0.0017677669529663686
235.625,0.0013505739520663057
235.9375,0.0012445079348883236
236.25,0.0013505739520663057
236.5625,0.0017394826817189067
236.875,0.0011596551211459378
237.1875,0.0019021172413918128
237.5,0.0022910259710444136
237.8125,0.0019869700551341982
238.125,0.0018526197667087544
238.4375,0.0017111984104714447
238.75,0.0014354267658086915
239.0625,0.001520279579551077
239.375,0.0013788582233137676
239.6875,0.0014071424945612295
240,0.0012162236636408617
240.3125,0.0011879393923933997
240.625,0.0009970205614730319
240.9375,0.0014919953083036151
241.25,0.0020435385976291225
241.5625,0.00306177236253775
241.875,0.0017111984104714447
242.1875,0.0010748023074035522
242.5,0.0018526197667087544
242.8125,0.001576848122046001
243.125,0.0012162236636408617
243.4375,0.0010182337649086285
243.75,0.0013222896808188437
244.0625,0.004886107857999043
244.375,0.005465935418572012
244.6875,0.0018243354954612923
245,0.0011596551211459378
245.3125,0.0012727922061357853
245.625,0.0014354267658086915
245.9375,0.0009404520189781082
246.25,0.0009121677477306461
246.5625,0.0009121677477306461
246.875,0.0011879393923933997
247.1875,0.0020435385976291225
247.5,0.0015980613254815972
247.8125,0.0013505739520663057
248.125,0.0010748023074035522
248.4375,0.0010748023074035522
248.75,0.0011030865786510141
249.0625,0.0011596551211459378
249.375,0.0017677669529663686
249.6875,0.0020435385976291225
250,0.0014637110370561532
250.3125,0.002814284989122459
250.625,0.0035638181771801996
250.9375,0.001576848122046001
251.25,0.0012727922061357853
251.5625,0.0014071424945612295
251.875,0.0014637110370561532
252.1875,0.0007990306627407986
252.5,0.0011596551211459378
252.8125,0.001654629867976521
253.125,0.002651650429449553
253.4375,0.002679934700697015
253.75,0.005218448045156721
254.0625,0.0036133156518632576
254.375,0.0016263455967290591
254.6875,0.001131370849898476
255,0.0011596551211459378
255.3125,0.002262741699796952
255.625,0.00223445742854949
255.9375,0.004334564568673536
256.25,0.0039173715677734726
256.5625,0.004221427483683688
256.875,0.029260078605499333
257.1875,0.04185365037843174
257.5,0.01468660784524459
257.8125,0.001576848122046001
258.125,0.0008273149339882605
258.4375,0.0007990306627407986
258.75,0.0017111984104714447
259.0625,0.001576848122046001
259.375,0.002071822868876584
259.6875,0.008527707781109763
260,0.008336788950189395
260.3125,0.0027365032431919387
260.625,0.0012445079348883236
260.9375,0.0011879393923933997
261.25,0.0009121677477306461
261.5625,0.0013505739520663057
261.875,0.0014637110370561532
262.1875,0.001576848122046001
262.5,0.0011596551211459378
262.8125,0.0011030865786510141
263.125,0.0010748023074035522
263.4375,0.0015980613254815972
263.75,0.001654629867976521
264.0625,0.0012162236636408617
264.375,0.0006929646455628165
264.6875,0.0011030865786510141
265,0.0009970205614730319
265.3125,0.0010182337649086285
265.625,0.0007990306627407986
265.9375,0.0005798275605729689
266.25,0.0006363961030678927
266.5625,0.0008555992052357224
266.875,0.0012727922061357853
267.1875,0.0018526197667087544
267.5,0.001520279579551077
267.8125,0.0009404520189781082
268.125,0.0007990306627407986
268.4375,0.0008273149339882605
268.75,0.0014354267658086915
269.0625,0.001131370849898476
269.375,0.0013505739520663057
269.6875,0.0019021172413918128
270,0.0029557063453597683
270.3125,0.0018526197667087544
270.625,0.0012445079348883236
270.9375,0.001131370849898476
271.25,0.001548563850798539
271.5625,0.001131370849898476
271.875,0.001576848122046001
272.1875,0.0015980613254815972
272.5,0.001131370849898476
272.8125,0.001131370849898476
273.125,0.0011030865786510141
273.4375,0.0011030865786510141
273.75,0.0014071424945612295
274.0625,0.001520279579551077
274.375,0.0009970205614730319
274.6875,0.0011030865786510141
275,0.0012727922061357853
275.3125,0.0014354267658086915
275.625,0.0012445079348883236
275.9375,0.001131370849898476
276.25,0.0018243354954612923
276.5625,0.0017111984104714447
276.875,0.0012162236636408617
277.1875,0.004497199128346442
277.5,0.00565685424949238
277.8125,0.0020435385976291225
278.125,0.001520279579551077
278.4375,0.0018526197667087544
278.75,0.0014071424945612295
279.0625,0.0018526197667087544
279.375,0.001576848122046001
279.6875,0.0008838834764831843
280,0.001294005409571382
280.3125,0.0012445079348883236
280.625,0.0014354267658086915
280.9375,0.0011030865786510141
281.25,0.0009970205614730319
281.5625,0.0012162236636408617
281.875,0.0011879393923933997
282.1875,0.0011030865786510141
282.5,0.0014637110370561532
282.8125,0.001294005409571382
283.125,0.0007990306627407986
283.4375,0.001520279579551077
283.75,0.0014071424945612295
284.0625,0.0013222896808188437
284.375,0.0011879393923933997
284.6875,0.0010748023074035522
285,0.0010465180361560902
285.3125,0.0007990306627407986
285.625,0.0011030865786510141
285.9375,0.0014354267658086915
286.25,0.0011596551211459378
286.5625,0.0007424621202458748
286.875,0.0009404520189781082
287.1875,0.0010465180361560902
287.5,0.0009121677477306461
287.8125,0.0009404520189781082
288.125,0.0007707463914933368
288.4375,0.0009970205614730319
288.75,0.0011596551211459378
289.0625,0.0009970205614730319
289.375,0.0008555992052357224
289.6875,0.0008838834764831843
290,0.0006929646455628165
290.3125,0.0009121677477306461
290.625,0.0018526197667087544
290.9375,0.001576848122046001
291.25,0.0011030865786510141
291.5625,0.0010465180361560902
291.875,0.0014354267658086915
292.1875,0.001682914139223983
292.5,0.0011879393923933997
292.8125,0.0010748023074035522
293.125,0.001520279579551077
293.4375,0.0023193102422918756
293.75,0.0011030865786510141
294.0625,0.0007212489168102785
294.375,0.0010465180361560902
294.6875,0.0009404520189781082
295,0.0009970205614730319
295.3125,0.0011596551211459378
295.625,0.0007424621202458748
295.9375,0.0006363961030678927
296.25,0.0010748023074035522
296.5625,0.0025950818869546295
296.875,0.002899137802864845
297.1875,0.0010465180361560902
297.5,0.0010465180361560902
297.8125,0.001131370849898476
298.125,0.0010748023074035522
298.4375,0.0007707463914933368
298.75,0.0010182337649086285
299.0625,0.0011030865786510141
299.375,0.0008273149339882605
299.6875,0.00096873629022557
300,0.0007424621202458748
300.3125,0.0012162236636408617
300.625,0.0014637110370561532
300.9375,0.0009970205614730319
301.25,0.0011030865786510141
301.5625,0.0009970205614730319
301.875,0.0009970205614730319
302.1875,0.0008273149339882605
302.5,0.0007212489168102785
302.8125,0.0006646803743153546
303.125,0.0004384062043356594
303.4375,0.0004384062043356594
303.75,0.0003889087296526011
304.0625,0.0005515432893255071
304.375,0.0009970205614730319
304.6875,0.00096873629022557
305,0.0006363961030678927
305.3125,0.0010748023074035522
305.625,0.0033941125496954275
305.9375,0.002870853531617383
306.25,0.0007990306627407986
306.5625,0.00096873629022557
306.875,0.001654629867976521
307.1875,0.002708218971944477
307.5,0.0024041630560342614
307.8125,0.002679934700697015
308.125,0.0013222896808188437
308.4375,0.0010182337649086285
308.75,0.0012727922061357853
309.0625,0.0012162236636408617
309.375,0.0013222896808188437
309.6875,0.001520279579551077
310,0.001520279579551077
310.3125,0.0009970205614730319
310.625,0.0012727922061357853
310.9375,0.001576848122046001
311.25,0.0011879393923933997
311.5625,0.001131370849898476
311.875,0.00215667568261897
312.1875,0.0020152543263816606
312.5,0.0017111984104714447
312.8125,0.002071822868876584
313.125,0.001548563850798539
313.4375,0.0011879393923933997
313.75,0.0011596551211459378
314.0625,0.0005798275605729689
314.375,0.0012445079348883236
314.6875,0.0024041630560342614
315,0.0019304015126392746
315.3125,0.003309259735953042
315.625,0.008061017305526642
315.9375,0.005381082604829626
316.25,0.0034506810921903514
316.5625,0.001873832970144351
316.875,0.001131370849898476
317.1875,0.0015980613254815972
317.5,0.0013505739520663057
317.8125,0.001294005409571382
318.125,0.0009970205614730319
318.4375,0.0007707463914933368
318.75,0.0006646803743153546
319.0625,0.0006363961030678927
319.375,0.0009404520189781082
319.6875,0.00096873629022557
320,0.0011596551211459378
320.3125,0.001548563850798539
320.625,0.0019586857838867363
320.9375,0.0011030865786510141
321.25,0.0009404520189781082
321.5625,0.0011879393923933997
321.875,0.0017394826817189067
322.1875,0.0012445079348883236
322.5,0.0005798275605729689
322.8125,0.0008555992052357224
323.125,0.0009404520189781082
323.4375,0.0008555992052357224
323.75,0.0008273149339882605
324.0625,0.001294005409571382
324.375,0.0011879393923933997
324.6875,0.0011596551211459378
325,0.0014637110370561532
325.3125,0.0011030865786510141
325.625,0.0010748023074035522
325.9375,0.0012445079348883236
326.25,0.001548563850798539
326.5625,0.0008273149339882605
326.875,0.0006929646455628165
327.1875,0.0005515432893255071
327.5,0.0011879393923933997
327.8125,0.0011030865786510141
328.125,0.0006929646455628165
328.4375,0.0011596551211459378
328.75,0.001294005409571382
329.0625,0.0018243354954612923
329.375,0.0012162236636408617
329.6875,0.0006081118318204308
330,0.0007424621202458748
330.3125,0.002538513344459705
330.625,0.0037264527368531053
330.9375,0.0013788582233137676
331.25,0.0006646803743153546
331.5625,0.0009970205614730319
331.875,0.0010182337649086285
332.1875,0.0008838834764831843
332.5,0.001548563850798539
332.8125,0.0017394826817189067
333.125,0.0008555992052357224
333.4375,0.0007212489168102785
333.75,0.0008273149339882605
334.0625,0.0012445079348883236
334.375,0.0010465180361560902
334.6875,0.0005232590180780451
335,0.0006363961030678927
335.3125,0.0005515432893255071
335.625,0.0009121677477306461
335.9375,0.0007212489168102785
336.25,0.0005232590180780451
336.5625,0.0008273149339882605
336.875,0.0009970205614730319
337.1875,0.0010182337649086285
337.5,0.0006929646455628165
337.8125,0.0007424621202458748
338.125,0.0007707463914933368
338.4375,0.0009121677477306461
338.75,0.00096873629022557
339.0625,0.0005798275605729689
339.375,0.0005798275605729689
339.6875,0.0006081118318204308
340,0.0005798275605729689
340.3125,0.0009121677477306461
340.625,0.0006363961030678927
340.9375,0.0007707463914933368
341.25,0.0008273149339882605
341.5625,0.0006081118318204308
341.875,0.0009404520189781082
342.1875,0.0007990306627407986
342.5,0.0004949747468305832
342.8125,0.0009121677477306461
343.125,0.0012727922061357853
343.4375,0.0008555992052357224
343.75,0.0006363961030678927
344.0625,0.0004949747468305832
344.375,0.0005232590180780451
344.6875,0.0004949747468305832
345,0.0007990306627407986
345.3125,0.00096873629022557
345.625,0.0005798275605729689
345.9375,0.0006646803743153546
346.25,0.0009404520189781082
346.5625,0.0010182337649086285
346.875,0.0007424621202458748
347.1875,0.0010182337649086285
347.5,0.0010465180361560902
347.8125,0.0009121677477306461
348.125,0.0011030865786510141
348.4375,0.0008838834764831843
348.75,0.0007707463914933368
349.0625,0.0013222896808188437
349.375,0.0009970205614730319
349.6875,0.0007990306627407986
350,0.0008555992052357224
350.3125,0.0007424621202458748
350.625,0.00096873629022557
350.9375,0.0007212489168102785
351.25,0.0004384062043356594
351.5625,0.0006363961030678927
351.875,0.0009404520189781082
352.1875,0.0006363961030678927
352.5,0.0004384062043356594
352.8125,0.0006646803743153546
353.125,0.0008273149339882605
353.4375,0.0007424621202458748
353.75,0.0006363961030678927
354.0625,0.0006081118318204308
354.375,0.0005515432893255071
354.6875,0.00046669047558312135
355,0.0005515432893255071
355.3125,0.0006081118318204308
355.625,0.0007212489168102785
355.9375,0.0013505739520663057
356.25,0.0013222896808188437
356.5625,0.0007424621202458748
356.875,0.00096873629022557
357.1875,0.0011030865786510141
357.5,0.0012727922061357853
357.8125,0.001548563850798539
358.125,0.0011879393923933997
358.4375,0.0008555992052357224
358.75,0.0006363961030678927
359.0625,0.0006081118318204308
359.375,0.0004949747468305832
359.6875,0.0007212489168102785
360,0.0007990306627407986
360.3125,0.0008273149339882605
360.625,0.0005798275605729689
360.9375,0.0005515432893255071
361.25,0.0004384062043356594
361.5625,0.0005798275605729689
361.875,0.0006929646455628165
362.1875,0.0005232590180780451
362.5,0.0006363961030678927
362.8125,0.0006081118318204308
363.125,0.0005515432893255071
363.4375,0.0005515432893255071
363.75,0.0006929646455628165
364.0625,0.0006081118318204308
364.375,0.0005232590180780451
364.6875,0.0006081118318204308
365,0.0006081118318204308
365.3125,0.0006081118318204308
365.625,0.0006929646455628165
365.9375,0.0005515432893255071
366.25,0.0005232590180780451
366.5625,0.0005515432893255071
366.875,0.0007707463914933368
367.1875,0.0005232590180780451
367.5,0.0009404520189781082
367.8125,0.0007212489168102785
368.125,0.0003889087296526011
368.4375,0.0006646803743153546
368.75,0.0006929646455628165
369.0625,0.0006646803743153546
369.375,0.0007212489168102785
369.6875,0.0006081118318204308
370,0.0008838834764831843
370.3125,0.0016263455967290591
370.625,0.0011596551211459378
370.9375,0.0007212489168102785
371.25,0.0007707463914933368
371.5625,0.0007212489168102785
371.875,0.0008273149339882605
372.1875,0.0005515432893255071
372.5,0.000417193000900063
372.8125,0.00046669047558312135
373.125,0.0005515432893255071
373.4375,0.0006646803743153546
373.75,0.0006081118318204308
374.0625,0.0006646803743153546
374.375,0.0007990306627407986
374.6875,0.0006081118318204308
375,0.0007424621202458748
375.3125,0.0006646803743153546
375.625,0.0003323401871576773
375.9375,0.000417193000900063
376.25,0.0004949747468305832
376.5625,0.0004949747468305832
376.875,0.0005798275605729689
377.1875,0.0007990306627407986
377.5,0.0011030865786510141
377.8125,0.001131370849898476
378.125,0.0005232590180780451
378.4375,0.0009404520189781082
378.75,0.0006929646455628165
379.0625,0.00036062445840513924
379.375,0.0004384062043356594
379.6875,0.0005798275605729689
380,0.000417193000900063
380.3125,0.0003040559159102154
380.625,0.0004949747468305832
380.9375,0.0006081118318204308
381.25,0.0005515432893255071
381.5625,0.0006363961030678927
381.875,0.00096873629022557
382.1875,0.0006363961030678927
382.5,0.0006081118318204308
382.8125,0.0007707463914933368
383.125,0.0005515432893255071
383.4375,0.0007424621202458748
383.75,0.0009404520189781082
384.0625,0.0008555992052357224
384.375,0.00096873629022557
384.6875,0.0007707463914933368
385,0.0008838834764831843
385.3125,0.0010748023074035522
385.625,0.00096873629022557
385.9375,0.0007990306627407986
386.25,0.0004949747468305832
386.5625,0.0006929646455628165
386.875,0.0006081118318204308
387.1875,0.0004949747468305832
387.5,0.0004384062043356594
387.8125,0.0006646803743153546
388.125,0.0009121677477306461
388.4375,0.0007707463914933368
388.75,0.0009404520189781082
389.0625,0.0007707463914933368
389.375,0.0010182337649086285
389.6875,0.0011030865786510141
390,0.0007212489168102785
390.3125,0.001294005409571382
390.625,0.0010465180361560902
390.9375,0.0006646803743153546
391.25,0.0006363961030678927
391.5625,0.0009404520189781082
391.875,0.0009970205614730319
392.1875,0.0007212489168102785
392.5,0.0008838834764831843
392.8125,0.0011030865786510141
393.125,0.0011030865786510141
393.4375,0.0012162236636408617
393.75,0.0010182337649086285
394.0625,0.0011879393923933997
394.375,0.0006929646455628165
394.6875,0.0005798275605729689
395,0.0006363961030678927
395.3125,0.0007424621202458748
395.625,0.0008273149339882605
395.9375,0.00096873629022557
396.25,0.0006929646455628165
396.5625,0.0009970205614730319
396.875,0.0007990306627407986
397.1875,0.0006646803743153546
397.5,0.0008555992052357224
397.8125,0.0005798275605729689
398.125,0.0006929646455628165
398.4375,0.0007990306627407986
398.75,0.0010465180361560902
399.0625,0.0012445079348883236
399.375,0.0008273149339882605
399.6875,0.00096873629022557
400,0.0007424621202458748
400.3125,0.0006363961030678927
400.625,0.0006363961030678927
400.9375,0.0006646803743153546
401.25,0.0006929646455628165
401.5625,0.0007424621202458748
401.875,0.0009121677477306461
402.1875,0.0010748023074035522
402.5,0.0009404520189781082
402.8125,0.0007212489168102785
403.125,0.0005798275605729689
403.4375,0.0007424621202458748
403.75,0.0006646803743153546
404.0625,0.0008555992052357224
404.375,0.0008273149339882605
404.6875,0.00046669047558312135
405,0.0005232590180780451
405.3125,0.0004949747468305832
405.625,0.0009121677477306461
405.9375,0.001131370849898476
406.25,0.0010182337649086285
406.5625,0.0009404520189781082
406.875,0.0005798275605729689
407.1875,0.0007990306627407986
407.5,0.0007990306627407986
407.8125,0.0006929646455628165
408.125,0.0007707463914933368
408.4375,0.0005515432893255071
408.75,0.0005798275605729689
409.0625,0.000417193000900063
409.375,0.0004384062043356594
409.6875,0.0004949747468305832
410,0.0003889087296526011
410.3125,0.0006929646455628165
410.625,0.0011596551211459378
410.9375,0.0012445079348883236
411.25,0.0005232590180780451
411.5625,0.0005515432893255071
411.875,0.0006081118318204308
412.1875,0.0008838834764831843
412.5,0.0005798275605729689
412.8125,0.0004949747468305832
413.125,0.0010182337649086285
413.4375,0.0007424621202458748
413.75,0.0005515432893255071
414.0625,0.00096873629022557
414.375,0.0009970205614730319
414.6875,0.0010748023074035522
415,0.0007707463914933368
415.3125,0.0004949747468305832
415.625,0.0004384062043356594
415.9375,0.0005798275605729689
416.25,0.0006081118318204308
416.5625,0.0006363961030678927
416.875,0.0007424621202458748
417.1875,0.0008555992052357224
417.5,0.0007424621202458748
417.8125,0.0006363961030678927
418.125,0.0005798275605729689
418.4375,0.0005232590180780451
418.75,0.0006929646455628165
419.0625,0.0007212489168102785
419.375,0.0008555992052357224
419.6875,0.0008555992052357224
420,0.0008838834764831843
420.3125,0.0011030865786510141
420.625,0.0007424621202458748
420.9375,0.0008273149339882605
421.25,0.0007707463914933368
421.5625,0.0009404520189781082
421.875,0.0010748023074035522
422.1875,0.0010465180361560902
422.5,0.0008273149339882605
422.8125,0.0005515432893255071
423.125,0.0005798275605729689
423.4375,0.0009121677477306461
423.75,0.0009970205614730319
424.0625,0.0006929646455628165
424.375,0.0006929646455628165
424.6875,0.0006929646455628165
425,0.0006363961030678927
425.3125,0.0005515432893255071
425.625,0.0007990306627407986
425.9375,0.0006646803743153546
426.25,0.0008273149339882605
426.5625,0.0007212489168102785
426.875,0.0006081118318204308
427.1875,0.0009121677477306461
427.5,0.0010465180361560902
427.8125,0.0004949747468305832
428.125,0.0005232590180780451
428.4375,0.0003889087296526011
428.75,0.00046669047558312135
429.0625,0.00046669047558312135
429.375,0.0005232590180780451
429.6875,0.0004949747468305832
430,0.0008273149339882605
430.3125,0.0012445079348883236
430.625,0.0007707463914933368
430.9375,0.00036062445840513924
431.25,0.00036062445840513924
431.5625,0.0006081118318204308
431.875,0.0007424621202458748
432.1875,0.0007212489168102785
432.5,0.0008273149339882605
432.8125,0.0005232590180780451
433.125,0.0007424621202458748
433.4375,0.0007424621202458748
433.75,0.0009121677477306461
434.0625,0.0008555992052357224
434.375,0.0009121677477306461
434.6875,0.0009404520189781082
435,0.0008838834764831843
435.3125,0.0005515432893255071
435.625,0.0007990306627407986
435.9375,0.0007212489168102785
436.25,0.0005232590180780451
436.5625,0.0003889087296526011
436.875,0.0003889087296526011
437.1875,0.0003040559159102154
437.5,0.00027577164466275353
437.8125,0.0005232590180780451
438.125,0.0007212489168102785
438.4375,0.0006646803743153546
438.75,0.0006081118318204308
439.0625,0.0008838834764831843
439.375,0.00096873629022557
439.6875,0.0006363961030678927
440,0.0004949747468305832
440.3125,0.0007990306627407986
440.625,0.0004949747468305832
440.9375,0.0006081118318204308
441.25,0.0004384062043356594
441.5625,0.0006363961030678927
441.875,0.0009970205614730319
442.1875,0.0013788582233137676
442.5,0.0010748023074035522
442.8125,0.0004949747468305832
443.125,0.0004384062043356594
443.4375,0.0007212489168102785
443.75,0.0007424621202458748
444.0625,0.0006363961030678927
444.375,0.0007212489168102785
444.6875,0.0005232590180780451
445,0.00036062445840513924
445.3125,0.0004949747468305832
445.625,0.0005232590180780451
445.9375,0.0005515432893255071
446.25,0.0006363961030678927
446.5625,0.0007707463914933368
446.875,0.0007212489168102785
447.1875,0.0006363961030678927
447.5,0.0004949747468305832
447.8125,0.0006363961030678927
448.125,0.00096873629022557
448.4375,0.0011030865786510141
448.75,0.0014919953083036151
449.0625,0.0009970205614730319
449.375,0.0006081118318204308
449.6875,0.0007424621202458748
450,0.0008838834764831843
450.3125,0.0005798275605729689
450.625,0.0004949747468305832
450.9375,0.0007212489168102785
451.25,0.0007212489168102785
451.5625,0.0005232590180780451
451.875,0.0006363961030678927
452.1875,0.0006646803743153546
452.5,0.0005515432893255071
452.8125,0.0003040559159102154
453.125,0.000417193000900063
453.4375,0.0005232590180780451
453.75,0.0003889087296526011
454.0625,0.0004384062043356594
454.375,0.000417193000900063
454.6875,0.0005798275605729689
455,0.0006646803743153546
455.3125,0.0007212489168102785
455.625,0.0013222896808188437
455.9375,0.00096873629022557
456.25,0.0006646803743153546
456.5625,0.0006929646455628165
456.875,0.0005798275605729689
457.1875,0.0008273149339882605
457.5,0.001131370849898476
457.8125,0.0006929646455628165
458.125,0.0007424621202458748
458.4375,0.0007707463914933368
458.75,0.0007212489168102785
459.0625,0.00046669047558312135
459.375,0.0005515432893255071
459.6875,0.0007990306627407986
460,0.0006646803743153546
460.3125,0.0004949747468305832
460.625,0.0008555992052357224
460.9375,0.0008555992052357224
461.25,0.0006929646455628165
461.5625,0.00046669047558312135
461.875,0.0005515432893255071
462.1875,0.00046669047558312135
462.5,0.0007212489168102785
462.8125,0.0011596551211459378
463.125,0.001131370849898476
463.4375,0.00096873629022557
463.75,0.0010748023074035522
464.0625,0.0007212489168102785
464.375,0.0005798275605729689
464.6875,0.0006081118318204308
465,0.0007212489168102785
465.3125,0.0008273149339882605
465.625,0.0009404520189781082
465.9375,0.0008273149339882605
466.25,0.0007707463914933368
466.5625,0.0006646803743153546
466.875,0.0011596551211459378
467.1875,0.0010465180361560902
467.5,0.0014354267658086915
467.8125,0.0014354267658086915
468.125,0.0012445079348883236
468.4375,0.0008273149339882605
468.75,0.00046669047558312135
469.0625,0.0006081118318204308
469.375,0.0010748023074035522
469.6875,0.0009404520189781082
470,0.0013788582233137676
470.3125,0.001131370849898476
470.625,0.0007212489168102785
470.9375,0.0005798275605729689
471.25,0.0006363961030678927
471.5625,0.0008838834764831843
471.875,0.0010748023074035522
472.1875,0.0007212489168102785
472.5,0.0007990306627407986
472.8125,0.0008273149339882605
473.125,0.0006363961030678927
473.4375,0.0008838834764831843
473.75,0.0009970205614730319
474.0625,0.0009404520189781082
474.375,0.0006646803743153546
474.6875,0.0003889087296526011
475,0.0005515432893255071
475.3125,0.0006646803743153546
475.625,0.0009121677477306461
475.9375,0.0008555992052357224
476.25,0.0005515432893255071
476.5625,0.0006363961030678927
476.875,0.0007990306627407986
477.1875,0.0007212489168102785
477.5,0.0005798275605729689
477.8125,0.0004949747468305832
478.125,0.0005232590180780451
478.4375,0.0006929646455628165
478.75,0.0009404520189781082
479.0625,0.0012727922061357853
479.375,0.0009404520189781082
479.6875,0.0007212489168102785
480,0.00096873629022557
480.3125,0.0009404520189781082
480.625,0.0007424621202458748
480.9375,0.0006363961030678927
481.25,0.001131370849898476
481.5625,0.0010748023074035522
481.875,0.0007212489168102785
482.1875,0.0009404520189781082
482.5,0.0010748023074035522
482.8125,0.0008838834764831843
483.125,0.0009970205614730319
483.4375,0.0008555992052357224
483.75,0.0007990306627407986
484.0625,0.0013505739520663057
484.375,0.0018526197667087544
484.6875,0.0012445079348883236
485,0.0008273149339882605
485.3125,0.0007707463914933368
485.625,0.00096873629022557
485.9375,0.001294005409571382
486.25,0.001131370849898476
486.5625,0.0010748023074035522
486.875,0.0008555992052357224
487.1875,0.0007424621202458748
487.5,0.0008273149339882605
487.8125,0.0007424621202458748
488.125,0.0008555992052357224
488.4375,0.0014637110370561532
488.75,0.0013788582233137676
489.0625,0.0012727922061357853
489.375,0.0012727922061357853
489.6875,0.0009121677477306461
490,0.0010465180361560902
490.3125,0.0009404520189781082
490.625,0.0008273149339882605
490.9375,0.0014071424945612295
491.25,0.0018526197667087544
491.5625,0.001576848122046001
491.875,0.0010465180361560902
492.1875,0.0009404520189781082
492.5,0.0014071424945612295
492.8125,0.0011030865786510141
493.125,0.0010182337649086285
493.4375,0.0010182337649086285
493.75,0.0014354267658086915
494.0625,0.0013222896808188437
494.375,0.001520279579551077
494.6875,0.0017960512242138308
495,0.0012727922061357853
495.3125,0.0009121677477306461
495.625,0.0011879393923933997
495.9375,0.0019586857838867363
496.25,0.0013505739520663057
496.5625,0.0011030865786510141
496.875,0.001520279579551077
497.1875,0.0019304015126392746
497.5,0.0013788582233137676
497.8125,0.0015980613254815972
498.125,0.0019586857838867363
498.4375,0.0020152543263816606
498.75,0.0017111984104714447
499.0625,0.002128391411371508
499.375,0.0014354267658086915
499.6875,0.0013222896808188437
500,0.0014071424945612295
500.3125,0.0012727922061357853
500.625,0.0017960512242138308
500.9375,0.0022910259710444136
501.25,0.0019586857838867363
501.5625,0.0018526197667087544
501.875,0.001548563850798539
502.1875,0.0019586857838867363
502.5,0.0023193102422918756
502.8125,0.0019021172413918128
503.125,0.0016263455967290591
503.4375,0.001576848122046001
503.75,0.001520279579551077
504.0625,0.0014071424945612295
504.375,0.0014354267658086915
504.6875,0.0013505739520663057
505,0.0014919953083036151
505.3125,0.001576848122046001
505.625,0.001548563850798539
505.9375,0.0015980613254815972
506.25,0.0018243354954612923
506.5625,0.0017677669529663686
506.875,0.002262741699796952
507.1875,0.0035072496346852753
507.5,0.002538513344459705
507.8125,0.0023758787847867995
508.125,0.0021778888860545663
508.4375,0.0023758787847867995
508.75,0.001873832970144351
509.0625,0.0017960512242138308
509.375,0.0022910259710444136
509.6875,0.0029274220741123064
510,0.003090056633785212
510.3125,0.0034506810921903514
510.625,0.0024041630560342614
510.9375,0.0024041630560342614
511.25,0.001654629867976521
511.5625,0.0023193102422918756
511.875,0.002814284989122459
512.1875,0.0027365032431919387
512.5,0.0022061731573020282
512.8125,0.0024324473272817233
513.125,0.0023758787847867995
513.4375,0.00245366053071732
513.75,0.003337544007200504
514.0625,0.004277996026178612
514.375,0.004582051942088827
514.6875,0.002679934700697015
515,0.0036415999231107195
515.3125,0.0035921024484276616
515.625,0.00245366053071732
515.9375,0.002679934700697015
516.25,0.00245366053071732
516.5625,0.0019869700551341982
516.875,0.002100107140124046
517.1875,0.0017960512242138308
517.5,0.001873832970144351
517.8125,0.0015980613254815972
518.125,0.001873832970144351
518.4375,0.003033488091290289
518.75,0.0026233661582020914
519.0625,0.002814284989122459
519.375,0.0037264527368531053
519.6875,0.006045762979144981
520,0.0034506810921903514
520.3125,0.0020152543263816606
520.625,0.0016263455967290591
520.9375,0.0019586857838867363
521.25,0.0032880465325174457
521.5625,0.003754737008100567
521.875,0.0032880465325174457
522.1875,0.0024819448019647817
522.5,0.002538513344459705
522.8125,0.0018526197667087544
523.125,0.002651650429449553
523.4375,0.00446891485709898
523.75,0.0033941125496954275
524.0625,0.00223445742854949
524.375,0.0026233661582020914
524.6875,0.0029839906166072303
525,0.002708218971944477
525.3125,0.002786000717874997
525.625,0.003033488091290289
525.9375,0.002679934700697015
526.25,0.0020435385976291225
526.5625,0.0017960512242138308
526.875,0.002262741699796952
527.1875,0.0032031937187750603
527.5,0.0018243354954612923
527.8125,0.001576848122046001
528.125,0.002262741699796952
528.4375,0.00245366053071732
528.75,0.0026233661582020914
529.0625,0.0018526197667087544
529.375,0.001520279579551077
529.6875,0.001548563850798539
530,0.0022910259710444136
530.3125,0.0020435385976291225
530.625,0.002786000717874997
530.9375,0.00215667568261897
531.25,0.0024324473272817233
531.5625,0.002566797615707167
531.875,0.0018243354954612923
532.1875,0.0017960512242138308
532.5,0.001873832970144351
532.8125,0.0017111984104714447
533.125,0.0019869700551341982
533.4375,0.0022061731573020282
533.75,0.001548563850798539
534.0625,0.001548563850798539
534.375,0.00215667568261897
534.6875,0.001873832970144351
535,0.0019021172413918128
535.3125,0.0020435385976291225
535.625,0.0023475945135393375
535.9375,0.0029839906166072303
536.25,0.0025950818869546295
536.5625,0.00215667568261897
536.875,0.0017111984104714447
537.1875,0.001294005409571382
537.5,0.0022910259710444136
537.8125,0.0024041630560342614
538.125,0.0024041630560342614
538.4375,0.0029557063453597683
538.75,0.0020435385976291225
539.0625,0.0014071424945612295
539.375,0.0007990306627407986
539.6875,0.0010182337649086285
540,0.0023475945135393375
540.3125,0.0021778888860545663
540.625,0.0015980613254815972
540.9375,0.0017960512242138308
541.25,0.0017394826817189067
541.5625,0.0012162236636408617
541.875,0.0014354267658086915
542.1875,0.001873832970144351
542.5,0.002128391411371508
542.8125,0.0017394826817189067
543.125,0.001682914139223983
543.4375,0.0015980613254815972
543.75,0.001682914139223983
544.0625,0.0017677669529663686
544.375,0.0017111984104714447
544.6875,0.0018526197667087544
545,0.0024041630560342614
545.3125,0.0020435385976291225
545.625,0.002100107140124046
545.9375,0.002128391411371508
546.25,0.0017960512242138308
546.5625,0.0014354267658086915
546.875,0.0016263455967290591
547.1875,0.0016263455967290591
547.5,0.0017394826817189067
547.8125,0.0021778888860545663
548.125,0.002814284989122459
548.4375,0.0026233661582020914
548.75,0.00215667568261897
549.0625,0.0024041630560342614
549.375,0.0023758787847867995
549.6875,0.00223445742854949
550,0.0018526197667087544
550.3125,0.0019021172413918128
550.625,0.0017111984104714447
550.9375,0.002814284989122459
551.25,0.0034789653634378134
551.5625,0.0025102290732122437
551.875,0.0022910259710444136
552.1875,0.0017960512242138308
552.5,0.001682914139223983
552.8125,0.001576848122046001
553.125,0.0013222896808188437
553.4375,0.0022910259710444136
553.75,0.002651650429449553
554.0625,0.002100107140124046
554.375,0.0016263455967290591
554.6875,0.0008555992052357224
555,0.0012445079348883236
555.3125,0.0017394826817189067
555.625,0.002100107140124046
555.9375,0.002100107140124046
556.25,0.0017394826817189067
556.5625,0.0023475945135393375
556.875,0.0019869700551341982
557.1875,0.0026233661582020914
557.5,0.0018243354954612923
557.8125,0.0014354267658086915
558.125,0.0020435385976291225
558.4375,0.0021778888860545663
558.75,0.002128391411371508
559.0625,0.0019869700551341982
559.375,0.001654629867976521
559.6875,0.0019869700551341982
560,0.0020152543263816606
560.3125,0.0016263455967290591
560.625,0.0018526197667087544
560.9375,0.0017394826817189067
561.25,0.0018526197667087544
561.5625,0.0019021172413918128
561.875,0.0014354267658086915
562.1875,0.0014637110370561532
562.5,0.0017111984104714447
562.8125,0.0010182337649086285
563.125,0.0013505739520663057
563.4375,0.002679934700697015
563.75,0.0018526197667087544
564.0625,0.0012162236636408617
564.375,0.0014071424945612295
564.6875,0.0019586857838867363
565,0.0017111984104714447
565.3125,0.001576848122046001
565.625,0.0013505739520663057
565.9375,0.0012727922061357853
566.25,0.0019304015126392746
566.5625,0.0013505739520663057
566.875,0.0018526197667087544
567.1875,0.0024324473272817233
567.5,0.0023475945135393375
567.8125,0.0019304015126392746
568.125,0.001682914139223983
568.4375,0.0026233661582020914
568.75,0.002566797615707167
569.0625,0.001873832970144351
569.375,0.00223445742854949
569.6875,0.0024819448019647817
570,0.0026233661582020914
570.3125,0.0019869700551341982
570.625,0.0012162236636408617
570.9375,0.0013788582233137676
571.25,0.0012162236636408617
571.5625,0.0013788582233137676
571.875,0.001576848122046001
572.1875,0.0019304015126392746
572.5,0.00223445742854949
572.8125,0.0018243354954612923
573.125,0.0012162236636408617
573.4375,0.0010748023074035522
573.75,0.0012727922061357853
574.0625,0.0017111984104714447
574.375,0.0017111984104714447
574.6875,0.001131370849898476
575,0.0011030865786510141
575.3125,0.0012162236636408617
575.625,0.0013222896808188437
575.9375,0.001520279579551077
576.25,0.0013505739520663057
576.5625,0.001873832970144351
576.875,0.0017960512242138308
577.1875,0.0012162236636408617
577.5,0.0010182337649086285
577.8125,0.0014354267658086915
578.125,0.0022910259710444136
578.4375,0.002566797615707167
578.75,0.001520279579551077
579.0625,0.0013222896808188437
579.375,0.001873832970144351
579.6875,0.0013222896808188437
580,0.0014354267658086915
580.3125,0.0013788582233137676
580.625,0.0011030865786510141
580.9375,0.0009970205614730319
581.25,0.0010465180361560902
581.5625,0.0013222896808188437
581.875,0.0011596551211459378
582.1875,0.0008555992052357224
582.5,0.0011030865786510141
582.8125,0.0009404520189781082
583.125,0.0009121677477306461
583.4375,0.00096873629022557
583.75,0.001294005409571382
584.0625,0.001520279579551077
584.375,0.0013505739520663057
584.6875,0.001294005409571382
585,0.0017677669529663686
585.3125,0.0013788582233137676
585.625,0.0010182337649086285
585.9375,0.0011879393923933997
586.25,0.0007707463914933368
586.5625,0.0007990306627407986
586.875,0.0009404520189781082
587.1875,0.0010182337649086285
587.5,0.001548563850798539
587.8125,0.0013505739520663057
588.125,0.0013788582233137676
588.4375,0.0012162236636408617
588.75,0.0010182337649086285
589.0625,0.0013222896808188437
589.375,0.0012445079348883236
589.6875,0.0011030865786510141
590,0.0011030865786510141
590.3125,0.0015980613254815972
590.625,0.002071822868876584
590.9375,0.0013505739520663057
591.25,0.0010748023074035522
591.5625,0.0009121677477306461
591.875,0.0009970205614730319
592.1875,0.0011030865786510141
592.5,0.001131370849898476
592.8125,0.001294005409571382
593.125,0.001548563850798539
593.4375,0.0014637110370561532
593.75,0.0013788582233137676
594.0625,0.001654629867976521
594.375,0.001520279579551077
594.6875,0.00096873629022557
595,0.0012727922061357853
595.3125,0.0011879393923933997
595.625,0.0012445079348883236
595.9375,0.0011879393923933997
596.25,0.0008838834764831843
596.5625,0.0009970205614730319
596.875,0.0009404520189781082
597.1875,0.00096873629022557
597.5,0.0009404520189781082
597.8125,0.001131370849898476
598.125,0.0017960512242138308
598.4375,0.0014071424945612295
598.75,0.0010748023074035522
599.0625,0.0008555992052357224
599.375,0.0008273149339882605
599.6875,0.0012727922061357853
600,0.0009970205614730319
600.3125,0.0010748023074035522
600.625,0.001131370849898476
600.9375,0.0011030865786510141
601.25,0.0013222896808188437
601.5625,0.0014071424945612295
601.875,0.0017111984104714447
602.1875,0.0017960512242138308
602.5,0.0013505739520663057
602.8125,0.0011879393923933997
603.125,0.0008838834764831843
603.4375,0.0006363961030678927
603.75,0.0008555992052357224
604.0625,0.001576848122046001
604.375,0.0017677669529663686
604.6875,0.001548563850798539
605,0.0011030865786510141
605.3125,0.0012445079348883236
605.625,0.00096873629022557
605.9375,0.0007424621202458748
606.25,0.0006646803743153546
606.5625,0.0007212489168102785
606.875,0.0010465180361560902
607.1875,0.0012445079348883236
607.5,0.001654629867976521
607.8125,0.001654629867976521
608.125,0.0014071424945612295
608.4375,0.0014919953083036151
608.75,0.0016263455967290591
609.0625,0.001873832970144351
609.375,0.0010465180361560902
609.6875,0.0007990306627407986
610,0.0006646803743153546
610.3125,0.0008555992052357224
610.625,0.0009970205614730319
610.9375,0.0008555992052357224
611.25,0.0015980613254815972
611.5625,0.0017677669529663686
611.875,0.001294005409571382
612.1875,0.001548563850798539
612.5,0.002071822868876584
612.8125,0.0012445079348883236
613.125,0.0011030865786510141
613.4375,0.001520279579551077
613.75,0.001548563850798539
614.0625,0.0013505739520663057
614.375,0.0013788582233137676
614.6875,0.0014919953083036151
615,0.0012162236636408617
615.3125,0.0013505739520663057
615.625,0.0012727922061357853
615.9375,0.0009970205614730319
616.25,0.0012445079348883236
616.5625,0.0013505739520663057
616.875,0.0009970205614730319
617.1875,0.0009970205614730319
617.5,0.0006646803743153546
617.8125,0.0011030865786510141
618.125,0.0009970205614730319
618.4375,0.0012727922061357853
618.75,0.0013222896808188437
619.0625,0.0011879393923933997
619.375,0.0010182337649086285
619.6875,0.001873832970144351
620,0.0019021172413918128
620.3125,0.0019304015126392746
620.625,0.0019021172413918128
620.9375,0.0017111984104714447
621.25,0.002128391411371508
621.5625,0.0019869700551341982
621.875,0.0015980613254815972
622.1875,0.0011596551211459378
622.5,0.0014071424945612295
622.8125,0.0017677669529663686
623.125,0.0012445079348883236
623.4375,0.0017394826817189067
623.75,0.0019021172413918128
624.0625,0.0017960512242138308
624.375,0.0019304015126392746
624.6875,0.0019869700551341982
625,0.0013788582233137676
625.3125,0.0010465180361560902
625.625,0.0014071424945612295
625.9375,0.002071822868876584
626.25,0.001654629867976521
626.5625,0.0017960512242138308
626.875,0.002870853531617383
627.1875,0.0019021172413918128
627.5,0.002262741699796952
627.8125,0.0020152543263816606
628.125,0.0012727922061357853
628.4375,0.0013222896808188437
628.75,0.001873832970144351
629.0625,0.002100107140124046
629.375,0.0019869700551341982
629.6875,0.001654629867976521
630,0.0017394826817189067
630.3125,0.0018243354954612923
630.625,0.0014354267658086915
630.9375,0.0007990306627407986
631.25,0.0012162236636408617
631.5625,0.0013222896808188437
631.875,0.002100107140124046
632.1875,0.002071822868876584
632.5,0.002679934700697015
632.8125,0.0022061731573020282
633.125,0.0023193102422918756
633.4375,0.002899137802864845
633.75,0.0016263455967290591
634.0625,0.0012727922061357853
634.375,0.0013788582233137676
634.6875,0.0012162236636408617
635,0.0010465180361560902
635.3125,0.0017111984104714447
635.625,0.0017394826817189067
635.9375,0.0015980613254815972
636.25,0.0013788582233137676
636.5625,0.0013788582233137676
636.875,0.0009121677477306461
637.1875,0.0011030865786510141
637.5,0.0009404520189781082
637.8125,0.0010182337649086285
638.125,0.0010182337649086285
638.4375,0.0012445079348883236
638.75,0.001131370849898476
639.0625,0.0012727922061357853
639.375,0.0011596551211459378
639.6875,0.0009121677477306461
640,0.0014354267658086915
640.3125,0.0013222896808188437
640.625,0.0013788582233137676
640.9375,0.001873832970144351
641.25,0.0022061731573020282
641.5625,0.0012727922061357853
641.875,0.0014071424945612295
642.1875,0.0017960512242138308
642.5,0.0017394826817189067
642.8125,0.0017394826817189067
643.125,0.0014637110370561532
643.4375,0.0010465180361560902
643.75,0.0009121677477306461
644.0625,0.00096873629022557
644.375,0.0007212489168102785
644.6875,0.0008555992052357224
645,0.0012445079348883236
645.3125,0.001576848122046001
645.625,0.0014637110370561532
645.9375,0.0014071424945612295
646.25,0.0020152543263816606
646.5625,0.0019586857838867363
646.875,0.0017677669529663686
647.1875,0.0011030865786510141
647.5,0.001682914139223983
647.8125,0.0014919953083036151
648.125,0.0012445079348883236
648.4375,0.0009970205614730319
648.75,0.0012162236636408617
649.0625,0.0017111984104714447
649.375,0.0013222896808188437
649.6875,0.0009404520189781082
650,0.0011030865786510141
650.3125,0.0012445079348883236
650.625,0.0011879393923933997
650.9375,0.0014071424945612295
651.25,0.0012445079348883236
651.5625,0.0014354267658086915
651.875,0.0016263455967290591
652.1875,0.0014919953083036151
652.5,0.0012162236636408617
652.8125,0.001294005409571382
653.125,0.0013505739520663057
653.4375,0.0011030865786510141
653.75,0.001131370849898476
654.0625,0.0014071424945612295
654.375,0.0012727922061357853
654.6875,0.0020152543263816606
655,0.0019586857838867363
655.3125,0.002538513344459705
655.625,0.001682914139223983
655.9375,0.0009970205614730319
656.25,0.0011596551211459378
656.5625,0.0012727922061357853
656.875,0.0010465180361560902
657.1875,0.0012445079348883236
657.5,0.0011596551211459378
657.8125,0.0014354267658086915
658.125,0.0017960512242138308
658.4375,0.0014919953083036151
658.75,0.0009970205614730319
659.0625,0.0008273149339882605
659.375,0.00096873629022557
659.6875,0.0010748023074035522
660,0.001131370849898476
660.3125,0.0007990306627407986
660.625,0.0012727922061357853
660.9375,0.0011030865786510141
661.25,0.0013788582233137676
661.5625,0.0010465180361560902
661.875,0.0009404520189781082
662.1875,0.0011596551211459378
662.5,0.0007990306627407986
662.8125,0.0006929646455628165
663.125,0.0009121677477306461
663.4375,0.001131370849898476
663.75,0.0012162236636408617
664.0625,0.0007424621202458748
664.375,0.0007990306627407986
664.6875,0.001131370849898476
665,0.0006646803743153546
665.3125,0.0005798275605729689
665.625,0.0007212489168102785
665.9375,0.0007424621202458748
666.25,0.0005798275605729689
666.5625,0.0004949747468305832
666.875,0.0006646803743153546
667.1875,0.0007424621202458748
667.5,0.0010748023074035522
667.8125,0.0009404520189781082
668.125,0.0006929646455628165
668.4375,0.0007424621202458748
668.75,0.0007707463914933368
669.0625,0.0008838834764831843
669.375,0.0011030865786510141
669.6875,0.0009121677477306461
670,0.0006363961030678927
670.3125,0.0009404520189781082
670.625,0.0011030865786510141
670.9375,0.0010182337649086285
671.25,0.0009970205614730319
671.5625,0.0006929646455628165
671.875,0.0008273149339882605
672.1875,0.0012162236636408617
672.5,0.0011879393923933997
672.8125,0.0012445079348883236
673.125,0.00096873629022557
673.4375,0.0008838834764831843
673.75,0.0012162236636408617
674.0625,0.0013505739520663057
674.375,0.0009970205614730319
674.6875,0.0010748023074035522
675,0.001131370849898476
675.3125,0.0007990306627407986
675.625,0.0007990306627407986
675.9375,0.0008273149339882605
676.25,0.0007212489168102785
676.5625,0.0008838834764831843
676.875,0.0009404520189781082
677.1875,0.0008555992052357224
677.5,0.0009404520189781082
677.8125,0.00096873629022557
678.125,0.0009404520189781082
678.4375,0.0007707463914933368
678.75,0.0007424621202458748
679.0625,0.0007990306627407986
679.375,0.0008838834764831843
679.6875,0.0006646803743153546
680,0.0011030865786510141
680.3125,0.0010182337649086285
680.625,0.0008555992052357224
680.9375,0.0005232590180780451
681.25,0.0005515432893255071
681.5625,0.0007424621202458748
681.875,0.0006646803743153546
682.1875,0.0005515432893255071
682.5,0.0006646803743153546
682.8125,0.0009121677477306461
683.125,0.0005798275605729689
683.4375,0.0006081118318204308
683.75,0.0013222896808188437
684.0625,0.0014071424945612295
684.375,0.0008555992052357224
684.6875,0.0005232590180780451
685,0.0005515432893255071
685.3125,0.00096873629022557
685.625,0.0007707463914933368
685.9375,0.0006929646455628165
686.25,0.0007990306627407986
686.5625,0.001131370849898476
686.875,0.0022061731573020282
687.1875,0.00215667568261897
687.5,0.0013505739520663057
687.8125,0.0004949747468305832
688.125,0.00036062445840513924
688.4375,0.0005232590180780451
688.75,0.0009121677477306461
689.0625,0.0008555992052357224
689.375,0.0006646803743153546
689.6875,0.0005232590180780451
690,0.0006081118318204308
690.3125,0.0006929646455628165
690.625,0.0009121677477306461
690.9375,0.0007424621202458748
691.25,0.0006646803743153546
691.5625,0.0005515432893255071
691.875,0.0004949747468305832
692.1875,0.00046669047558312135
692.5,0.0008555992052357224
692.8125,0.0007212489168102785
693.125,0.0005798275605729689
693.4375,0.0006081118318204308
693.75,0.0007212489168102785
694.0625,0.0006363961030678927
694.375,0.0004384062043356594
694.6875,0.0006363961030678927
695,0.0008273149339882605
695.3125,0.0009970205614730319
695.625,0.0012727922061357853
695.9375,0.0012727922061357853
696.25,0.0006646803743153546
696.5625,0.0003323401871576773
696.875,0.0005232590180780451
697.1875,0.0005798275605729689
697.5,0.0006929646455628165
697.8125,0.0010182337649086285
698.125,0.0007990306627407986
698.4375,0.0005232590180780451
698.75,0.0010748023074035522
699.0625,0.0017394826817189067
699.375,0.0008555992052357224
699.6875,0.0003889087296526011
700,0.00036062445840513924
700.3125,0.0004384062043356594
700.625,0.00046669047558312135
700.9375,0.0005232590180780451
701.25,0.0009970205614730319
701.5625,0.0009121677477306461
701.875,0.0003889087296526011
702.1875,0.0005798275605729689
702.5,0.0006363961030678927
702.8125,0.0004384062043356594
703.125,0.0002474873734152916
703.4375,0.000417193000900063
703.75,0.0007424621202458748
704.0625,0.0005798275605729689
704.375,0.0004384062043356594
704.6875,0.000417193000900063
705,0.0004949747468305832
705.3125,0.0005232590180780451
705.625,0.0005232590180780451
705.9375,0.000417193000900063
706.25,0.000417193000900063
706.5625,0.0005515432893255071
706.875,0.0003889087296526011
707.1875,0.000417193000900063
707.5,0.0005515432893255071
707.8125,0.00036062445840513924
708.125,0.0005232590180780451
708.4375,0.0005798275605729689
708.75,0.0003889087296526011
709.0625,0.0003323401871576773
709.375,0.000417193000900063
709.6875,0.0006646803743153546
710,0.0006363961030678927
710.3125,0.0005798275605729689
710.625,0.0006081118318204308
710.9375,0.0007424621202458748
711.25,0.0007212489168102785
711.5625,0.0008273149339882605
711.875,0.0008273149339882605
712.1875,0.0011030865786510141
712.5,0.0010182337649086285
712.8125,0.0008555992052357224
713.125,0.0006081118318204308
713.4375,0.0004949747468305832
713.75,0.0005798275605729689
714.0625,0.0006081118318204308
714.375,0.0004949747468305832
714.6875,0.0004949747468305832
715,0.00046669047558312135
715.3125,0.0005798275605729689
715.625,0.00046669047558312135
715.9375,0.0003323401871576773
716.25,0.0003323401871576773
716.5625,0.0004384062043356594
716.875,0.0005232590180780451
717.1875,0.0005798275605729689
717.5,0.00046669047558312135
717.8125,0.0002192031021678297
718.125,0.0006081118318204308
718.4375,0.0008555992052357224
718.75,0.0005515432893255071
719.0625,0.000417193000900063
719.375,0.0003323401871576773
719.6875,0.0005232590180780451
720,0.0007424621202458748
720.3125,0.0013788582233137676
720.625,0.003309259735953042
720.9375,0.0024819448019647817
721.25,0.0007990306627407986
721.5625,0.0008273149339882605
721.875,0.0007990306627407986
722.1875,0.0010465180361560902
722.5,0.0009970205614730319
722.8125,0.0007707463914933368
723.125,0.0008273149339882605
723.4375,0.0007424621202458748
723.75,0.0005798275605729689
724.0625,0.0004949747468305832
724.375,0.000417193000900063
724.6875,0.0007707463914933368
725,0.0007424621202458748
725.3125,0.0006929646455628165
725.625,0.0005515432893255071
725.9375,0.00036062445840513924
726.25,0.00046669047558312135
726.5625,0.0004949747468305832
726.875,0.0008273149339882605
727.1875,0.0006929646455628165
727.5,0.0005798275605729689
727.8125,0.00046669047558312135
728.125,0.00046669047558312135
728.4375,0.0006929646455628165
728.75,0.0006929646455628165
729.0625,0.0008273149339882605
729.375,0.00096873629022557
729.6875,0.0008273149339882605
730,0.0009970205614730319
730.3125,0.0007990306627407986
730.625,0.0005515432893255071
730.9375,0.0006646803743153546
731.25,0.0007990306627407986
731.5625,0.0007212489168102785
731.875,0.0004949747468305832
732.1875,0.0004949747468305832
732.5,0.0007707463914933368
732.8125,0.0007990306627407986
733.125,0.0006363961030678927
733.4375,0.0006929646455628165
733.75,0.0006929646455628165
734.0625,0.0004949747468305832
734.375,0.000417193000900063
734.6875,0.0006363961030678927
735,0.0004949747468305832
735.3125,0.0004384062043356594
735.625,0.0006081118318204308
735.9375,0.0004949747468305832
736.25,0.0005515432893255071
736.5625,0.0006363961030678927
736.875,0.000417193000900063
737.1875,0.00036062445840513924
737.5,0.0004949747468305832
737.8125,0.0006081118318204308
738.125,0.0007212489168102785
738.4375,0.0006929646455628165
738.75,0.0004949747468305832
739.0625,0.0004384062043356594
739.375,0.0003889087296526011
739.6875,0.0006081118318204308
740,0.0004384062043356594
740.3125,0.00036062445840513924
740.625,0.000417193000900063
740.9375,0.0006363961030678927
741.25,0.0006646803743153546
741.5625,0.0009404520189781082
741.875,0.0014637110370561532
742.1875,0.004497199128346442
742.5,0.004525483399593904
742.8125,0.0013505739520663057
743.125,0.0004949747468305832
743.4375,0.0006363961030678927
743.75,0.0008838834764831843
744.0625,0.0007212489168102785
744.375,0.0009121677477306461
744.6875,0.0011030865786510141
745,0.002128391411371508
745.3125,0.009135819612930193
745.625,0.01825042602242479
745.9375,0.010514677836243961
746.25,0.002100107140124046
746.5625,0.0010182337649086285
746.875,0.0007212489168102785
747.1875,0.0004949747468305832
747.5,0.00046669047558312135
747.8125,0.00046669047558312135
748.125,0.0004949747468305832
748.4375,0.0014354267658086915
748.75,0.005133595231414334
749.0625,0.005932625894155133
749.375,0.0022061731573020282
749.6875,0.0007707463914933368
750,0.0008838834764831843
750.3125,0.0007990306627407986
750.625,0.0004384062043356594
750.9375,0.00036062445840513924
751.25,0.0003889087296526011
751.5625,0.0005232590180780451
751.875,0.0009121677477306461
752.1875,0.0017960512242138308
752.5,0.0011596551211459378
752.8125,0.0004949747468305832
753.125,0.0006081118318204308
753.4375,0.0005798275605729689
753.75,0.00036062445840513924
754.0625,0.0005232590180780451
754.375,0.0006929646455628165
754.6875,0.00046669047558312135
755,0.0006646803743153546
755.3125,0.0006363961030678927
755.625,0.0005515432893255071
755.9375,0.00046669047558312135
756.25,0.00046669047558312135
756.5625,0.0004949747468305832
756.875,0.0005232590180780451
757.1875,0.0006081118318204308
757.5,0.0006363961030678927
757.8125,0.0007212489168102785
758.125,0.0006929646455628165
758.4375,0.001131370849898476
758.75,0.0010748023074035522
759.0625,0.0006081118318204308
759.375,0.0006363961030678927
759.6875,0.0004949747468305832
760,0.0005515432893255071
760.3125,0.0005515432893255071
760.625,0.0005515432893255071
760.9375,0.0005798275605729689
761.25,0.0007990306627407986
761.5625,0.000417193000900063
761.875,0.000417193000900063
762.1875,0.0006081118318204308
762.5,0.0005515432893255071
762.8125,0.0007707463914933368
763.125,0.0006646803743153546
763.4375,0.0006929646455628165
763.75,0.0004949747468305832
764.0625,0.0002474873734152916
764.375,0.0003040559159102154
764.6875,0.0005232590180780451
765,0.0007424621202458748
765.3125,0.0007990306627407986
765.625,0.0004384062043356594
765.9375,0.0005232590180780451
766.25,0.0004384062043356594
766.5625,0.0003323401871576773
766.875,0.0003040559159102154
767.1875,0.0005798275605729689
767.5,0.0007707463914933368
767.8125,0.0016263455967290591
768.125,0.0022910259710444136
768.4375,0.00096873629022557
768.75,0.0007707463914933368
769.0625,0.0006646803743153546
769.375,0.0006363961030678927
769.6875,0.0005515432893255071
770,0.0004384062043356594
770.3125,0.0005232590180780451
770.625,0.0008555992052357224
770.9375,0.001131370849898476
771.25,0.0029274220741123064
771.5625,0.0024819448019647817
771.875,0.0006081118318204308
772.1875,0.0004384062043356594
772.5,0.0006363961030678927
772.8125,0.00046669047558312135
773.125,0.0004384062043356594
773.4375,0.0004949747468305832
773.75,0.0003889087296526011
774.0625,0.0005798275605729689
774.375,0.002128391411371508
774.6875,0.0034223968209428895
775,0.0017394826817189067
775.3125,0.00036062445840513924
775.625,0.0003040559159102154
775.9375,0.000417193000900063
776.25,0.0006081118318204308
776.5625,0.00036062445840513924
776.875,0.000417193000900063
777.1875,0.00036062445840513924
777.5,0.0004384062043356594
777.8125,0.0008555992052357224
778.125,0.0007424621202458748
778.4375,0.0005232590180780451
778.75,0.0005515432893255071
779.0625,0.0004384062043356594
779.375,0.001520279579551077
779.6875,0.0014919953083036151
780,0.0006646803743153546
780.3125,0.000417193000900063
780.625,0.0005232590180780451
780.9375,0.0007212489168102785
781.25,0.000417193000900063
781.5625,0.0003889087296526011
781.875,0.0002474873734152916
782.1875,0.00027577164466275353
782.5,0.00046669047558312135
782.8125,0.0004949747468305832
783.125,0.0005798275605729689
783.4375,0.0006646803743153546
783.75,0.0006646803743153546
784.0625,0.0017394826817189067
784.375,0.0017394826817189067
784.6875,0.0005515432893255071
785,0.000417193000900063
785.3125,0.000417193000900063
785.625,0.0004384062043356594
785.9375,0.0003040559159102154
786.25,0.00036062445840513924
786.5625,0.0004384062043356594
786.875,0.0006081118318204308
787.1875,0.00046669047558312135
787.5,0.0006081118318204308
787.8125,0.00036062445840513924
788.125,0.0003040559159102154
788.4375,0.0003040559159102154
788.75,0.0004384062043356594
789.0625,0.000417193000900063
789.375,0.0003889087296526011
789.6875,0.0004384062043356594
790,0.00036062445840513924
790.3125,0.0003323401871576773
790.625,0.0005232590180780451
790.9375,0.0005798275605729689
791.25,0.0003889087296526011
791.5625,0.0003323401871576773
791.875,0.00027577164466275353
792.1875,0.0005515432893255071
792.5,0.0006929646455628165
792.8125,0.0004384062043356594
793.125,0.000417193000900063
793.4375,0.0005232590180780451
793.75,0.0004949747468305832
794.0625,0.0006363961030678927
794.375,0.0009121677477306461
794.6875,0.0013505739520663057
795,0.0007990306627407986
795.3125,0.0007212489168102785
795.625,0.0006081118318204308
795.9375,0.0005232590180780451
796.25,0.0008555992052357224
796.5625,0.0006646803743153546
796.875,0.0006646803743153546
797.1875,0.0008555992052357224
797.5,0.0004949747468305832
797.8125,0.0006929646455628165
798.125,0.0007212489168102785
798.4375,0.0005515432893255071
798.75,0.0004384062043356594
799.0625,0.0003323401871576773
799.375,0.0003040559159102154
799.6875,0.00036062445840513924
800,0.00036062445840513924
800.3125,0.0002474873734152916
800.625,0.000417193000900063
800.9375,0.0004384062043356594
801.25,0.0005232590180780451
801.5625,0.0003889087296526011
801.875,0.0003323401871576773
802.1875,0.00036062445840513924
802.5,0.0003040559159102154
802.8125,0.0005232590180780451
803.125,0.000417193000900063
803.4375,0.00036062445840513924
803.75,0.00036062445840513924
804.0625,0.0003889087296526011
804.375,0.0003323401871576773
804.6875,0.0003323401871576773
805,0.000417193000900063
805.3125,0.0003889087296526011
805.625,0.0004949747468305832
805.9375,0.0004384062043356594
806.25,0.0004384062043356594
806.5625,0.0005798275605729689
806.875,0.0004384062043356594
807.1875,0.0004949747468305832
807.5,0.0004384062043356594
807.8125,0.0003323401871576773
808.125,0.0003040559159102154
808.4375,0.0003323401871576773
808.75,0.0003889087296526011
809.0625,0.00046669047558312135
809.375,0.0005798275605729689
809.6875,0.00036062445840513924
810,0.0002474873734152916
810.3125,0.0002474873734152916
810.625,0.0003323401871576773
810.9375,0.000417193000900063
811.25,0.0004949747468305832
811.5625,0.0003889087296526011
811.875,0.000417193000900063
812.1875,0.0004384062043356594
812.5,0.000417193000900063
812.8125,0.0004384062043356594
813.125,0.000417193000900063
813.4375,0.0003889087296526011
813.75,0.00036062445840513924
814.0625,0.00036062445840513924
814.375,0.00036062445840513924
814.6875,0.0002474873734152916
815,0.0003040559159102154
815.3125,0.0003323401871576773
815.625,0.0003040559159102154
815.9375,0.0005232590180780451
816.25,0.0006363961030678927
816.5625,0.0006081118318204308
816.875,0.0003889087296526011
817.1875,0.0003040559159102154
817.5,0.0002474873734152916
817.8125,0.0003040559159102154
818.125,0.00046669047558312135
818.4375,0.0003889087296526011
818.75,0.0003889087296526011
819.0625,0.00027577164466275353
819.375,0.0004949747468305832
819.6875,0.0004384062043356594
820,0.0003323401871576773
820.3125,0.0003323401871576773
820.625,0.0003323401871576773
820.9375,0.000417193000900063
821.25,0.000417193000900063
821.5625,0.00027577164466275353
821.875,0.0003040559159102154
822.1875,0.00027577164466275353
822.5,0.0005798275605729689
822.8125,0.0011879393923933997
823.125,0.0007990306627407986
823.4375,0.0003323401871576773
823.75,0.0004384062043356594
824.0625,0.0005515432893255071
824.375,0.0003323401871576773
824.6875,0.00046669047558312135
825,0.00046669047558312135
825.3125,0.00027577164466275353
825.625,0.0003040559159102154
825.9375,0.0003889087296526011
826.25,0.00096873629022557
826.5625,0.0012445079348883236
826.875,0.0007212489168102785
827.1875,0.00036062445840513924
827.5,0.0003040559159102154
827.8125,0.000417193000900063
828.125,0.0003323401871576773
828.4375,0.0002474873734152916
828.75,0.00027577164466275353
829.0625,0.0003323401871576773
829.375,0.0003323401871576773
829.6875,0.00027577164466275353
830,0.0002192031021678297
830.3125,0.0002192031021678297
830.625,0.00027577164466275353
830.9375,0.0004949747468305832
831.25,0.00046669047558312135
831.5625,0.0002474873734152916
831.875,0.0002192031021678297
832.1875,0.00019091883092036782
832.5,0.0002192031021678297
832.8125,0.0004384062043356594
833.125,0.00046669047558312135
833.4375,0.00027577164466275353
833.75,0.00027577164466275353
834.0625,0.0003889087296526011
834.375,0.0003889087296526011
834.6875,0.0003889087296526011
835,0.0003889087296526011
835.3125,0.0002192031021678297
835.625,0.0003040559159102154
835.9375,0.0003040559159102154
836.25,0.000417193000900063
836.5625,0.0006363961030678927
836.875,0.0006081118318204308
837.1875,0.0003889087296526011
837.5,0.00019091883092036782
837.8125,0.00027577164466275353
838.125,0.00027577164466275353
838.4375,0.0002474873734152916
838.75,0.0003323401871576773
839.0625,0.0003323401871576773
839.375,0.0004384062043356594
839.6875,0.000417193000900063
840,0.00036062445840513924
840.3125,0.0005232590180780451
840.625,0.00046669047558312135
840.9375,0.0003323401871576773
841.25,0.0003040559159102154
841.5625,0.000417193000900063
841.875,0.0004384062043356594
842.1875,0.000417193000900063
842.5,0.0005232590180780451
842.8125,0.0003323401871576773
843.125,0.00046669047558312135
843.4375,0.00046669047558312135
843.75,0.0002474873734152916
844.0625,0.0003040559159102154
844.375,0.0003323401871576773
844.6875,0.0002474873734152916
845,0.0003040559159102154
845.3125,0.0004384062043356594
845.625,0.000417193000900063
845.9375,0.000417193000900063
846.25,0.000417193000900063
846.5625,0.0003889087296526011
846.875,0.000417193000900063
847.1875,0.00046669047558312135
847.5,0.000417193000900063
847.8125,0.00036062445840513924
848.125,0.0002192031021678297
848.4375,0.0003040559159102154
848.75,0.0003323401871576773
849.0625,0.00027577164466275353
849.375,0.0003323401871576773
849.6875,0.0003889087296526011
850,0.00036062445840513924
850.3125,0.0003323401871576773
850.625,0.0003323401871576773
850.9375,0.000417193000900063
851.25,0.0003323401871576773
851.5625,0.0003040559159102154
851.875,0.000417193000900063
852.1875,0.00036062445840513924
852.5,0.0003323401871576773
852.8125,0.0003889087296526011
853.125,0.00036062445840513924
853.4375,0.0002192031021678297
853.75,0.00027577164466275353
854.0625,0.00027577164466275353
854.375,0.00036062445840513924
854.6875,0.0002474873734152916
855,0.00019091883092036782
855.3125,0.00019091883092036782
855.625,0.0004384062043356594
855.9375,0.000417193000900063
856.25,0.0004384062043356594
856.5625,0.0003323401871576773
856.875,0.00027577164466275353
857.1875,0.00019091883092036782
857.5,0.00016263455967290594
857.8125,0.00016263455967290594
858.125,0.0003040559159102154
858.4375,0.0002474873734152916
858.75,0.00016263455967290594
859.0625,0.00027577164466275353
859.375,0.0003889087296526011
859.6875,0.0003040559159102154
860,0.0003040559159102154
860.3125,0.0002474873734152916
860.625,0.00027577164466275353
860.9375,0.00036062445840513924
861.25,0.0002192031021678297
861.5625,0.00016263455967290594
861.875,0.00027577164466275353
862.1875,0.00027577164466275353
862.5,0.0002192031021678297
862.8125,0.00027577164466275353
863.125,0.00027577164466275353
863.4375,0.00016263455967290594
863.75,0.00027577164466275353
864.0625,0.00036062445840513924
864.375,0.00019091883092036782
864.6875,0.00019091883092036782
865,0.00016263455967290594
865.3125,0.00016263455967290594
865.625,0.00016263455967290594
865.9375,0.00016263455967290594
866.25,0.00011313708498984761
866.5625,0.0002192031021678297
866.875,0.0002192031021678297
867.1875,0.0002474873734152916
867.5,0.0002192031021678297
867.8125,0.00019091883092036782
868.125,0.00016263455967290594
868.4375,0.00016263455967290594
868.75,0.00016263455967290594
869.0625,0.00016263455967290594
869.375,0.00019091883092036782
869.6875,0.00019091883092036782
870,0.00027577164466275353
870.3125,0.0003040559159102154
870.625,0.00027577164466275353
870.9375,0.0002474873734152916
871.25,0.0002474873734152916
871.5625,0.00027577164466275353
871.875,0.00027577164466275353
872.1875,0.0002474873734152916
872.5,0.0002474873734152916
872.8125,0.00019091883092036782
873.125,0.00019091883092036782
873.4375,0.00019091883092036782
873.75,0.0002474873734152916
874.0625,0.0002192031021678297
874.375,0.0002474873734152916
874.6875,0.0002192031021678297
875,0.00027577164466275353
875.3125,0.0002474873734152916
875.625,0.0001414213562373095
875.9375,0.00019091883092036782
876.25,0.0002192031021678297
876.5625,0.00016263455967290594
876.875,0.0002192031021678297
877.1875,0.00027577164466275353
877.5,0.00027577164466275353
877.8125,0.00019091883092036782
878.125,0.00016263455967290594
878.4375,0.0001414213562373095
878.75,0.0002192031021678297
879.0625,0.00019091883092036782
879.375,0.00019091883092036782
879.6875,0.00011313708498984761
880,0.00011313708498984761
880.3125,0.0001414213562373095
880.625,0.0002474873734152916
880.9375,0.0002474873734152916
881.25,0.00016263455967290594
881.5625,0.00027577164466275353
881.875,0.0002474873734152916
882.1875,0.0001414213562373095
882.5,0.0001414213562373095
882.8125,0.0002474873734152916
883.125,0.0002474873734152916
883.4375,0.0002474873734152916
883.75,0.00019091883092036782
884.0625,0.0003323401871576773
884.375,0.0003323401871576773
884.6875,0.0002474873734152916
885,0.0002474873734152916
885.3125,0.0003040559159102154
885.625,0.0003323401871576773
885.9375,0.0003040559159102154
886.25,0.00019091883092036782
886.5625,0.0002474873734152916
886.875,0.0003889087296526011
887.1875,0.000417193000900063
887.5,0.0003323401871576773
887.8125,0.00036062445840513924
888.125,0.0002192031021678297
888.4375,0.00016263455967290594
888.75,0.00016263455967290594
889.0625,0.00019091883092036782
889.375,0.0002192031021678297
889.6875,0.0002474873734152916
890,0.0003323401871576773
890.3125,0.00036062445840513924
890.625,0.00016263455967290594
890.9375,0.0001414213562373095
891.25,0.00016263455967290594
891.5625,0.0002192031021678297
891.875,0.00027577164466275353
892.1875,0.00019091883092036782
892.5,0.00016263455967290594
892.8125,0.0001414213562373095
893.125,0.00011313708498984761
893.4375,0.00011313708498984761
893.75,0.0002192031021678297
894.0625,0.0003040559159102154
894.375,0.0002192031021678297
894.6875,0.0001414213562373095
895,0.00016263455967290594
895.3125,0.0002192031021678297
895.625,0.00019091883092036782
895.9375,0.0002192031021678297
896.25,0.0002192031021678297
896.5625,0.00019091883092036782
896.875,0.0002474873734152916
897.1875,0.00027577164466275353
897.5,0.0002192031021678297
897.8125,0.00027577164466275353
898.125,0.0003323401871576773
898.4375,0.0002192031021678297
898.75,0.00019091883092036782
899.0625,0.0002474873734152916
899.375,0.0003040559159102154
899.6875,0.0006646803743153546
900,0.0008273149339882605
900.3125,0.0003889087296526011
900.625,0.00016263455967290594
900.9375,0.00016263455967290594
901.25,0.0002192031021678297
901.5625,0.0002474873734152916
901.875,0.0003040559159102154
902.1875,0.0003323401871576773
902.5,0.0003323401871576773
902.8125,0.0003889087296526011
903.125,0.0003889087296526011
903.4375,0.0002192031021678297
903.75,0.0002192031021678297
904.0625,0.00016263455967290594
904.375,0.00019091883092036782
904.6875,0.00019091883092036782
905,0.00019091883092036782
905.3125,0.00019091883092036782
905.625,0.0002192031021678297
905.9375,0.0002192031021678297
906.25,0.00019091883092036782
906.5625,0.00027577164466275353
906.875,0.0002474873734152916
907.1875,0.0002474873734152916
907.5,0.0003040559159102154
907.8125,0.0003040559159102154
908.125,0.00019091883092036782
908.4375,0.0002474873734152916
908.75,0.0003323401871576773
909.0625,0.0002474873734152916
909.375,0.0002192031021678297
909.6875,0.0002474873734152916
910,0.0001414213562373095
910.3125,0.0001414213562373095
910.625,0.0002192031021678297
910.9375,0.0003323401871576773
911.25,0.00027577164466275353
911.5625,0.00016263455967290594
911.875,0.0002192031021678297
912.1875,0.0002474873734152916
912.5,0.0002192031021678297
912.8125,0.0002474873734152916
913.125,0.0002192031021678297
913.4375,0.00016263455967290594
913.75,0.0002192031021678297
914.0625,0.0002192031021678297
914.375,0.0002192031021678297
914.6875,0.0002192031021678297
915,0.0002192031021678297
915.3125,0.00016263455967290594
915.625,0.0001414213562373095
915.9375,0.00011313708498984761
916.25,0.0001414213562373095
916.5625,0.0001414213562373095
916.875,0.0002192031021678297
917.1875,0.00019091883092036782
917.5,0.00011313708498984761
917.8125,0.00011313708498984761
918.125,0.0001414213562373095
918.4375,0.00016263455967290594
918.75,0.00016263455967290594
919.0625,0.0001414213562373095
919.375,0.0001414213562373095
919.6875,0.00016263455967290594
920,0.0000848528137423857
920.3125,0.0001414213562373095
920.625,0.00011313708498984761
920.9375,0.0000848528137423857
921.25,0.0001414213562373095
921.5625,0.00016263455967290594
921.875,0.0001414213562373095
922.1875,0.0001414213562373095
922.5,0.00019091883092036782
922.8125,0.00016263455967290594
923.125,0.00016263455967290594
923.4375,0.0001414213562373095
923.75,0.0001414213562373095
924.0625,0.00016263455967290594
924.375,0.0001414213562373095
924.6875,0.00011313708498984761
925,0.00016263455967290594
925.3125,0.0001414213562373095
925.625,0.00011313708498984761
925.9375,0.00011313708498984761
926.25,0.00016263455967290594
926.5625,0.0002192031021678297
926.875,0.0001414213562373095
927.1875,0.00011313708498984761
927.5,0.0000848528137423857
927.8125,0.0001414213562373095
928.125,0.00011313708498984761
928.4375,0.00016263455967290594
928.75,0.00016263455967290594
929.0625,0.00016263455967290594
929.375,0.0001414213562373095
929.6875,0.00019091883092036782
930,0.00019091883092036782
930.3125,0.00011313708498984761
930.625,0.0001414213562373095
930.9375,0.00016263455967290594
931.25,0.0001414213562373095
931.5625,0.0001414213562373095
931.875,0.0002192031021678297
932.1875,0.0002192031021678297
932.5,0.0002192031021678297
932.8125,0.0001414213562373095
933.125,0.0002192031021678297
933.4375,0.0002192031021678297
933.75,0.00016263455967290594
934.0625,0.0002192031021678297
934.375,0.00016263455967290594
934.6875,0.0001414213562373095
935,0.0001414213562373095
935.3125,0.00016263455967290594
935.625,0.0001414213562373095
935.9375,0.00019091883092036782
936.25,0.00019091883092036782
936.5625,0.0002192031021678297
936.875,0.0002192031021678297
937.1875,0.0002474873734152916
937.5,0.00019091883092036782
937.8125,0.00019091883092036782
938.125,0.00019091883092036782
938.4375,0.00019091883092036782
938.75,0.00016263455967290594
939.0625,0.0002474873734152916
939.375,0.0003040559159102154
939.6875,0.00036062445840513924
940,0.0003040559159102154
940.3125,0.00019091883092036782
940.625,0.00019091883092036782
940.9375,0.0002474873734152916
941.25,0.0002474873734152916
941.5625,0.00019091883092036782
941.875,0.00027577164466275353
942.1875,0.0003040559159102154
942.5,0.0002474873734152916
942.8125,0.0002474873734152916
943.125,0.00016263455967290594
943.4375,0.00019091883092036782
943.75,0.00016263455967290594
944.0625,0.0001414213562373095
944.375,0.0001414213562373095
944.6875,0.0001414213562373095
945,0.00027577164466275353
945.3125,0.00027577164466275353
945.625,0.00027577164466275353
945.9375,0.00036062445840513924
946.25,0.0002192031021678297
946.5625,0.0002474873734152916
946.875,0.00036062445840513924
947.1875,0.0002192031021678297
947.5,0.00027577164466275353
947.8125,0.0002192031021678297
948.125,0.0001414213562373095
948.4375,0.00016263455967290594
948.75,0.00019091883092036782
949.0625,0.00019091883092036782
949.375,0.00019091883092036782
949.6875,0.00019091883092036782
950,0.00027577164466275353
950.3125,0.00027577164466275353
950.625,0.0003040559159102154
950.9375,0.0002474873734152916
951.25,0.0002192031021678297
951.5625,0.0002192031021678297
951.875,0.00027577164466275353
952.1875,0.0002474873734152916
952.5,0.00016263455967290594
952.8125,0.00016263455967290594
953.125,0.0001414213562373095
953.4375,0.0001414213562373095
953.75,0.00016263455967290594
954.0625,0.00016263455967290594
954.375,0.00019091883092036782
954.6875,0.0002474873734152916
955,0.0002474873734152916
955.3125,0.0002192031021678297
955.625,0.00016263455967290594
955.9375,0.0002474873734152916
956.25,0.0002474873734152916
956.5625,0.0001414213562373095
956.875,0.00019091883092036782
957.1875,0.0003040559159102154
957.5,0.0002192031021678297
957.8125,0.0000848528137423857
958.125,0.0001414213562373095
958.4375,0.00016263455967290594
958.75,0.0001414213562373095
959.0625,0.0001414213562373095
959.375,0.0002192031021678297
959.6875,0.00016263455967290594
960,0.00011313708498984761
960.3125,0.00011313708498984761
960.625,0.00019091883092036782
960.9375,0.00019091883092036782
961.25,0.00016263455967290594
961.5625,0.00019091883092036782
961.875,0.00019091883092036782
962.1875,0.0001414213562373095
962.5,0.00011313708498984761
962.8125,0.0001414213562373095
963.125,0.0001414213562373095
963.4375,0.00019091883092036782
963.75,0.0002192031021678297
964.0625,0.0002192031021678297
964.375,0.0002192031021678297
964.6875,0.00019091883092036782
965,0.00019091883092036782
965.3125,0.0002192031021678297
965.625,0.00019091883092036782
965.9375,0.0002192031021678297
966.25,0.0002474873734152916
966.5625,0.00027577164466275353
966.875,0.0002192031021678297
967.1875,0.00019091883092036782
967.5,0.00016263455967290594
967.8125,0.0000848528137423857
968.125,0.00016263455967290594
968.4375,0.0002192031021678297
968.75,0.00016263455967290594
969.0625,0.00016263455967290594
969.375,0.0002192031021678297
969.6875,0.0002192031021678297
970,0.0002192031021678297
970.3125,0.00016263455967290594
970.625,0.00019091883092036782
970.9375,0.00016263455967290594
971.25,0.0001414213562373095
971.5625,0.00019091883092036782
971.875,0.0002474873734152916
972.1875,0.00016263455967290594
972.5,0.0002474873734152916
972.8125,0.0002474873734152916
973.125,0.00019091883092036782
973.4375,0.0002474873734152916
973.75,0.0002192031021678297
974.0625,0.0001414213562373095
974.375,0.0002192031021678297
974.6875,0.00019091883092036782
975,0.00016263455967290594
975.3125,0.0002474873734152916
975.625,0.00019091883092036782
975.9375,0.00019091883092036782
976.25,0.00016263455967290594
976.5625,0.0002474873734152916
976.875,0.00036062445840513924
977.1875,0.0003040559159102154
977.5,0.00019091883092036782
977.8125,0.00019091883092036782
978.125,0.0003323401871576773
978.4375,0.0006929646455628165
978.75,0.0006646803743153546
979.0625,0.0002474873734152916
979.375,0.0002192031021678297
979.6875,0.00027577164466275353
980,0.0002192031021678297
980.3125,0.0002192031021678297
980.625,0.00019091883092036782
980.9375,0.0003040559159102154
981.25,0.0004384062043356594
981.5625,0.0005232590180780451
981.875,0.0005232590180780451
982.1875,0.0003323401871576773
982.5,0.0000848528137423857
982.8125,0.00011313708498984761
983.125,0.0001414213562373095
983.4375,0.0001414213562373095
983.75,0.00019091883092036782
984.0625,0.00019091883092036782
984.375,0.00019091883092036782
984.6875,0.00016263455967290594
985,0.00011313708498984761
985.3125,0.0002192031021678297
985.625,0.0002474873734152916
985.9375,0.0001414213562373095
986.25,0.00019091883092036782
986.5625,0.00019091883092036782
986.875,0.00016263455967290594
987.1875,0.0002474873734152916
987.5,0.00027577164466275353
987.8125,0.0002192031021678297
988.125,0.00011313708498984761
988.4375,0.0000848528137423857
988.75,0.0001414213562373095
989.0625,0.00019091883092036782
989.375,0.0002474873734152916
989.6875,0.0002474873734152916
990,0.0003040559159102154
990.3125,0.0003323401871576773
990.625,0.0002474873734152916
990.9375,0.00019091883092036782
991.25,0.0003323401871576773
991.5625,0.0006081118318204308
991.875,0.0006081118318204308
992.1875,0.0003040559159102154
992.5,0.00027577164466275353
992.8125,0.00027577164466275353
993.125,0.00027577164466275353
993.4375,0.000417193000900063
993.75,0.0004384062043356594
994.0625,0.0003040559159102154
994.375,0.00036062445840513924
994.6875,0.0002474873734152916
995,0.00019091883092036782
995.3125,0.0002474873734152916
995.625,0.00027577164466275353
995.9375,0.0002474873734152916
996.25,0.00016263455967290594
996.5625,0.0003323401871576773
996.875,0.0003323401871576773
997.1875,0.0002474873734152916
997.5,0.00027577164466275353
997.8125,0.00027577164466275353
998.125,0.0003040559159102154
998.4375,0.0002192031021678297
998.75,0.0002474873734152916
999.0625,0.000417193000900063
999.375,0.0005232590180780451
999.6875,0.000417193000900063