DateTime,Part-Name,acceleration,temperature,vibration,Part-T,Part-V,Part-O
2026-04-19 17:50:00,1RV,3.16544,3.16544,3.16544,3.16544,3.16544,3.16544
2026-04-19 17:50:00,2RH,0.63416,0.63416,0.63416,0.63416,0.63416,0.63416
2026-04-19 17:50:00,3RH,0.57085,0.57085,0.57085,0.57085,0.57085,0.57085
2026-04-19 17:50:00,4RH,0.50346,0.50346,0.50346,0.50346,0.50346,0.50346
2026-04-19 18:50:00,1RV,3.2031,3.2031,3.2031,3.2031,3.2031,3.2031
2026-04-19 18:50:00,2RH,0.64309,0.64309,0.64309,0.64309,0.64309,0.64309
2026-04-19 18:50:00,3RH,0.55246,0.55246,0.55246,0.55246,0.55246,0.55246
2026-04-19 18:50:00,4RH,0.47908,0.47908,0.47908,0.47908,0.47908,0.47908
2026-04-19 19:50:00,1RV,3.12636,3.12636,3.12636,3.12636,3.12636,3.12636
2026-04-19 19:50:00,2RH,0.62496,0.62496,0.62496,0.62496,0.62496,0.62496
2026-04-19 19:50:00,3RH,0.55825,0.55825,0.55825,0.55825,0.55825,0.55825
2026-04-19 19:50:00,4RH,0.48371,0.48371,0.48371,0.48371,0.48371,0.48371
2026-04-19 20:50:00,1RV,3.15357,3.15357,3.15357,3.15357,3.15357,3.15357
2026-04-19 20:50:00,2RH,0.61521,0.61521,0.61521,0.61521,0.61521,0.61521
2026-04-19 20:50:00,3RH,0.53837,0.53837,0.53837,0.53837,0.53837,0.53837
2026-04-19 20:50:00,4RH,0.50622,0.50622,0.50622,0.50622,0.50622,0.50622
2026-04-19 21:50:00,1RV,3.11371,3.11371,3.11371,3.11371,3.11371,3.11371
2026-04-19 21:50:00,2RH,0.60578,0.60578,0.60578,0.60578,0.60578,0.60578
2026-04-19 21:50:00,3RH,0.53928,0.53928,0.53928,0.53928,0.53928,0.53928
2026-04-19 21:50:00,4RH,0.51765,0.51765,0.51765,0.51765,0.51765,0.51765
2026-04-19 22:50:00,1RV,3.10607,3.10607,3.10607,3.10607,3.10607,3.10607
2026-04-19 22:50:00,2RH,0.5984,0.5984,0.5984,0.5984,0.5984,0.5984
2026-04-19 22:50:00,3RH,0.54224,0.54224,0.54224,0.54224,0.54224,0.54224
2026-04-19 22:50:00,4RH,0.50092,0.50092,0.50092,0.50092,0.50092,0.50092
2026-04-19 23:50:00,1RV,3.21462,3.21462,3.21462,3.21462,3.21462,3.21462
2026-04-19 23:50:00,2RH,0.6194,0.6194,0.6194,0.6194,0.6194,0.6194
2026-04-19 23:50:00,3RH,0.53626,0.53626,0.53626,0.53626,0.53626,0.53626
2026-04-19 23:50:00,4RH,0.52502,0.52502,0.52502,0.52502,0.52502,0.52502
2026-04-20 00:50:00,1RV,3.22655,3.22655,3.22655,3.22655,3.22655,3.22655
2026-04-20 00:50:00,2RH,0.62041,0.62041,0.62041,0.62041,0.62041,0.62041
2026-04-20 00:50:00,3RH,0.53393,0.53393,0.53393,0.53393,0.53393,0.53393
2026-04-20 00:50:00,4RH,0.51407,0.51407,0.51407,0.51407,0.51407,0.51407
2026-04-20 01:50:00,1RV,3.15119,3.15119,3.15119,3.15119,3.15119,3.15119
2026-04-20 01:50:00,2RH,0.63284,0.63284,0.63284,0.63284,0.63284,0.63284
2026-04-20 01:50:00,3RH,0.54547,0.54547,0.54547,0.54547,0.54547,0.54547
2026-04-20 01:50:00,4RH,0.51829,0.51829,0.51829,0.51829,0.51829,0.51829
2026-04-20 02:50:00,1RV,3.22206,3.22206,3.22206,3.22206,3.22206,3.22206
2026-04-20 02:50:00,2RH,0.63396,0.63396,0.63396,0.63396,0.63396,0.63396
2026-04-20 02:50:00,3RH,0.53421,0.53421,0.53421,0.53421,0.53421,0.53421
2026-04-20 02:50:00,4RH,0.50915,0.50915,0.50915,0.50915,0.50915,0.50915
2026-04-20 03:50:00,1RV,3.12338,3.12338,3.12338,3.12338,3.12338,3.12338
2026-04-20 03:50:00,2RH,0.60551,0.60551,0.60551,0.60551,0.60551,0.60551
2026-04-20 03:50:00,3RH,0.53094,0.53094,0.53094,0.53094,0.53094,0.53094
2026-04-20 03:50:00,4RH,0.51384,0.51384,0.51384,0.51384,0.51384,0.51384
2026-04-20 04:50:00,1RV,3.09347,3.09347,3.09347,3.09347,3.09347,3.09347
2026-04-20 04:50:00,2RH,0.60205,0.60205,0.60205,0.60205,0.60205,0.60205
2026-04-20 04:50:00,3RH,0.53102,0.53102,0.53102,0.53102,0.53102,0.53102
2026-04-20 04:50:00,4RH,0.50555,0.50555,0.50555,0.50555,0.50555,0.50555
2026-04-20 05:50:00,1RV,3.11754,3.11754,3.11754,3.11754,3.11754,3.11754
2026-04-20 05:50:00,2RH,0.60092,0.60092,0.60092,0.60092,0.60092,0.60092
2026-04-20 05:50:00,3RH,0.53743,0.53743,0.53743,0.53743,0.53743,0.53743
2026-04-20 05:50:00,4RH,0.50008,0.50008,0.50008,0.50008,0.50008,0.50008
2026-04-20 06:50:00,1RV,3.05155,3.05155,3.05155,3.05155,3.05155,3.05155
2026-04-20 06:50:00,2RH,0.59712,0.59712,0.59712,0.59712,0.59712,0.59712
2026-04-20 06:50:00,3RH,0.53415,0.53415,0.53415,0.53415,0.53415,0.53415
2026-04-20 06:50:00,4RH,0.51591,0.51591,0.51591,0.51591,0.51591,0.51591
2026-04-20 07:50:00,1RV,3.02331,3.02331,3.02331,3.02331,3.02331,3.02331
2026-04-20 07:50:00,2RH,0.60826,0.60826,0.60826,0.60826,0.60826,0.60826
2026-04-20 07:50:00,3RH,0.52472,0.52472,0.52472,0.52472,0.52472,0.52472
2026-04-20 07:50:00,4RH,0.50407,0.50407,0.50407,0.50407,0.50407,0.50407
2026-04-20 08:50:00,1RV,3.05205,3.05205,3.05205,3.05205,3.05205,3.05205
2026-04-20 08:50:00,2RH,0.59998,0.59998,0.59998,0.59998,0.59998,0.59998
2026-04-20 08:50:00,3RH,0.52486,0.52486,0.52486,0.52486,0.52486,0.52486
2026-04-20 08:50:00,4RH,0.51624,0.51624,0.51624,0.51624,0.51624,0.51624
2026-04-20 09:50:00,1RV,3.03228,3.03228,3.03228,3.03228,3.03228,3.03228
2026-04-20 09:50:00,2RH,0.60479,0.60479,0.60479,0.60479,0.60479,0.60479
2026-04-20 09:50:00,3RH,0.53191,0.53191,0.53191,0.53191,0.53191,0.53191
2026-04-20 09:50:00,4RH,0.51938,0.51938,0.51938,0.51938,0.51938,0.51938
2026-04-20 10:50:00,1RV,3.34362,3.34362,3.34362,3.34362,3.34362,3.34362
2026-04-20 10:50:00,2RH,0.63608,0.63608,0.63608,0.63608,0.63608,0.63608
2026-04-20 10:50:00,3RH,0.54127,0.54127,0.54127,0.54127,0.54127,0.54127
2026-04-20 10:50:00,4RH,0.53437,0.53437,0.53437,0.53437,0.53437,0.53437
2026-04-20 11:50:00,1RV,0.38509,0.38509,0.38509,0.38509,0.38509,0.38509
2026-04-20 11:50:00,2RH,0.25776,0.25776,0.25776,0.25776,0.25776,0.25776
2026-04-20 11:50:00,3RH,0.57069,0.57069,0.57069,0.57069,0.57069,0.57069
2026-04-20 11:50:00,4RH,0.58583,0.58583,0.58583,0.58583,0.58583,0.58583
2026-04-20 12:50:00,1RV,3.01517,3.01517,3.01517,3.01517,3.01517,3.01517
2026-04-20 12:50:00,2RH,0.56311,0.56311,0.56311,0.56311,0.56311,0.56311
2026-04-20 12:50:00,3RH,0.58402,0.58402,0.58402,0.58402,0.58402,0.58402
2026-04-20 12:50:00,4RH,0.6154,0.6154,0.6154,0.6154,0.6154,0.6154
2026-04-20 13:50:00,1RV,2.85815,2.85815,2.85815,2.85815,2.85815,2.85815
2026-04-20 13:50:00,2RH,0.52619,0.52619,0.52619,0.52619,0.52619,0.52619
2026-04-20 13:50:00,3RH,0.59396,0.59396,0.59396,0.59396,0.59396,0.59396
2026-04-20 13:50:00,4RH,0.64049,0.64049,0.64049,0.64049,0.64049,0.64049
2026-04-20 14:50:00,4RH,0.62722,0.62722,0.62722,0.62722,0.62722,0.62722
2026-04-20 15:50:00,4RH,0.61359,0.61359,0.61359,0.61359,0.61359,0.61359
2026-04-20 16:50:00,4RH,0.60596,0.60596,0.60596,0.60596,0.60596,0.60596
2026-04-20 17:50:00,4RH,0.62581,0.62581,0.62581,0.62581,0.62581,0.62581
2026-04-20 18:50:00,4RH,0.62313,0.62313,0.62313,0.62313,0.62313,0.62313
2026-04-20 19:50:00,4RH,0.61128,0.61128,0.61128,0.61128,0.61128,0.61128
2026-04-20 20:50:00,4RH,0.61378,0.61378,0.61378,0.61378,0.61378,0.61378
2026-04-20 21:50:00,4RH,0.60999,0.60999,0.60999,0.60999,0.60999,0.60999
2026-04-20 22:50:00,4RH,0.60496,0.60496,0.60496,0.60496,0.60496,0.60496
2026-04-20 23:50:00,4RH,0.6091,0.6091,0.6091,0.6091,0.6091,0.6091
2026-04-21 00:50:00,4RH,0.58146,0.58146,0.58146,0.58146,0.58146,0.58146
2026-04-21 01:50:00,4RH,0.61851,0.61851,0.61851,0.61851,0.61851,0.61851
2026-04-21 02:50:00,4RH,0.59777,0.59777,0.59777,0.59777,0.59777,0.59777
2026-04-21 03:50:00,4RH,0.60733,0.60733,0.60733,0.60733,0.60733,0.60733
2026-04-21 04:50:00,4RH,0.58889,0.58889,0.58889,0.58889,0.58889,0.58889
2026-04-21 05:50:00,4RH,0.5575,0.5575,0.5575,0.5575,0.5575,0.5575
2026-04-21 06:50:00,4RH,0.55858,0.55858,0.55858,0.55858,0.55858,0.55858
2026-04-21 07:50:00,4RH,0.56685,0.56685,0.56685,0.56685,0.56685,0.56685
2026-04-21 08:50:00,4RH,0.5368,0.5368,0.5368,0.5368,0.5368,0.5368
2026-04-21 09:50:00,4RH,0.59195,0.59195,0.59195,0.59195,0.59195,0.59195
2026-04-21 10:50:00,4RH,0.58308,0.58308,0.58308,0.58308,0.58308,0.58308
2026-04-21 11:50:00,4RH,0.55943,0.55943,0.55943,0.55943,0.55943,0.55943
2026-04-21 12:50:00,4RH,0.57381,0.57381,0.57381,0.57381,0.57381,0.57381
2026-04-21 13:50:00,4RH,0.5889,0.5889,0.5889,0.5889,0.5889,0.5889
2026-04-21 14:50:00,4RH,0.56825,0.56825,0.56825,0.56825,0.56825,0.56825
2026-04-21 15:50:00,4RH,0.61897,0.61897,0.61897,0.61897,0.61897,0.61897
2026-04-21 16:50:00,4RH,0.61139,0.61139,0.61139,0.61139,0.61139,0.61139
2026-04-21 17:50:00,4RH,0.59682,0.59682,0.59682,0.59682,0.59682,0.59682
2026-04-21 18:50:00,4RH,0.62251,0.62251,0.62251,0.62251,0.62251,0.62251
2026-04-21 19:50:00,4RH,0.63643,0.63643,0.63643,0.63643,0.63643,0.63643
2026-04-21 20:50:00,4RH,0.61459,0.61459,0.61459,0.61459,0.61459,0.61459
2026-04-21 21:50:00,4RH,0.62645,0.62645,0.62645,0.62645,0.62645,0.62645
2026-04-21 22:50:00,4RH,0.50931,0.50931,0.50931,0.50931,0.50931,0.50931
2026-04-21 23:50:00,4RH,0.61721,0.61721,0.61721,0.61721,0.61721,0.61721
2026-04-22 00:50:00,4RH,0.60467,0.60467,0.60467,0.60467,0.60467,0.60467
2026-04-22 01:50:00,4RH,0.62873,0.62873,0.62873,0.62873,0.62873,0.62873
2026-04-22 02:50:00,4RH,0.60933,0.60933,0.60933,0.60933,0.60933,0.60933
2026-04-22 03:50:00,4RH,0.59076,0.59076,0.59076,0.59076,0.59076,0.59076
2026-04-22 04:50:00,4RH,0.60295,0.60295,0.60295,0.60295,0.60295,0.60295
2026-04-22 05:50:00,4RH,0.59724,0.59724,0.59724,0.59724,0.59724,0.59724
2026-04-22 06:50:00,4RH,0.60029,0.60029,0.60029,0.60029,0.60029,0.60029
2026-04-22 07:50:00,4RH,0.57167,0.57167,0.57167,0.57167,0.57167,0.57167
2026-04-22 08:50:00,4RH,0.56588,0.56588,0.56588,0.56588,0.56588,0.56588
2026-04-22 09:50:00,4RH,0.54448,0.54448,0.54448,0.54448,0.54448,0.54448
2026-04-22 10:50:00,4RH,0.5279,0.5279,0.5279,0.5279,0.5279,0.5279
2026-04-22 11:50:00,4RH,0.53738,0.53738,0.53738,0.53738,0.53738,0.53738
2026-04-22 12:50:00,4RH,0.53382,0.53382,0.53382,0.53382,0.53382,0.53382
2026-04-22 13:50:00,4RH,0.52958,0.52958,0.52958,0.52958,0.52958,0.52958
2026-04-22 14:50:00,4RH,0.5625,0.5625,0.5625,0.5625,0.5625,0.5625
2026-04-22 15:50:00,4RH,0.57084,0.57084,0.57084,0.57084,0.57084,0.57084
2026-04-22 16:50:00,4RH,0.55274,0.55274,0.55274,0.55274,0.55274,0.55274
2026-04-22 17:50:00,4RH,0.5415,0.5415,0.5415,0.5415,0.5415,0.5415
2026-04-22 18:50:00,4RH,0.5411,0.5411,0.5411,0.5411,0.5411,0.5411
2026-04-22 19:50:00,4RH,0.53382,0.53382,0.53382,0.53382,0.53382,0.53382
2026-04-22 20:50:00,4RH,0.52739,0.52739,0.52739,0.52739,0.52739,0.52739
2026-04-22 21:50:00,4RH,0.5469,0.5469,0.5469,0.5469,0.5469,0.5469
2026-04-22 22:50:00,4RH,0.53764,0.53764,0.53764,0.53764,0.53764,0.53764
2026-04-22 23:50:00,4RH,0.5274,0.5274,0.5274,0.5274,0.5274,0.5274
2026-04-23 00:50:00,4RH,0.52969,0.52969,0.52969,0.52969,0.52969,0.52969
2026-04-23 01:50:00,4RH,0.52252,0.52252,0.52252,0.52252,0.52252,0.52252
2026-04-23 02:50:00,4RH,0.53429,0.53429,0.53429,0.53429,0.53429,0.53429
2026-04-23 03:50:00,4RH,0.52134,0.52134,0.52134,0.52134,0.52134,0.52134
2026-04-23 04:50:00,4RH,0.50978,0.50978,0.50978,0.50978,0.50978,0.50978
2026-04-23 05:50:00,4RH,0.52373,0.52373,0.52373,0.52373,0.52373,0.52373
2026-04-23 06:50:00,4RH,0.52414,0.52414,0.52414,0.52414,0.52414,0.52414
2026-04-23 07:50:00,4RH,0.52271,0.52271,0.52271,0.52271,0.52271,0.52271
2026-04-23 09:05:27,4RH,0.00189,0.00189,0.00189,0.00189,0.00189,0.00189
2026-04-23 10:50:00,4RH,0.50358,0.50358,0.50358,0.50358,0.50358,0.50358
2026-04-23 11:50:00,4RH,0.51397,0.51397,0.51397,0.51397,0.51397,0.51397
2026-04-23 12:50:00,4RH,0.48543,0.48543,0.48543,0.48543,0.48543,0.48543
2026-04-23 13:50:00,4RH,0.4989,0.4989,0.4989,0.4989,0.4989,0.4989
2026-04-23 14:50:00,4RH,0.48647,0.48647,0.48647,0.48647,0.48647,0.48647
2026-04-23 15:50:00,4RH,0.48939,0.48939,0.48939,0.48939,0.48939,0.48939
2026-04-23 16:50:00,4RH,0.49474,0.49474,0.49474,0.49474,0.49474,0.49474
2026-04-23 17:50:00,4RH,0.50779,0.50779,0.50779,0.50779,0.50779,0.50779
2026-04-23 18:50:00,4RH,0.51532,0.51532,0.51532,0.51532,0.51532,0.51532
2026-04-23 19:50:00,4RH,0.50548,0.50548,0.50548,0.50548,0.50548,0.50548
2026-04-23 20:50:00,4RH,0.54016,0.54016,0.54016,0.54016,0.54016,0.54016
2026-04-23 21:50:00,4RH,0.52122,0.52122,0.52122,0.52122,0.52122,0.52122
2026-04-23 22:50:00,4RH,0.51713,0.51713,0.51713,0.51713,0.51713,0.51713
2026-04-23 23:50:00,4RH,0.52158,0.52158,0.52158,0.52158,0.52158,0.52158
2026-04-24 00:50:00,4RH,0.5291,0.5291,0.5291,0.5291,0.5291,0.5291
2026-04-24 01:50:00,4RH,0.52926,0.52926,0.52926,0.52926,0.52926,0.52926
2026-04-24 02:50:00,4RH,0.51443,0.51443,0.51443,0.51443,0.51443,0.51443
2026-04-24 03:50:00,4RH,0.53483,0.53483,0.53483,0.53483,0.53483,0.53483
2026-04-24 04:50:00,4RH,0.50726,0.50726,0.50726,0.50726,0.50726,0.50726
2026-04-24 05:50:00,4RH,0.52203,0.52203,0.52203,0.52203,0.52203,0.52203
2026-04-24 06:50:00,4RH,0.51918,0.51918,0.51918,0.51918,0.51918,0.51918
2026-04-24 07:50:00,4RH,0.53555,0.53555,0.53555,0.53555,0.53555,0.53555
2026-04-24 08:50:00,4RH,0.52522,0.52522,0.52522,0.52522,0.52522,0.52522
2026-04-24 09:50:00,4RH,0.52488,0.52488,0.52488,0.52488,0.52488,0.52488
2026-04-24 10:50:00,4RH,0.51217,0.51217,0.51217,0.51217,0.51217,0.51217
2026-04-24 11:50:00,4RH,0.51574,0.51574,0.51574,0.51574,0.51574,0.51574
2026-04-24 12:50:00,4RH,0.5217,0.5217,0.5217,0.5217,0.5217,0.5217
2026-04-24 13:50:00,4RH,0.53675,0.53675,0.53675,0.53675,0.53675,0.53675
2026-04-24 14:50:00,4RH,0.52901,0.52901,0.52901,0.52901,0.52901,0.52901
2026-04-24 15:50:00,4RH,0.53627,0.53627,0.53627,0.53627,0.53627,0.53627
2026-04-24 16:50:00,4RH,0.53871,0.53871,0.53871,0.53871,0.53871,0.53871
2026-04-24 17:50:00,4RH,0.53963,0.53963,0.53963,0.53963,0.53963,0.53963
2026-04-24 18:50:00,4RH,0.53792,0.53792,0.53792,0.53792,0.53792,0.53792
2026-04-24 19:50:00,4RH,0.54226,0.54226,0.54226,0.54226,0.54226,0.54226
2026-04-24 20:50:00,4RH,0.54233,0.54233,0.54233,0.54233,0.54233,0.54233
2026-04-24 21:50:00,4RH,0.54776,0.54776,0.54776,0.54776,0.54776,0.54776
2026-04-24 22:50:00,4RH,0.54315,0.54315,0.54315,0.54315,0.54315,0.54315
2026-04-24 23:50:00,4RH,0.53063,0.53063,0.53063,0.53063,0.53063,0.53063
2026-04-25 00:50:00,4RH,0.53644,0.53644,0.53644,0.53644,0.53644,0.53644
2026-04-25 01:50:00,4RH,0.5574,0.5574,0.5574,0.5574,0.5574,0.5574
2026-04-25 02:50:00,4RH,0.50724,0.50724,0.50724,0.50724,0.50724,0.50724
2026-04-25 03:50:00,4RH,0.5091,0.5091,0.5091,0.5091,0.5091,0.5091
2026-04-25 04:50:00,4RH,0.475,0.475,0.475,0.475,0.475,0.475
2026-04-25 05:50:00,4RH,0.475,0.475,0.475,0.475,0.475,0.475
2026-04-25 06:50:00,4RH,0.47162,0.47162,0.47162,0.47162,0.47162,0.47162
2026-04-25 07:50:00,4RH,0.46231,0.46231,0.46231,0.46231,0.46231,0.46231
2026-04-25 08:50:00,4RH,0.47956,0.47956,0.47956,0.47956,0.47956,0.47956
2026-04-25 09:50:00,4RH,0.47873,0.47873,0.47873,0.47873,0.47873,0.47873
2026-04-25 10:50:00,4RH,0.47166,0.47166,0.47166,0.47166,0.47166,0.47166
2026-04-25 11:50:00,4RH,0.4916,0.4916,0.4916,0.4916,0.4916,0.4916
2026-04-25 12:50:00,4RH,0.48734,0.48734,0.48734,0.48734,0.48734,0.48734
2026-04-25 13:50:00,4RH,0.48404,0.48404,0.48404,0.48404,0.48404,0.48404
2026-04-25 14:50:00,4RH,0.48521,0.48521,0.48521,0.48521,0.48521,0.48521
2026-04-25 15:50:00,4RH,0.49347,0.49347,0.49347,0.49347,0.49347,0.49347
2026-04-25 16:50:00,4RH,0.48946,0.48946,0.48946,0.48946,0.48946,0.48946
2026-04-25 17:50:00,4RH,0.49278,0.49278,0.49278,0.49278,0.49278,0.49278
2026-04-25 18:50:00,4RH,0.49859,0.49859,0.49859,0.49859,0.49859,0.49859
2026-04-25 19:50:00,4RH,0.48527,0.48527,0.48527,0.48527,0.48527,0.48527
2026-04-25 20:50:00,4RH,0.50033,0.50033,0.50033,0.50033,0.50033,0.50033
2026-04-25 21:50:00,4RH,0.50563,0.50563,0.50563,0.50563,0.50563,0.50563
2026-04-25 22:50:00,4RH,0.51045,0.51045,0.51045,0.51045,0.51045,0.51045
2026-04-25 23:50:00,4RH,0.51451,0.51451,0.51451,0.51451,0.51451,0.51451
2026-04-26 00:50:00,4RH,0.51127,0.51127,0.51127,0.51127,0.51127,0.51127
2026-04-26 01:50:00,4RH,0.5069,0.5069,0.5069,0.5069,0.5069,0.5069
2026-04-26 02:50:00,4RH,0.51807,0.51807,0.51807,0.51807,0.51807,0.51807
2026-04-26 03:50:00,4RH,0.50524,0.50524,0.50524,0.50524,0.50524,0.50524
2026-04-26 04:50:00,4RH,0.51479,0.51479,0.51479,0.51479,0.51479,0.51479
2026-04-26 05:50:00,4RH,0.51085,0.51085,0.51085,0.51085,0.51085,0.51085
2026-04-26 06:50:00,4RH,0.51437,0.51437,0.51437,0.51437,0.51437,0.51437
2026-04-26 07:50:00,4RH,0.50866,0.50866,0.50866,0.50866,0.50866,0.50866
2026-04-26 08:50:00,4RH,0.50273,0.50273,0.50273,0.50273,0.50273,0.50273
2026-04-26 09:50:00,4RH,0.51159,0.51159,0.51159,0.51159,0.51159,0.51159
2026-04-26 10:50:00,4RH,0.5065,0.5065,0.5065,0.5065,0.5065,0.5065
2026-04-26 11:50:00,4RH,0.50202,0.50202,0.50202,0.50202,0.50202,0.50202
2026-04-26 12:50:00,4RH,0.49856,0.49856,0.49856,0.49856,0.49856,0.49856
2026-04-26 13:50:00,4RH,0.5165,0.5165,0.5165,0.5165,0.5165,0.5165
2026-04-26 14:50:00,4RH,0.5068,0.5068,0.5068,0.5068,0.5068,0.5068
2026-04-26 15:50:00,4RH,0.52355,0.52355,0.52355,0.52355,0.52355,0.52355
2026-04-26 16:50:00,4RH,0.52619,0.52619,0.52619,0.52619,0.52619,0.52619
2026-04-26 17:50:00,4RH,0.51947,0.51947,0.51947,0.51947,0.51947,0.51947
2026-04-26 18:50:00,4RH,0.53999,0.53999,0.53999,0.53999,0.53999,0.53999
2026-04-26 19:50:00,4RH,0.51241,0.51241,0.51241,0.51241,0.51241,0.51241
2026-04-26 20:50:00,4RH,0.51807,0.51807,0.51807,0.51807,0.51807,0.51807
2026-04-26 21:50:00,4RH,0.52815,0.52815,0.52815,0.52815,0.52815,0.52815
2026-04-26 22:50:00,4RH,0.51535,0.51535,0.51535,0.51535,0.51535,0.51535
2026-04-26 23:50:00,4RH,0.5094,0.5094,0.5094,0.5094,0.5094,0.5094
2026-04-27 00:50:00,4RH,0.49941,0.49941,0.49941,0.49941,0.49941,0.49941
2026-04-27 01:50:00,4RH,0.4932,0.4932,0.4932,0.4932,0.4932,0.4932
2026-04-27 02:50:00,4RH,0.50426,0.50426,0.50426,0.50426,0.50426,0.50426
2026-04-27 03:50:00,4RH,0.49797,0.49797,0.49797,0.49797,0.49797,0.49797
2026-04-27 04:50:00,4RH,0.51177,0.51177,0.51177,0.51177,0.51177,0.51177
2026-04-27 05:50:00,4RH,0.50781,0.50781,0.50781,0.50781,0.50781,0.50781
2026-04-27 06:50:00,4RH,0.52361,0.52361,0.52361,0.52361,0.52361,0.52361
2026-04-27 07:50:00,4RH,0.52501,0.52501,0.52501,0.52501,0.52501,0.52501
2026-04-27 08:50:00,4RH,0.52566,0.52566,0.52566,0.52566,0.52566,0.52566
2026-04-27 09:50:00,4RH,0.51735,0.51735,0.51735,0.51735,0.51735,0.51735
2026-04-27 10:50:00,4RH,0.54599,0.54599,0.54599,0.54599,0.54599,0.54599
2026-04-27 11:50:00,4RH,0.57286,0.57286,0.57286,0.57286,0.57286,0.57286
2026-04-27 12:50:00,4RH,0.56628,0.56628,0.56628,0.56628,0.56628,0.56628
2026-04-27 13:50:00,4RH,0.52433,0.52433,0.52433,0.52433,0.52433,0.52433
2026-04-27 14:50:00,4RH,0.52291,0.52291,0.52291,0.52291,0.52291,0.52291
2026-04-27 15:50:00,4RH,0.52768,0.52768,0.52768,0.52768,0.52768,0.52768
2026-04-27 16:50:00,4RH,0.51159,0.51159,0.51159,0.51159,0.51159,0.51159
2026-04-27 17:50:00,4RH,0.50834,0.50834,0.50834,0.50834,0.50834,0.50834
2026-04-27 18:50:00,4RH,0.52183,0.52183,0.52183,0.52183,0.52183,0.52183
2026-04-27 19:50:00,4RH,0.53283,0.53283,0.53283,0.53283,0.53283,0.53283
2026-04-27 20:50:00,4RH,0.53298,0.53298,0.53298,0.53298,0.53298,0.53298
2026-04-27 21:50:00,4RH,0.51653,0.51653,0.51653,0.51653,0.51653,0.51653
2026-04-27 22:50:00,4RH,0.52377,0.52377,0.52377,0.52377,0.52377,0.52377
2026-04-27 23:50:00,4RH,0.5379,0.5379,0.5379,0.5379,0.5379,0.5379
2026-04-28 00:50:00,4RH,0.53262,0.53262,0.53262,0.53262,0.53262,0.53262
2026-04-28 01:50:00,4RH,0.54237,0.54237,0.54237,0.54237,0.54237,0.54237
2026-04-28 02:50:00,4RH,0.52967,0.52967,0.52967,0.52967,0.52967,0.52967
2026-04-28 03:50:00,4RH,0.52845,0.52845,0.52845,0.52845,0.52845,0.52845
2026-04-28 04:50:00,4RH,0.54759,0.54759,0.54759,0.54759,0.54759,0.54759
2026-04-28 05:50:00,4RH,0.54736,0.54736,0.54736,0.54736,0.54736,0.54736
2026-04-28 06:50:00,4RH,0.52576,0.52576,0.52576,0.52576,0.52576,0.52576
2026-04-28 07:50:00,4RH,0.53377,0.53377,0.53377,0.53377,0.53377,0.53377
2026-04-28 08:50:00,4RH,0.53315,0.53315,0.53315,0.53315,0.53315,0.53315
2026-04-28 09:50:00,4RH,0.54553,0.54553,0.54553,0.54553,0.54553,0.54553
2026-04-28 10:50:00,4RH,0.5253,0.5253,0.5253,0.5253,0.5253,0.5253
2026-04-28 11:50:00,4RH,0.54475,0.54475,0.54475,0.54475,0.54475,0.54475
2026-04-28 12:50:00,4RH,0.53991,0.53991,0.53991,0.53991,0.53991,0.53991
2026-04-28 13:50:00,4RH,0.52047,0.52047,0.52047,0.52047,0.52047,0.52047
2026-04-28 14:50:00,4RH,0.51688,0.51688,0.51688,0.51688,0.51688,0.51688
2026-04-28 15:50:00,4RH,0.50378,0.50378,0.50378,0.50378,0.50378,0.50378
2026-04-28 16:50:00,4RH,0.51789,0.51789,0.51789,0.51789,0.51789,0.51789
2026-04-28 17:50:00,4RH,0.54074,0.54074,0.54074,0.54074,0.54074,0.54074
2026-04-28 18:50:00,4RH,0.55289,0.55289,0.55289,0.55289,0.55289,0.55289
2026-04-28 19:50:00,4RH,0.53488,0.53488,0.53488,0.53488,0.53488,0.53488
2026-04-28 20:50:00,4RH,0.54164,0.54164,0.54164,0.54164,0.54164,0.54164
2026-04-28 21:50:00,4RH,0.53467,0.53467,0.53467,0.53467,0.53467,0.53467
2026-04-28 22:50:00,4RH,0.52755,0.52755,0.52755,0.52755,0.52755,0.52755
2026-04-28 23:50:00,4RH,0.51468,0.51468,0.51468,0.51468,0.51468,0.51468
2026-04-29 00:50:00,4RH,0.54009,0.54009,0.54009,0.54009,0.54009,0.54009
2026-04-29 01:50:00,4RH,0.5397,0.5397,0.5397,0.5397,0.5397,0.5397
2026-04-29 02:50:00,4RH,0.51353,0.51353,0.51353,0.51353,0.51353,0.51353
2026-04-29 03:50:00,4RH,0.5069,0.5069,0.5069,0.5069,0.5069,0.5069
2026-04-29 04:50:00,4RH,0.51804,0.51804,0.51804,0.51804,0.51804,0.51804
2026-04-29 05:50:00,4RH,0.5239,0.5239,0.5239,0.5239,0.5239,0.5239
2026-04-29 06:50:00,4RH,0.52107,0.52107,0.52107,0.52107,0.52107,0.52107
2026-04-29 07:50:00,4RH,0.51826,0.51826,0.51826,0.51826,0.51826,0.51826
2026-04-29 08:50:00,4RH,0.50232,0.50232,0.50232,0.50232,0.50232,0.50232
2026-04-29 09:50:00,4RH,0.53592,0.53592,0.53592,0.53592,0.53592,0.53592
2026-04-29 10:50:00,4RH,0.42614,0.42614,0.42614,0.42614,0.42614,0.42614
2026-04-29 11:50:00,4RH,0.52683,0.52683,0.52683,0.52683,0.52683,0.52683
2026-04-29 12:50:00,4RH,0.51855,0.51855,0.51855,0.51855,0.51855,0.51855
2026-04-29 13:50:00,4RH,0.55015,0.55015,0.55015,0.55015,0.55015,0.55015
2026-04-29 14:50:00,4RH,0.51005,0.51005,0.51005,0.51005,0.51005,0.51005
2026-04-29 15:50:00,4RH,0.47006,0.47006,0.47006,0.47006,0.47006,0.47006
2026-04-29 16:50:00,4RH,0.53193,0.53193,0.53193,0.53193,0.53193,0.53193
2026-04-29 17:50:00,4RH,0.51916,0.51916,0.51916,0.51916,0.51916,0.51916
2026-04-29 18:50:00,4RH,0.51737,0.51737,0.51737,0.51737,0.51737,0.51737
2026-04-29 19:50:00,4RH,0.51244,0.51244,0.51244,0.51244,0.51244,0.51244
2026-04-29 20:50:00,4RH,0.54473,0.54473,0.54473,0.54473,0.54473,0.54473
2026-04-29 21:50:00,4RH,0.5231,0.5231,0.5231,0.5231,0.5231,0.5231
2026-04-29 22:50:00,4RH,0.50759,0.50759,0.50759,0.50759,0.50759,0.50759
2026-04-29 23:50:00,4RH,0.51682,0.51682,0.51682,0.51682,0.51682,0.51682
2026-04-30 00:50:00,4RH,0.52378,0.52378,0.52378,0.52378,0.52378,0.52378
2026-04-30 01:50:00,4RH,0.51962,0.51962,0.51962,0.51962,0.51962,0.51962
2026-04-30 02:50:00,4RH,0.50688,0.50688,0.50688,0.50688,0.50688,0.50688
2026-04-30 03:50:00,4RH,0.48244,0.48244,0.48244,0.48244,0.48244,0.48244
2026-04-30 04:50:00,4RH,0.47185,0.47185,0.47185,0.47185,0.47185,0.47185
2026-04-30 05:50:00,4RH,0.46781,0.46781,0.46781,0.46781,0.46781,0.46781
2026-04-30 06:50:00,4RH,0.47868,0.47868,0.47868,0.47868,0.47868,0.47868
2026-04-30 07:50:00,4RH,0.46971,0.46971,0.46971,0.46971,0.46971,0.46971
2026-04-30 08:50:00,4RH,0.47667,0.47667,0.47667,0.47667,0.47667,0.47667
2026-04-30 09:50:00,4RH,0.47679,0.47679,0.47679,0.47679,0.47679,0.47679
2026-04-30 10:50:00,4RH,0.47617,0.47617,0.47617,0.47617,0.47617,0.47617
2026-04-30 11:50:00,4RH,0.48469,0.48469,0.48469,0.48469,0.48469,0.48469
2026-04-30 12:50:00,4RH,0.48855,0.48855,0.48855,0.48855,0.48855,0.48855
2026-04-30 13:50:00,4RH,0.47122,0.47122,0.47122,0.47122,0.47122,0.47122
2026-04-30 14:50:00,4RH,0.4735,0.4735,0.4735,0.4735,0.4735,0.4735
2026-04-30 15:50:00,4RH,0.48466,0.48466,0.48466,0.48466,0.48466,0.48466
2026-04-30 16:50:00,4RH,0.48014,0.48014,0.48014,0.48014,0.48014,0.48014
2026-04-30 17:50:00,4RH,0.46761,0.46761,0.46761,0.46761,0.46761,0.46761
2026-04-30 18:50:00,4RH,0.46378,0.46378,0.46378,0.46378,0.46378,0.46378
2026-04-30 19:50:00,4RH,0.46711,0.46711,0.46711,0.46711,0.46711,0.46711
2026-04-30 20:50:00,4RH,0.46721,0.46721,0.46721,0.46721,0.46721,0.46721
2026-04-30 21:50:00,4RH,0.48672,0.48672,0.48672,0.48672,0.48672,0.48672
2026-04-30 22:50:00,4RH,0.49046,0.49046,0.49046,0.49046,0.49046,0.49046
2026-04-30 23:50:00,4RH,0.48653,0.48653,0.48653,0.48653,0.48653,0.48653
2026-05-01 00:50:00,4RH,0.49767,0.49767,0.49767,0.49767,0.49767,0.49767
2026-05-01 01:50:00,4RH,0.50805,0.50805,0.50805,0.50805,0.50805,0.50805
2026-05-01 02:50:00,4RH,0.50628,0.50628,0.50628,0.50628,0.50628,0.50628
2026-05-01 03:50:00,4RH,0.49759,0.49759,0.49759,0.49759,0.49759,0.49759
2026-05-01 04:50:00,4RH,0.4948,0.4948,0.4948,0.4948,0.4948,0.4948
2026-05-01 05:50:00,4RH,0.50034,0.50034,0.50034,0.50034,0.50034,0.50034
2026-05-01 06:50:00,4RH,0.51095,0.51095,0.51095,0.51095,0.51095,0.51095
2026-05-01 07:50:00,4RH,0.5114,0.5114,0.5114,0.5114,0.5114,0.5114
2026-05-01 08:50:00,4RH,0.50433,0.50433,0.50433,0.50433,0.50433,0.50433
2026-05-01 09:50:00,4RH,0.50334,0.50334,0.50334,0.50334,0.50334,0.50334
2026-05-01 10:50:00,4RH,0.50865,0.50865,0.50865,0.50865,0.50865,0.50865
2026-05-01 11:50:00,4RH,0.51535,0.51535,0.51535,0.51535,0.51535,0.51535
2026-05-01 12:50:00,4RH,0.49966,0.49966,0.49966,0.49966,0.49966,0.49966
2026-05-01 13:50:00,4RH,0.50336,0.50336,0.50336,0.50336,0.50336,0.50336
2026-05-01 14:50:00,4RH,0.50149,0.50149,0.50149,0.50149,0.50149,0.50149
2026-05-01 15:50:00,4RH,0.53408,0.53408,0.53408,0.53408,0.53408,0.53408
2026-05-01 16:50:00,4RH,0.54705,0.54705,0.54705,0.54705,0.54705,0.54705
2026-05-01 17:50:00,4RH,0.51594,0.51594,0.51594,0.51594,0.51594,0.51594
2026-05-01 18:50:00,4RH,0.5393,0.5393,0.5393,0.5393,0.5393,0.5393
2026-05-01 19:50:00,4RH,0.5393,0.5393,0.5393,0.5393,0.5393,0.5393
2026-05-01 20:50:00,4RH,0.49941,0.49941,0.49941,0.49941,0.49941,0.49941
2026-05-01 21:50:00,4RH,0.49038,0.49038,0.49038,0.49038,0.49038,0.49038
2026-05-01 22:50:00,4RH,0.53156,0.53156,0.53156,0.53156,0.53156,0.53156
2026-05-01 23:50:00,4RH,0.53527,0.53527,0.53527,0.53527,0.53527,0.53527
2026-05-02 00:50:00,4RH,0.5368,0.5368,0.5368,0.5368,0.5368,0.5368
2026-05-02 01:50:00,4RH,0.52827,0.52827,0.52827,0.52827,0.52827,0.52827
2026-05-02 02:50:00,4RH,0.53516,0.53516,0.53516,0.53516,0.53516,0.53516
2026-05-02 03:50:00,4RH,0.5243,0.5243,0.5243,0.5243,0.5243,0.5243
2026-05-02 04:50:00,4RH,0.53106,0.53106,0.53106,0.53106,0.53106,0.53106
2026-05-02 05:50:00,4RH,0.5263,0.5263,0.5263,0.5263,0.5263,0.5263
2026-05-02 06:50:00,4RH,0.53991,0.53991,0.53991,0.53991,0.53991,0.53991
2026-05-02 07:50:00,4RH,0.54685,0.54685,0.54685,0.54685,0.54685,0.54685
2026-05-02 08:50:00,4RH,0.54679,0.54679,0.54679,0.54679,0.54679,0.54679
2026-05-02 09:50:00,4RH,0.53849,0.53849,0.53849,0.53849,0.53849,0.53849
2026-05-02 10:50:00,4RH,0.53392,0.53392,0.53392,0.53392,0.53392,0.53392
2026-05-02 11:50:00,4RH,0.53644,0.53644,0.53644,0.53644,0.53644,0.53644
2026-05-02 12:50:00,4RH,0.53243,0.53243,0.53243,0.53243,0.53243,0.53243
2026-05-02 13:50:00,4RH,0.54549,0.54549,0.54549,0.54549,0.54549,0.54549
2026-05-02 14:50:00,4RH,0.51631,0.51631,0.51631,0.51631,0.51631,0.51631
2026-05-02 15:50:00,4RH,0.52813,0.52813,0.52813,0.52813,0.52813,0.52813
2026-05-02 16:50:00,4RH,0.51766,0.51766,0.51766,0.51766,0.51766,0.51766
2026-05-02 17:50:00,4RH,0.51305,0.51305,0.51305,0.51305,0.51305,0.51305
2026-05-02 18:50:00,4RH,0.51851,0.51851,0.51851,0.51851,0.51851,0.51851
2026-05-02 19:50:00,4RH,0.52194,0.52194,0.52194,0.52194,0.52194,0.52194
2026-05-02 20:50:00,4RH,0.5129,0.5129,0.5129,0.5129,0.5129,0.5129
2026-05-02 21:50:00,4RH,0.50921,0.50921,0.50921,0.50921,0.50921,0.50921
2026-05-02 22:50:00,4RH,0.49802,0.49802,0.49802,0.49802,0.49802,0.49802
2026-05-02 23:50:00,4RH,0.47649,0.47649,0.47649,0.47649,0.47649,0.47649
2026-05-03 00:50:00,4RH,0.48674,0.48674,0.48674,0.48674,0.48674,0.48674
2026-05-03 01:50:00,4RH,0.48767,0.48767,0.48767,0.48767,0.48767,0.48767
2026-05-03 02:50:00,4RH,0.48357,0.48357,0.48357,0.48357,0.48357,0.48357
2026-05-03 03:50:00,4RH,0.49679,0.49679,0.49679,0.49679,0.49679,0.49679
2026-05-03 04:50:00,4RH,0.49504,0.49504,0.49504,0.49504,0.49504,0.49504
2026-05-03 05:50:00,4RH,0.48702,0.48702,0.48702,0.48702,0.48702,0.48702
2026-05-03 06:50:00,4RH,0.50818,0.50818,0.50818,0.50818,0.50818,0.50818
2026-05-03 07:50:00,4RH,0.49365,0.49365,0.49365,0.49365,0.49365,0.49365
2026-05-03 08:50:00,4RH,0.48439,0.48439,0.48439,0.48439,0.48439,0.48439
2026-05-03 09:50:00,4RH,0.4808,0.4808,0.4808,0.4808,0.4808,0.4808
2026-05-03 10:50:00,4RH,0.47461,0.47461,0.47461,0.47461,0.47461,0.47461
2026-05-03 11:50:00,4RH,0.50698,0.50698,0.50698,0.50698,0.50698,0.50698
2026-05-03 12:50:00,4RH,0.51147,0.51147,0.51147,0.51147,0.51147,0.51147
2026-05-03 13:50:00,4RH,0.50849,0.50849,0.50849,0.50849,0.50849,0.50849
2026-05-03 14:50:00,4RH,0.51683,0.51683,0.51683,0.51683,0.51683,0.51683
2026-05-03 15:50:00,4RH,0.52058,0.52058,0.52058,0.52058,0.52058,0.52058
2026-05-03 16:50:00,4RH,0.52687,0.52687,0.52687,0.52687,0.52687,0.52687
2026-05-03 17:50:00,4RH,0.53055,0.53055,0.53055,0.53055,0.53055,0.53055
2026-05-03 18:50:00,4RH,0.53651,0.53651,0.53651,0.53651,0.53651,0.53651
2026-05-03 19:50:00,4RH,0.53874,0.53874,0.53874,0.53874,0.53874,0.53874
2026-05-03 20:50:00,4RH,0.53681,0.53681,0.53681,0.53681,0.53681,0.53681
2026-05-03 21:50:00,4RH,0.54352,0.54352,0.54352,0.54352,0.54352,0.54352
2026-05-03 22:50:00,4RH,0.5578,0.5578,0.5578,0.5578,0.5578,0.5578
2026-05-03 23:50:00,4RH,0.5387,0.5387,0.5387,0.5387,0.5387,0.5387
2026-05-04 00:50:00,4RH,0.54453,0.54453,0.54453,0.54453,0.54453,0.54453
2026-05-04 01:50:00,4RH,0.55213,0.55213,0.55213,0.55213,0.55213,0.55213
2026-05-04 02:50:00,4RH,0.55503,0.55503,0.55503,0.55503,0.55503,0.55503
2026-05-04 03:50:00,4RH,0.55916,0.55916,0.55916,0.55916,0.55916,0.55916
2026-05-04 04:50:00,4RH,0.55275,0.55275,0.55275,0.55275,0.55275,0.55275
2026-05-04 05:50:00,4RH,0.54771,0.54771,0.54771,0.54771,0.54771,0.54771
2026-05-04 06:50:00,4RH,0.54612,0.54612,0.54612,0.54612,0.54612,0.54612
2026-05-04 07:50:00,4RH,0.54191,0.54191,0.54191,0.54191,0.54191,0.54191
2026-05-04 08:50:00,4RH,0.55178,0.55178,0.55178,0.55178,0.55178,0.55178
2026-05-04 09:50:00,4RH,0.53844,0.53844,0.53844,0.53844,0.53844,0.53844
2026-05-04 10:50:00,4RH,0.52642,0.52642,0.52642,0.52642,0.52642,0.52642
2026-05-04 11:50:00,4RH,0.54217,0.54217,0.54217,0.54217,0.54217,0.54217
2026-05-04 12:50:00,4RH,0.56999,0.56999,0.56999,0.56999,0.56999,0.56999
2026-05-04 13:50:00,4RH,0.60144,0.60144,0.60144,0.60144,0.60144,0.60144
2026-05-04 14:50:00,4RH,0.61223,0.61223,0.61223,0.61223,0.61223,0.61223
2026-05-04 15:50:00,4RH,0.61961,0.61961,0.61961,0.61961,0.61961,0.61961
2026-05-04 16:50:00,4RH,0.52295,0.52295,0.52295,0.52295,0.52295,0.52295
2026-05-04 17:50:00,4RH,0.53628,0.53628,0.53628,0.53628,0.53628,0.53628
2026-05-04 18:50:00,4RH,0.55534,0.55534,0.55534,0.55534,0.55534,0.55534
2026-05-04 19:50:00,4RH,0.55168,0.55168,0.55168,0.55168,0.55168,0.55168
2026-05-04 20:50:00,4RH,0.59649,0.59649,0.59649,0.59649,0.59649,0.59649
2026-05-04 21:50:00,4RH,0.52907,0.52907,0.52907,0.52907,0.52907,0.52907
2026-05-04 22:50:00,4RH,0.57851,0.57851,0.57851,0.57851,0.57851,0.57851
2026-05-04 23:50:00,4RH,0.56342,0.56342,0.56342,0.56342,0.56342,0.56342
2026-05-05 00:50:00,4RH,0.55623,0.55623,0.55623,0.55623,0.55623,0.55623
2026-05-05 01:50:00,4RH,0.57901,0.57901,0.57901,0.57901,0.57901,0.57901
2026-05-05 02:50:00,4RH,0.57768,0.57768,0.57768,0.57768,0.57768,0.57768
2026-05-05 03:50:00,4RH,0.51295,0.51295,0.51295,0.51295,0.51295,0.51295
2026-05-05 04:50:00,4RH,0.59541,0.59541,0.59541,0.59541,0.59541,0.59541
2026-05-05 05:50:00,4RH,0.59764,0.59764,0.59764,0.59764,0.59764,0.59764
2026-05-05 06:50:00,4RH,0.55891,0.55891,0.55891,0.55891,0.55891,0.55891
2026-05-05 07:50:00,4RH,0.54154,0.54154,0.54154,0.54154,0.54154,0.54154
2026-05-05 08:50:00,4RH,0.55266,0.55266,0.55266,0.55266,0.55266,0.55266
2026-05-05 09:50:00,4RH,0.545,0.545,0.545,0.545,0.545,0.545
2026-05-05 10:50:00,4RH,0.5439,0.5439,0.5439,0.5439,0.5439,0.5439
2026-05-05 11:50:00,4RH,0.54385,0.54385,0.54385,0.54385,0.54385,0.54385
2026-05-05 12:50:00,4RH,0.54047,0.54047,0.54047,0.54047,0.54047,0.54047
2026-05-05 13:50:00,4RH,0.53089,0.53089,0.53089,0.53089,0.53089,0.53089
2026-05-05 14:50:00,4RH,0.53994,0.53994,0.53994,0.53994,0.53994,0.53994
2026-05-05 15:50:00,4RH,0.55938,0.55938,0.55938,0.55938,0.55938,0.55938
2026-05-05 16:50:00,4RH,0.5456,0.5456,0.5456,0.5456,0.5456,0.5456
2026-05-05 17:50:00,4RH,0.54284,0.54284,0.54284,0.54284,0.54284,0.54284
2026-05-05 18:50:00,4RH,0.52801,0.52801,0.52801,0.52801,0.52801,0.52801
2026-05-05 19:50:00,4RH,0.52331,0.52331,0.52331,0.52331,0.52331,0.52331
2026-05-05 20:50:00,4RH,0.51942,0.51942,0.51942,0.51942,0.51942,0.51942
2026-05-05 21:50:00,4RH,0.51641,0.51641,0.51641,0.51641,0.51641,0.51641
2026-05-05 22:50:00,4RH,0.50433,0.50433,0.50433,0.50433,0.50433,0.50433
2026-05-05 23:50:00,4RH,0.51762,0.51762,0.51762,0.51762,0.51762,0.51762
2026-05-06 00:50:00,4RH,0.49842,0.49842,0.49842,0.49842,0.49842,0.49842
2026-05-06 01:50:00,4RH,0.49514,0.49514,0.49514,0.49514,0.49514,0.49514
2026-05-06 02:50:00,4RH,0.49842,0.49842,0.49842,0.49842,0.49842,0.49842
2026-05-06 03:50:00,4RH,0.50194,0.50194,0.50194,0.50194,0.50194,0.50194
2026-05-06 04:50:00,4RH,0.50472,0.50472,0.50472,0.50472,0.50472,0.50472
2026-05-06 05:50:00,4RH,0.4908,0.4908,0.4908,0.4908,0.4908,0.4908
2026-05-06 06:50:00,4RH,0.0396,0.0396,0.0396,0.0396,0.0396,0.0396
2026-05-06 07:50:00,4RH,0.00353,0.00353,0.00353,0.00353,0.00353,0.00353
2026-05-06 08:50:00,4RH,0.00398,0.00398,0.00398,0.00398,0.00398,0.00398
2026-05-06 09:50:00,4RH,0.00439,0.00439,0.00439,0.00439,0.00439,0.00439
2026-05-06 10:50:00,4RH,0.00427,0.00427,0.00427,0.00427,0.00427,0.00427
2026-05-06 11:50:00,4RH,0.00182,0.00182,0.00182,0.00182,0.00182,0.00182
2026-05-06 12:50:00,4RH,0.00196,0.00196,0.00196,0.00196,0.00196,0.00196
2026-05-06 13:50:00,4RH,0.00179,0.00179,0.00179,0.00179,0.00179,0.00179
2026-05-06 14:50:00,4RH,0.00204,0.00204,0.00204,0.00204,0.00204,0.00204
2026-05-06 15:50:00,4RH,0.00195,0.00195,0.00195,0.00195,0.00195,0.00195
2026-05-06 16:50:00,4RH,0.00195,0.00195,0.00195,0.00195,0.00195,0.00195
2026-05-06 17:50:00,4RH,0.00311,0.00311,0.00311,0.00311,0.00311,0.00311
2026-05-06 18:50:00,4RH,0.54696,0.54696,0.54696,0.54696,0.54696,0.54696
2026-05-06 19:50:00,4RH,0.55261,0.55261,0.55261,0.55261,0.55261,0.55261
2026-05-06 20:50:00,4RH,0.55162,0.55162,0.55162,0.55162,0.55162,0.55162
2026-05-06 21:50:00,4RH,0.56126,0.56126,0.56126,0.56126,0.56126,0.56126
2026-05-06 22:50:00,4RH,0.55722,0.55722,0.55722,0.55722,0.55722,0.55722
2026-05-06 23:50:00,4RH,0.55641,0.55641,0.55641,0.55641,0.55641,0.55641
2026-05-07 00:50:00,4RH,0.56637,0.56637,0.56637,0.56637,0.56637,0.56637
2026-05-07 01:50:00,4RH,0.53882,0.53882,0.53882,0.53882,0.53882,0.53882
2026-05-07 02:50:00,4RH,0.53787,0.53787,0.53787,0.53787,0.53787,0.53787
2026-05-07 03:50:00,4RH,0.51369,0.51369,0.51369,0.51369,0.51369,0.51369
2026-05-07 04:50:00,4RH,0.52542,0.52542,0.52542,0.52542,0.52542,0.52542
2026-05-07 05:50:00,4RH,0.50981,0.50981,0.50981,0.50981,0.50981,0.50981
2026-05-07 06:50:00,4RH,0.50881,0.50881,0.50881,0.50881,0.50881,0.50881
2026-05-07 07:50:00,4RH,0.51772,0.51772,0.51772,0.51772,0.51772,0.51772
2026-05-07 08:50:00,4RH,0.52838,0.52838,0.52838,0.52838,0.52838,0.52838
2026-05-07 09:50:00,4RH,0.53044,0.53044,0.53044,0.53044,0.53044,0.53044
2026-05-07 10:50:00,4RH,0.5138,0.5138,0.5138,0.5138,0.5138,0.5138
2026-05-07 11:50:00,4RH,0.54007,0.54007,0.54007,0.54007,0.54007,0.54007
2026-05-07 12:50:00,4RH,0.53141,0.53141,0.53141,0.53141,0.53141,0.53141
2026-05-07 13:50:00,4RH,0.53595,0.53595,0.53595,0.53595,0.53595,0.53595
2026-05-07 14:50:00,4RH,0.53544,0.53544,0.53544,0.53544,0.53544,0.53544
2026-05-07 15:50:00,4RH,0.52624,0.52624,0.52624,0.52624,0.52624,0.52624
2026-05-07 16:50:00,4RH,0.52578,0.52578,0.52578,0.52578,0.52578,0.52578
2026-05-07 17:50:00,4RH,0.53752,0.53752,0.53752,0.53752,0.53752,0.53752
2026-05-07 18:50:00,4RH,0.55308,0.55308,0.55308,0.55308,0.55308,0.55308
2026-05-07 19:50:00,4RH,0.53839,0.53839,0.53839,0.53839,0.53839,0.53839
2026-05-07 20:50:00,4RH,0.52315,0.52315,0.52315,0.52315,0.52315,0.52315
2026-05-07 21:50:00,4RH,0.51541,0.51541,0.51541,0.51541,0.51541,0.51541
2026-05-07 22:50:00,4RH,0.51536,0.51536,0.51536,0.51536,0.51536,0.51536
2026-05-07 23:50:00,4RH,0.51245,0.51245,0.51245,0.51245,0.51245,0.51245
2026-05-08 00:50:00,4RH,0.51234,0.51234,0.51234,0.51234,0.51234,0.51234
2026-05-08 01:50:00,4RH,0.50374,0.50374,0.50374,0.50374,0.50374,0.50374
2026-05-08 02:50:00,4RH,0.50849,0.50849,0.50849,0.50849,0.50849,0.50849
2026-05-08 03:50:00,4RH,0.5142,0.5142,0.5142,0.5142,0.5142,0.5142
2026-05-08 04:50:00,4RH,0.51126,0.51126,0.51126,0.51126,0.51126,0.51126
2026-05-08 05:50:00,4RH,0.51098,0.51098,0.51098,0.51098,0.51098,0.51098
2026-05-08 06:50:00,4RH,0.51905,0.51905,0.51905,0.51905,0.51905,0.51905
2026-05-08 07:50:00,4RH,0.51641,0.51641,0.51641,0.51641,0.51641,0.51641
2026-05-08 08:50:00,4RH,0.51366,0.51366,0.51366,0.51366,0.51366,0.51366
2026-05-08 09:50:00,4RH,0.51077,0.51077,0.51077,0.51077,0.51077,0.51077
2026-05-08 10:50:00,4RH,0.51775,0.51775,0.51775,0.51775,0.51775,0.51775
2026-05-08 11:50:00,4RH,0.52394,0.52394,0.52394,0.52394,0.52394,0.52394
2026-05-08 12:50:00,4RH,0.51891,0.51891,0.51891,0.51891,0.51891,0.51891
2026-05-08 13:50:00,4RH,0.52254,0.52254,0.52254,0.52254,0.52254,0.52254
2026-05-08 14:50:00,4RH,0.52067,0.52067,0.52067,0.52067,0.52067,0.52067
2026-05-08 15:50:00,4RH,0.50711,0.50711,0.50711,0.50711,0.50711,0.50711
2026-05-08 16:50:00,4RH,0.51978,0.51978,0.51978,0.51978,0.51978,0.51978
2026-05-08 17:50:00,4RH,0.50747,0.50747,0.50747,0.50747,0.50747,0.50747
2026-05-08 18:50:00,4RH,0.51686,0.51686,0.51686,0.51686,0.51686,0.51686
2026-05-08 19:50:00,4RH,0.51786,0.51786,0.51786,0.51786,0.51786,0.51786
2026-05-08 20:50:00,4RH,0.5153,0.5153,0.5153,0.5153,0.5153,0.5153
2026-05-08 21:50:00,4RH,0.51597,0.51597,0.51597,0.51597,0.51597,0.51597
2026-05-08 22:50:00,4RH,0.50758,0.50758,0.50758,0.50758,0.50758,0.50758
2026-05-08 23:50:00,4RH,0.51377,0.51377,0.51377,0.51377,0.51377,0.51377
2026-05-09 00:50:00,4RH,0.51333,0.51333,0.51333,0.51333,0.51333,0.51333
2026-05-09 01:50:00,4RH,0.51658,0.51658,0.51658,0.51658,0.51658,0.51658
2026-05-09 02:50:00,4RH,0.51594,0.51594,0.51594,0.51594,0.51594,0.51594
2026-05-09 03:50:00,4RH,0.50237,0.50237,0.50237,0.50237,0.50237,0.50237
2026-05-09 04:50:00,4RH,0.49973,0.49973,0.49973,0.49973,0.49973,0.49973
2026-05-09 05:50:00,4RH,0.51347,0.51347,0.51347,0.51347,0.51347,0.51347
2026-05-09 06:50:00,4RH,0.50589,0.50589,0.50589,0.50589,0.50589,0.50589
2026-05-09 07:50:00,4RH,0.50303,0.50303,0.50303,0.50303,0.50303,0.50303
2026-05-09 08:50:00,4RH,0.50024,0.50024,0.50024,0.50024,0.50024,0.50024
2026-05-09 09:50:00,4RH,0.51688,0.51688,0.51688,0.51688,0.51688,0.51688
2026-05-09 10:50:00,4RH,0.50886,0.50886,0.50886,0.50886,0.50886,0.50886
2026-05-09 11:50:00,4RH,0.50897,0.50897,0.50897,0.50897,0.50897,0.50897
2026-05-09 12:50:00,4RH,0.51971,0.51971,0.51971,0.51971,0.51971,0.51971
2026-05-09 13:50:00,4RH,0.5113,0.5113,0.5113,0.5113,0.5113,0.5113
2026-05-09 14:50:00,4RH,0.51332,0.51332,0.51332,0.51332,0.51332,0.51332
2026-05-09 15:50:00,4RH,0.51886,0.51886,0.51886,0.51886,0.51886,0.51886
2026-05-09 16:50:00,4RH,0.51688,0.51688,0.51688,0.51688,0.51688,0.51688
2026-05-09 17:50:00,4RH,0.51168,0.51168,0.51168,0.51168,0.51168,0.51168
2026-05-09 18:50:00,4RH,0.52532,0.52532,0.52532,0.52532,0.52532,0.52532
2026-05-09 19:50:00,4RH,0.52112,0.52112,0.52112,0.52112,0.52112,0.52112
2026-05-09 20:50:00,4RH,0.52903,0.52903,0.52903,0.52903,0.52903,0.52903
2026-05-09 21:50:00,4RH,0.51738,0.51738,0.51738,0.51738,0.51738,0.51738
2026-05-09 22:50:00,4RH,0.53055,0.53055,0.53055,0.53055,0.53055,0.53055
2026-05-09 23:50:00,4RH,0.53169,0.53169,0.53169,0.53169,0.53169,0.53169
2026-05-10 00:50:00,4RH,0.5284,0.5284,0.5284,0.5284,0.5284,0.5284
2026-05-10 01:50:00,4RH,0.54309,0.54309,0.54309,0.54309,0.54309,0.54309
2026-05-10 02:50:00,4RH,0.54272,0.54272,0.54272,0.54272,0.54272,0.54272
2026-05-10 03:50:00,4RH,0.53131,0.53131,0.53131,0.53131,0.53131,0.53131
2026-05-10 04:50:00,4RH,0.53184,0.53184,0.53184,0.53184,0.53184,0.53184
2026-05-10 05:50:00,4RH,0.53026,0.53026,0.53026,0.53026,0.53026,0.53026
2026-05-10 06:50:00,4RH,0.52843,0.52843,0.52843,0.52843,0.52843,0.52843
2026-05-10 07:50:00,4RH,0.53172,0.53172,0.53172,0.53172,0.53172,0.53172
2026-05-10 08:50:00,4RH,0.5212,0.5212,0.5212,0.5212,0.5212,0.5212
2026-05-10 09:50:00,4RH,0.50547,0.50547,0.50547,0.50547,0.50547,0.50547
2026-05-10 10:50:00,4RH,0.51261,0.51261,0.51261,0.51261,0.51261,0.51261
2026-05-10 11:50:00,4RH,0.54231,0.54231,0.54231,0.54231,0.54231,0.54231
2026-05-10 12:50:00,4RH,0.51488,0.51488,0.51488,0.51488,0.51488,0.51488
2026-05-10 13:50:00,4RH,0.52831,0.52831,0.52831,0.52831,0.52831,0.52831
2026-05-10 14:50:00,4RH,0.50024,0.50024,0.50024,0.50024,0.50024,0.50024
2026-05-10 15:50:00,4RH,0.52562,0.52562,0.52562,0.52562,0.52562,0.52562
2026-05-10 16:50:00,4RH,0.52679,0.52679,0.52679,0.52679,0.52679,0.52679
2026-05-10 17:50:00,4RH,0.52447,0.52447,0.52447,0.52447,0.52447,0.52447
2026-05-10 18:50:00,4RH,0.51995,0.51995,0.51995,0.51995,0.51995,0.51995
2026-05-10 19:50:00,4RH,0.51863,0.51863,0.51863,0.51863,0.51863,0.51863
2026-05-10 20:50:00,4RH,0.52559,0.52559,0.52559,0.52559,0.52559,0.52559
2026-05-10 21:50:00,4RH,0.51436,0.51436,0.51436,0.51436,0.51436,0.51436
2026-05-10 22:50:00,4RH,0.52406,0.52406,0.52406,0.52406,0.52406,0.52406
2026-05-10 23:50:00,4RH,0.53373,0.53373,0.53373,0.53373,0.53373,0.53373
2026-05-11 00:50:00,4RH,0.52843,0.52843,0.52843,0.52843,0.52843,0.52843
2026-05-11 01:50:00,4RH,0.52016,0.52016,0.52016,0.52016,0.52016,0.52016
2026-05-11 02:50:00,4RH,0.53918,0.53918,0.53918,0.53918,0.53918,0.53918
2026-05-11 03:50:00,4RH,0.52102,0.52102,0.52102,0.52102,0.52102,0.52102
2026-05-11 04:50:00,4RH,0.52623,0.52623,0.52623,0.52623,0.52623,0.52623
2026-05-11 05:50:00,4RH,0.51638,0.51638,0.51638,0.51638,0.51638,0.51638
2026-05-11 06:50:00,4RH,0.52225,0.52225,0.52225,0.52225,0.52225,0.52225
2026-05-11 07:50:00,4RH,0.5194,0.5194,0.5194,0.5194,0.5194,0.5194
2026-05-11 08:50:00,4RH,0.5063,0.5063,0.5063,0.5063,0.5063,0.5063
2026-05-11 09:50:00,4RH,0.51245,0.51245,0.51245,0.51245,0.51245,0.51245
2026-05-11 10:50:00,4RH,0.54036,0.54036,0.54036,0.54036,0.54036,0.54036
2026-05-11 11:50:00,4RH,0.58616,0.58616,0.58616,0.58616,0.58616,0.58616
2026-05-11 12:50:00,4RH,0.58178,0.58178,0.58178,0.58178,0.58178,0.58178
2026-05-11 13:50:00,4RH,0.49234,0.49234,0.49234,0.49234,0.49234,0.49234
2026-05-11 14:50:00,4RH,0.59637,0.59637,0.59637,0.59637,0.59637,0.59637
2026-05-11 15:50:00,4RH,0.60392,0.60392,0.60392,0.60392,0.60392,0.60392
2026-05-11 16:50:00,4RH,0.59332,0.59332,0.59332,0.59332,0.59332,0.59332
2026-05-11 17:50:00,4RH,0.57485,0.57485,0.57485,0.57485,0.57485,0.57485
2026-05-11 18:50:00,4RH,0.55002,0.55002,0.55002,0.55002,0.55002,0.55002
2026-05-11 19:50:00,4RH,0.53256,0.53256,0.53256,0.53256,0.53256,0.53256
2026-05-11 20:50:00,4RH,0.55442,0.55442,0.55442,0.55442,0.55442,0.55442
2026-05-11 21:50:00,4RH,0.54329,0.54329,0.54329,0.54329,0.54329,0.54329
2026-05-11 22:50:00,4RH,0.54557,0.54557,0.54557,0.54557,0.54557,0.54557
2026-05-11 23:50:00,4RH,0.61263,0.61263,0.61263,0.61263,0.61263,0.61263
2026-05-12 00:50:00,4RH,0.61852,0.61852,0.61852,0.61852,0.61852,0.61852
2026-05-12 01:50:00,4RH,0.6115,0.6115,0.6115,0.6115,0.6115,0.6115
2026-05-12 02:50:00,4RH,0.59394,0.59394,0.59394,0.59394,0.59394,0.59394
2026-05-12 03:50:00,4RH,0.59581,0.59581,0.59581,0.59581,0.59581,0.59581
2026-05-12 04:50:00,4RH,0.56516,0.56516,0.56516,0.56516,0.56516,0.56516
2026-05-12 05:50:00,4RH,0.54316,0.54316,0.54316,0.54316,0.54316,0.54316
2026-05-12 06:50:00,4RH,0.53729,0.53729,0.53729,0.53729,0.53729,0.53729
2026-05-12 07:50:00,4RH,0.52369,0.52369,0.52369,0.52369,0.52369,0.52369
2026-05-12 08:50:00,4RH,0.53565,0.53565,0.53565,0.53565,0.53565,0.53565
2026-05-12 09:50:00,4RH,0.53868,0.53868,0.53868,0.53868,0.53868,0.53868
2026-05-12 10:50:00,4RH,0.5241,0.5241,0.5241,0.5241,0.5241,0.5241
2026-05-12 11:50:00,4RH,0.52625,0.52625,0.52625,0.52625,0.52625,0.52625
2026-05-12 12:50:00,4RH,0.51966,0.51966,0.51966,0.51966,0.51966,0.51966
2026-05-12 13:50:00,4RH,0.52846,0.52846,0.52846,0.52846,0.52846,0.52846
2026-05-12 14:50:00,4RH,0.5403,0.5403,0.5403,0.5403,0.5403,0.5403
2026-05-12 15:50:00,4RH,0.53037,0.53037,0.53037,0.53037,0.53037,0.53037
2026-05-12 16:50:00,4RH,0.5289,0.5289,0.5289,0.5289,0.5289,0.5289
2026-05-12 17:50:00,4RH,0.5209,0.5209,0.5209,0.5209,0.5209,0.5209
2026-05-12 18:50:00,4RH,0.53641,0.53641,0.53641,0.53641,0.53641,0.53641
2026-05-12 19:50:00,4RH,0.51585,0.51585,0.51585,0.51585,0.51585,0.51585
2026-05-12 20:50:00,4RH,0.52323,0.52323,0.52323,0.52323,0.52323,0.52323
2026-05-12 21:50:00,4RH,0.51556,0.51556,0.51556,0.51556,0.51556,0.51556
2026-05-12 22:50:00,4RH,0.51118,0.51118,0.51118,0.51118,0.51118,0.51118
2026-05-12 23:50:00,4RH,0.5223,0.5223,0.5223,0.5223,0.5223,0.5223
2026-05-13 00:50:00,4RH,0.52384,0.52384,0.52384,0.52384,0.52384,0.52384
2026-05-13 01:50:00,4RH,0.52442,0.52442,0.52442,0.52442,0.52442,0.52442
2026-05-13 02:50:00,4RH,0.52293,0.52293,0.52293,0.52293,0.52293,0.52293
2026-05-13 03:50:00,4RH,0.52259,0.52259,0.52259,0.52259,0.52259,0.52259
2026-05-13 04:50:00,4RH,0.5267,0.5267,0.5267,0.5267,0.5267,0.5267
2026-05-13 05:50:00,4RH,0.52831,0.52831,0.52831,0.52831,0.52831,0.52831
2026-05-13 06:50:00,4RH,0.52594,0.52594,0.52594,0.52594,0.52594,0.52594
2026-05-13 07:50:00,4RH,0.52776,0.52776,0.52776,0.52776,0.52776,0.52776
2026-05-13 08:50:00,4RH,0.52914,0.52914,0.52914,0.52914,0.52914,0.52914
2026-05-13 09:50:00,4RH,0.53187,0.53187,0.53187,0.53187,0.53187,0.53187
2026-05-13 10:50:00,4RH,0.51184,0.51184,0.51184,0.51184,0.51184,0.51184
2026-05-13 11:50:00,4RH,0.53112,0.53112,0.53112,0.53112,0.53112,0.53112
2026-05-13 12:50:00,4RH,0.53696,0.53696,0.53696,0.53696,0.53696,0.53696
2026-05-13 13:50:00,4RH,0.52504,0.52504,0.52504,0.52504,0.52504,0.52504
2026-05-13 14:50:00,4RH,0.52994,0.52994,0.52994,0.52994,0.52994,0.52994
2026-05-13 15:50:00,4RH,0.53266,0.53266,0.53266,0.53266,0.53266,0.53266
2026-05-13 16:50:00,4RH,0.53352,0.53352,0.53352,0.53352,0.53352,0.53352
2026-05-13 17:50:00,4RH,0.51492,0.51492,0.51492,0.51492,0.51492,0.51492
2026-05-13 18:50:00,4RH,0.51959,0.51959,0.51959,0.51959,0.51959,0.51959
2026-05-13 19:50:00,4RH,0.52824,0.52824,0.52824,0.52824,0.52824,0.52824
2026-05-13 20:50:00,4RH,0.51426,0.51426,0.51426,0.51426,0.51426,0.51426
2026-05-13 21:50:00,4RH,0.52376,0.52376,0.52376,0.52376,0.52376,0.52376
2026-05-13 22:50:00,4RH,0.50875,0.50875,0.50875,0.50875,0.50875,0.50875
2026-05-13 23:50:00,4RH,0.52608,0.52608,0.52608,0.52608,0.52608,0.52608
2026-05-14 00:50:00,4RH,0.5095,0.5095,0.5095,0.5095,0.5095,0.5095
2026-05-14 01:50:00,4RH,0.5091,0.5091,0.5091,0.5091,0.5091,0.5091
2026-05-14 02:50:00,4RH,0.52074,0.52074,0.52074,0.52074,0.52074,0.52074
2026-05-14 03:50:00,4RH,0.52178,0.52178,0.52178,0.52178,0.52178,0.52178
2026-05-14 04:50:00,4RH,0.52359,0.52359,0.52359,0.52359,0.52359,0.52359
2026-05-14 05:50:00,4RH,0.49748,0.49748,0.49748,0.49748,0.49748,0.49748
2026-05-14 06:50:00,4RH,0.50295,0.50295,0.50295,0.50295,0.50295,0.50295
2026-05-14 07:50:00,4RH,0.51229,0.51229,0.51229,0.51229,0.51229,0.51229
2026-05-14 08:50:00,4RH,0.51862,0.51862,0.51862,0.51862,0.51862,0.51862
2026-05-14 09:50:00,4RH,0.51926,0.51926,0.51926,0.51926,0.51926,0.51926
2026-05-14 10:50:00,4RH,0.52234,0.52234,0.52234,0.52234,0.52234,0.52234
2026-05-14 11:50:00,4RH,0.52367,0.52367,0.52367,0.52367,0.52367,0.52367
2026-05-14 12:50:00,4RH,0.51291,0.51291,0.51291,0.51291,0.51291,0.51291
2026-05-14 13:50:00,4RH,0.51122,0.51122,0.51122,0.51122,0.51122,0.51122
2026-05-14 14:50:00,4RH,0.51466,0.51466,0.51466,0.51466,0.51466,0.51466
2026-05-14 15:50:00,4RH,0.50798,0.50798,0.50798,0.50798,0.50798,0.50798
2026-05-14 16:50:00,4RH,0.52762,0.52762,0.52762,0.52762,0.52762,0.52762
2026-05-14 17:50:00,4RH,0.5189,0.5189,0.5189,0.5189,0.5189,0.5189
2026-05-14 18:50:00,4RH,0.51288,0.51288,0.51288,0.51288,0.51288,0.51288
2026-05-14 19:50:00,4RH,0.51314,0.51314,0.51314,0.51314,0.51314,0.51314
2026-05-14 20:50:00,4RH,0.51607,0.51607,0.51607,0.51607,0.51607,0.51607
2026-05-14 21:50:00,4RH,0.50894,0.50894,0.50894,0.50894,0.50894,0.50894
2026-05-14 22:50:00,4RH,0.50824,0.50824,0.50824,0.50824,0.50824,0.50824
2026-05-14 23:50:00,4RH,0.51369,0.51369,0.51369,0.51369,0.51369,0.51369
2026-05-15 00:50:00,4RH,0.50478,0.50478,0.50478,0.50478,0.50478,0.50478
2026-05-15 01:50:00,4RH,0.50683,0.50683,0.50683,0.50683,0.50683,0.50683
2026-05-15 02:50:00,4RH,0.49925,0.49925,0.49925,0.49925,0.49925,0.49925
2026-05-15 03:50:00,4RH,0.51402,0.51402,0.51402,0.51402,0.51402,0.51402
2026-05-15 04:50:00,4RH,0.50545,0.50545,0.50545,0.50545,0.50545,0.50545
2026-05-15 05:50:00,4RH,0.50856,0.50856,0.50856,0.50856,0.50856,0.50856
2026-05-15 06:50:00,4RH,0.51205,0.51205,0.51205,0.51205,0.51205,0.51205
2026-05-15 07:50:00,4RH,0.51471,0.51471,0.51471,0.51471,0.51471,0.51471
2026-05-15 08:50:00,4RH,0.51786,0.51786,0.51786,0.51786,0.51786,0.51786
2026-05-15 09:50:00,4RH,0.51654,0.51654,0.51654,0.51654,0.51654,0.51654
2026-05-15 10:50:00,4RH,0.51526,0.51526,0.51526,0.51526,0.51526,0.51526
2026-05-15 11:50:00,4RH,0.51691,0.51691,0.51691,0.51691,0.51691,0.51691
2026-05-15 12:50:00,4RH,0.51286,0.51286,0.51286,0.51286,0.51286,0.51286
2026-05-15 13:50:00,4RH,0.52129,0.52129,0.52129,0.52129,0.52129,0.52129
2026-05-15 14:50:00,4RH,0.51562,0.51562,0.51562,0.51562,0.51562,0.51562
2026-05-15 15:50:00,4RH,0.50635,0.50635,0.50635,0.50635,0.50635,0.50635
2026-05-15 16:50:00,4RH,0.51971,0.51971,0.51971,0.51971,0.51971,0.51971
2026-05-15 17:50:00,4RH,0.50451,0.50451,0.50451,0.50451,0.50451,0.50451
2026-05-15 18:50:00,4RH,0.51182,0.51182,0.51182,0.51182,0.51182,0.51182
2026-05-15 19:50:00,4RH,0.51713,0.51713,0.51713,0.51713,0.51713,0.51713
2026-05-15 20:50:00,4RH,0.50746,0.50746,0.50746,0.50746,0.50746,0.50746
2026-05-15 21:50:00,4RH,0.50839,0.50839,0.50839,0.50839,0.50839,0.50839
2026-05-15 22:50:00,4RH,0.50876,0.50876,0.50876,0.50876,0.50876,0.50876
2026-05-15 23:50:00,4RH,0.52058,0.52058,0.52058,0.52058,0.52058,0.52058
2026-05-16 00:50:00,4RH,0.50626,0.50626,0.50626,0.50626,0.50626,0.50626
2026-05-16 01:50:00,4RH,0.50677,0.50677,0.50677,0.50677,0.50677,0.50677
2026-05-16 02:50:00,4RH,0.50532,0.50532,0.50532,0.50532,0.50532,0.50532
2026-05-16 03:50:00,4RH,0.49845,0.49845,0.49845,0.49845,0.49845,0.49845
2026-05-16 04:50:00,4RH,0.50205,0.50205,0.50205,0.50205,0.50205,0.50205
2026-05-16 05:50:00,4RH,0.51303,0.51303,0.51303,0.51303,0.51303,0.51303
2026-05-16 06:50:00,4RH,0.49716,0.49716,0.49716,0.49716,0.49716,0.49716
2026-05-16 07:50:00,4RH,0.51345,0.51345,0.51345,0.51345,0.51345,0.51345
2026-05-16 08:50:00,4RH,0.51244,0.51244,0.51244,0.51244,0.51244,0.51244
2026-05-16 09:50:00,4RH,0.4951,0.4951,0.4951,0.4951,0.4951,0.4951
2026-05-16 10:50:00,4RH,0.51026,0.51026,0.51026,0.51026,0.51026,0.51026
2026-05-16 11:50:00,4RH,0.51552,0.51552,0.51552,0.51552,0.51552,0.51552
2026-05-16 12:50:00,4RH,0.51349,0.51349,0.51349,0.51349,0.51349,0.51349
2026-05-16 13:50:00,4RH,0.51341,0.51341,0.51341,0.51341,0.51341,0.51341
2026-05-16 14:50:00,4RH,0.51496,0.51496,0.51496,0.51496,0.51496,0.51496
2026-05-16 15:50:00,4RH,0.51068,0.51068,0.51068,0.51068,0.51068,0.51068
2026-05-16 16:50:00,4RH,0.51545,0.51545,0.51545,0.51545,0.51545,0.51545
2026-05-16 17:50:00,4RH,0.52102,0.52102,0.52102,0.52102,0.52102,0.52102
2026-05-16 18:50:00,4RH,0.52462,0.52462,0.52462,0.52462,0.52462,0.52462
2026-05-16 19:50:00,4RH,0.51316,0.51316,0.51316,0.51316,0.51316,0.51316
2026-05-16 20:50:00,4RH,0.52328,0.52328,0.52328,0.52328,0.52328,0.52328
2026-05-16 21:50:00,4RH,0.50683,0.50683,0.50683,0.50683,0.50683,0.50683
2026-05-16 22:50:00,4RH,0.5132,0.5132,0.5132,0.5132,0.5132,0.5132
2026-05-16 23:50:00,4RH,0.51927,0.51927,0.51927,0.51927,0.51927,0.51927
2026-05-17 00:50:00,4RH,0.5291,0.5291,0.5291,0.5291,0.5291,0.5291
2026-05-17 01:50:00,4RH,0.51926,0.51926,0.51926,0.51926,0.51926,0.51926
2026-05-17 02:50:00,4RH,0.51373,0.51373,0.51373,0.51373,0.51373,0.51373
2026-05-17 03:50:00,4RH,0.51459,0.51459,0.51459,0.51459,0.51459,0.51459
2026-05-17 04:50:00,4RH,0.5089,0.5089,0.5089,0.5089,0.5089,0.5089
2026-05-17 05:50:00,4RH,0.51846,0.51846,0.51846,0.51846,0.51846,0.51846
2026-05-17 06:50:00,4RH,0.51702,0.51702,0.51702,0.51702,0.51702,0.51702
2026-05-17 07:50:00,4RH,0.51485,0.51485,0.51485,0.51485,0.51485,0.51485
2026-05-17 08:50:00,4RH,0.52604,0.52604,0.52604,0.52604,0.52604,0.52604
2026-05-17 09:50:00,4RH,0.5188,0.5188,0.5188,0.5188,0.5188,0.5188
2026-05-17 10:50:00,4RH,0.50377,0.50377,0.50377,0.50377,0.50377,0.50377
2026-05-17 11:50:00,4RH,0.50481,0.50481,0.50481,0.50481,0.50481,0.50481
2026-05-17 12:50:00,4RH,0.51637,0.51637,0.51637,0.51637,0.51637,0.51637
2026-05-17 13:50:00,4RH,0.51999,0.51999,0.51999,0.51999,0.51999,0.51999
2026-05-17 14:50:00,4RH,0.51268,0.51268,0.51268,0.51268,0.51268,0.51268
2026-05-17 15:50:00,4RH,0.51216,0.51216,0.51216,0.51216,0.51216,0.51216
2026-05-17 16:50:00,4RH,0.50432,0.50432,0.50432,0.50432,0.50432,0.50432
2026-05-17 17:50:00,4RH,0.50312,0.50312,0.50312,0.50312,0.50312,0.50312
2026-05-17 18:50:00,4RH,0.5093,0.5093,0.5093,0.5093,0.5093,0.5093
2026-05-17 19:50:00,4RH,0.50007,0.50007,0.50007,0.50007,0.50007,0.50007
2026-05-17 20:50:00,4RH,0.4864,0.4864,0.4864,0.4864,0.4864,0.4864
2026-05-17 21:50:00,4RH,0.49323,0.49323,0.49323,0.49323,0.49323,0.49323
2026-05-17 22:50:00,4RH,0.49286,0.49286,0.49286,0.49286,0.49286,0.49286
2026-05-17 23:50:00,4RH,0.50456,0.50456,0.50456,0.50456,0.50456,0.50456
2026-05-18 00:50:00,4RH,0.49612,0.49612,0.49612,0.49612,0.49612,0.49612
2026-05-18 01:50:00,4RH,0.48492,0.48492,0.48492,0.48492,0.48492,0.48492
2026-05-18 02:50:00,4RH,0.49309,0.49309,0.49309,0.49309,0.49309,0.49309
2026-05-18 03:50:00,4RH,0.49617,0.49617,0.49617,0.49617,0.49617,0.49617
2026-05-18 04:50:00,4RH,0.49424,0.49424,0.49424,0.49424,0.49424,0.49424
2026-05-18 05:50:00,4RH,0.50366,0.50366,0.50366,0.50366,0.50366,0.50366
2026-05-18 06:50:00,4RH,0.49242,0.49242,0.49242,0.49242,0.49242,0.49242
2026-05-18 07:50:00,4RH,0.49192,0.49192,0.49192,0.49192,0.49192,0.49192
2026-05-18 08:50:00,4RH,0.498,0.498,0.498,0.498,0.498,0.498
2026-05-18 09:50:00,4RH,0.49432,0.49432,0.49432,0.49432,0.49432,0.49432
2026-05-18 10:50:00,4RH,0.56496,0.56496,0.56496,0.56496,0.56496,0.56496
2026-05-18 11:50:00,4RH,0.44346,0.44346,0.44346,0.44346,0.44346,0.44346
2026-05-18 12:50:00,4RH,0.43885,0.43885,0.43885,0.43885,0.43885,0.43885
2026-05-18 13:50:00,4RH,0.5351,0.5351,0.5351,0.5351,0.5351,0.5351
2026-05-18 14:50:00,4RH,0.55175,0.55175,0.55175,0.55175,0.55175,0.55175
2026-05-18 15:50:00,4RH,0.43064,0.43064,0.43064,0.43064,0.43064,0.43064
2026-05-18 16:50:00,4RH,0.5877,0.5877,0.5877,0.5877,0.5877,0.5877
2026-05-18 17:50:00,4RH,0.5642,0.5642,0.5642,0.5642,0.5642,0.5642
2026-05-18 18:50:00,4RH,0.52127,0.52127,0.52127,0.52127,0.52127,0.52127
2026-05-18 19:50:00,4RH,0.51844,0.51844,0.51844,0.51844,0.51844,0.51844
2026-05-18 20:50:00,4RH,0.53055,0.53055,0.53055,0.53055,0.53055,0.53055
2026-05-18 21:50:00,4RH,0.52997,0.52997,0.52997,0.52997,0.52997,0.52997
2026-05-18 22:50:00,4RH,0.45674,0.45674,0.45674,0.45674,0.45674,0.45674
2026-05-18 23:50:00,4RH,0.51479,0.51479,0.51479,0.51479,0.51479,0.51479
2026-05-19 00:50:00,4RH,0.51125,0.51125,0.51125,0.51125,0.51125,0.51125
2026-05-19 01:50:00,4RH,0.52826,0.52826,0.52826,0.52826,0.52826,0.52826
2026-05-19 02:50:00,4RH,0.51487,0.51487,0.51487,0.51487,0.51487,0.51487
2026-05-19 03:50:00,4RH,0.5041,0.5041,0.5041,0.5041,0.5041,0.5041
2026-05-19 04:50:00,4RH,0.49905,0.49905,0.49905,0.49905,0.49905,0.49905
2026-05-19 05:50:00,4RH,0.5084,0.5084,0.5084,0.5084,0.5084,0.5084
2026-05-19 06:50:00,4RH,0.50193,0.50193,0.50193,0.50193,0.50193,0.50193
2026-05-19 07:50:00,4RH,0.50256,0.50256,0.50256,0.50256,0.50256,0.50256
2026-05-19 08:50:00,4RH,0.50849,0.50849,0.50849,0.50849,0.50849,0.50849
2026-05-19 09:50:00,4RH,0.50474,0.50474,0.50474,0.50474,0.50474,0.50474
2026-05-19 10:50:00,4RH,0.50121,0.50121,0.50121,0.50121,0.50121,0.50121
2026-05-19 11:50:00,4RH,0.49291,0.49291,0.49291,0.49291,0.49291,0.49291
2026-05-19 12:50:00,4RH,0.49553,0.49553,0.49553,0.49553,0.49553,0.49553
2026-05-19 13:50:00,4RH,0.50264,0.50264,0.50264,0.50264,0.50264,0.50264
2026-05-19 14:50:00,4RH,0.49869,0.49869,0.49869,0.49869,0.49869,0.49869
2026-05-19 15:50:00,4RH,0.51003,0.51003,0.51003,0.51003,0.51003,0.51003
2026-05-19 16:50:00,4RH,0.50426,0.50426,0.50426,0.50426,0.50426,0.50426
2026-05-19 17:50:00,4RH,0.50451,0.50451,0.50451,0.50451,0.50451,0.50451
