"Frequency (HZ)","3RV 2026-03-18 14:32:52"
0,0.010005560953789646
0.3125,0.006731656556895932
0.625,0.003040559159102154
0.9375,0.006576093065034891
1.25,0.021510188283694772
1.5625,0.3219245042707995
1.875,0.9793853183502395
2.1875,1.0945447287342804
2.5,0.9910808645110649
2.8125,0.9916606920716379
3.125,1.2607148223131193
3.4375,0.8694231428079194
3.75,0.622607520834755
4.0625,0.8371437182467535
4.375,0.46824611050173176
4.6875,0.19506954772593285
5,0.21776767540202105
5.3125,0.2565878376891625
5.625,0.4305007505219939
5.9375,0.43469389373443007
6.25,0.28309727091584613
6.5625,0.33634948260700503
6.875,0.3859813075784888
7.1875,0.243315443406291
7.5,0.21546250729535288
7.8125,0.18583473316363652
8.125,0.1305460539426604
8.4375,0.08591347391416551
8.75,0.08703070262844026
9.0625,0.10603773290673467
9.375,0.15601604020099985
9.6875,0.105231631176182
10,0.14393865637833358
10.3125,0.15220473465040435
10.625,0.19387453726572756
10.9375,0.17513620756428408
11.25,0.18214363576584275
11.5625,0.15070566827428886
11.875,0.18698731721697062
12.1875,0.14316790998684029
12.5,0.1261619918993038
12.8125,0.18903085581459975
13.125,0.1857993778245772
13.4375,0.18679639838605025
13.75,0.19999101092299124
14.0625,0.1642538342018231
14.375,0.1159230857077226
14.6875,0.1302773533658095
15,0.08988034295662205
15.3125,0.1831406563273158
15.625,0.1955291671337041
15.9375,0.14058697023550937
16.25,0.13550994354658996
16.5625,0.1945675019112904
16.875,0.24047287414592106
17.1875,0.1865630531482587
17.5,0.216035263788114
17.8125,0.2208860163070537
18.125,0.14089809721923144
18.4375,0.09403105976218708
18.75,0.14412957520925399
19.0625,0.19480084714908197
19.375,0.17114105425058007
19.6875,0.20873085073845696
20,0.21249972988218124
20.3125,0.11727365965978889
20.625,0.13727771049955634
20.9375,0.15128549583486184
21.25,0.1318188461487962
21.5625,0.15863233529139006
21.875,0.16336287965752808
22.1875,0.14901568306725302
22.5,0.17679083743226062
22.8125,0.13073697277358076
23.125,0.17355935944223808
23.4375,0.1280075405982007
23.75,0.12565994608466136
24.0625,0.12285273216335076
24.375,0.10792570801250273
24.6875,0.09449775023777021
25,0.08807014959678448
25.3125,0.10684383463728733
25.625,0.1172312332529177
25.9375,0.09876867519613695
26.25,0.08187589419359033
26.5625,0.09746052765094185
26.875,0.0856094179982553
27.1875,0.09491494323867027
27.5,0.09141476467179686
27.8125,0.12023643707296053
28.125,0.14755197203019685
28.4375,0.10653977872137711
28.75,0.09891716762018611
29.0625,0.0843012704530602
29.375,0.09591903486795517
29.6875,0.1077701445206417
30,0.13639382702307315
30.3125,0.13681809109178505
30.625,0.0840325698762093
30.9375,0.11896364486682474
31.25,0.12261938692555921
31.5625,0.06964294687906306
31.875,0.06702665178867283
32.1875,0.08695292088250973
32.5,0.09872624878926575
32.8125,0.08449218928398056
33.125,0.08072331014025626
33.4375,0.04024851798513828
33.75,0.06048591406269727
34.0625,0.10165367086337807
34.375,0.19202898856683068
34.6875,0.19853437095374696
35,0.12157993995721499
35.3125,0.11365327294011378
35.625,0.13304921194806077
35.9375,0.19207141497370187
36.25,0.15070566827428886
36.5625,0.10530941292211252
36.875,0.15128549583486184
37.1875,0.11812218779721276
37.5,0.1277388400213498
37.8125,0.13708679166863594
38.125,0.13678273575272573
38.4375,0.18898842940772856
38.75,0.14813179959076983
39.0625,0.12485384435410869
39.375,0.11853938079811283
39.6875,0.14124457954201286
40,0.08664886496659953
40.3125,0.09526142556145167
40.625,0.09560790788423308
40.9375,0.09403105976218708
41.25,0.08734182961216234
41.5625,0.06182941694695172
41.875,0.07336939961591617
42.1875,0.1182353248822026
42.5,0.1394343861821753
42.8125,0.10611551465266518
43.125,0.1068862610441585
43.4375,0.0948442325605516
43.75,0.07290978020814491
44.0625,0.05525332388191682
44.375,0.06044348765582608
44.6875,0.08510737218361285
45,0.10096070621781524
45.3125,0.1233547779779932
45.625,0.11908385301962646
45.9375,0.13158550091100463
46.25,0.14581956041628982
46.5625,0.11976974659737741
46.875,0.10627107814452623
47.1875,0.10323051898542407
47.5,0.13739791865235804
47.8125,0.12643069247615468
48.125,0.20191434136781866
48.4375,0.15185825232762293
48.75,0.1812951076284189
49.0625,0.16540641825515717
49.375,0.10992682020326067
49.6875,0.1964130506101873
50,0.24651156605725416
50.3125,0.170829927266858
50.625,0.1689843785679611
50.9375,0.19279973495832403
51.25,0.17802120323152518
51.5625,0.1679449315996169
51.875,0.1451690221775982
52.1875,0.15697770542341355
52.5,0.15713326891527457
52.8125,0.12277495041742024
53.125,0.14220624476442656
53.4375,0.1426305088331385
53.75,0.1568645683384237
54.0625,0.10846310916620451
54.375,0.10022531516538125
54.6875,0.10972883030452844
55,0.16332752431846873
55.3125,0.10696404279008903
55.625,0.10965104855859793
55.9375,0.14993492188279553
56.25,0.09264513047106145
56.5625,0.09941921343482858
56.875,0.0991505128579777
57.1875,0.06833479933386795
57.5,0.08118292954802751
57.8125,0.0769473599287201
58.125,0.0664821795671592
58.4375,0.09965255867262014
58.75,0.10488514885340058
59.0625,0.10384570188505636
59.375,0.10723274336693993
59.6875,0.08114757420896819
60,0.07044904860961572
60.3125,0.08941365248103893
60.625,0.09449775023777021
60.9375,0.09284312036979368
61.25,0.07394922717648914
61.5625,0.09422904966091931
61.875,0.08976013480382034
62.1875,0.07964143676504083
62.5,0.08198903127858018
62.8125,0.09434218674590918
63.125,0.07822015213485588
63.4375,0.0735249631077772
63.75,0.10207793493208998
64.0625,0.08918737831105923
64.375,0.10064957923409316
64.6875,0.08114757420896819
65,0.05748071024265444
65.3125,0.037589796487876866
65.625,0.06967830221812239
65.9375,0.10515384943025148
66.25,0.06206276218474327
66.5625,0.05505533398318459
66.875,0.056250344443389846
67.1875,0.06791053526515602
67.5,0.09357144035441584
67.8125,0.05871107604191904
68.125,0.03705239533417509
68.4375,0.03181980515339464
68.75,0.033432008614499964
69.0625,0.05924847719562081
69.375,0.09215015572423087
69.6875,0.08664886496659953
70,0.09195216582549863
70.3125,0.09353608501535651
70.625,0.06829237292699676
70.9375,0.05994144184118363
71.25,0.06275572683030609
71.5625,0.09002883538067122
71.875,0.08983791654975086
72.1875,0.08879846958140664
72.5,0.08822571308864553
72.8125,0.07010256628683433
73.125,0.06463663086826231
73.4375,0.04970960671741429
73.75,0.029854048301696034
74.0625,0.04078591913884006
74.375,0.06452349378327246
74.6875,0.07456441007612143
75,0.04690239279610369
75.3125,0.03374313559822204
75.625,0.04201628493810465
75.9375,0.03662813126546316
76.25,0.042475904345875906
76.5625,0.05456035923635401
76.875,0.06317291983120615
77.1875,0.05267238413058592
77.5,0.053867394590791186
77.8125,0.061405152878239784
78.125,0.05378961284486067
78.4375,0.043593133060150654
78.75,0.04428609770571347
79.0625,0.03647256777360212
79.375,0.025512412665210635
79.6875,0.03516442022840701
80,0.02773979902594826
80.3125,0.020583878400340396
80.625,0.025165930342429223
80.9375,0.02170110711461514
81.25,0.01746553749530772
81.5625,0.017430182156248395
81.875,0.028510545417441597
82.1875,0.026240732649832774
82.5,0.02385778279723411
82.8125,0.024741666273717298
83.125,0.02054852306128107
83.4375,0.014700749980868321
83.75,0.014120922420295355
84.0625,0.014007785335305506
84.375,0.015273506473629427
84.6875,0.021545543622754102
85,0.017119055172526314
85.3125,0.008654987001723341
85.625,0.010542962107491423
85.9375,0.015160369388639579
86.25,0.020774797231260765
86.5625,0.013272394282871495
86.875,0.01812314680181121
87.1875,0.022160726522386397
87.5,0.01673721751068558
87.8125,0.007926667017101197
88.125,0.008888332239514901
88.4375,0.01296833836696128
88.75,0.017352400410317874
89.0625,0.01257942963730868
89.375,0.011539982668964456
89.6875,0.015810907627331203
90,0.013583521266593578
90.3125,0.013427957774732536
90.625,0.02381535639036292
90.9375,0.026933697295395593
91.25,0.02146776187682358
91.5625,0.02354665581351203
91.875,0.017507963902178916
92.1875,0.018469629124592622
92.5,0.020237396077558988
92.8125,0.02339109232165099
93.125,0.0345916637356459
93.4375,0.021008142469052325
93.75,0.011045007922133872
94.0625,0.019622213177926694
94.375,0.02504572218962751
94.6875,0.02054852306128107
95,0.02408405696721381
95.3125,0.02008183258569795
95.625,0.02247185350610848
95.9375,0.025816468581120848
96.25,0.02712461612631596
96.5625,0.028199418433719512
96.875,0.03197536864525568
97.1875,0.024508321035925738
97.5,0.02385778279723411
97.8125,0.01981313200884706
98.125,0.015662415203282026
98.4375,0.015697770542341356
98.75,0.02304460999886958
99.0625,0.019509076092936846
99.375,0.017967583309950172
99.6875,0.01788980156401965
100,0.02381535639036292
100.3125,0.014622968234937802
100.625,0.01092479976933216
100.9375,0.008464068170802972
101.25,0.011582409075835647
101.5625,0.008697413408594534
101.875,0.011080363261193198
102.1875,0.011045007922133872
102.5,0.011773327906756016
102.8125,0.012430937213259503
103.125,0.014120922420295355
103.4375,0.009503515139147198
103.75,0.008845905832643709
104.0625,0.008004448763031717
104.375,0.006576093065034891
104.6875,0.0068094383028264515
105,0.00873276874765386
105.3125,0.008428712831743646
105.625,0.007155920625607861
105.9375,0.006696301217836604
106.25,0.005925554826343268
106.5625,0.005119453095790603
106.875,0.0049214631970583705
107.1875,0.0036557420587344505
107.5,0.005154808434849931
107.8125,0.005423509011700819
108.125,0.006540737725975564
108.4375,0.007155920625607861
108.75,0.0043840620433565946
109.0625,0.005041671349860084
109.375,0.006427600640985717
109.6875,0.004504270196158307
110,0.007580184694319789
110.3125,0.007657966440250309
110.625,0.0047305443661380025
110.9375,0.004037579720575186
111.25,0.0047305443661380025
111.5625,0.00707813887967734
111.875,0.005119453095790603
112.1875,0.004270924958366747
112.5,0.005197234841721124
112.8125,0.004886107857999043
113.125,0.0035779603128039306
113.4375,0.005310371926710971
113.75,0.007884240610230004
114.0625,0.00781352993211135
114.375,0.005310371926710971
114.6875,0.006653874810965412
115,0.006081118318204308
115.3125,0.004999244942988891
115.625,0.004235569619307419
115.9375,0.008350931085813125
116.25,0.007884240610230004
116.5625,0.008039804102091045
116.875,0.008273149339882605
117.1875,0.006194255403194156
117.5,0.004886107857999043
117.8125,0.004461843789287114
118.125,0.006576093065034891
118.4375,0.008230722933011412
118.75,0.006349818895055197
119.0625,0.007198347032479053
119.375,0.012770348468229047
119.6875,0.012770348468229047
120,0.01250164789137816
120.3125,0.012430937213259503
120.625,0.007962022356160524
120.9375,0.007120565286548534
121.25,0.010542962107491423
121.5625,0.011426845583974608
121.875,0.007311484117468901
122.1875,0.007502402948389268
122.5,0.008966113985445423
122.8125,0.007424621202458749
123.125,0.009270169901355638
123.4375,0.01131370849898476
123.75,0.01015405337783882
124.0625,0.010040916292848975
124.375,0.011349063838044085
124.6875,0.007311484117468901
125,0.0062720371491246756
125.3125,0.007926667017101197
125.625,0.011349063838044085
125.9375,0.011122789668064393
126.25,0.013661303012524098
126.5625,0.012042028483606904
126.875,0.008654987001723341
127.1875,0.009270169901355638
127.5,0.007657966440250309
127.8125,0.005232590180780452
128.125,0.008619631662664013
128.4375,0.008654987001723341
128.75,0.010274261530640535
129.0625,0.01250164789137816
129.375,0.007735748186180829
129.6875,0.009468159800087871
130,0.008273149339882605
130.3125,0.008350931085813125
130.625,0.011964246737676385
130.9375,0.009885352800987934
131.25,0.008464068170802972
131.5625,0.012699637790110394
131.875,0.009772215715998086
132.1875,0.00738926586339942
132.5,0.010429825022501575
132.8125,0.00738926586339942
133.125,0.011928891398617055
133.4375,0.01081166268434231
133.75,0.00981464212286928
134.0625,0.00781352993211135
134.375,0.007269057710597707
134.6875,0.007467047609329942
135,0.008697413408594534
135.3125,0.005614427842621186
135.625,0.004999244942988891
135.9375,0.007502402948389268
136.25,0.006194255403194156
136.5625,0.005769991334482228
136.875,0.0055012907576313394
137.1875,0.005388153672641492
137.5,0.00738926586339942
137.8125,0.0062296107422534835
138.125,0.006540737725975564
138.4375,0.006851864709697645
138.75,0.005925554826343268
139.0625,0.0044264884502277875
139.375,0.0027294321753800733
139.6875,0.005543717164502532
140,0.006158900064134829
140.3125,0.00581241774135342
140.625,0.004461843789287114
140.9375,0.004037579720575186
141.25,0.006540737725975564
141.5625,0.005423509011700819
141.875,0.0029981327522309613
142.1875,0.003075914498161481
142.5,0.002962777413171634
142.8125,0.004270924958366747
143.125,0.004808326112068523
143.4375,0.002616295090390226
143.75,0.002382949852598665
144.0625,0.0039597979746446655
144.375,0.0033870414818835625
144.6875,0.0031961226509631944
145,0.002538513344459705
145.3125,0.002651650429449553
145.625,0.0047305443661380025
145.9375,0.003309259735953042
146.25,0.0031961226509631944
146.5625,0.0039597979746446655
146.875,0.003733523804664971
147.1875,0.0029981327522309613
147.5,0.002651650429449553
147.8125,0.0033870414818835625
148.125,0.003153696244092002
148.4375,0.002962777413171634
148.75,0.002962777413171634
149.0625,0.0029274220741123064
149.375,0.003691097397793778
149.6875,0.003889087296526011
150,0.005041671349860084
150.3125,0.0033446150750123696
150.625,0.003118340905032674
150.9375,0.002884995667241114
151.25,0.003040559159102154
151.5625,0.002651650429449553
151.875,0.002807213921310593
152.1875,0.002616295090390226
152.5,0.0029274220741123064
152.8125,0.003075914498161481
153.125,0.002849640328181786
153.4375,0.003040559159102154
153.75,0.002651650429449553
154.0625,0.0035779603128039306
154.375,0.002807213921310593
154.6875,0.002884995667241114
155,0.004235569619307419
155.3125,0.0029274220741123064
155.625,0.002651650429449553
155.9375,0.0034648232278140824
156.25,0.0031961226509631944
156.5625,0.002001112190757929
156.875,0.0014212846301849605
157.1875,0.0023475945135393375
157.5,0.0019233304448274093
157.8125,0.0015414927829866735
158.125,0.0018101933598375617
158.4375,0.0023475945135393375
158.75,0.0029981327522309613
159.0625,0.0023051681066681446
159.375,0.002694076836320746
159.6875,0.003309259735953042
160,0.00223445742854949
160.3125,0.002503158005400378
160.625,0.0035001785668734102
160.9375,0.002616295090390226
161.25,0.002382949852598665
161.5625,0.002694076836320746
161.875,0.0025809397513308985
162.1875,0.002382949852598665
162.5,0.0020788939366884495
162.8125,0.0020788939366884495
163.125,0.0017677669529663686
163.4375,0.0017324116139070412
163.75,0.0022698127676088176
164.0625,0.0015414927829866735
164.375,0.00215667568261897
164.6875,0.002651650429449553
165,0.0019233304448274093
165.3125,0.002001112190757929
165.625,0.0019657568516986018
165.9375,0.0017324116139070412
166.25,0.001385929291125633
166.5625,0.0011950104602052652
166.875,0.0012303657992645926
167.1875,0.0023051681066681446
167.5,0.003691097397793778
167.8125,0.0034223968209428895
168.125,0.00215667568261897
168.4375,0.0032739043968937143
168.75,0.0044264884502277875
169.0625,0.003691097397793778
169.375,0.003040559159102154
169.6875,0.002114249275747777
170,0.0019657568516986018
170.3125,0.002382949852598665
170.625,0.00223445742854949
170.9375,0.0019233304448274093
171.25,0.0018101933598375617
171.5625,0.002884995667241114
171.875,0.0033446150750123696
172.1875,0.0024607315985291853
172.5,0.0017677669529663686
172.8125,0.0010748023074035522
173.125,0.0010394469683442248
173.4375,0.0014212846301849605
173.75,0.0016192745289171937
174.0625,0.0016899852070358485
174.375,0.0014990663761154806
174.6875,0.001845548698896889
175,0.0027294321753800733
175.3125,0.002036467529817257
175.625,0.001576848122046001
175.9375,0.0020788939366884495
176.25,0.0016192745289171937
176.5625,0.001308147545195113
176.875,0.0011525840533340723
177.1875,0.001308147545195113
177.5,0.001576848122046001
177.8125,0.0013435028842544402
178.125,0.001117228714274745
178.4375,0.0011950104602052652
178.75,0.001117228714274745
179.0625,0.0018101933598375617
179.375,0.0014212846301849605
179.6875,0.0008485281374238569
180,0.0014990663761154806
180.3125,0.0017324116139070412
180.625,0.0018101933598375617
180.9375,0.0014990663761154806
181.25,0.0019233304448274093
181.5625,0.0017677669529663686
181.875,0.0014990663761154806
182.1875,0.0010394469683442248
182.5,0.0011525840533340723
182.8125,0.0014212846301849605
183.125,0.001385929291125633
183.4375,0.0011950104602052652
183.75,0.0012727922061357853
184.0625,0.001308147545195113
184.375,0.001308147545195113
184.6875,0.0011950104602052652
185,0.0010748023074035522
185.3125,0.0012727922061357853
185.625,0.0008838834764831843
185.9375,0.0009970205614730319
186.25,0.0009616652224137046
186.5625,0.0012727922061357853
186.875,0.001308147545195113
187.1875,0.0008485281374238569
187.5,0.0008485281374238569
187.8125,0.0014637110370561532
188.125,0.001576848122046001
188.4375,0.002001112190757929
188.75,0.0014637110370561532
189.0625,0.0012727922061357853
189.375,0.0008485281374238569
189.6875,0.0011525840533340723
190,0.0019233304448274093
190.3125,0.0019657568516986018
190.625,0.0014637110370561532
190.9375,0.001308147545195113
191.25,0.0011525840533340723
191.5625,0.001576848122046001
191.875,0.0013435028842544402
192.1875,0.0009970205614730319
192.5,0.0011950104602052652
192.8125,0.0011525840533340723
193.125,0.0010394469683442248
193.4375,0.0009263098833543772
193.75,0.0010748023074035522
194.0625,0.0008485281374238569
194.375,0.0010394469683442248
194.6875,0.0012727922061357853
195,0.00215667568261897
195.3125,0.002001112190757929
195.625,0.0014212846301849605
195.9375,0.001385929291125633
196.25,0.0008838834764831843
196.5625,0.001385929291125633
196.875,0.0014990663761154806
197.1875,0.0019233304448274093
197.5,0.0014990663761154806
197.8125,0.0010748023074035522
198.125,0.001117228714274745
198.4375,0.0011525840533340723
198.75,0.0008838834764831843
199.0625,0.0008485281374238569
199.375,0.001385929291125633
199.6875,0.0012303657992645926
200,0.0009263098833543772
200.3125,0.0009616652224137046
200.625,0.0009970205614730319
200.9375,0.0007707463914933368
201.25,0.0005374011537017761
201.5625,0.0008061017305526641
201.875,0.0008838834764831843
202.1875,0.0009970205614730319
202.5,0.001117228714274745
202.8125,0.0008838834764831843
203.125,0.0008485281374238569
203.4375,0.0006576093065034892
203.75,0.0006929646455628165
204.0625,0.0008485281374238569
204.375,0.000728319984622144
204.6875,0.001117228714274745
205,0.0009970205614730319
205.3125,0.0007707463914933368
205.625,0.0008061017305526641
205.9375,0.0008838834764831843
206.25,0.0007707463914933368
206.5625,0.0006576093065034892
206.875,0.0007707463914933368
207.1875,0.000728319984622144
207.5,0.0006576093065034892
207.8125,0.0005020458146424487
208.125,0.0008061017305526641
208.4375,0.0010748023074035522
208.75,0.000728319984622144
209.0625,0.0007707463914933368
209.375,0.0008485281374238569
209.6875,0.0006151828996322963
210,0.0008485281374238569
210.3125,0.0009263098833543772
210.625,0.0006576093065034892
210.9375,0.0008485281374238569
211.25,0.0008838834764831843
211.5625,0.0007707463914933368
211.875,0.0010394469683442248
212.1875,0.0010394469683442248
212.5,0.0010394469683442248
212.8125,0.0006576093065034892
213.125,0.0009616652224137046
213.4375,0.0011950104602052652
213.75,0.0008838834764831843
214.0625,0.00042426406871192844
214.375,0.0006929646455628165
214.6875,0.0005020458146424487
215,0.0006929646455628165
215.3125,0.0006929646455628165
215.625,0.0008061017305526641
215.9375,0.000728319984622144
216.25,0.0008838834764831843
216.5625,0.0009616652224137046
216.875,0.000728319984622144
217.1875,0.0006929646455628165
217.5,0.0008485281374238569
217.8125,0.0008061017305526641
218.125,0.0006576093065034892
218.4375,0.0007707463914933368
218.75,0.0008838834764831843
219.0625,0.0009616652224137046
219.375,0.0010394469683442248
219.6875,0.0006576093065034892
220,0.0006929646455628165
220.3125,0.0005798275605729689
220.625,0.0004596194077712558
220.9375,0.0005798275605729689
221.25,0.0006576093065034892
221.5625,0.0005374011537017761
221.875,0.0005798275605729689
222.1875,0.0006151828996322963
222.5,0.0006929646455628165
222.8125,0.0006576093065034892
223.125,0.00038183766184073564
223.4375,0.0003111269837220809
223.75,0.0004596194077712558
224.0625,0.0005374011537017761
224.375,0.0005798275605729689
224.6875,0.0007707463914933368
225,0.0009616652224137046
225.3125,0.0006151828996322963
225.625,0.0005798275605729689
225.9375,0.000728319984622144
226.25,0.0005374011537017761
226.5625,0.0005374011537017761
226.875,0.0008061017305526641
227.1875,0.000728319984622144
227.5,0.0006151828996322963
227.8125,0.0005374011537017761
228.125,0.00042426406871192844
228.4375,0.00034648232278140827
228.75,0.00034648232278140827
229.0625,0.00038183766184073564
229.375,0.0004596194077712558
229.6875,0.00038183766184073564
230,0.0005020458146424487
230.3125,0.0005020458146424487
230.625,0.00042426406871192844
230.9375,0.0004596194077712558
231.25,0.0005798275605729689
231.5625,0.0007707463914933368
231.875,0.0005020458146424487
232.1875,0.0006151828996322963
232.5,0.0006576093065034892
232.8125,0.0005020458146424487
233.125,0.00038183766184073564
233.4375,0.00034648232278140827
233.75,0.00042426406871192844
234.0625,0.0005798275605729689
234.375,0.00042426406871192844
234.6875,0.0008061017305526641
235,0.0009616652224137046
235.3125,0.00042426406871192844
235.625,0.0004596194077712558
235.9375,0.0004596194077712558
236.25,0.00042426406871192844
236.5625,0.0005798275605729689
236.875,0.0005374011537017761
237.1875,0.00038183766184073564
237.5,0.0007707463914933368
237.8125,0.0007707463914933368
238.125,0.0008485281374238569
238.4375,0.0008485281374238569
238.75,0.0006151828996322963
239.0625,0.000728319984622144
239.375,0.0005374011537017761
239.6875,0.0006929646455628165
240,0.0006151828996322963
240.3125,0.0004596194077712558
240.625,0.0006929646455628165
240.9375,0.0008485281374238569
241.25,0.0005020458146424487
241.5625,0.0005020458146424487
241.875,0.000728319984622144
242.1875,0.0008061017305526641
242.5,0.000728319984622144
242.8125,0.0007707463914933368
243.125,0.0006576093065034892
243.4375,0.0006576093065034892
243.75,0.0006929646455628165
244.0625,0.0006576093065034892
244.375,0.0006576093065034892
244.6875,0.0006576093065034892
245,0.00042426406871192844
245.3125,0.0004596194077712558
245.625,0.0006576093065034892
245.9375,0.0008061017305526641
246.25,0.000728319984622144
246.5625,0.0008061017305526641
246.875,0.0006929646455628165
247.1875,0.0005374011537017761
247.5,0.0006151828996322963
247.8125,0.0005020458146424487
248.125,0.0007707463914933368
248.4375,0.000728319984622144
248.75,0.0006576093065034892
249.0625,0.0005020458146424487
249.375,0.0007707463914933368
249.6875,0.0010394469683442248
250,0.0008838834764831843
250.3125,0.0005798275605729689
250.625,0.00038183766184073564
250.9375,0.00042426406871192844
251.25,0.00042426406871192844
251.5625,0.00038183766184073564
251.875,0.0005020458146424487
252.1875,0.0006151828996322963
252.5,0.0005798275605729689
252.8125,0.00038183766184073564
253.125,0.0003111269837220809
253.4375,0.00042426406871192844
253.75,0.0005020458146424487
254.0625,0.0006151828996322963
254.375,0.0005374011537017761
254.6875,0.0006576093065034892
255,0.0005374011537017761
255.3125,0.00042426406871192844
255.625,0.0005020458146424487
255.9375,0.0005374011537017761
256.25,0.0005374011537017761
256.5625,0.0005374011537017761
256.875,0.00034648232278140827
257.1875,0.0005020458146424487
257.5,0.0006151828996322963
257.8125,0.0004596194077712558
258.125,0.0006151828996322963
258.4375,0.0005020458146424487
258.75,0.0003111269837220809
259.0625,0.0005020458146424487
259.375,0.00038183766184073564
259.6875,0.00042426406871192844
260,0.00042426406871192844
260.3125,0.00038183766184073564
260.625,0.00034648232278140827
260.9375,0.00038183766184073564
261.25,0.00038183766184073564
261.5625,0.0004596194077712558
261.875,0.00034648232278140827
262.1875,0.00038183766184073564
262.5,0.0003111269837220809
262.8125,0.00042426406871192844
263.125,0.00038183766184073564
263.4375,0.00034648232278140827
263.75,0.00042426406871192844
264.0625,0.00038183766184073564
264.375,0.00026870057685088805
264.6875,0.00034648232278140827
265,0.00034648232278140827
265.3125,0.00042426406871192844
265.625,0.00038183766184073564
265.9375,0.0004596194077712558
266.25,0.0003111269837220809
266.5625,0.00034648232278140827
266.875,0.00026870057685088805
267.1875,0.00023334523779156068
267.5,0.00042426406871192844
267.8125,0.00042426406871192844
268.125,0.00034648232278140827
268.4375,0.00023334523779156068
268.75,0.00034648232278140827
269.0625,0.00034648232278140827
269.375,0.0003111269837220809
269.6875,0.00023334523779156068
270,0.00026870057685088805
270.3125,0.00034648232278140827
270.625,0.00038183766184073564
270.9375,0.00042426406871192844
271.25,0.00042426406871192844
271.5625,0.0003111269837220809
271.875,0.00023334523779156068
272.1875,0.0003111269837220809
272.5,0.00034648232278140827
272.8125,0.00034648232278140827
273.125,0.00026870057685088805
273.4375,0.00023334523779156068
273.75,0.0003111269837220809
274.0625,0.0003111269837220809
274.375,0.00023334523779156068
274.6875,0.00023334523779156068
275,0.0005020458146424487
275.3125,0.0005374011537017761
275.625,0.00038183766184073564
275.9375,0.00026870057685088805
276.25,0.00019091883092036782
276.5625,0.00019091883092036782
276.875,0.00019091883092036782
277.1875,0.00023334523779156068
277.5,0.00023334523779156068
277.8125,0.00015556349186104045
278.125,0.00026870057685088805
278.4375,0.00026870057685088805
278.75,0.00026870057685088805
279.0625,0.00026870057685088805
279.375,0.0003111269837220809
279.6875,0.0003111269837220809
280,0.00034648232278140827
280.3125,0.0003111269837220809
280.625,0.00023334523779156068
280.9375,0.00019091883092036782
281.25,0.00015556349186104045
281.5625,0.00023334523779156068
281.875,0.00034648232278140827
282.1875,0.0004596194077712558
282.5,0.0004596194077712558
282.8125,0.00034648232278140827
283.125,0.00034648232278140827
283.4375,0.0003111269837220809
283.75,0.00034648232278140827
284.0625,0.00026870057685088805
284.375,0.00019091883092036782
284.6875,0.00019091883092036782
285,0.00026870057685088805
285.3125,0.00034648232278140827
285.625,0.00034648232278140827
285.9375,0.00019091883092036782
286.25,0.00023334523779156068
286.5625,0.00034648232278140827
286.875,0.00034648232278140827
287.1875,0.00026870057685088805
287.5,0.00023334523779156068
287.8125,0.00026870057685088805
288.125,0.00023334523779156068
288.4375,0.0003111269837220809
288.75,0.0004596194077712558
289.0625,0.0004596194077712558
289.375,0.00034648232278140827
289.6875,0.0003111269837220809
290,0.00026870057685088805
290.3125,0.0003111269837220809
290.625,0.00042426406871192844
290.9375,0.0003111269837220809
291.25,0.0003111269837220809
291.5625,0.00034648232278140827
291.875,0.00042426406871192844
292.1875,0.00038183766184073564
292.5,0.00038183766184073564
292.8125,0.0004596194077712558
293.125,0.00038183766184073564
293.4375,0.00038183766184073564
293.75,0.0003111269837220809
294.0625,0.00038183766184073564
294.375,0.00038183766184073564
294.6875,0.00023334523779156068
295,0.00019091883092036782
295.3125,0.00026870057685088805
295.625,0.00038183766184073564
295.9375,0.0003111269837220809
296.25,0.00042426406871192844
296.5625,0.0005020458146424487
296.875,0.0004596194077712558
297.1875,0.0004596194077712558
297.5,0.00038183766184073564
297.8125,0.00038183766184073564
298.125,0.00042426406871192844
298.4375,0.00038183766184073564
298.75,0.0003111269837220809
299.0625,0.0003111269837220809
299.375,0.00042426406871192844
299.6875,0.0005020458146424487
300,0.000728319984622144
300.3125,0.0005020458146424487
300.625,0.00042426406871192844
300.9375,0.00034648232278140827
301.25,0.00023334523779156068
301.5625,0.00023334523779156068
301.875,0.0003111269837220809
302.1875,0.0004596194077712558
302.5,0.0005374011537017761
302.8125,0.0005374011537017761
303.125,0.0004596194077712558
303.4375,0.00038183766184073564
303.75,0.00034648232278140827
304.0625,0.00015556349186104045
304.375,0.00042426406871192844
304.6875,0.0006151828996322963
305,0.0006576093065034892
305.3125,0.0005020458146424487
305.625,0.0004596194077712558
305.9375,0.0004596194077712558
306.25,0.00042426406871192844
306.5625,0.00042426406871192844
306.875,0.00042426406871192844
307.1875,0.00034648232278140827
307.5,0.0003111269837220809
307.8125,0.0005374011537017761
308.125,0.0006929646455628165
308.4375,0.000728319984622144
308.75,0.0005798275605729689
309.0625,0.00034648232278140827
309.375,0.0005020458146424487
309.6875,0.00034648232278140827
310,0.0003111269837220809
310.3125,0.0003111269837220809
310.625,0.00026870057685088805
310.9375,0.00019091883092036782
311.25,0.00023334523779156068
311.5625,0.0003111269837220809
311.875,0.0003111269837220809
312.1875,0.00034648232278140827
312.5,0.0003111269837220809
312.8125,0.00026870057685088805
313.125,0.00023334523779156068
313.4375,0.00023334523779156068
313.75,0.00023334523779156068
314.0625,0.0003111269837220809
314.375,0.00026870057685088805
314.6875,0.00023334523779156068
315,0.00019091883092036782
315.3125,0.00019091883092036782
315.625,0.00026870057685088805
315.9375,0.00026870057685088805
316.25,0.00023334523779156068
316.5625,0.00023334523779156068
316.875,0.00026870057685088805
317.1875,0.00023334523779156068
317.5,0.00019091883092036782
317.8125,0.00015556349186104045
318.125,0.00023334523779156068
318.4375,0.00019091883092036782
318.75,0.00023334523779156068
319.0625,0.00023334523779156068
319.375,0.00026870057685088805
319.6875,0.00023334523779156068
320,0.00019091883092036782
320.3125,0.00023334523779156068
320.625,0.00026870057685088805
320.9375,0.00015556349186104045
321.25,0.00023334523779156068
321.5625,0.00026870057685088805
321.875,0.00026870057685088805
322.1875,0.00026870057685088805
322.5,0.0003111269837220809
322.8125,0.00038183766184073564
323.125,0.00026870057685088805
323.4375,0.00015556349186104045
323.75,0.00015556349186104045
324.0625,0.00019091883092036782
324.375,0.00023334523779156068
324.6875,0.00023334523779156068
325,0.0003111269837220809
325.3125,0.0003111269837220809
325.625,0.00023334523779156068
325.9375,0.0003111269837220809
326.25,0.0004596194077712558
326.5625,0.0009970205614730319
326.875,0.0006929646455628165
327.1875,0.00023334523779156068
327.5,0.00026870057685088805
327.8125,0.00023334523779156068
328.125,0.0003111269837220809
328.4375,0.00034648232278140827
328.75,0.00034648232278140827
329.0625,0.0003111269837220809
329.375,0.00023334523779156068
329.6875,0.0003111269837220809
330,0.00042426406871192844
330.3125,0.00034648232278140827
330.625,0.00026870057685088805
330.9375,0.00023334523779156068
331.25,0.00026870057685088805
331.5625,0.00034648232278140827
331.875,0.00034648232278140827
332.1875,0.00026870057685088805
332.5,0.00019091883092036782
332.8125,0.00042426406871192844
333.125,0.0005020458146424487
333.4375,0.0004596194077712558
333.75,0.00034648232278140827
334.0625,0.0003111269837220809
334.375,0.00026870057685088805
334.6875,0.0003111269837220809
335,0.00034648232278140827
335.3125,0.00034648232278140827
335.625,0.00026870057685088805
335.9375,0.0003111269837220809
336.25,0.0003111269837220809
336.5625,0.00019091883092036782
336.875,0.00019091883092036782
337.1875,0.00023334523779156068
337.5,0.00023334523779156068
337.8125,0.0003111269837220809
338.125,0.00034648232278140827
338.4375,0.00023334523779156068
338.75,0.00023334523779156068
339.0625,0.00042426406871192844
339.375,0.00038183766184073564
339.6875,0.0003111269837220809
340,0.00023334523779156068
340.3125,0.00023334523779156068
340.625,0.00019091883092036782
340.9375,0.00023334523779156068
341.25,0.00019091883092036782
341.5625,0.00015556349186104045
341.875,0.00015556349186104045
342.1875,0.00019091883092036782
342.5,0.00023334523779156068
342.8125,0.00023334523779156068
343.125,0.00023334523779156068
343.4375,0.00015556349186104045
343.75,0.00023334523779156068
344.0625,0.00026870057685088805
344.375,0.00019091883092036782
344.6875,0.00019091883092036782
345,0.00019091883092036782
345.3125,0.00019091883092036782
345.625,0.00011313708498984761
345.9375,0.00019091883092036782
346.25,0.00034648232278140827
346.5625,0.00038183766184073564
346.875,0.00034648232278140827
347.1875,0.00023334523779156068
347.5,0.00038183766184073564
347.8125,0.00034648232278140827
348.125,0.00015556349186104045
348.4375,0.00023334523779156068
348.75,0.00026870057685088805
349.0625,0.00026870057685088805
349.375,0.00023334523779156068
349.6875,0.00026870057685088805
350,0.00038183766184073564
350.3125,0.00019091883092036782
350.625,0.00015556349186104045
350.9375,0.00015556349186104045
351.25,0.00023334523779156068
351.5625,0.00015556349186104045
351.875,0.00015556349186104045
352.1875,0.00023334523779156068
352.5,0.00026870057685088805
352.8125,0.00019091883092036782
353.125,0.00023334523779156068
353.4375,0.00023334523779156068
353.75,0.00026870057685088805
354.0625,0.00019091883092036782
354.375,0.00019091883092036782
354.6875,0.00015556349186104045
355,0.00015556349186104045
355.3125,0.00023334523779156068
355.625,0.0003111269837220809
355.9375,0.00026870057685088805
356.25,0.00019091883092036782
356.5625,0.00026870057685088805
356.875,0.00023334523779156068
357.1875,0.00019091883092036782
357.5,0.00019091883092036782
357.8125,0.00023334523779156068
358.125,0.00023334523779156068
358.4375,0.00023334523779156068
358.75,0.00019091883092036782
359.0625,0.00026870057685088805
359.375,0.00026870057685088805
359.6875,0.00023334523779156068
360,0.00019091883092036782
360.3125,0.00023334523779156068
360.625,0.00015556349186104045
360.9375,0.00019091883092036782
361.25,0.0003111269837220809
361.5625,0.00023334523779156068
361.875,0.00015556349186104045
362.1875,0.00015556349186104045
362.5,0.00026870057685088805
362.8125,0.00026870057685088805
363.125,0.0003111269837220809
363.4375,0.00026870057685088805
363.75,0.00019091883092036782
364.0625,0.00026870057685088805
364.375,0.0003111269837220809
364.6875,0.00023334523779156068
365,0.0003111269837220809
365.3125,0.00023334523779156068
365.625,0.00019091883092036782
365.9375,0.00026870057685088805
366.25,0.00026870057685088805
366.5625,0.00019091883092036782
366.875,0.00015556349186104045
367.1875,0.00015556349186104045
367.5,0.00023334523779156068
367.8125,0.00015556349186104045
368.125,0.00011313708498984761
368.4375,0.00019091883092036782
368.75,0.00019091883092036782
369.0625,0.00023334523779156068
369.375,0.00023334523779156068
369.6875,0.00026870057685088805
370,0.00026870057685088805
370.3125,0.00023334523779156068
370.625,0.00023334523779156068
370.9375,0.00023334523779156068
371.25,0.00015556349186104045
371.5625,0.00015556349186104045
371.875,0.00015556349186104045
372.1875,0.00019091883092036782
372.5,0.00015556349186104045
372.8125,0.00011313708498984761
373.125,0.00015556349186104045
373.4375,0.00026870057685088805
373.75,0.00034648232278140827
374.0625,0.00026870057685088805
374.375,0.00023334523779156068
374.6875,0.00015556349186104045
375,0.00015556349186104045
375.3125,0.00019091883092036782
375.625,0.00015556349186104045
375.9375,0.00023334523779156068
376.25,0.00023334523779156068
376.5625,0.00019091883092036782
376.875,0.00011313708498984761
377.1875,0.00011313708498984761
377.5,0.00015556349186104045
377.8125,0.00019091883092036782
378.125,0.00019091883092036782
378.4375,0.00019091883092036782
378.75,0.00015556349186104045
379.0625,0.00015556349186104045
379.375,0.00023334523779156068
379.6875,0.00019091883092036782
380,0.00015556349186104045
380.3125,0.00015556349186104045
380.625,0.00011313708498984761
380.9375,0.00019091883092036782
381.25,0.00015556349186104045
381.5625,0.00011313708498984761
381.875,0.00011313708498984761
382.1875,0.00011313708498984761
382.5,0.00007778174593052023
382.8125,0.00015556349186104045
383.125,0.00015556349186104045
383.4375,0.00015556349186104045
383.75,0.00019091883092036782
384.0625,0.00019091883092036782
384.375,0.00015556349186104045
384.6875,0.00011313708498984761
385,0.00011313708498984761
385.3125,0.00011313708498984761
385.625,0.00007778174593052023
385.9375,0.00011313708498984761
386.25,0.00015556349186104045
386.5625,0.00026870057685088805
386.875,0.00015556349186104045
387.1875,0.00011313708498984761
387.5,0.00015556349186104045
387.8125,0.00015556349186104045
388.125,0.00015556349186104045
388.4375,0.00015556349186104045
388.75,0.00015556349186104045
389.0625,0.00015556349186104045
389.375,0.00019091883092036782
389.6875,0.00019091883092036782
390,0.00015556349186104045
390.3125,0.00011313708498984761
390.625,0.00011313708498984761
390.9375,0.00019091883092036782
391.25,0.00019091883092036782
391.5625,0.00011313708498984761
391.875,0.00015556349186104045
392.1875,0.00023334523779156068
392.5,0.00019091883092036782
392.8125,0.00007778174593052023
393.125,0.00007778174593052023
393.4375,0.00015556349186104045
393.75,0.0003111269837220809
394.0625,0.00019091883092036782
394.375,0.00011313708498984761
394.6875,0.00007778174593052023
395,0.00007778174593052023
395.3125,0.00011313708498984761
395.625,0.00011313708498984761
395.9375,0.00019091883092036782
396.25,0.00026870057685088805
396.5625,0.0003111269837220809
396.875,0.00019091883092036782
397.1875,0.00023334523779156068
397.5,0.00023334523779156068
397.8125,0.00019091883092036782
398.125,0.00019091883092036782
398.4375,0.00026870057685088805
398.75,0.00023334523779156068
399.0625,0.00023334523779156068
399.375,0.00019091883092036782
399.6875,0.00019091883092036782
400,0.00026870057685088805
400.3125,0.00034648232278140827
400.625,0.00026870057685088805
400.9375,0.00019091883092036782
401.25,0.00019091883092036782
401.5625,0.00019091883092036782
401.875,0.00026870057685088805
402.1875,0.0003111269837220809
402.5,0.00026870057685088805
402.8125,0.00015556349186104045
403.125,0.00019091883092036782
403.4375,0.00023334523779156068
403.75,0.00023334523779156068
404.0625,0.00023334523779156068
404.375,0.00023334523779156068
404.6875,0.00015556349186104045
405,0.00019091883092036782
405.3125,0.00023334523779156068
405.625,0.00019091883092036782
405.9375,0.00023334523779156068
406.25,0.00023334523779156068
406.5625,0.00026870057685088805
406.875,0.00019091883092036782
407.1875,0.00019091883092036782
407.5,0.00026870057685088805
407.8125,0.00015556349186104045
408.125,0.00011313708498984761
408.4375,0.00026870057685088805
408.75,0.00034648232278140827
409.0625,0.00026870057685088805
409.375,0.00026870057685088805
409.6875,0.00019091883092036782
410,0.00019091883092036782
410.3125,0.00015556349186104045
410.625,0.00019091883092036782
410.9375,0.00015556349186104045
411.25,0.00019091883092036782
411.5625,0.00023334523779156068
411.875,0.00019091883092036782
412.1875,0.00015556349186104045
412.5,0.00023334523779156068
412.8125,0.00023334523779156068
413.125,0.00034648232278140827
413.4375,0.0003111269837220809
413.75,0.00019091883092036782
414.0625,0.00019091883092036782
414.375,0.00023334523779156068
414.6875,0.00019091883092036782
415,0.00019091883092036782
415.3125,0.00023334523779156068
415.625,0.00023334523779156068
415.9375,0.00023334523779156068
416.25,0.00023334523779156068
416.5625,0.00019091883092036782
416.875,0.00019091883092036782
417.1875,0.00019091883092036782
417.5,0.00011313708498984761
417.8125,0.00015556349186104045
418.125,0.00019091883092036782
418.4375,0.00023334523779156068
418.75,0.00015556349186104045
419.0625,0.00015556349186104045
419.375,0.00023334523779156068
419.6875,0.00019091883092036782
420,0.00011313708498984761
420.3125,0.00015556349186104045
420.625,0.00015556349186104045
420.9375,0.00015556349186104045
421.25,0.00019091883092036782
421.5625,0.00023334523779156068
421.875,0.0003111269837220809
422.1875,0.00023334523779156068
422.5,0.00019091883092036782
422.8125,0.00015556349186104045
423.125,0.00019091883092036782
423.4375,0.00019091883092036782
423.75,0.00026870057685088805
424.0625,0.00023334523779156068
424.375,0.00015556349186104045
424.6875,0.00019091883092036782
425,0.00019091883092036782
425.3125,0.00019091883092036782
425.625,0.00015556349186104045
425.9375,0.00011313708498984761
426.25,0.00019091883092036782
426.5625,0.00015556349186104045
426.875,0.00019091883092036782
427.1875,0.00019091883092036782
427.5,0.00011313708498984761
427.8125,0.00011313708498984761
428.125,0.00011313708498984761
428.4375,0.00007778174593052023
428.75,0.00007778174593052023
429.0625,0.00015556349186104045
429.375,0.00015556349186104045
429.6875,0.00019091883092036782
430,0.00015556349186104045
430.3125,0.00015556349186104045
430.625,0.00015556349186104045
430.9375,0.00019091883092036782
431.25,0.00015556349186104045
431.5625,0.00019091883092036782
431.875,0.00019091883092036782
432.1875,0.00011313708498984761
432.5,0.00007778174593052023
432.8125,0.00007778174593052023
433.125,0.00011313708498984761
433.4375,0.00019091883092036782
433.75,0.00011313708498984761
434.0625,0.00011313708498984761
434.375,0.00011313708498984761
434.6875,0.00015556349186104045
435,0.00015556349186104045
435.3125,0.00011313708498984761
435.625,0.00015556349186104045
435.9375,0.00015556349186104045
436.25,0.00011313708498984761
436.5625,0.00015556349186104045
436.875,0.00011313708498984761
437.1875,0.00015556349186104045
437.5,0.00019091883092036782
437.8125,0.00015556349186104045
438.125,0.00011313708498984761
438.4375,0.00015556349186104045
438.75,0.00023334523779156068
439.0625,0.00015556349186104045
439.375,0.00011313708498984761
439.6875,0.00011313708498984761
440,0.00015556349186104045
440.3125,0.00015556349186104045
440.625,0.00011313708498984761
440.9375,0.00007778174593052023
441.25,0.00007778174593052023
441.5625,0.00011313708498984761
441.875,0.00011313708498984761
442.1875,0.00011313708498984761
442.5,0.00011313708498984761
442.8125,0.00023334523779156068
443.125,0.00023334523779156068
443.4375,0.00015556349186104045
443.75,0.00011313708498984761
444.0625,0.00011313708498984761
444.375,0.00007778174593052023
444.6875,0.00015556349186104045
445,0.00011313708498984761
445.3125,0.00011313708498984761
445.625,0.00011313708498984761
445.9375,0.00015556349186104045
446.25,0.00011313708498984761
446.5625,0.00011313708498984761
446.875,0.00015556349186104045
447.1875,0.00015556349186104045
447.5,0.00015556349186104045
447.8125,0.00019091883092036782
448.125,0.00015556349186104045
448.4375,0.00019091883092036782
448.75,0.00011313708498984761
449.0625,0.00007778174593052023
449.375,0.00011313708498984761
449.6875,0.00023334523779156068
450,0.00034648232278140827
450.3125,0.00019091883092036782
450.625,0.00015556349186104045
450.9375,0.00011313708498984761
451.25,0.00011313708498984761
451.5625,0.00011313708498984761
451.875,0.00019091883092036782
452.1875,0.00015556349186104045
452.5,0.00011313708498984761
452.8125,0.00015556349186104045
453.125,0.00011313708498984761
453.4375,0.00015556349186104045
453.75,0.00011313708498984761
454.0625,0.00007778174593052023
454.375,0.00011313708498984761
454.6875,0.00011313708498984761
455,0.00015556349186104045
455.3125,0.00015556349186104045
455.625,0.00015556349186104045
455.9375,0.00015556349186104045
456.25,0.00019091883092036782
456.5625,0.00019091883092036782
456.875,0.00019091883092036782
457.1875,0.00015556349186104045
457.5,0.00015556349186104045
457.8125,0.00011313708498984761
458.125,0.00015556349186104045
458.4375,0.00011313708498984761
458.75,0.00015556349186104045
459.0625,0.00015556349186104045
459.375,0.00011313708498984761
459.6875,0.00011313708498984761
460,0.00011313708498984761
460.3125,0.00015556349186104045
460.625,0.00015556349186104045
460.9375,0.00015556349186104045
461.25,0.00007778174593052023
461.5625,0.00011313708498984761
461.875,0.00011313708498984761
462.1875,0.00011313708498984761
462.5,0.00007778174593052023
462.8125,0.00007778174593052023
463.125,0.00015556349186104045
463.4375,0.00019091883092036782
463.75,0.00019091883092036782
464.0625,0.00019091883092036782
464.375,0.00015556349186104045
464.6875,0.00023334523779156068
465,0.00023334523779156068
465.3125,0.00034648232278140827
465.625,0.00023334523779156068
465.9375,0.00011313708498984761
466.25,0.00011313708498984761
466.5625,0.00011313708498984761
466.875,0.00019091883092036782
467.1875,0.00019091883092036782
467.5,0.00019091883092036782
467.8125,0.00015556349186104045
468.125,0.00015556349186104045
468.4375,0.00015556349186104045
468.75,0.00011313708498984761
469.0625,0.00011313708498984761
469.375,0.00015556349186104045
469.6875,0.00015556349186104045
470,0.00019091883092036782
470.3125,0.00015556349186104045
470.625,0.00015556349186104045
470.9375,0.00011313708498984761
471.25,0.00011313708498984761
471.5625,0.00015556349186104045
471.875,0.00015556349186104045
472.1875,0.00015556349186104045
472.5,0.00015556349186104045
472.8125,0.00023334523779156068
473.125,0.00034648232278140827
473.4375,0.00019091883092036782
473.75,0.00007778174593052023
474.0625,0.00007778174593052023
474.375,0.00011313708498984761
474.6875,0.00015556349186104045
475,0.00011313708498984761
475.3125,0.00007778174593052023
475.625,0.00007778174593052023
475.9375,0.00007778174593052023
476.25,0.00007778174593052023
476.5625,0.00011313708498984761
476.875,0.00015556349186104045
477.1875,0.00019091883092036782
477.5,0.00011313708498984761
477.8125,0.00011313708498984761
478.125,0.00011313708498984761
478.4375,0.00011313708498984761
478.75,0.00011313708498984761
479.0625,0.00011313708498984761
479.375,0.00011313708498984761
479.6875,0.00007778174593052023
480,0.00011313708498984761
480.3125,0.00011313708498984761
480.625,0.00015556349186104045
480.9375,0.00011313708498984761
481.25,0.00007778174593052023
481.5625,0.00007778174593052023
481.875,0.00007778174593052023
482.1875,0.00015556349186104045
482.5,0.00011313708498984761
482.8125,0.00011313708498984761
483.125,0.00011313708498984761
483.4375,0.00011313708498984761
483.75,0.00011313708498984761
484.0625,0.00015556349186104045
484.375,0.00011313708498984761
484.6875,0.00007778174593052023
485,0.00007778174593052023
485.3125,0.00015556349186104045
485.625,0.00023334523779156068
485.9375,0.00023334523779156068
486.25,0.00019091883092036782
486.5625,0.00011313708498984761
486.875,0.00015556349186104045
487.1875,0.00015556349186104045
487.5,0.00007778174593052023
487.8125,0.00011313708498984761
488.125,0.00015556349186104045
488.4375,0.00034648232278140827
488.75,0.00038183766184073564
489.0625,0.00019091883092036782
489.375,0.00011313708498984761
489.6875,0.00015556349186104045
490,0.00019091883092036782
490.3125,0.00015556349186104045
490.625,0.00015556349186104045
490.9375,0.00011313708498984761
491.25,0.00015556349186104045
491.5625,0.00015556349186104045
491.875,0.00011313708498984761
492.1875,0.00011313708498984761
492.5,0.00015556349186104045
492.8125,0.00015556349186104045
493.125,0.00011313708498984761
493.4375,0.00007778174593052023
493.75,0.00011313708498984761
494.0625,0.00011313708498984761
494.375,0.00011313708498984761
494.6875,0.00015556349186104045
495,0.00015556349186104045
495.3125,0.00019091883092036782
495.625,0.00011313708498984761
495.9375,0.00011313708498984761
496.25,0.0004596194077712558
496.5625,0.0004596194077712558
496.875,0.00015556349186104045
497.1875,0.00011313708498984761
497.5,0.00011313708498984761
497.8125,0.00015556349186104045
498.125,0.00019091883092036782
498.4375,0.00019091883092036782
498.75,0.00011313708498984761
499.0625,0.00023334523779156068
499.375,0.00015556349186104045
499.6875,0.00011313708498984761
500,0.00011313708498984761
500.3125,0.00015556349186104045
500.625,0.00015556349186104045
500.9375,0.00019091883092036782
501.25,0.00015556349186104045
501.5625,0.00019091883092036782
501.875,0.00019091883092036782
502.1875,0.00015556349186104045
502.5,0.00019091883092036782
502.8125,0.00019091883092036782
503.125,0.00011313708498984761
503.4375,0.00007778174593052023
503.75,0.00015556349186104045
504.0625,0.00015556349186104045
504.375,0.00015556349186104045
504.6875,0.00011313708498984761
505,0.00011313708498984761
505.3125,0.00015556349186104045
505.625,0.00019091883092036782
505.9375,0.00019091883092036782
506.25,0.00023334523779156068
506.5625,0.00019091883092036782
506.875,0.00011313708498984761
507.1875,0.00011313708498984761
507.5,0.00007778174593052023
507.8125,0.00011313708498984761
508.125,0.00015556349186104045
508.4375,0.00019091883092036782
508.75,0.00019091883092036782
509.0625,0.00015556349186104045
509.375,0.00015556349186104045
509.6875,0.00019091883092036782
510,0.00015556349186104045
510.3125,0.00011313708498984761
510.625,0.00011313708498984761
510.9375,0.00015556349186104045
511.25,0.00019091883092036782
511.5625,0.00026870057685088805
511.875,0.00023334523779156068
512.1875,0.00019091883092036782
512.5,0.00019091883092036782
512.8125,0.00026870057685088805
513.125,0.00023334523779156068
513.4375,0.00019091883092036782
513.75,0.00019091883092036782
514.0625,0.00015556349186104045
514.375,0.00011313708498984761
514.6875,0.00011313708498984761
515,0.00015556349186104045
515.3125,0.00015556349186104045
515.625,0.00019091883092036782
515.9375,0.00015556349186104045
516.25,0.00015556349186104045
516.5625,0.00023334523779156068
516.875,0.00019091883092036782
517.1875,0.00015556349186104045
517.5,0.00011313708498984761
517.8125,0.00011313708498984761
518.125,0.00015556349186104045
518.4375,0.00011313708498984761
518.75,0.00011313708498984761
519.0625,0.00011313708498984761
519.375,0.00015556349186104045
519.6875,0.00019091883092036782
520,0.00023334523779156068
520.3125,0.00019091883092036782
520.625,0.00019091883092036782
520.9375,0.00019091883092036782
521.25,0.00015556349186104045
521.5625,0.00011313708498984761
521.875,0.00011313708498984761
522.1875,0.00011313708498984761
522.5,0.00011313708498984761
522.8125,0.00015556349186104045
523.125,0.00023334523779156068
523.4375,0.00023334523779156068
523.75,0.00019091883092036782
524.0625,0.00015556349186104045
524.375,0.00015556349186104045
524.6875,0.00015556349186104045
525,0.00011313708498984761
525.3125,0.00015556349186104045
525.625,0.00015556349186104045
525.9375,0.00019091883092036782
526.25,0.00015556349186104045
526.5625,0.00011313708498984761
526.875,0.00015556349186104045
527.1875,0.00019091883092036782
527.5,0.00015556349186104045
527.8125,0.00007778174593052023
528.125,0.00019091883092036782
528.4375,0.00019091883092036782
528.75,0.00011313708498984761
529.0625,0.00015556349186104045
529.375,0.00015556349186104045
529.6875,0.00019091883092036782
530,0.00019091883092036782
530.3125,0.00015556349186104045
530.625,0.00015556349186104045
530.9375,0.00015556349186104045
531.25,0.00015556349186104045
531.5625,0.00019091883092036782
531.875,0.00015556349186104045
532.1875,0.00011313708498984761
532.5,0.00015556349186104045
532.8125,0.00015556349186104045
533.125,0.00011313708498984761
533.4375,0.00011313708498984761
533.75,0.00015556349186104045
534.0625,0.00015556349186104045
534.375,0.00019091883092036782
534.6875,0.00015556349186104045
535,0.00015556349186104045
535.3125,0.00015556349186104045
535.625,0.00023334523779156068
535.9375,0.00026870057685088805
536.25,0.00019091883092036782
536.5625,0.00011313708498984761
536.875,0.00007778174593052023
537.1875,0.00011313708498984761
537.5,0.00015556349186104045
537.8125,0.00011313708498984761
538.125,0.00019091883092036782
538.4375,0.00019091883092036782
538.75,0.00011313708498984761
539.0625,0.00011313708498984761
539.375,0.00015556349186104045
539.6875,0.00015556349186104045
540,0.00011313708498984761
540.3125,0.00015556349186104045
540.625,0.00015556349186104045
540.9375,0.00019091883092036782
541.25,0.00019091883092036782
541.5625,0.00015556349186104045
541.875,0.00019091883092036782
542.1875,0.00015556349186104045
542.5,0.00015556349186104045
542.8125,0.00011313708498984761
543.125,0.00011313708498984761
543.4375,0.00015556349186104045
543.75,0.00015556349186104045
544.0625,0.00019091883092036782
544.375,0.00015556349186104045
544.6875,0.00015556349186104045
545,0.00019091883092036782
545.3125,0.00023334523779156068
545.625,0.00026870057685088805
545.9375,0.00015556349186104045
546.25,0.00015556349186104045
546.5625,0.00015556349186104045
546.875,0.00015556349186104045
547.1875,0.00011313708498984761
547.5,0.00011313708498984761
547.8125,0.00015556349186104045
548.125,0.00023334523779156068
548.4375,0.00019091883092036782
548.75,0.00015556349186104045
549.0625,0.00019091883092036782
549.375,0.00019091883092036782
549.6875,0.00019091883092036782
550,0.00026870057685088805
550.3125,0.00019091883092036782
550.625,0.00015556349186104045
550.9375,0.00015556349186104045
551.25,0.00015556349186104045
551.5625,0.00019091883092036782
551.875,0.00019091883092036782
552.1875,0.00023334523779156068
552.5,0.00023334523779156068
552.8125,0.00015556349186104045
553.125,0.00026870057685088805
553.4375,0.00026870057685088805
553.75,0.00011313708498984761
554.0625,0.00015556349186104045
554.375,0.00011313708498984761
554.6875,0.00011313708498984761
555,0.00011313708498984761
555.3125,0.00007778174593052023
555.625,0.00007778174593052023
555.9375,0.00007778174593052023
556.25,0.00011313708498984761
556.5625,0.00015556349186104045
556.875,0.00011313708498984761
557.1875,0.00015556349186104045
557.5,0.00011313708498984761
557.8125,0.00011313708498984761
558.125,0.00007778174593052023
558.4375,0.00015556349186104045
558.75,0.00015556349186104045
559.0625,0.00007778174593052023
559.375,0.00011313708498984761
559.6875,0.00015556349186104045
560,0.00019091883092036782
560.3125,0.00011313708498984761
560.625,0.00011313708498984761
560.9375,0.00026870057685088805
561.25,0.00019091883092036782
561.5625,0.00015556349186104045
561.875,0.00011313708498984761
562.1875,0.00011313708498984761
562.5,0.00015556349186104045
562.8125,0.00011313708498984761
563.125,0.00011313708498984761
563.4375,0.00011313708498984761
563.75,0.00011313708498984761
564.0625,0.00011313708498984761
564.375,0.00011313708498984761
564.6875,0.00011313708498984761
565,0.00015556349186104045
565.3125,0.00019091883092036782
565.625,0.00011313708498984761
565.9375,0.00011313708498984761
566.25,0.00011313708498984761
566.5625,0.00015556349186104045
566.875,0.00011313708498984761
567.1875,0.00023334523779156068
567.5,0.0003111269837220809
567.8125,0.00026870057685088805
568.125,0.00019091883092036782
568.4375,0.00019091883092036782
568.75,0.00019091883092036782
569.0625,0.00019091883092036782
569.375,0.00026870057685088805
569.6875,0.00015556349186104045
570,0.00011313708498984761
570.3125,0.00026870057685088805
570.625,0.00023334523779156068
570.9375,0.00015556349186104045
571.25,0.00011313708498984761
571.5625,0.00015556349186104045
571.875,0.00019091883092036782
572.1875,0.00015556349186104045
572.5,0.00015556349186104045
572.8125,0.00015556349186104045
573.125,0.00011313708498984761
573.4375,0.00015556349186104045
573.75,0.00019091883092036782
574.0625,0.00015556349186104045
574.375,0.00015556349186104045
574.6875,0.00019091883092036782
575,0.00011313708498984761
575.3125,0.00007778174593052023
575.625,0.00015556349186104045
575.9375,0.00015556349186104045
576.25,0.00015556349186104045
576.5625,0.00023334523779156068
576.875,0.00015556349186104045
577.1875,0.00015556349186104045
577.5,0.00015556349186104045
577.8125,0.00015556349186104045
578.125,0.00019091883092036782
578.4375,0.00019091883092036782
578.75,0.00015556349186104045
579.0625,0.00011313708498984761
579.375,0.00011313708498984761
579.6875,0.00015556349186104045
580,0.00007778174593052023
580.3125,0.00011313708498984761
580.625,0.00011313708498984761
580.9375,0.00015556349186104045
581.25,0.00015556349186104045
581.5625,0.00011313708498984761
581.875,0.00019091883092036782
582.1875,0.00026870057685088805
582.5,0.00019091883092036782
582.8125,0.00011313708498984761
583.125,0.00011313708498984761
583.4375,0.00007778174593052023
583.75,0.00011313708498984761
584.0625,0.00015556349186104045
584.375,0.00019091883092036782
584.6875,0.00015556349186104045
585,0.00015556349186104045
585.3125,0.00015556349186104045
585.625,0.00015556349186104045
585.9375,0.00015556349186104045
586.25,0.00015556349186104045
586.5625,0.00023334523779156068
586.875,0.00015556349186104045
587.1875,0.00011313708498984761
587.5,0.00007778174593052023
587.8125,0.00015556349186104045
588.125,0.00015556349186104045
588.4375,0.00011313708498984761
588.75,0.00011313708498984761
589.0625,0.00019091883092036782
589.375,0.00019091883092036782
589.6875,0.00023334523779156068
590,0.0006576093065034892
590.3125,0.0005374011537017761
590.625,0.00026870057685088805
590.9375,0.00034648232278140827
591.25,0.00023334523779156068
591.5625,0.00026870057685088805
591.875,0.0003111269837220809
592.1875,0.00023334523779156068
592.5,0.00019091883092036782
592.8125,0.00011313708498984761
593.125,0.00023334523779156068
593.4375,0.00023334523779156068
593.75,0.00023334523779156068
594.0625,0.00023334523779156068
594.375,0.00026870057685088805
594.6875,0.00034648232278140827
595,0.00026870057685088805
595.3125,0.00034648232278140827
595.625,0.0003111269837220809
595.9375,0.00023334523779156068
596.25,0.00026870057685088805
596.5625,0.0003111269837220809
596.875,0.0005798275605729689
597.1875,0.0006929646455628165
597.5,0.0013435028842544402
597.8125,0.0032739043968937143
598.125,0.0020788939366884495
598.4375,0.0005020458146424487
598.75,0.0005798275605729689
599.0625,0.00034648232278140827
599.375,0.00026870057685088805
599.6875,0.00038183766184073564
600,0.00042426406871192844
600.3125,0.00038183766184073564
600.625,0.00038183766184073564
600.9375,0.00019091883092036782
601.25,0.00019091883092036782
601.5625,0.00023334523779156068
601.875,0.00023334523779156068
602.1875,0.00026870057685088805
602.5,0.00019091883092036782
602.8125,0.00015556349186104045
603.125,0.00019091883092036782
603.4375,0.00023334523779156068
603.75,0.00026870057685088805
604.0625,0.00026870057685088805
604.375,0.00015556349186104045
604.6875,0.00011313708498984761
605,0.00015556349186104045
605.3125,0.00026870057685088805
605.625,0.00042426406871192844
605.9375,0.00023334523779156068
606.25,0.00011313708498984761
606.5625,0.00011313708498984761
606.875,0.00011313708498984761
607.1875,0.00011313708498984761
607.5,0.00015556349186104045
607.8125,0.00019091883092036782
608.125,0.00011313708498984761
608.4375,0.00011313708498984761
608.75,0.00015556349186104045
609.0625,0.00015556349186104045
609.375,0.00011313708498984761
609.6875,0.00011313708498984761
610,0.00015556349186104045
610.3125,0.00015556349186104045
610.625,0.00015556349186104045
610.9375,0.00019091883092036782
611.25,0.00011313708498984761
611.5625,0.00015556349186104045
611.875,0.00019091883092036782
612.1875,0.00011313708498984761
612.5,0.00007778174593052023
612.8125,0.00019091883092036782
613.125,0.00026870057685088805
613.4375,0.0003111269837220809
613.75,0.00015556349186104045
614.0625,0.00011313708498984761
614.375,0.00007778174593052023
614.6875,0.00007778174593052023
615,0.00011313708498984761
615.3125,0.00011313708498984761
615.625,0.00011313708498984761
615.9375,0.00015556349186104045
616.25,0.00011313708498984761
616.5625,0.00003535533905932738
616.875,0.00007778174593052023
617.1875,0.00011313708498984761
617.5,0.00011313708498984761
617.8125,0.00015556349186104045
618.125,0.00015556349186104045
618.4375,0.00007778174593052023
618.75,0.00011313708498984761
619.0625,0.00015556349186104045
619.375,0.00015556349186104045
619.6875,0.00015556349186104045
620,0.00015556349186104045
620.3125,0.00015556349186104045
620.625,0.00011313708498984761
620.9375,0.00015556349186104045
621.25,0.00019091883092036782
621.5625,0.00015556349186104045
621.875,0.00007778174593052023
622.1875,0.00011313708498984761
622.5,0.00011313708498984761
622.8125,0.00011313708498984761
623.125,0.00015556349186104045
623.4375,0.00015556349186104045
623.75,0.00011313708498984761
624.0625,0.00011313708498984761
624.375,0.00011313708498984761
624.6875,0.00015556349186104045
625,0.00019091883092036782
625.3125,0.00011313708498984761
625.625,0.00015556349186104045
625.9375,0.00015556349186104045
626.25,0.00011313708498984761
626.5625,0.00011313708498984761
626.875,0.00011313708498984761
627.1875,0.00011313708498984761
627.5,0.00011313708498984761
627.8125,0.00011313708498984761
628.125,0.00007778174593052023
628.4375,0.00011313708498984761
628.75,0.00007778174593052023
629.0625,0.00007778174593052023
629.375,0.00011313708498984761
629.6875,0.00007778174593052023
630,0.00007778174593052023
630.3125,0.00011313708498984761
630.625,0.00007778174593052023
630.9375,0.00007778174593052023
631.25,0.00007778174593052023
631.5625,0.00007778174593052023
631.875,0.00007778174593052023
632.1875,0.00007778174593052023
632.5,0.00011313708498984761
632.8125,0.00011313708498984761
633.125,0.00011313708498984761
633.4375,0.00015556349186104045
633.75,0.00011313708498984761
634.0625,0.00007778174593052023
634.375,0.00007778174593052023
634.6875,0.00007778174593052023
635,0.00011313708498984761
635.3125,0.00011313708498984761
635.625,0.00007778174593052023
635.9375,0.00007778174593052023
636.25,0.00007778174593052023
636.5625,0.00011313708498984761
636.875,0.00007778174593052023
637.1875,0.00007778174593052023
637.5,0.00011313708498984761
637.8125,0.00007778174593052023
638.125,0.00007778174593052023
638.4375,0.00011313708498984761
638.75,0.00011313708498984761
639.0625,0.00007778174593052023
639.375,0.00007778174593052023
639.6875,0.00011313708498984761
640,0.00011313708498984761
640.3125,0.00003535533905932738
640.625,0.00003535533905932738
640.9375,0.00007778174593052023
641.25,0.00011313708498984761
641.5625,0.00011313708498984761
641.875,0.00007778174593052023
642.1875,0.00007778174593052023
642.5,0.00007778174593052023
642.8125,0.00007778174593052023
643.125,0.00007778174593052023
643.4375,0.00007778174593052023
643.75,0.00007778174593052023
644.0625,0.00007778174593052023
644.375,0.00007778174593052023
644.6875,0.00007778174593052023
645,0.00011313708498984761
645.3125,0.00003535533905932738
645.625,0.00007778174593052023
645.9375,0.00011313708498984761
646.25,0.00003535533905932738
646.5625,0.00007778174593052023
646.875,0.00007778174593052023
647.1875,0.00011313708498984761
647.5,0.00042426406871192844
647.8125,0.0004596194077712558
648.125,0.00015556349186104045
648.4375,0.00015556349186104045
648.75,0.00011313708498984761
649.0625,0.00011313708498984761
649.375,0.00007778174593052023
649.6875,0.00011313708498984761
650,0.00015556349186104045
650.3125,0.00007778174593052023
650.625,0.00015556349186104045
650.9375,0.00015556349186104045
651.25,0.00007778174593052023
651.5625,0.00011313708498984761
651.875,0.00011313708498984761
652.1875,0.00011313708498984761
652.5,0.00007778174593052023
652.8125,0.00007778174593052023
653.125,0.00011313708498984761
653.4375,0.00011313708498984761
653.75,0.00007778174593052023
654.0625,0.00011313708498984761
654.375,0.00007778174593052023
654.6875,0.00007778174593052023
655,0.00007778174593052023
655.3125,0.00007778174593052023
655.625,0.00007778174593052023
655.9375,0.00007778174593052023
656.25,0.00007778174593052023
656.5625,0.00019091883092036782
656.875,0.00019091883092036782
657.1875,0.00007778174593052023
657.5,0.00011313708498984761
657.8125,0.00011313708498984761
658.125,0.00011313708498984761
658.4375,0.00007778174593052023
658.75,0.00011313708498984761
659.0625,0.00015556349186104045
659.375,0.00011313708498984761
659.6875,0.00007778174593052023
660,0.00007778174593052023
660.3125,0.00007778174593052023
660.625,0.00007778174593052023
660.9375,0.00007778174593052023
661.25,0.00007778174593052023
661.5625,0.00011313708498984761
661.875,0.00011313708498984761
662.1875,0.00007778174593052023
662.5,0.00003535533905932738
662.8125,0.00007778174593052023
663.125,0.00007778174593052023
663.4375,0.00007778174593052023
663.75,0.00007778174593052023
664.0625,0.00011313708498984761
664.375,0.00015556349186104045
664.6875,0.00011313708498984761
665,0.00007778174593052023
665.3125,0.00011313708498984761
665.625,0.00011313708498984761
665.9375,0.00007778174593052023
666.25,0.00011313708498984761
666.5625,0.00007778174593052023
666.875,0.00007778174593052023
667.1875,0.00007778174593052023
667.5,0.00007778174593052023
667.8125,0.00007778174593052023
668.125,0.00007778174593052023
668.4375,0.00007778174593052023
668.75,0.00015556349186104045
669.0625,0.00011313708498984761
669.375,0.00007778174593052023
669.6875,0.00007778174593052023
670,0.00007778174593052023
670.3125,0.00015556349186104045
670.625,0.00015556349186104045
670.9375,0.00011313708498984761
671.25,0.00011313708498984761
671.5625,0.00011313708498984761
671.875,0.00011313708498984761
672.1875,0.00015556349186104045
672.5,0.00015556349186104045
672.8125,0.00015556349186104045
673.125,0.00015556349186104045
673.4375,0.00011313708498984761
673.75,0.00015556349186104045
674.0625,0.00011313708498984761
674.375,0.00011313708498984761
674.6875,0.00011313708498984761
675,0.00011313708498984761
675.3125,0.00007778174593052023
675.625,0.00007778174593052023
675.9375,0.00011313708498984761
676.25,0.00011313708498984761
676.5625,0.00011313708498984761
676.875,0.00011313708498984761
677.1875,0.00011313708498984761
677.5,0.00007778174593052023
677.8125,0.00007778174593052023
678.125,0.00007778174593052023
678.4375,0.00007778174593052023
678.75,0.00011313708498984761
679.0625,0.00011313708498984761
679.375,0.00007778174593052023
679.6875,0.00011313708498984761
680,0.00011313708498984761
680.3125,0.00011313708498984761
680.625,0.00011313708498984761
680.9375,0.00007778174593052023
681.25,0.00007778174593052023
681.5625,0.00003535533905932738
681.875,0.00007778174593052023
682.1875,0.00011313708498984761
682.5,0.00007778174593052023
682.8125,0.00007778174593052023
683.125,0.00011313708498984761
683.4375,0.00007778174593052023
683.75,0.00007778174593052023
684.0625,0.00007778174593052023
684.375,0.00007778174593052023
684.6875,0.00007778174593052023
685,0.00007778174593052023
685.3125,0.00007778174593052023
685.625,0.00007778174593052023
685.9375,0.00007778174593052023
686.25,0.00011313708498984761
686.5625,0.00007778174593052023
686.875,0.00015556349186104045
687.1875,0.00011313708498984761
687.5,0.00007778174593052023
687.8125,0.00015556349186104045
688.125,0.00011313708498984761
688.4375,0.00011313708498984761
688.75,0.00015556349186104045
689.0625,0.00015556349186104045
689.375,0.00011313708498984761
689.6875,0.00007778174593052023
690,0.00011313708498984761
690.3125,0.00015556349186104045
690.625,0.00011313708498984761
690.9375,0.00011313708498984761
691.25,0.00019091883092036782
691.5625,0.00023334523779156068
691.875,0.00015556349186104045
692.1875,0.00011313708498984761
692.5,0.00011313708498984761
692.8125,0.00019091883092036782
693.125,0.00015556349186104045
693.4375,0.00007778174593052023
693.75,0.00011313708498984761
694.0625,0.00011313708498984761
694.375,0.00019091883092036782
694.6875,0.00015556349186104045
695,0.00011313708498984761
695.3125,0.00011313708498984761
695.625,0.00015556349186104045
695.9375,0.00007778174593052023
696.25,0.00011313708498984761
696.5625,0.00011313708498984761
696.875,0.00011313708498984761
697.1875,0.00015556349186104045
697.5,0.00015556349186104045
697.8125,0.00015556349186104045
698.125,0.00015556349186104045
698.4375,0.00015556349186104045
698.75,0.00011313708498984761
699.0625,0.00007778174593052023
699.375,0.00011313708498984761
699.6875,0.00011313708498984761
700,0.00011313708498984761
700.3125,0.00015556349186104045
700.625,0.00011313708498984761
700.9375,0.00011313708498984761
701.25,0.00011313708498984761
701.5625,0.00011313708498984761
701.875,0.00011313708498984761
702.1875,0.00011313708498984761
702.5,0.00007778174593052023
702.8125,0.00007778174593052023
703.125,0.00011313708498984761
703.4375,0.00011313708498984761
703.75,0.00007778174593052023
704.0625,0.00007778174593052023
704.375,0.00007778174593052023
704.6875,0.00011313708498984761
705,0.00007778174593052023
705.3125,0.00007778174593052023
705.625,0.00011313708498984761
705.9375,0.00007778174593052023
706.25,0.00007778174593052023
706.5625,0.00007778174593052023
706.875,0.00011313708498984761
707.1875,0.00007778174593052023
707.5,0.00007778174593052023
707.8125,0.00007778174593052023
708.125,0.00007778174593052023
708.4375,0.00011313708498984761
708.75,0.00011313708498984761
709.0625,0.00007778174593052023
709.375,0.00007778174593052023
709.6875,0.00007778174593052023
710,0.00007778174593052023
710.3125,0.00007778174593052023
710.625,0.00011313708498984761
710.9375,0.00011313708498984761
711.25,0.00007778174593052023
711.5625,0.00007778174593052023
711.875,0.00007778174593052023
712.1875,0.00007778174593052023
712.5,0.00007778174593052023
712.8125,0.00011313708498984761
713.125,0.00007778174593052023
713.4375,0.00011313708498984761
713.75,0.00007778174593052023
714.0625,0.00007778174593052023
714.375,0.00007778174593052023
714.6875,0.00007778174593052023
715,0.00003535533905932738
715.3125,0.00003535533905932738
715.625,0.00007778174593052023
715.9375,0.00007778174593052023
716.25,0.00007778174593052023
716.5625,0.00007778174593052023
716.875,0.00003535533905932738
717.1875,0.00007778174593052023
717.5,0.00007778174593052023
717.8125,0.00003535533905932738
718.125,0.00003535533905932738
718.4375,0.00003535533905932738
718.75,0.00003535533905932738
719.0625,0.00003535533905932738
719.375,0.00007778174593052023
719.6875,0.00007778174593052023
720,0.00007778174593052023
720.3125,0.00007778174593052023
720.625,0.00007778174593052023
720.9375,0.00007778174593052023
721.25,0.00003535533905932738
721.5625,0.00003535533905932738
721.875,0.00007778174593052023
722.1875,0.00003535533905932738
722.5,0.00003535533905932738
722.8125,0.00007778174593052023
723.125,0.00003535533905932738
723.4375,0.00003535533905932738
723.75,0.00007778174593052023
724.0625,0.00003535533905932738
724.375,0.00007778174593052023
724.6875,0.00007778174593052023
725,0.00007778174593052023
725.3125,0.00007778174593052023
725.625,0.00007778174593052023
725.9375,0.00007778174593052023
726.25,0.00007778174593052023
726.5625,0.00007778174593052023
726.875,0.00003535533905932738
727.1875,0.00003535533905932738
727.5,0.00007778174593052023
727.8125,0.00007778174593052023
728.125,0.00007778174593052023
728.4375,0.00011313708498984761
728.75,0.00015556349186104045
729.0625,0.00011313708498984761
729.375,0.00011313708498984761
729.6875,0.00007778174593052023
730,0.00003535533905932738
730.3125,0.00007778174593052023
730.625,0.00007778174593052023
730.9375,0.00011313708498984761
731.25,0.00007778174593052023
731.5625,0.00011313708498984761
731.875,0.00011313708498984761
732.1875,0.00007778174593052023
732.5,0.00007778174593052023
732.8125,0.00011313708498984761
733.125,0.00011313708498984761
733.4375,0.00011313708498984761
733.75,0.00011313708498984761
734.0625,0.00007778174593052023
734.375,0.00007778174593052023
734.6875,0.00007778174593052023
735,0.00007778174593052023
735.3125,0.00015556349186104045
735.625,0.00011313708498984761
735.9375,0.00011313708498984761
736.25,0.00011313708498984761
736.5625,0.00011313708498984761
736.875,0.00019091883092036782
737.1875,0.00011313708498984761
737.5,0.00011313708498984761
737.8125,0.00011313708498984761
738.125,0.00007778174593052023
738.4375,0.00011313708498984761
738.75,0.00011313708498984761
739.0625,0.00011313708498984761
739.375,0.00015556349186104045
739.6875,0.00019091883092036782
740,0.00015556349186104045
740.3125,0.00007778174593052023
740.625,0.00007778174593052023
740.9375,0.00007778174593052023
741.25,0.00011313708498984761
741.5625,0.00011313708498984761
741.875,0.00007778174593052023
742.1875,0.00007778174593052023
742.5,0.00011313708498984761
742.8125,0.00011313708498984761
743.125,0.00007778174593052023
743.4375,0.00007778174593052023
743.75,0.00007778174593052023
744.0625,0.00007778174593052023
744.375,0.00011313708498984761
744.6875,0.00015556349186104045
745,0.00011313708498984761
745.3125,0.00011313708498984761
745.625,0.00007778174593052023
745.9375,0.00011313708498984761
746.25,0.00011313708498984761
746.5625,0.00015556349186104045
746.875,0.00019091883092036782
747.1875,0.00015556349186104045
747.5,0.00011313708498984761
747.8125,0.00007778174593052023
748.125,0.00011313708498984761
748.4375,0.00015556349186104045
748.75,0.00011313708498984761
749.0625,0.00007778174593052023
749.375,0.00011313708498984761
749.6875,0.00015556349186104045
750,0.00015556349186104045
750.3125,0.00007778174593052023
750.625,0.00011313708498984761
750.9375,0.00015556349186104045
751.25,0.00011313708498984761
751.5625,0.00007778174593052023
751.875,0.00007778174593052023
752.1875,0.00011313708498984761
752.5,0.00015556349186104045
752.8125,0.00011313708498984761
753.125,0.00007778174593052023
753.4375,0.00007778174593052023
753.75,0.00007778174593052023
754.0625,0.00007778174593052023
754.375,0.00007778174593052023
754.6875,0.00007778174593052023
755,0.00007778174593052023
755.3125,0.00003535533905932738
755.625,0.00007778174593052023
755.9375,0.00007778174593052023
756.25,0.00007778174593052023
756.5625,0.00007778174593052023
756.875,0.00007778174593052023
757.1875,0.00011313708498984761
757.5,0.00011313708498984761
757.8125,0.00007778174593052023
758.125,0.00007778174593052023
758.4375,0.00011313708498984761
758.75,0.00007778174593052023
759.0625,0.00011313708498984761
759.375,0.00011313708498984761
759.6875,0.00011313708498984761
760,0.00007778174593052023
760.3125,0.00007778174593052023
760.625,0.00007778174593052023
760.9375,0.00011313708498984761
761.25,0.00007778174593052023
761.5625,0.00007778174593052023
761.875,0.00007778174593052023
762.1875,0.00007778174593052023
762.5,0.00007778174593052023
762.8125,0.00003535533905932738
763.125,0.00003535533905932738
763.4375,0.00007778174593052023
763.75,0.00011313708498984761
764.0625,0.00007778174593052023
764.375,0.00011313708498984761
764.6875,0.00007778174593052023
765,0.00007778174593052023
765.3125,0.00003535533905932738
765.625,0.00007778174593052023
765.9375,0.00007778174593052023
766.25,0.00007778174593052023
766.5625,0.00007778174593052023
766.875,0.00007778174593052023
767.1875,0.00007778174593052023
767.5,0.00007778174593052023
767.8125,0.00007778174593052023
768.125,0.00007778174593052023
768.4375,0.00007778174593052023
768.75,0.00007778174593052023
769.0625,0.00007778174593052023
769.375,0.00011313708498984761
769.6875,0.00007778174593052023
770,0.00007778174593052023
770.3125,0.00007778174593052023
770.625,0.00007778174593052023
770.9375,0.00007778174593052023
771.25,0.00007778174593052023
771.5625,0.00007778174593052023
771.875,0.00007778174593052023
772.1875,0.00007778174593052023
772.5,0.00007778174593052023
772.8125,0.00007778174593052023
773.125,0.00007778174593052023
773.4375,0.00011313708498984761
773.75,0.00011313708498984761
774.0625,0.00011313708498984761
774.375,0.00007778174593052023
774.6875,0.00007778174593052023
775,0.00011313708498984761
775.3125,0.00007778174593052023
775.625,0.00007778174593052023
775.9375,0.00007778174593052023
776.25,0.00011313708498984761
776.5625,0.00007778174593052023
776.875,0.00011313708498984761
777.1875,0.00011313708498984761
777.5,0.00011313708498984761
777.8125,0.00011313708498984761
778.125,0.00011313708498984761
778.4375,0.00011313708498984761
778.75,0.00007778174593052023
779.0625,0.00011313708498984761
779.375,0.00015556349186104045
779.6875,0.00015556349186104045
780,0.00015556349186104045
780.3125,0.00011313708498984761
780.625,0.00007778174593052023
780.9375,0.00007778174593052023
781.25,0.00007778174593052023
781.5625,0.00011313708498984761
781.875,0.00007778174593052023
782.1875,0.00011313708498984761
782.5,0.00011313708498984761
782.8125,0.00011313708498984761
783.125,0.00011313708498984761
783.4375,0.00007778174593052023
783.75,0.00015556349186104045
784.0625,0.00011313708498984761
784.375,0.00011313708498984761
784.6875,0.00007778174593052023
785,0.00007778174593052023
785.3125,0.00007778174593052023
785.625,0.00011313708498984761
785.9375,0.00011313708498984761
786.25,0.00011313708498984761
786.5625,0.00011313708498984761
786.875,0.00007778174593052023
787.1875,0.00011313708498984761
787.5,0.00015556349186104045
787.8125,0.00011313708498984761
788.125,0.00011313708498984761
788.4375,0.00011313708498984761
788.75,0.00007778174593052023
789.0625,0.00011313708498984761
789.375,0.00011313708498984761
789.6875,0.00011313708498984761
790,0.00011313708498984761
790.3125,0.00011313708498984761
790.625,0.00011313708498984761
790.9375,0.00011313708498984761
791.25,0.00015556349186104045
791.5625,0.00011313708498984761
791.875,0.00015556349186104045
792.1875,0.00011313708498984761
792.5,0.00007778174593052023
792.8125,0.00011313708498984761
793.125,0.00015556349186104045
793.4375,0.00015556349186104045
793.75,0.00019091883092036782
794.0625,0.00015556349186104045
794.375,0.00011313708498984761
794.6875,0.00007778174593052023
795,0.00007778174593052023
795.3125,0.00011313708498984761
795.625,0.00011313708498984761
795.9375,0.00011313708498984761
796.25,0.00015556349186104045
796.5625,0.00015556349186104045
796.875,0.00011313708498984761
797.1875,0.00011313708498984761
797.5,0.00015556349186104045
797.8125,0.00015556349186104045
798.125,0.00011313708498984761
798.4375,0.00007778174593052023
798.75,0.00011313708498984761
799.0625,0.00015556349186104045
799.375,0.00015556349186104045
799.6875,0.00019091883092036782
800,0.00011313708498984761
800.3125,0.00007778174593052023
800.625,0.00011313708498984761
800.9375,0.00011313708498984761
801.25,0.00011313708498984761
801.5625,0.00011313708498984761
801.875,0.00007778174593052023
802.1875,0.00007778174593052023
802.5,0.00007778174593052023
802.8125,0.00007778174593052023
803.125,0.00011313708498984761
803.4375,0.00015556349186104045
803.75,0.00011313708498984761
804.0625,0.00007778174593052023
804.375,0.00007778174593052023
804.6875,0.00007778174593052023
805,0.00011313708498984761
805.3125,0.00007778174593052023
805.625,0.00003535533905932738
805.9375,0.00007778174593052023
806.25,0.00007778174593052023
806.5625,0.00007778174593052023
806.875,0.00007778174593052023
807.1875,0.00011313708498984761
807.5,0.00015556349186104045
807.8125,0.00007778174593052023
808.125,0.00007778174593052023
808.4375,0.00003535533905932738
808.75,0.00003535533905932738
809.0625,0.00007778174593052023
809.375,0.00007778174593052023
809.6875,0.00011313708498984761
810,0.00007778174593052023
810.3125,0.00003535533905932738
810.625,0.00003535533905932738
810.9375,0.00007778174593052023
811.25,0.00007778174593052023
811.5625,0.00007778174593052023
811.875,0.00007778174593052023
812.1875,0.00003535533905932738
812.5,0.00007778174593052023
812.8125,0.00003535533905932738
813.125,0.00003535533905932738
813.4375,0.00007778174593052023
813.75,0.00011313708498984761
814.0625,0.00003535533905932738
814.375,0.00003535533905932738
814.6875,0.00007778174593052023
815,0.00007778174593052023
815.3125,0.00007778174593052023
815.625,0.00007778174593052023
815.9375,0.00007778174593052023
816.25,0.00007778174593052023
816.5625,0.00003535533905932738
816.875,0.00003535533905932738
817.1875,0.00007778174593052023
817.5,0.00007778174593052023
817.8125,0.00007778174593052023
818.125,0.00007778174593052023
818.4375,0.00003535533905932738
818.75,0.00003535533905932738
819.0625,0.00003535533905932738
819.375,0.00003535533905932738
819.6875,0.00003535533905932738
820,0.00003535533905932738
820.3125,0.00007778174593052023
820.625,0.00003535533905932738
820.9375,0.00003535533905932738
821.25,0.00007778174593052023
821.5625,0.00007778174593052023
821.875,0.00007778174593052023
822.1875,0.00007778174593052023
822.5,0.00011313708498984761
822.8125,0.00007778174593052023
823.125,0.00007778174593052023
823.4375,0.00007778174593052023
823.75,0.00007778174593052023
824.0625,0.00007778174593052023
824.375,0.00003535533905932738
824.6875,0.00007778174593052023
825,0.00011313708498984761
825.3125,0.00007778174593052023
825.625,0.00007778174593052023
825.9375,0.00007778174593052023
826.25,0.00007778174593052023
826.5625,0.00011313708498984761
826.875,0.00011313708498984761
827.1875,0.00007778174593052023
827.5,0.00007778174593052023
827.8125,0.00011313708498984761
828.125,0.00011313708498984761
828.4375,0.00011313708498984761
828.75,0.00011313708498984761
829.0625,0.00011313708498984761
829.375,0.00011313708498984761
829.6875,0.00007778174593052023
830,0.00007778174593052023
830.3125,0.00007778174593052023
830.625,0.00007778174593052023
830.9375,0.00007778174593052023
831.25,0.00011313708498984761
831.5625,0.00015556349186104045
831.875,0.00015556349186104045
832.1875,0.00011313708498984761
832.5,0.00011313708498984761
832.8125,0.00011313708498984761
833.125,0.00011313708498984761
833.4375,0.00011313708498984761
833.75,0.00007778174593052023
834.0625,0.00011313708498984761
834.375,0.00011313708498984761
834.6875,0.00007778174593052023
835,0.00007778174593052023
835.3125,0.00015556349186104045
835.625,0.00015556349186104045
835.9375,0.00015556349186104045
836.25,0.00011313708498984761
836.5625,0.00015556349186104045
836.875,0.00015556349186104045
837.1875,0.00011313708498984761
837.5,0.00011313708498984761
837.8125,0.00011313708498984761
838.125,0.00011313708498984761
838.4375,0.00011313708498984761
838.75,0.00011313708498984761
839.0625,0.00019091883092036782
839.375,0.00015556349186104045
839.6875,0.00011313708498984761
840,0.00011313708498984761
840.3125,0.00011313708498984761
840.625,0.00011313708498984761
840.9375,0.00007778174593052023
841.25,0.00011313708498984761
841.5625,0.00015556349186104045
841.875,0.00015556349186104045
842.1875,0.00019091883092036782
842.5,0.00011313708498984761
842.8125,0.00019091883092036782
843.125,0.00019091883092036782
843.4375,0.00015556349186104045
843.75,0.00015556349186104045
844.0625,0.00011313708498984761
844.375,0.00007778174593052023
844.6875,0.00011313708498984761
845,0.00019091883092036782
845.3125,0.00015556349186104045
845.625,0.00015556349186104045
845.9375,0.00026870057685088805
846.25,0.00023334523779156068
846.5625,0.00023334523779156068
846.875,0.00026870057685088805
847.1875,0.00026870057685088805
847.5,0.00019091883092036782
847.8125,0.00019091883092036782
848.125,0.00019091883092036782
848.4375,0.00019091883092036782
848.75,0.00011313708498984761
849.0625,0.00015556349186104045
849.375,0.00019091883092036782
849.6875,0.00019091883092036782
850,0.00015556349186104045
850.3125,0.00015556349186104045
850.625,0.00023334523779156068
850.9375,0.00019091883092036782
851.25,0.00011313708498984761
851.5625,0.00011313708498984761
851.875,0.00015556349186104045
852.1875,0.00023334523779156068
852.5,0.00019091883092036782
852.8125,0.00015556349186104045
853.125,0.00011313708498984761
853.4375,0.00011313708498984761
853.75,0.00011313708498984761
854.0625,0.00019091883092036782
854.375,0.00015556349186104045
854.6875,0.00015556349186104045
855,0.00015556349186104045
855.3125,0.00015556349186104045
855.625,0.00019091883092036782
855.9375,0.00019091883092036782
856.25,0.00015556349186104045
856.5625,0.00015556349186104045
856.875,0.00019091883092036782
857.1875,0.00019091883092036782
857.5,0.00019091883092036782
857.8125,0.00019091883092036782
858.125,0.00019091883092036782
858.4375,0.00015556349186104045
858.75,0.00023334523779156068
859.0625,0.0003111269837220809
859.375,0.00019091883092036782
859.6875,0.00015556349186104045
860,0.00015556349186104045
860.3125,0.00019091883092036782
860.625,0.00019091883092036782
860.9375,0.00015556349186104045
861.25,0.00011313708498984761
861.5625,0.00015556349186104045
861.875,0.00019091883092036782
862.1875,0.00023334523779156068
862.5,0.00019091883092036782
862.8125,0.00011313708498984761
863.125,0.00011313708498984761
863.4375,0.00015556349186104045
863.75,0.00011313708498984761
864.0625,0.00011313708498984761
864.375,0.00015556349186104045
864.6875,0.00015556349186104045
865,0.00015556349186104045
865.3125,0.00019091883092036782
865.625,0.00015556349186104045
865.9375,0.00011313708498984761
866.25,0.00019091883092036782
866.5625,0.00015556349186104045
866.875,0.00011313708498984761
867.1875,0.00011313708498984761
867.5,0.00011313708498984761
867.8125,0.00015556349186104045
868.125,0.00019091883092036782
868.4375,0.00015556349186104045
868.75,0.00011313708498984761
869.0625,0.00007778174593052023
869.375,0.00007778174593052023
869.6875,0.00007778174593052023
870,0.00007778174593052023
870.3125,0.00011313708498984761
870.625,0.00011313708498984761
870.9375,0.00011313708498984761
871.25,0.00011313708498984761
871.5625,0.00011313708498984761
871.875,0.00007778174593052023
872.1875,0.00007778174593052023
872.5,0.00011313708498984761
872.8125,0.00015556349186104045
873.125,0.00011313708498984761
873.4375,0.00011313708498984761
873.75,0.00011313708498984761
874.0625,0.00007778174593052023
874.375,0.00011313708498984761
874.6875,0.00015556349186104045
875,0.00015556349186104045
875.3125,0.00011313708498984761
875.625,0.00007778174593052023
875.9375,0.00007778174593052023
876.25,0.00007778174593052023
876.5625,0.00011313708498984761
876.875,0.00011313708498984761
877.1875,0.00007778174593052023
877.5,0.00007778174593052023
877.8125,0.00007778174593052023
878.125,0.00007778174593052023
878.4375,0.00011313708498984761
878.75,0.00015556349186104045
879.0625,0.00011313708498984761
879.375,0.00007778174593052023
879.6875,0.00011313708498984761
880,0.00011313708498984761
880.3125,0.00015556349186104045
880.625,0.00015556349186104045
880.9375,0.00015556349186104045
881.25,0.00007778174593052023
881.5625,0.00011313708498984761
881.875,0.00011313708498984761
882.1875,0.00015556349186104045
882.5,0.00019091883092036782
882.8125,0.00015556349186104045
883.125,0.00015556349186104045
883.4375,0.00015556349186104045
883.75,0.00011313708498984761
884.0625,0.00019091883092036782
884.375,0.00019091883092036782
884.6875,0.00019091883092036782
885,0.00023334523779156068
885.3125,0.00023334523779156068
885.625,0.00015556349186104045
885.9375,0.00015556349186104045
886.25,0.00015556349186104045
886.5625,0.00015556349186104045
886.875,0.00011313708498984761
887.1875,0.00007778174593052023
887.5,0.00011313708498984761
887.8125,0.00019091883092036782
888.125,0.00015556349186104045
888.4375,0.00019091883092036782
888.75,0.00019091883092036782
889.0625,0.00023334523779156068
889.375,0.00015556349186104045
889.6875,0.00015556349186104045
890,0.00011313708498984761
890.3125,0.00011313708498984761
890.625,0.00019091883092036782
890.9375,0.00019091883092036782
891.25,0.00015556349186104045
891.5625,0.00011313708498984761
891.875,0.00015556349186104045
892.1875,0.00015556349186104045
892.5,0.00015556349186104045
892.8125,0.00011313708498984761
893.125,0.00015556349186104045
893.4375,0.00019091883092036782
893.75,0.00023334523779156068
894.0625,0.00023334523779156068
894.375,0.00019091883092036782
894.6875,0.00023334523779156068
895,0.00023334523779156068
895.3125,0.00019091883092036782
895.625,0.00023334523779156068
895.9375,0.0003111269837220809
896.25,0.00023334523779156068
896.5625,0.00026870057685088805
896.875,0.00026870057685088805
897.1875,0.00026870057685088805
897.5,0.0003111269837220809
897.8125,0.00023334523779156068
898.125,0.0003111269837220809
898.4375,0.00019091883092036782
898.75,0.00023334523779156068
899.0625,0.00023334523779156068
899.375,0.00026870057685088805
899.6875,0.00015556349186104045
900,0.00019091883092036782
900.3125,0.00023334523779156068
900.625,0.00019091883092036782
900.9375,0.00023334523779156068
901.25,0.00019091883092036782
901.5625,0.00019091883092036782
901.875,0.00034648232278140827
902.1875,0.0003111269837220809
902.5,0.0003111269837220809
902.8125,0.00034648232278140827
903.125,0.0003111269837220809
903.4375,0.00023334523779156068
903.75,0.00019091883092036782
904.0625,0.00019091883092036782
904.375,0.00023334523779156068
904.6875,0.00023334523779156068
905,0.00019091883092036782
905.3125,0.00019091883092036782
905.625,0.00023334523779156068
905.9375,0.00026870057685088805
906.25,0.00026870057685088805
906.5625,0.00019091883092036782
906.875,0.00019091883092036782
907.1875,0.0003111269837220809
907.5,0.00023334523779156068
907.8125,0.00026870057685088805
908.125,0.0003111269837220809
908.4375,0.00019091883092036782
908.75,0.00019091883092036782
909.0625,0.00023334523779156068
909.375,0.00019091883092036782
909.6875,0.00026870057685088805
910,0.00023334523779156068
910.3125,0.00023334523779156068
910.625,0.00026870057685088805
910.9375,0.00023334523779156068
911.25,0.00019091883092036782
911.5625,0.00015556349186104045
911.875,0.00011313708498984761
912.1875,0.00019091883092036782
912.5,0.00019091883092036782
912.8125,0.00015556349186104045
913.125,0.00015556349186104045
913.4375,0.00023334523779156068
913.75,0.00015556349186104045
914.0625,0.00015556349186104045
914.375,0.00015556349186104045
914.6875,0.00015556349186104045
915,0.00015556349186104045
915.3125,0.00015556349186104045
915.625,0.00015556349186104045
915.9375,0.00019091883092036782
916.25,0.00019091883092036782
916.5625,0.00015556349186104045
916.875,0.00015556349186104045
917.1875,0.00015556349186104045
917.5,0.00019091883092036782
917.8125,0.00015556349186104045
918.125,0.00011313708498984761
918.4375,0.00011313708498984761
918.75,0.00011313708498984761
919.0625,0.00011313708498984761
919.375,0.00011313708498984761
919.6875,0.00011313708498984761
920,0.00015556349186104045
920.3125,0.00011313708498984761
920.625,0.00015556349186104045
920.9375,0.00015556349186104045
921.25,0.00011313708498984761
921.5625,0.00011313708498984761
921.875,0.00011313708498984761
922.1875,0.00011313708498984761
922.5,0.00011313708498984761
922.8125,0.00011313708498984761
923.125,0.00011313708498984761
923.4375,0.00007778174593052023
923.75,0.00003535533905932738
924.0625,0.00007778174593052023
924.375,0.00011313708498984761
924.6875,0.00007778174593052023
925,0.00007778174593052023
925.3125,0.00007778174593052023
925.625,0.00007778174593052023
925.9375,0.00007778174593052023
926.25,0.00007778174593052023
926.5625,0.00003535533905932738
926.875,0.00003535533905932738
927.1875,0.00007778174593052023
927.5,0.00003535533905932738
927.8125,0.00003535533905932738
928.125,0.00003535533905932738
928.4375,0.00003535533905932738
928.75,0.00003535533905932738
929.0625,0.00003535533905932738
929.375,0.00007778174593052023
929.6875,0.00003535533905932738
930,0.00007778174593052023
930.3125,0.00007778174593052023
930.625,0.00007778174593052023
930.9375,0.00003535533905932738
931.25,0.00007778174593052023
931.5625,0.00007778174593052023
931.875,0.00007778174593052023
932.1875,0.00003535533905932738
932.5,0.00003535533905932738
932.8125,0.00003535533905932738
933.125,0.00003535533905932738
933.4375,0.00003535533905932738
933.75,0.00003535533905932738
934.0625,0.00007778174593052023
934.375,0.00007778174593052023
934.6875,0.00007778174593052023
935,0.00007778174593052023
935.3125,0.00003535533905932738
935.625,0.00003535533905932738
935.9375,0.00003535533905932738
936.25,0.00003535533905932738
936.5625,0.00003535533905932738
936.875,0.00007778174593052023
937.1875,0.00003535533905932738
937.5,0.00003535533905932738
937.8125,0.00003535533905932738
938.125,0.00003535533905932738
938.4375,0.00007778174593052023
938.75,0.00003535533905932738
939.0625,0.00007778174593052023
939.375,0.00007778174593052023
939.6875,0.00003535533905932738
940,0.00003535533905932738
940.3125,0.00003535533905932738
940.625,0.00003535533905932738
940.9375,0.00003535533905932738
941.25,0.00003535533905932738
941.5625,0.00003535533905932738
941.875,0.00003535533905932738
942.1875,0.00003535533905932738
942.5,0.00003535533905932738
942.8125,0.00003535533905932738
943.125,0.00003535533905932738
943.4375,0.00003535533905932738
943.75,0.00003535533905932738
944.0625,0.00003535533905932738
944.375,0.00003535533905932738
944.6875,0.00003535533905932738
945,0.00003535533905932738
945.3125,0.00003535533905932738
945.625,0.00003535533905932738
945.9375,0.00007778174593052023
946.25,0.00007778174593052023
946.5625,0.00015556349186104045
946.875,0.00011313708498984761
947.1875,0.00003535533905932738
947.5,0.00003535533905932738
947.8125,0.00003535533905932738
948.125,0.00003535533905932738
948.4375,0.00003535533905932738
948.75,0.00003535533905932738
949.0625,0.00003535533905932738
949.375,0.00003535533905932738
949.6875,0.00003535533905932738
950,0.00003535533905932738
950.3125,0.00003535533905932738
950.625,0.00003535533905932738
950.9375,0.00003535533905932738
951.25,0.00003535533905932738
951.5625,0.00003535533905932738
951.875,0.00007778174593052023
952.1875,0.00003535533905932738
952.5,0.00003535533905932738
952.8125,0.00003535533905932738
953.125,0.00007778174593052023
953.4375,0.00003535533905932738
953.75,0.00003535533905932738
954.0625,0.00003535533905932738
954.375,0.00003535533905932738
954.6875,0.00003535533905932738
955,0.00003535533905932738
955.3125,0.00003535533905932738
955.625,0.00003535533905932738
955.9375,0.00003535533905932738
956.25,0.00003535533905932738
956.5625,0.00003535533905932738
956.875,0.00003535533905932738
957.1875,0.00003535533905932738
957.5,0.00003535533905932738
957.8125,0.00003535533905932738
958.125,0.00003535533905932738
958.4375,0.00003535533905932738
958.75,0.00003535533905932738
959.0625,0.00003535533905932738
959.375,0.00003535533905932738
959.6875,0.00003535533905932738
960,0.00003535533905932738
960.3125,0.00003535533905932738
960.625,0.00003535533905932738
960.9375,0.00003535533905932738
961.25,0.00003535533905932738
961.5625,0.00003535533905932738
961.875,0.00003535533905932738
962.1875,0.00003535533905932738
962.5,0.00003535533905932738
962.8125,0.00003535533905932738
963.125,0.00003535533905932738
963.4375,0.00007778174593052023
963.75,0.00003535533905932738
964.0625,0
964.375,0.00003535533905932738
964.6875,0.00003535533905932738
965,0.00003535533905932738
965.3125,0.00003535533905932738
965.625,0.00003535533905932738
965.9375,0.00003535533905932738
966.25,0
966.5625,0.00003535533905932738
966.875,0.00003535533905932738
967.1875,0.00003535533905932738
967.5,0.00003535533905932738
967.8125,0.00003535533905932738
968.125,0.00003535533905932738
968.4375,0.00003535533905932738
968.75,0.00003535533905932738
969.0625,0.00003535533905932738
969.375,0.00003535533905932738
969.6875,0.00003535533905932738
970,0.00003535533905932738
970.3125,0.00007778174593052023
970.625,0.00007778174593052023
970.9375,0.00003535533905932738
971.25,0.00003535533905932738
971.5625,0.00003535533905932738
971.875,0.00007778174593052023
972.1875,0.00003535533905932738
972.5,0.00003535533905932738
972.8125,0.00007778174593052023
973.125,0.00003535533905932738
973.4375,0.00003535533905932738
973.75,0.00003535533905932738
974.0625,0.00003535533905932738
974.375,0.00003535533905932738
974.6875,0.00003535533905932738
975,0.00003535533905932738
975.3125,0.00003535533905932738
975.625,0.00003535533905932738
975.9375,0.00003535533905932738
976.25,0.00007778174593052023
976.5625,0.00007778174593052023
976.875,0.00003535533905932738
977.1875,0.00007778174593052023
977.5,0.00003535533905932738
977.8125,0.00003535533905932738
978.125,0.00003535533905932738
978.4375,0.00003535533905932738
978.75,0.00003535533905932738
979.0625,0.00003535533905932738
979.375,0.00007778174593052023
979.6875,0.00007778174593052023
980,0.00007778174593052023
980.3125,0.00003535533905932738
980.625,0.00003535533905932738
980.9375,0.00007778174593052023
981.25,0.00007778174593052023
981.5625,0.00003535533905932738
981.875,0.00003535533905932738
982.1875,0.00003535533905932738
982.5,0.00003535533905932738
982.8125,0.00003535533905932738
983.125,0.00003535533905932738
983.4375,0.00003535533905932738
983.75,0.00007778174593052023
984.0625,0.00003535533905932738
984.375,0.00003535533905932738
984.6875,0.00003535533905932738
985,0.00003535533905932738
985.3125,0.00007778174593052023
985.625,0.00007778174593052023
985.9375,0.00003535533905932738
986.25,0.00003535533905932738
986.5625,0.00007778174593052023
986.875,0.00003535533905932738
987.1875,0.00003535533905932738
987.5,0.00003535533905932738
987.8125,0.00003535533905932738
988.125,0.00003535533905932738
988.4375,0.00003535533905932738
988.75,0.00003535533905932738
989.0625,0.00003535533905932738
989.375,0.00003535533905932738
989.6875,0.00003535533905932738
990,0.00003535533905932738
990.3125,0.00003535533905932738
990.625,0.00003535533905932738
990.9375,0.00003535533905932738
991.25,0.00003535533905932738
991.5625,0.00003535533905932738
991.875,0.00003535533905932738
992.1875,0.00003535533905932738
992.5,0.00007778174593052023
992.8125,0.00003535533905932738
993.125,0.00003535533905932738
993.4375,0.00003535533905932738
993.75,0.00003535533905932738
994.0625,0.00003535533905932738
994.375,0.00003535533905932738
994.6875,0.00003535533905932738
995,0.00003535533905932738
995.3125,0.00003535533905932738
995.625,0.00003535533905932738
995.9375,0.00003535533905932738
996.25,0.00003535533905932738
996.5625,0.00003535533905932738
996.875,0.00003535533905932738
997.1875,0.00003535533905932738
997.5,0.00003535533905932738
997.8125,0.00003535533905932738
998.125,0.00003535533905932738
998.4375,0
998.75,0.00003535533905932738
999.0625,0.00003535533905932738
999.375,0.00003535533905932738
999.6875,0.00003535533905932738