DateTime,10RV-O,11RV-O,2RH-O,9RV-O
2026-05-01 11:24:00,0.06785,0.06429,0.12325,0.05935
2026-05-01 12:24:00,0.07676,0.05793,0.12304,0.06713
2026-05-01 13:24:00,0.08057,0.07313,0.11351,0.05918
2026-05-01 14:24:00,0.08359,0.07745,0.11686,0.0625
2026-05-01 15:24:00,0.07466,0.07292,0.1255,0.05932
2026-05-01 16:24:00,0.07692,0.07026,0.13637,0.06678
2026-05-01 17:24:00,0.07513,0.08254,0.11914,0.06278
2026-05-01 18:24:00,0.06585,0.05642,0.13564,0.05863
2026-05-01 19:24:00,0.06845,0.07561,0.11215,0.05565
2026-05-01 20:24:00,0.08804,0.08767,0.12508,0.07814
2026-05-01 21:24:00,0.08149,0.07056,0.12891,0.06599
2026-05-01 22:24:00,0.08137,0.06343,0.12529,0.06695
2026-05-01 23:24:00,0.08135,0.0683,0.12545,0.06672
2026-05-02 00:24:00,0.09219,0.08361,0.12282,0.07526
2026-05-02 01:24:00,0.12003,0.06911,0.12311,0.08346
2026-05-02 02:24:00,0.07738,0.0668,0.12903,0.06431
2026-05-02 03:24:00,0.10337,0.08008,0.12425,0.07901
2026-05-02 04:24:00,0.09248,0.0783,0.12697,0.06495
2026-05-02 05:24:00,0.10691,0.0949,0.11241,0.06568
2026-05-02 06:24:00,0.08077,0.07738,0.12216,0.06617
2026-05-02 07:24:00,0.08434,0.06971,0.12013,0.06409
2026-05-02 08:24:00,0.08508,0.08287,0.12631,0.06703
2026-05-02 09:24:00,0.08987,0.06989,0.12587,0.06749
2026-05-02 10:24:00,0.07562,0.07255,0.13536,0.06212
2026-05-02 11:24:00,0.08245,0.0875,0.1284,0.06851
2026-05-02 12:24:00,0.07766,0.06762,0.11576,0.05846
2026-05-02 13:24:00,0.0735,0.06994,0.12255,0.05761
2026-05-02 14:24:00,0.1025,0.07772,0.12083,0.07194
2026-05-02 15:24:00,0.09062,0.06774,0.12946,0.0708
2026-05-02 16:24:00,0.08928,0.07147,0.11863,0.06505
2026-05-02 17:24:00,0.08915,0.07361,0.12285,0.06525
2026-05-02 18:24:00,0.08952,0.07694,0.12448,0.07123
2026-05-02 19:24:00,0.06704,0.06313,0.12277,0.06284
2026-05-02 20:24:00,0.08045,0.07151,0.1207,0.06564
2026-05-02 21:24:00,0.08209,0.06975,0.11518,0.06278
2026-05-02 22:24:00,0.08167,0.06784,0.12046,0.06488
2026-05-02 23:24:00,0.0813,0.06199,0.12407,0.06628
2026-05-03 00:24:00,0.09281,0.06096,0.12731,0.07202
2026-05-03 01:24:00,0.07966,0.06319,0.12409,0.06778
2026-05-03 02:24:00,0.088,0.08328,0.12942,0.06528
2026-05-03 03:24:00,0.07833,0.06823,0.13161,0.06694
2026-05-03 04:24:00,0.08587,0.06548,0.12878,0.07145
2026-05-03 05:24:00,0.08516,0.07598,0.12749,0.07131
2026-05-03 06:24:00,0.08888,0.08052,0.11534,0.06717
2026-05-03 07:24:00,0.07977,0.05871,0.1274,0.0604
2026-05-03 08:24:00,0.07651,0.06383,0.11305,0.05705
2026-05-03 09:24:00,0.09349,0.07721,0.11528,0.06481
2026-05-03 10:24:00,0.06341,0.0637,0.1297,0.06069
2026-05-03 11:24:00,0.08028,0.06812,0.12572,0.06366
2026-05-03 12:24:00,0.07357,0.05823,0.12218,0.05757
2026-05-03 13:24:00,0.08047,0.06708,0.12589,0.06346
2026-05-03 14:24:00,0.07671,0.07559,0.11855,0.05687
2026-05-03 15:24:00,0.07427,0.06748,0.12358,0.06307
2026-05-03 16:24:00,0.08622,0.08158,0.13063,0.06353
2026-05-03 17:24:00,0.07879,0.07717,0.13428,0.06378
2026-05-03 18:24:00,0.09002,0.07109,0.13015,0.06649
2026-05-03 19:24:00,0.06917,0.07368,0.12584,0.06146
2026-05-03 20:24:00,0.07132,0.07405,0.12473,0.06238
2026-05-03 21:24:00,0.08655,0.07272,0.11757,0.05873
2026-05-03 22:24:00,0.08233,0.07641,0.11584,0.06066
2026-05-03 23:24:00,0.07816,0.07002,0.11656,0.05893
2026-05-04 00:24:00,0.09256,0.08394,0.12899,0.07705
2026-05-04 01:24:00,0.06898,0.06376,0.12516,0.0593
2026-05-04 02:24:00,0.05965,0.05687,0.13451,0.05642
2026-05-04 03:24:00,0.08067,0.07684,0.12776,0.07431
2026-05-04 04:24:00,0.07756,0.0736,0.12758,0.06266
2026-05-04 05:24:00,0.08049,0.07992,0.12318,0.07003
2026-05-04 06:24:00,0.09055,0.06973,0.11684,0.06687
2026-05-04 07:24:00,0.07855,0.07059,0.18179,0.06776
2026-05-04 08:24:00,0.07298,0.06038,0.11434,0.05906
2026-05-04 09:24:00,0.07588,0.07464,0.12666,0.06537
2026-05-04 10:24:00,0.06998,0.06274,0.14138,0.05969
2026-05-04 11:24:00,0.07678,0.06194,0.13215,0.0647
2026-05-04 12:24:00,0.07255,0.07052,0.12456,0.06926
2026-05-04 13:24:00,0.07645,0.06376,0.11708,0.06492
2026-05-04 14:24:00,0.08598,0.06091,0.13004,0.07282
2026-05-04 15:24:00,0.09686,0.06966,0.13092,0.07525
2026-05-04 16:24:00,0.05861,0.0565,0.12964,0.05407
2026-05-04 17:24:00,0.08171,0.07433,0.11694,0.06229
2026-05-04 18:24:00,0.07824,0.07412,0.11774,0.05711
2026-05-04 19:24:00,0.08326,0.06906,0.12925,0.0705
2026-05-04 20:24:00,0.07223,0.07319,0.12888,0.06356
2026-05-04 21:24:00,0.08408,0.09304,0.12668,0.07404
2026-05-04 22:24:00,0.08987,0.0761,0.11669,0.08138
2026-05-04 23:24:00,0.08529,0.07992,0.12762,0.06675
2026-05-05 00:24:00,0.0784,0.06013,0.13167,0.07536
2026-05-05 01:24:00,0.09629,0.08109,0.13067,0.07282
2026-05-05 02:24:00,0.08654,0.07126,0.13172,0.06935
2026-05-05 03:24:00,0.09486,0.07835,0.1212,0.07139
2026-05-05 04:24:00,0.08209,0.07638,0.12791,0.06222
2026-05-05 05:24:00,0.1003,0.07915,0.13139,0.08048
2026-05-05 06:24:00,0.07187,0.0744,0.15748,0.07279
2026-05-05 07:24:00,0.09932,0.07278,0.12057,0.07081
2026-05-05 08:24:00,0.09035,0.07804,0.13704,0.0718
2026-05-05 09:24:00,0.06942,0.06183,0.12701,0.05875
2026-05-05 10:24:00,0.07617,0.08204,0.11069,0.0573
2026-05-05 11:24:00,0.09657,0.08352,0.14156,0.07129
2026-05-05 12:24:00,0.11923,0.10236,0.12419,0.08222
2026-05-05 13:24:00,0.068,0.05947,0.13579,0.06503
2026-05-05 14:24:00,0.07175,0.06166,0.12173,0.05641
2026-05-05 15:24:00,0.07895,0.05888,0.12838,0.05838
2026-05-05 16:24:00,0.07071,0.06613,0.13768,0.0634
2026-05-05 17:24:00,0.08952,0.07074,0.13288,0.07086
2026-05-05 18:24:00,0.07771,0.07836,0.13829,0.06212
2026-05-05 19:24:00,0.08103,0.06131,0.13735,0.0754
2026-05-05 20:24:00,0.09298,0.07019,0.13174,0.07457
2026-05-05 21:24:00,0.06913,0.07193,0.12235,0.06083
2026-05-05 22:24:00,0.08568,0.0619,0.1301,0.0621
2026-05-05 23:24:00,0.08677,0.0743,0.12015,0.06672
2026-05-06 00:24:00,0.07172,0.05911,0.12899,0.06324
2026-05-06 01:24:00,0.07384,0.08124,0.13166,0.06566
2026-05-06 02:24:00,0.09452,0.07556,0.12631,0.06574
2026-05-06 03:24:00,0.08072,0.07534,0.12371,0.05978
2026-05-06 04:24:00,0.0937,0.08178,0.13918,0.0682
2026-05-06 05:24:00,0.08442,0.07527,0.126,0.07164
2026-05-06 06:24:00,0.08418,0.0697,0.12691,0.06303
2026-05-06 07:24:00,0.07387,0.07168,0.1217,0.06207
2026-05-06 08:24:00,0.07198,0.06471,0.13436,0.06377
2026-05-06 09:24:00,0.0917,0.07567,0.12833,0.0656
2026-05-06 10:24:00,0.07,0.06982,0.13065,0.05904
2026-05-06 11:24:00,0.07474,0.06824,0.12562,0.05989
2026-05-06 12:24:00,0.07692,0.05787,0.13856,0.06947
2026-05-06 13:24:00,0.08916,0.08365,0.12713,0.06858
2026-05-06 14:24:00,0.09507,0.08019,0.12672,0.07211
2026-05-06 15:24:00,0.09671,0.07643,0.12165,0.07022
2026-05-06 16:24:00,0.07805,0.07487,0.12457,0.06134
2026-05-06 17:24:00,0.08264,0.05829,0.12877,0.06282
2026-05-06 18:24:00,0.0947,0.0772,0.12779,0.06978
2026-05-06 19:24:00,0.07497,0.07725,0.12445,0.063
2026-05-06 20:24:00,0.08559,0.08206,0.12886,0.07016
2026-05-06 21:24:00,0.10915,0.07451,0.1234,0.07037
2026-05-06 22:24:00,0.06919,0.06374,0.13057,0.06124
2026-05-06 23:24:00,0.0779,0.08413,0.11998,0.05765
2026-05-07 00:24:00,0.08391,0.07043,0.13946,0.06482
2026-05-07 01:24:00,0.08876,0.07523,0.13827,0.06961
2026-05-07 02:24:00,0.09144,0.0808,0.11362,0.0594
2026-05-07 03:24:00,0.07519,0.06522,0.13449,0.06159
2026-05-07 04:24:00,0.07634,0.06325,0.13158,0.06359
2026-05-07 05:24:00,0.07163,0.07283,0.13958,0.06096
2026-05-07 06:24:00,0.07777,0.07134,0.12406,0.06289
2026-05-07 07:24:00,0.09994,0.08326,0.11884,0.07086
2026-05-07 08:24:00,0.08147,0.0666,0.12759,0.06822
2026-05-07 09:24:00,0.07718,0.06284,0.12817,0.06252
2026-05-07 10:24:00,0.08928,0.06796,0.12698,0.0677
2026-05-07 11:24:00,0.08262,0.08408,0.11753,0.0675
2026-05-07 12:24:00,0.08249,0.06711,0.12934,0.06548
2026-05-07 13:24:00,0.08402,0.06337,0.13709,0.07018
2026-05-07 14:24:00,0.09083,0.08549,0.12999,0.07679
2026-05-07 15:24:00,0.08077,0.06935,0.12349,0.05877
2026-05-07 16:24:00,0.09352,0.09186,0.12801,0.06966
2026-05-07 17:24:00,0.11909,0.0756,0.12799,0.07932
2026-05-07 18:24:00,0.08707,0.07846,0.12882,0.07406
2026-05-07 19:24:00,0.07633,0.06837,0.13308,0.06405
2026-05-07 20:24:00,0.06809,0.06694,0.13358,0.06456
2026-05-07 21:24:00,0.07427,0.07129,0.13287,0.05792
2026-05-07 22:24:00,0.07851,0.0793,0.11476,0.05507
2026-05-07 23:24:00,0.08262,0.08085,0.13181,0.06113
2026-05-08 00:24:00,0.08859,0.07358,0.12383,0.07011
2026-05-08 01:24:00,0.09232,0.0596,0.13132,0.06949
2026-05-08 02:24:00,0.06507,0.07586,0.11369,0.05771
2026-05-08 03:24:00,0.09844,0.08349,0.1185,0.07052
2026-05-08 04:24:00,0.08678,0.06749,0.12314,0.0699
2026-05-08 05:24:00,0.0851,0.08079,0.13253,0.07357
2026-05-08 06:24:00,0.06875,0.06716,0.13386,0.05676
2026-05-08 07:24:00,0.08517,0.08566,0.13067,0.07026
2026-05-08 08:24:00,0.08423,0.07612,0.12027,0.07128
2026-05-08 09:24:00,0.07198,0.08807,0.13,0.06461
2026-05-08 10:24:00,0.07696,0.05892,0.12787,0.06149
2026-05-08 11:24:00,0.08543,0.07478,0.12731,0.06521
2026-05-08 12:24:00,0.08329,0.07088,0.13025,0.06785
2026-05-08 13:24:00,0.05877,0.08164,0.1287,0.05808
2026-05-08 14:24:00,0.09693,0.06514,0.13047,0.07339
2026-05-08 15:24:00,0.0756,0.08327,0.12674,0.05923
2026-05-08 16:24:00,0.08258,0.08666,0.14065,0.06905
2026-05-08 17:24:00,0.08485,0.06412,0.13653,0.06487
2026-05-08 18:24:00,0.08079,0.07098,0.12788,0.06178
2026-05-08 19:24:00,0.07984,0.08088,0.11612,0.06006
2026-05-08 20:24:00,0.08512,0.07147,0.13447,0.07321
2026-05-08 21:24:00,0.08698,0.07854,0.13221,0.06511
2026-05-08 22:24:00,0.0786,0.06857,0.12502,0.05998
2026-05-08 23:24:00,0.09889,0.08773,0.12393,0.08036
2026-05-09 00:24:00,0.0865,0.07856,0.13038,0.06822
2026-05-09 01:24:00,0.07978,0.06497,0.11393,0.06239
2026-05-09 02:24:00,0.06754,0.06107,0.13485,0.06078
2026-05-09 03:24:00,0.0762,0.08136,0.12839,0.06326
2026-05-09 04:24:00,0.07761,0.07464,0.12954,0.06193
2026-05-09 05:24:00,0.08605,0.06731,0.13211,0.06365
2026-05-09 06:24:00,0.06947,0.06393,0.12923,0.05752
2026-05-09 07:24:00,0.10617,0.07807,0.12294,0.06473
2026-05-09 08:24:00,0.06897,0.05934,0.12893,0.06047
2026-05-09 09:24:00,0.0678,0.06445,0.12884,0.06247
2026-05-09 10:24:00,0.07965,0.07752,0.1185,0.05877
2026-05-09 11:24:00,0.10505,0.07638,0.14069,0.07125
2026-05-09 12:24:00,0.09118,0.08474,0.12243,0.06758
2026-05-09 13:24:00,0.07581,0.05894,0.12153,0.06162
2026-05-09 14:24:00,0.0757,0.06258,0.12185,0.06188
2026-05-09 15:24:00,0.07257,0.06396,0.12953,0.0656
2026-05-09 16:24:00,0.07587,0.06556,0.11782,0.06037
2026-05-09 17:24:00,0.07037,0.0695,0.1305,0.06251
2026-05-09 18:24:00,0.07821,0.0613,0.12357,0.06001
2026-05-09 19:24:00,0.09038,0.07161,0.12197,0.06736
2026-05-09 20:24:00,0.09179,0.07325,0.12308,0.06906
2026-05-09 21:24:00,0.07322,0.05897,0.12455,0.06896
2026-05-09 22:24:00,0.08658,0.06638,0.12096,0.06516
2026-05-09 23:24:00,0.08873,0.08622,0.11199,0.06073
2026-05-10 00:24:00,0.09395,0.08603,0.11679,0.06592
2026-05-10 01:24:00,0.0793,0.06605,0.13207,0.0655
2026-05-10 02:24:00,0.07339,0.06846,0.12319,0.05866
2026-05-10 03:24:00,0.08689,0.08035,0.12107,0.06178
2026-05-10 04:24:00,0.07074,0.07288,0.12164,0.05826
2026-05-10 05:24:00,0.07681,0.06131,0.12918,0.0618
2026-05-10 06:24:00,0.08404,0.06009,0.13218,0.06941
2026-05-10 07:24:00,0.06038,0.06149,0.13282,0.05507
2026-05-10 08:24:00,0.07612,0.07929,0.11396,0.06295
2026-05-10 09:24:00,0.08665,0.07774,0.11345,0.06171
2026-05-10 10:24:00,0.07662,0.05808,0.1331,0.06677
2026-05-10 11:24:00,0.07039,0.0605,0.13015,0.06079
2026-05-10 12:24:00,0.08617,0.06535,0.12586,0.07031
2026-05-10 13:24:00,0.09207,0.07069,0.12909,0.07335
2026-05-10 14:24:00,0.09229,0.08669,0.12311,0.06696
2026-05-10 15:24:00,0.09216,0.06613,0.11889,0.07007
2026-05-10 16:24:00,0.09033,0.08253,0.12306,0.06993
2026-05-10 17:24:00,0.08002,0.07626,0.13103,0.06843
2026-05-10 18:24:00,0.06833,0.07547,0.11113,0.05664
2026-05-10 19:24:00,0.0744,0.07772,0.1148,0.0596
2026-05-10 20:24:00,0.07819,0.08577,0.11805,0.05885
2026-05-10 21:24:00,0.07143,0.06095,0.17603,0.06766
2026-05-10 22:24:00,0.07083,0.07122,0.12563,0.06248
2026-05-10 23:24:00,0.08319,0.06658,0.12933,0.06997
2026-05-11 00:24:00,0.09753,0.07405,0.12762,0.06654
2026-05-11 01:24:00,0.08011,0.06561,0.11742,0.06411
2026-05-11 02:24:00,0.09032,0.08074,0.11782,0.06874
2026-05-11 03:24:00,0.09443,0.07746,0.12029,0.06785
2026-05-11 04:24:00,0.07044,0.07015,0.12254,0.06532
2026-05-11 05:24:00,0.07879,0.07444,0.11695,0.06134
2026-05-11 06:24:00,0.08013,0.07573,0.12003,0.06337
2026-05-11 07:24:00,0.10181,0.07026,0.1241,0.07632
2026-05-11 08:24:00,0.09692,0.07635,0.12154,0.08184
2026-05-11 09:24:00,0.10631,0.07674,0.12567,0.08905
2026-05-11 10:24:00,0.10968,0.0655,0.13409,0.09383
2026-05-11 11:24:00,0.08205,0.06427,0.11668,0.05807
2026-05-11 12:24:00,0.09342,0.07174,0.11729,0.06784
2026-05-11 13:24:00,0.07808,0.07529,0.12705,0.07958
2026-05-11 14:24:00,0.09808,0.08514,0.12595,0.07531
2026-05-11 15:24:00,0.06759,0.05683,0.12319,0.06549
2026-05-11 16:24:00,0.07435,0.0542,0.13116,0.06422
2026-05-11 17:24:00,0.08386,0.07754,0.11633,0.05899
2026-05-11 18:24:00,0.07539,0.05941,0.12899,0.05895
2026-05-11 19:24:00,0.08585,0.07751,0.11286,0.06061
2026-05-11 20:24:00,0.07103,0.06268,0.14358,0.06799
2026-05-11 21:24:00,0.07209,0.05692,0.12715,0.06879
2026-05-11 22:24:00,0.07243,0.09343,0.11141,0.06242
2026-05-11 23:24:00,0.09332,0.07619,0.12043,0.06792
2026-05-12 00:24:00,0.09941,0.10081,0.11127,0.06153
2026-05-12 01:24:00,0.08012,0.08797,0.12493,0.06791
2026-05-12 02:24:00,0.08461,0.07418,0.12145,0.06495
2026-05-12 03:24:00,0.07202,0.05911,0.13037,0.06002
2026-05-12 04:24:00,0.07503,0.07098,0.11595,0.06212
2026-05-12 05:24:00,0.09307,0.06928,0.12096,0.07282
2026-05-12 06:24:00,0.10099,0.08393,0.11715,0.07124
2026-05-12 07:24:00,0.07358,0.06528,0.12163,0.05826
2026-05-12 08:24:00,0.07409,0.06443,0.11322,0.06635
2026-05-12 09:24:00,0.08324,0.06544,0.12149,0.06624
2026-05-12 10:24:00,0.07772,0.07329,0.12157,0.05982
2026-05-12 11:24:00,0.08319,0.06261,0.13665,0.06502
2026-05-12 12:24:00,0.07404,0.06879,0.11645,0.06367
2026-05-12 13:24:00,0.0733,0.08128,0.1167,0.05926
2026-05-12 14:24:00,0.08745,0.08121,0.12221,0.06843
2026-05-12 15:24:00,0.08291,0.0586,0.11632,0.06322
2026-05-12 16:24:00,0.10613,0.08926,0.11367,0.07015
2026-05-12 17:24:00,0.08504,0.08503,0.11821,0.06325
2026-05-12 18:24:00,0.06522,0.06745,0.12755,0.06167
2026-05-12 19:24:00,0.09739,0.0631,0.11927,0.06635
2026-05-12 20:24:00,0.08183,0.07214,0.12263,0.06899
2026-05-12 21:24:00,0.09501,0.07062,0.11596,0.06489
2026-05-12 22:24:00,0.08333,0.07369,0.12698,0.06512
2026-05-12 23:24:00,0.06836,0.0637,0.11917,0.05972
2026-05-13 00:24:00,0.08156,0.08096,0.11782,0.06083
2026-05-13 01:24:00,0.08246,0.0641,0.11494,0.06217
2026-05-13 02:24:00,0.07925,0.06348,0.11801,0.05921
2026-05-13 03:24:00,0.11688,0.09131,0.11805,0.07967
2026-05-13 04:24:00,0.07903,0.06408,0.12483,0.06374
2026-05-13 05:24:00,0.07247,0.06286,0.133,0.06051
2026-05-13 06:24:00,0.08242,0.07542,0.1166,0.06005
2026-05-13 07:24:00,0.07453,0.07699,0.117,0.05751
2026-05-13 08:24:00,0.08469,0.06798,0.12122,0.06388
2026-05-13 09:24:00,0.0841,0.06009,0.12399,0.06798
2026-05-13 10:24:00,0.06987,0.0796,0.11913,0.06918
2026-05-13 11:24:00,0.08711,0.07165,0.1238,0.07158
2026-05-13 12:24:00,0.08571,0.08896,0.10723,0.06356
2026-05-13 13:24:00,0.07851,0.06233,0.10963,0.06193
2026-05-13 14:24:00,0.06807,0.06572,0.11893,0.05465
2026-05-13 15:24:00,0.0716,0.07965,0.12228,0.06385
2026-05-13 16:24:00,0.08228,0.07933,0.12496,0.06972
2026-05-13 17:24:00,0.06681,0.08107,0.13131,0.05959
2026-05-13 18:24:00,0.08288,0.06891,0.11437,0.06321
2026-05-13 19:24:00,0.06895,0.07302,0.12657,0.0609
2026-05-13 20:24:00,0.06676,0.06266,0.121,0.05859
2026-05-13 21:24:00,0.10332,0.0868,0.1167,0.07668
2026-05-13 22:24:00,0.08071,0.0867,0.12464,0.06394
2026-05-13 23:24:00,0.09341,0.08677,0.12487,0.07365
2026-05-14 00:24:00,0.09763,0.06952,0.11214,0.06789
2026-05-14 01:24:00,0.09082,0.09249,0.11844,0.06496
2026-05-14 02:24:00,0.08319,0.08217,0.11756,0.06089
2026-05-14 03:24:00,0.09052,0.09142,0.11962,0.0666
2026-05-14 04:24:00,0.0902,0.07662,0.12106,0.06818
2026-05-14 05:24:00,0.08193,0.06972,0.1193,0.06666
2026-05-14 06:24:00,0.06731,0.06778,0.11522,0.05817
2026-05-14 07:24:00,0.0914,0.08657,0.11705,0.06398
2026-05-14 08:24:00,0.05754,0.06729,0.11787,0.05794
2026-05-14 09:24:00,0.09046,0.07867,0.11905,0.07292
2026-05-14 10:24:00,0.08517,0.09727,0.11291,0.06391
2026-05-14 11:24:00,0.0763,0.05704,0.10532,0.05868
2026-05-14 12:24:00,0.09232,0.07663,0.11238,0.06548
2026-05-14 13:24:00,0.07837,0.06758,0.13053,0.0649
2026-05-14 14:24:00,0.12621,0.08436,0.11348,0.0724
2026-05-14 15:24:00,0.08562,0.07929,0.12032,0.06486
2026-05-14 16:24:00,0.10652,0.0825,0.12663,0.07627
2026-05-14 17:24:00,0.07413,0.06157,0.12559,0.0645
2026-05-14 18:24:00,0.09746,0.0814,0.12321,0.06897
2026-05-14 19:24:00,0.08175,0.06272,0.11794,0.06271
2026-05-14 20:24:00,0.08108,0.08625,0.11549,0.05896
2026-05-14 21:24:00,0.08241,0.07927,0.11515,0.06317
2026-05-14 22:24:00,0.08389,0.08071,0.11734,0.0646
2026-05-14 23:24:00,0.07799,0.06062,0.11823,0.06652
2026-05-15 00:24:00,0.06608,0.05564,0.122,0.05958
2026-05-15 01:24:00,0.08291,0.06527,0.11092,0.06255
2026-05-15 02:24:00,0.08338,0.06759,0.11927,0.05897
2026-05-15 03:24:00,0.08623,0.06543,0.11439,0.05979
2026-05-15 04:24:00,0.09471,0.07564,0.11945,0.06743
2026-05-15 05:24:00,0.09197,0.07122,0.12145,0.07369
2026-05-15 06:24:00,0.10091,0.06663,0.12223,0.07223
2026-05-15 07:24:00,0.08609,0.07766,0.11522,0.0667
2026-05-15 08:24:00,0.07685,0.06852,0.11304,0.06059
2026-05-15 09:24:00,0.07604,0.07177,0.12012,0.06084
2026-05-15 10:24:00,0.09202,0.06343,0.11955,0.0654
2026-05-15 11:24:00,0.08045,0.07285,0.11791,0.06491
2026-05-15 12:24:00,0.08743,0.07004,0.11378,0.06218
2026-05-15 13:24:00,0.07083,0.05968,0.1236,0.05897
2026-05-15 14:24:00,0.08065,0.06425,0.12593,0.06394
2026-05-15 15:24:00,0.09258,0.07218,0.12741,0.06842
2026-05-15 16:24:00,0.07668,0.06869,0.12364,0.06651
2026-05-15 17:24:00,0.10824,0.0872,0.1103,0.06162
2026-05-15 18:24:00,0.09081,0.06823,0.13097,0.07315
2026-05-15 19:24:00,0.06397,0.0507,0.18075,0.0632
2026-05-15 20:24:00,0.07672,0.05857,0.13886,0.06778
2026-05-15 21:24:00,0.06697,0.06225,0.15111,0.06244
2026-05-15 22:24:00,0.09213,0.0808,0.1296,0.07351
2026-05-15 23:24:00,0.07607,0.08373,0.12864,0.06424
2026-05-16 00:24:00,0.08965,0.06448,0.13455,0.06687
2026-05-16 01:24:00,0.0712,0.0567,0.11565,0.0603
2026-05-16 02:24:00,0.08452,0.07226,0.13316,0.07438
2026-05-16 03:24:00,0.07655,0.06851,0.12609,0.06313
2026-05-16 04:24:00,0.0773,0.08065,0.11726,0.06814
2026-05-16 05:24:00,0.09018,0.07262,0.11446,0.06528
2026-05-16 06:24:00,0.07004,0.0634,0.12121,0.06014
2026-05-16 07:24:00,0.06318,0.06755,0.12165,0.06223
2026-05-16 08:24:00,0.10877,0.07721,0.12657,0.07673
2026-05-16 09:24:00,0.08086,0.07193,0.11382,0.06145
2026-05-16 10:24:00,0.06711,0.05592,0.12371,0.06728
2026-05-16 11:24:00,0.08385,0.07147,0.12117,0.06696
2026-05-16 12:24:00,0.06252,0.05928,0.14323,0.05887
2026-05-16 13:24:00,0.07331,0.06794,0.13115,0.05974
2026-05-16 14:24:00,0.08113,0.06785,0.12196,0.0619
2026-05-16 15:24:00,0.09439,0.06772,0.12684,0.06684
2026-05-16 16:24:00,0.06006,0.06091,0.12286,0.05479
2026-05-16 17:24:00,0.07287,0.05842,0.1376,0.06515
2026-05-16 18:24:00,0.08635,0.0818,0.11962,0.07264
2026-05-16 19:24:00,0.07758,0.07029,0.13138,0.06407
2026-05-16 20:24:00,0.07514,0.0672,0.12809,0.06356
2026-05-16 21:24:00,0.06616,0.06933,0.12009,0.05961
2026-05-16 22:24:00,0.07604,0.06098,0.13199,0.05996
2026-05-16 23:24:00,0.0695,0.06764,0.13476,0.06025
2026-05-17 00:24:00,0.07599,0.06134,0.14294,0.07272
2026-05-17 01:24:00,0.07933,0.06936,0.1199,0.06095
2026-05-17 02:24:00,0.07663,0.06317,0.11822,0.06288
2026-05-17 03:24:00,0.06792,0.05871,0.11897,0.05747
2026-05-17 04:24:00,0.10079,0.07463,0.12332,0.07732
2026-05-17 05:24:00,0.09566,0.07015,0.11137,0.06619
2026-05-17 06:24:00,0.06969,0.06057,0.12185,0.0596
2026-05-17 07:24:00,0.08324,0.05697,0.14252,0.06586
2026-05-17 08:24:00,0.08898,0.07792,0.12931,0.07113
2026-05-17 09:24:00,0.08113,0.06623,0.1296,0.07312
2026-05-17 10:24:00,0.07,0.07658,0.15142,0.06214
2026-05-17 11:24:00,0.08728,0.07898,0.11781,0.06613
2026-05-17 12:24:00,0.08766,0.06764,0.1184,0.06861
2026-05-17 13:24:00,0.09017,0.07429,0.1249,0.06824
2026-05-17 14:24:00,0.06964,0.06504,0.11782,0.05613
2026-05-17 15:24:00,0.0799,0.07217,0.11699,0.06279
2026-05-17 16:24:00,0.0671,0.06638,0.12076,0.05258
2026-05-17 17:24:00,0.07974,0.06212,0.11764,0.05828
2026-05-17 18:24:00,0.10032,0.07865,0.11697,0.06927
2026-05-17 19:24:00,0.07777,0.07782,0.11006,0.05746
2026-05-17 20:24:00,0.08532,0.07136,0.11886,0.06158
2026-05-17 21:24:00,0.10196,0.08146,0.12421,0.07113
2026-05-17 22:24:00,0.07321,0.06581,0.1142,0.0578
2026-05-17 23:24:00,0.09512,0.08528,0.1246,0.07217
2026-05-18 00:24:00,0.05871,0.06306,0.11656,0.05805
2026-05-18 01:24:00,0.07332,0.05227,0.12219,0.06367
2026-05-18 02:24:00,0.1013,0.08649,0.11803,0.06934
2026-05-18 03:24:00,0.10004,0.09579,0.1208,0.06528
2026-05-18 04:24:00,0.11444,0.0996,0.12611,0.07664
2026-05-18 05:24:00,0.00248,0.00232,0.00572,0.00268
2026-05-18 06:24:00,0.00207,0.00232,0.00321,0.00277
2026-05-18 07:24:00,0.00203,0.00227,0.00322,0.00244
2026-05-18 08:24:00,0.00226,0.00229,0.0032,0.00234
2026-05-18 09:24:00,0.00198,0.00218,0.00432,0.00236
2026-05-18 10:24:00,0.00242,0.00247,0.00332,0.00281
2026-05-18 11:24:00,0.00213,0.00229,0.00361,0.00255
2026-05-18 12:24:00,0.00248,0.00248,0.00329,0.00257
2026-05-18 13:24:00,0.00224,0.00242,0.00313,0.00242
2026-05-18 14:24:00,0.00247,0.00243,0.0044,0.0026
2026-05-18 15:24:00,0.00241,0.00248,0.00421,0.00276
2026-05-18 16:24:00,0.00216,0.00224,0.00282,0.00248
2026-05-18 17:24:00,0.00236,0.00232,0.004,0.0025
2026-05-18 18:24:00,0.00235,0.00242,0.00373,0.00274
2026-05-18 19:24:00,0.00208,0.00235,0.00321,0.00258
2026-05-18 20:24:00,0.00295,0.00277,0.00388,0.0029
2026-05-18 21:24:00,0.00248,0.00248,0.00532,0.00297
2026-05-18 22:24:00,0.00213,0.00236,0.0035,0.00255
2026-05-18 23:24:00,0.0022,0.00233,0.00512,0.00255
2026-05-19 00:24:00,0.00209,0.00232,0.00385,0.00274
2026-05-19 01:24:00,0.00194,0.00219,0.00339,0.00205
2026-05-19 02:24:00,0.0021,0.00235,0.00322,0.00244
2026-05-19 03:24:00,0.00788,0.00895,0.01586,0.0092
2026-05-19 04:24:00,0.00923,0.00893,0.01748,0.01053
2026-05-19 05:24:00,0.00841,0.00909,0.01658,0.00854
2026-05-19 06:24:00,0.00643,0.00962,0.01364,0.00714
2026-05-19 07:24:00,0.07736,0.07571,0.12883,0.05182
2026-05-19 08:24:00,0.08419,0.06045,0.11365,0.05637
2026-05-19 09:24:00,0.06111,0.05757,0.12151,0.05494
2026-05-19 10:24:00,0.08932,0.07394,0.11579,0.05776
2026-05-19 11:24:00,0.11117,0.09285,0.1176,0.07261
2026-05-19 12:24:00,0.10998,0.08197,0.11408,0.06296
2026-05-19 13:24:00,0.10082,0.09979,0.1198,0.06512
2026-05-19 14:24:00,0.07686,0.0741,0.12136,0.06173
2026-05-19 15:24:00,0.11612,0.08963,0.11831,0.07747
2026-05-19 16:24:00,0.08569,0.08091,0.11849,0.07162
2026-05-19 17:24:00,0.0994,0.08969,0.11522,0.06709
2026-05-19 18:24:00,0.07478,0.06355,0.13394,0.05728
2026-05-19 19:24:00,0.08031,0.06027,0.14654,0.07346
2026-05-19 20:24:00,0.07727,0.06515,0.13616,0.06332
2026-05-19 21:24:00,0.09482,0.08475,0.11095,0.06238
2026-05-19 22:24:00,0.12929,0.12429,0.12881,0.08436
2026-05-19 23:24:00,0.11633,0.10092,0.13247,0.08735
2026-05-20 00:24:00,0.11339,0.0971,0.12493,0.07674
2026-05-20 01:24:00,0.09523,0.08384,0.11462,0.06215
2026-05-20 02:24:00,0.07886,0.06437,0.12189,0.06646
2026-05-20 03:24:00,0.08703,0.06652,0.12729,0.06449
2026-05-20 04:24:00,0.07963,0.05739,0.11219,0.06053
2026-05-20 05:24:00,0.08984,0.06695,0.11756,0.06127
2026-05-20 06:24:00,0.09099,0.06159,0.14677,0.07195
2026-05-20 07:24:00,0.0561,0.06598,0.12803,0.06093
2026-05-20 08:24:00,0.07531,0.05741,0.14991,0.06896
2026-05-20 09:24:00,0.05513,0.05475,0.11099,0.05417
2026-05-20 10:24:00,0.06683,0.05415,0.136,0.0637
2026-05-20 11:24:00,0.08119,0.06817,0.1296,0.06951
2026-05-20 12:24:00,0.05616,0.04894,0.14512,0.05953
2026-05-20 13:24:00,0.06443,0.05488,0.12688,0.06127
2026-05-20 14:24:00,0.05927,0.05438,0.12114,0.06269
2026-05-20 15:24:00,0.06761,0.06262,0.13335,0.06383
2026-05-20 16:24:00,0.07619,0.06331,0.12029,0.06234
2026-05-20 17:24:00,0.07121,0.05949,0.13777,0.07023
2026-05-20 18:24:00,0.06354,0.04541,0.13829,0.07199
2026-05-20 19:24:00,0.07579,0.06076,0.12901,0.06805
2026-05-20 20:24:00,0.07294,0.05513,0.12542,0.06255
2026-05-20 21:24:00,0.0579,0.05067,0.13519,0.06382
2026-05-20 22:24:00,0.08145,0.0654,0.13009,0.07739
2026-05-20 23:24:00,0.05676,0.05174,0.1318,0.05766
2026-05-21 00:24:00,0.05602,0.03858,0.12031,0.05818
2026-05-21 01:24:00,0.08218,0.05378,0.12241,0.07946
2026-05-21 02:24:00,0.06959,0.06492,0.11985,0.06856
2026-05-21 03:24:00,0.09388,0.06851,0.12163,0.08029
2026-05-21 04:24:00,0.06621,0.05728,0.11116,0.0579
2026-05-21 05:24:00,0.06456,0.06266,0.13888,0.06326
2026-05-21 06:24:00,0.06136,0.05531,0.13107,0.06216
2026-05-21 07:24:00,0.07092,0.05781,0.12475,0.0628
2026-05-21 08:24:00,0.11686,0.10195,0.12597,0.08012
2026-05-21 09:24:00,0.06852,0.0598,0.12361,0.0619
2026-05-21 10:24:00,0.06725,0.05791,0.11789,0.06299
2026-05-21 11:24:00,0.08084,0.06733,0.14958,0.07599
2026-05-21 12:24:00,0.08058,0.0626,0.13136,0.07475
2026-05-21 13:24:00,0.07075,0.06966,0.09988,0.06442
2026-05-21 14:24:00,0.08279,0.06235,0.1705,0.07618
2026-05-21 15:24:00,0.07592,0.05981,0.17029,0.08421
2026-05-21 16:24:00,0.07986,0.0825,0.16253,0.06945
2026-05-21 17:24:00,0.08347,0.06374,0.14591,0.07583
2026-05-21 18:24:00,0.08757,0.06902,0.1243,0.07508
2026-05-21 19:24:00,0.08875,0.06926,0.11224,0.06779
2026-05-21 20:24:00,0.06945,0.0566,0.12563,0.06008
2026-05-21 21:24:00,0.07537,0.06854,0.13663,0.07276
2026-05-21 22:24:00,0.06944,0.05617,0.13168,0.06497
2026-05-21 23:24:00,0.05217,0.05545,0.1204,0.05792
2026-05-22 00:24:00,0.06239,0.04987,0.1281,0.06095
2026-05-22 01:24:00,0.09166,0.06279,0.10576,0.06475
2026-05-22 02:24:00,0.10553,0.08423,0.12467,0.06976
2026-05-22 03:24:00,0.14247,0.12167,0.14184,0.09531
2026-05-22 04:24:00,0.09066,0.06966,0.11419,0.06236
2026-05-22 05:24:00,0.09941,0.0783,0.11994,0.06554
2026-05-22 06:24:00,0.06871,0.05411,0.12345,0.0581
2026-05-22 07:24:00,0.06983,0.06052,0.14784,0.07175
2026-05-22 08:24:00,0.06453,0.04364,0.14095,0.06338
2026-05-22 09:24:00,0.08832,0.06845,0.11643,0.07536
2026-05-22 10:24:00,0.06679,0.05446,0.16264,0.06715
2026-05-22 11:24:00,0.05338,0.05269,0.13408,0.05809
2026-05-22 12:24:00,0.08734,0.06253,0.12208,0.07596
2026-05-22 13:24:00,0.05744,0.05732,0.16212,0.06505
2026-05-22 14:24:00,0.0671,0.05818,0.14059,0.06671
2026-05-22 15:24:00,0.09138,0.07043,0.13055,0.07216
2026-05-22 16:24:00,0.06749,0.05117,0.14376,0.06548
2026-05-22 17:24:00,0.07956,0.05202,0.15453,0.07723
2026-05-22 18:24:00,0.07401,0.06231,0.11985,0.07056
2026-05-22 19:24:00,0.08489,0.06426,0.11141,0.06676
2026-05-22 20:24:00,0.07958,0.06285,0.12502,0.06417
2026-05-22 21:24:00,0.06084,0.0529,0.13573,0.05817
2026-05-22 22:24:00,0.07879,0.06076,0.11714,0.06658
2026-05-22 23:24:00,0.07829,0.06145,0.12092,0.06964
2026-05-23 00:24:00,0.07279,0.07989,0.13799,0.07542
2026-05-23 01:24:00,0.06855,0.0576,0.14642,0.06474
2026-05-23 02:24:00,0.06858,0.05264,0.15469,0.07181
2026-05-23 03:24:00,0.06934,0.06474,0.13461,0.06973
2026-05-23 04:24:00,0.0668,0.06037,0.10996,0.05621
2026-05-23 05:24:00,0.09402,0.07319,0.10578,0.07203
2026-05-23 06:24:00,0.07749,0.07181,0.13298,0.06754
2026-05-23 07:24:00,0.0645,0.06077,0.15755,0.06684
2026-05-23 08:24:00,0.06848,0.061,0.1128,0.05987
2026-05-23 09:24:00,0.06125,0.05458,0.14445,0.06047
2026-05-23 10:24:00,0.08149,0.07492,0.09939,0.06035
2026-05-23 11:24:00,0.07596,0.06594,0.10805,0.0581
2026-05-23 12:24:00,0.07767,0.06019,0.13232,0.06625
2026-05-23 13:24:00,0.07624,0.04929,0.13133,0.05979
2026-05-23 14:24:00,0.06973,0.06206,0.12704,0.06287
2026-05-23 15:24:00,0.05372,0.04504,0.12365,0.05536
2026-05-23 16:24:00,0.07322,0.06165,0.10785,0.05437
2026-05-23 17:24:00,0.06839,0.05613,0.1608,0.06852
2026-05-23 18:24:00,0.06707,0.05168,0.13355,0.06499
2026-05-23 19:24:00,0.07817,0.06293,0.12005,0.06304
2026-05-23 20:24:00,0.06979,0.06091,0.11848,0.05907
2026-05-23 21:24:00,0.06779,0.0594,0.13123,0.06863
2026-05-23 22:24:00,0.0791,0.05767,0.13261,0.07295
2026-05-23 23:24:00,0.07768,0.06873,0.12648,0.07524
2026-05-24 00:24:00,0.07761,0.07333,0.12585,0.06937
2026-05-24 01:24:00,0.09475,0.0674,0.12426,0.08561
2026-05-24 02:24:00,0.09383,0.07286,0.13869,0.08167
2026-05-24 03:24:00,0.07596,0.05266,0.13781,0.06433
2026-05-24 04:24:00,0.08382,0.06349,0.12619,0.07495
2026-05-24 05:24:00,0.06303,0.05252,0.11297,0.06122
2026-05-24 06:24:00,0.08433,0.06445,0.13542,0.07301
2026-05-24 07:24:00,0.07205,0.04894,0.12947,0.06391
2026-05-24 08:24:00,0.07275,0.05791,0.13487,0.07613
2026-05-24 09:24:00,0.10038,0.06481,0.12228,0.07737
2026-05-24 10:24:00,0.08386,0.05852,0.10774,0.06191
2026-05-24 11:24:00,0.07872,0.05517,0.14079,0.06339
2026-05-24 12:24:00,0.07853,0.07314,0.13541,0.06938
2026-05-24 13:24:00,0.07818,0.05708,0.14778,0.06854
2026-05-24 14:24:00,0.07365,0.06545,0.11755,0.06403
2026-05-24 15:24:00,0.09475,0.06732,0.10693,0.07641
2026-05-24 16:24:00,0.11208,0.09152,0.13206,0.07878
2026-05-24 17:24:00,0.08936,0.07432,0.10923,0.06876
2026-05-24 18:24:00,0.08814,0.05901,0.10857,0.06072
2026-05-24 19:24:00,0.05913,0.05185,0.1507,0.06102
2026-05-24 20:24:00,0.07374,0.0648,0.12308,0.06254
2026-05-24 21:24:00,0.07535,0.06472,0.12152,0.0643
2026-05-24 22:24:00,0.08151,0.06161,0.10546,0.05926
2026-05-24 23:24:00,0.07614,0.05723,0.10939,0.06271
2026-05-25 00:24:00,0.06585,0.05419,0.11417,0.06035
2026-05-25 01:24:00,0.072,0.06114,0.12029,0.06373
2026-05-25 02:24:00,0.08706,0.08097,0.11328,0.06696
2026-05-25 03:24:00,0.06883,0.07471,0.14027,0.06486
2026-05-25 04:24:00,0.07931,0.0582,0.12339,0.07279
2026-05-25 05:24:00,0.07894,0.06924,0.10753,0.06731
2026-05-25 06:24:00,0.08087,0.05481,0.11087,0.06564
2026-05-25 07:24:00,0.08075,0.07977,0.11605,0.06933
2026-05-25 08:24:00,0.07273,0.06121,0.13335,0.06062
2026-05-25 09:24:00,0.09554,0.07101,0.11908,0.07209
2026-05-25 10:24:00,0.08475,0.05511,0.11008,0.06218
2026-05-25 11:24:00,0.08593,0.07923,0.14819,0.075
2026-05-25 12:24:00,0.11841,0.10399,0.1004,0.06945
2026-05-25 13:24:00,0.12572,0.1054,0.12425,0.07726
2026-05-25 14:24:00,0.11145,0.15434,0.12056,0.08386
2026-05-25 15:24:00,0.07677,0.05951,0.12947,0.0703
2026-05-25 16:24:00,0.05571,0.04867,0.14628,0.06683
2026-05-25 17:24:00,0.07654,0.05654,0.12746,0.06316
2026-05-25 18:24:00,0.07433,0.07348,0.11663,0.06648
2026-05-25 19:24:00,0.09358,0.06102,0.1191,0.06986
2026-05-25 20:24:00,0.07657,0.07404,0.1455,0.07609
2026-05-25 21:24:00,0.06972,0.06027,0.144,0.06463
2026-05-25 22:24:00,0.06459,0.05174,0.12204,0.0608
2026-05-25 23:24:00,0.07556,0.06516,0.14065,0.06908
2026-05-26 00:24:00,0.06541,0.05723,0.14859,0.06343
2026-05-26 01:24:00,0.0807,0.06756,0.12428,0.06721
2026-05-26 02:24:00,0.08352,0.07211,0.13606,0.06812
2026-05-26 03:24:00,0.0634,0.05885,0.12791,0.06192
2026-05-26 04:24:00,0.06534,0.06299,0.11854,0.06179
2026-05-26 05:24:00,0.11294,0.08053,0.13837,0.08983
2026-05-26 06:24:00,0.07368,0.0672,0.11572,0.06505
2026-05-26 07:24:00,0.07837,0.07371,0.11252,0.06458
2026-05-26 08:24:00,0.07466,0.06199,0.15762,0.0672
2026-05-26 09:24:00,0.07717,0.07037,0.13066,0.07143
2026-05-26 10:24:00,0.07016,0.06813,0.13263,0.07067
2026-05-26 11:24:00,0.08587,0.05132,0.13727,0.07342
2026-05-26 12:24:00,0.06948,0.06346,0.13898,0.07168
2026-05-26 13:24:00,0.07954,0.05878,0.12514,0.0667
2026-05-26 14:24:00,0.07341,0.05834,0.1704,0.07719
2026-05-26 15:24:00,0.07857,0.0551,0.13605,0.07209
2026-05-26 16:24:00,0.07556,0.05716,0.13134,0.08256
2026-05-26 17:24:00,0.07572,0.05363,0.14514,0.07195
2026-05-26 18:24:00,0.09152,0.0746,0.11281,0.0714
2026-05-26 19:24:00,0.07089,0.06914,0.1277,0.06726
2026-05-26 20:24:00,0.09929,0.06879,0.13783,0.07362
2026-05-26 21:24:00,0.08662,0.06112,0.14087,0.07676
2026-05-26 22:24:00,0.07934,0.05123,0.14018,0.06262
2026-05-26 23:24:00,0.08583,0.07432,0.12114,0.06988
2026-05-27 00:24:00,0.08453,0.06537,0.11327,0.06844
2026-05-27 01:24:00,0.06984,0.05766,0.13462,0.06382
2026-05-27 02:24:00,0.07246,0.05435,0.14871,0.06634
2026-05-27 03:24:00,0.08114,0.06148,0.12332,0.06559
2026-05-27 04:24:00,0.09795,0.06497,0.13503,0.08229
2026-05-27 05:24:00,0.0747,0.07039,0.15662,0.07268
2026-05-27 06:24:00,0.0793,0.07096,0.13053,0.07122
2026-05-27 07:24:00,0.09457,0.07772,0.12166,0.07885
2026-05-27 08:24:00,0.09773,0.08244,0.11857,0.07576
2026-05-27 09:24:00,0.07435,0.05257,0.11337,0.06324
2026-05-27 10:24:00,0.09469,0.06158,0.11301,0.07771
2026-05-27 11:24:00,0.07608,0.05679,0.1151,0.06527
2026-05-27 12:24:00,0.0704,0.06233,0.13058,0.06334
2026-05-27 13:24:00,0.06665,0.05399,0.13476,0.06479
2026-05-27 14:24:00,0.0794,0.05717,0.11554,0.06453
2026-05-27 15:24:00,0.0977,0.09279,0.11471,0.07295
2026-05-27 16:24:00,0.12071,0.07486,0.11944,0.0854
2026-05-27 17:24:00,0.08201,0.06413,0.12614,0.06389
2026-05-27 18:24:00,0.054,0.04982,0.17122,0.06318
2026-05-27 19:24:00,0.0748,0.05401,0.12957,0.06661
2026-05-27 20:24:00,0.11154,0.08023,0.12165,0.08317
2026-05-27 21:24:00,0.06472,0.05695,0.11659,0.05591
2026-05-27 22:24:00,0.07643,0.07711,0.1225,0.0645
2026-05-27 23:24:00,0.08521,0.07851,0.12415,0.06402
2026-05-28 00:24:00,0.07879,0.06663,0.11898,0.06208
2026-05-28 01:24:00,0.07235,0.06192,0.1294,0.06057
2026-05-28 02:24:00,0.08504,0.07328,0.12724,0.07171
2026-05-28 03:24:00,0.06762,0.06492,0.12529,0.06336
2026-05-28 04:24:00,0.0716,0.06622,0.13032,0.06403
2026-05-28 05:24:00,0.07948,0.0607,0.13021,0.06594
2026-05-28 06:24:00,0.06264,0.0654,0.1254,0.0603
2026-05-28 07:24:00,0.07666,0.06912,0.12056,0.06424
2026-05-28 08:24:00,0.09564,0.0852,0.13053,0.07135
2026-05-28 09:24:00,0.07912,0.06719,0.13643,0.06627
2026-05-28 10:24:00,0.07108,0.08523,0.13646,0.069
2026-05-28 11:24:00,0.07409,0.06931,0.11466,0.05784
2026-05-28 12:24:00,0.09964,0.07456,0.12303,0.07205
2026-05-28 13:24:00,0.10365,0.07867,0.13249,0.07707
2026-05-28 14:24:00,0.10307,0.07709,0.11213,0.06383
2026-05-28 15:24:00,0.13207,0.12563,0.12121,0.08683
2026-05-28 16:24:00,0.14009,0.12664,0.12175,0.0798
2026-05-28 17:24:00,0.16014,0.15281,0.12551,0.09147
2026-05-28 18:24:00,0.15664,0.118,0.13534,0.09079
2026-05-28 19:24:00,0.13835,0.1211,0.11496,0.07364
2026-05-28 20:24:00,0.1201,0.11256,0.12721,0.07134
2026-05-28 21:24:00,0.11239,0.12664,0.12101,0.07289
2026-05-28 22:24:00,0.12744,0.10795,0.11686,0.07527
2026-05-28 23:24:00,0.07893,0.06961,0.12328,0.05674
2026-05-29 00:24:00,0.08304,0.06841,0.13858,0.06509
2026-05-29 01:24:00,0.06924,0.05728,0.13976,0.06375
2026-05-29 02:24:00,0.06718,0.06076,0.11513,0.05535
2026-05-29 03:24:00,0.09806,0.09281,0.11893,0.06758
2026-05-29 04:24:00,0.07828,0.09287,0.14177,0.07033
2026-05-29 05:24:00,0.08464,0.07841,0.13495,0.0718
2026-05-29 06:24:00,0.0882,0.07457,0.13043,0.08009
2026-05-29 07:24:00,0.08497,0.09256,0.12209,0.06534
2026-05-29 08:24:00,0.08191,0.07217,0.11694,0.05962
2026-05-29 09:24:00,0.08166,0.08479,0.1259,0.06532
2026-05-29 10:24:00,0.08404,0.06214,0.13235,0.07487
2026-05-29 11:24:00,0.05844,0.05943,0.12694,0.0571
2026-05-29 12:24:00,0.08977,0.06186,0.1344,0.06848
2026-05-29 13:24:00,0.09306,0.07564,0.13514,0.071
2026-05-29 14:24:00,0.08751,0.06464,0.13788,0.07969
2026-05-29 15:24:00,0.0859,0.06693,0.13567,0.06779
2026-05-29 16:24:00,0.08179,0.07275,0.12608,0.06829
2026-05-29 17:24:00,0.0659,0.06409,0.12485,0.05845
2026-05-29 18:24:00,0.07922,0.06043,0.12557,0.06656
2026-05-29 19:24:00,0.07837,0.06641,0.13889,0.06533
2026-05-29 20:24:00,0.12677,0.11273,0.11422,0.07876
2026-05-29 21:24:00,0.11461,0.11308,0.11464,0.07627
2026-05-29 22:24:00,0.0032,0.0027,0.00884,0.00374
2026-05-29 23:24:00,0.00262,0.00354,0.00692,0.00297
2026-05-30 00:24:00,0.00317,0.00266,0.00639,0.00333
2026-05-30 01:24:00,0.003,0.00287,0.00592,0.00361
2026-05-30 02:24:00,0.00325,0.00284,0.00541,0.00315
2026-05-30 03:24:00,0.00289,0.00308,0.00435,0.00256
2026-05-30 04:24:00,0.00293,0.00312,0.005,0.00296
2026-05-30 05:24:00,0.00256,0.0028,0.00471,0.00294
2026-05-30 06:24:00,0.00232,0.0028,0.00378,0.00289
2026-05-30 07:24:00,0.00261,0.00351,0.00522,0.00282
2026-05-30 08:24:00,0.00235,0.0028,0.00289,0.0021
2026-05-30 09:24:00,0.00235,0.00258,0.00318,0.00229
2026-05-30 10:24:00,0.00226,0.00204,0.00389,0.00243
2026-05-30 11:24:00,0.00242,0.00243,0.00373,0.00255
2026-05-30 12:24:00,0.00226,0.00227,0.00434,0.00247
2026-05-30 13:24:00,0.00232,0.00324,0.00374,0.00231
2026-05-30 14:24:00,0.00227,0.00225,0.00401,0.00264
2026-05-30 15:24:00,0.00259,0.00363,0.00394,0.00205
2026-05-30 16:24:00,0.00243,0.00206,0.0046,0.0024
2026-05-30 17:24:00,0.00225,0.00234,0.00382,0.00218
2026-05-30 18:24:00,0.00322,0.00368,0.00575,0.00351
2026-05-30 19:24:00,0.09238,0.06834,0.10994,0.05296
2026-05-30 20:24:00,0.07274,0.05942,0.11738,0.05204
2026-05-30 21:24:00,0.06309,0.0635,0.12733,0.05252
2026-05-30 22:24:00,0.07251,0.0518,0.13078,0.05834
2026-05-30 23:24:00,0.09473,0.07219,0.1446,0.0843
2026-05-31 00:24:00,0.08724,0.08975,0.1222,0.06028
2026-05-31 01:24:00,0.09867,0.10793,0.13048,0.07495
2026-05-31 02:24:00,0.09356,0.07629,0.12492,0.06535
2026-05-31 03:24:00,0.08098,0.06718,0.13282,0.06526
2026-05-31 04:24:00,0.07427,0.06649,0.13346,0.06694
2026-05-31 05:24:00,0.08161,0.07087,0.17799,0.0777
2026-05-31 06:24:00,0.09406,0.0999,0.12245,0.07049
2026-05-31 07:24:00,0.08799,0.08524,0.13313,0.0611
2026-05-31 08:24:00,0.08856,0.06641,0.14208,0.07266
2026-05-31 09:24:00,0.09934,0.07454,0.12774,0.07976
2026-05-31 10:24:00,0.08057,0.05715,0.13327,0.07753
2026-05-31 11:24:00,0.08565,0.06905,0.12795,0.06992
2026-05-31 12:24:00,0.09617,0.08228,0.12153,0.06525
2026-05-31 13:24:00,0.08045,0.07039,0.11539,0.06088
2026-05-31 14:24:00,0.07441,0.05784,0.13476,0.06314
2026-05-31 15:24:00,0.08572,0.0466,0.13026,0.07007
2026-05-31 16:24:00,0.13362,0.10562,0.12591,0.08589
2026-05-31 17:24:00,0.13395,0.11444,0.11361,0.07949
2026-05-31 18:24:00,0.13561,0.12705,0.11939,0.07853
2026-05-31 19:24:00,0.00268,0.00313,0.00531,0.00293
2026-05-31 20:24:00,0.00225,0.00315,0.00465,0.00241
2026-05-31 21:24:00,0.00289,0.00287,0.00634,0.00276
2026-05-31 22:24:00,0.0025,0.00234,0.00541,0.00301
2026-05-31 23:24:00,0.00235,0.00288,0.00582,0.00252
2026-06-01 00:24:00,0.00223,0.00461,0.00481,0.00244
2026-06-01 01:24:00,0.00275,0.00232,0.0057,0.00242
2026-06-01 02:24:00,0.00189,0.00377,0.00483,0.00234
2026-06-01 03:24:00,0.00298,0.00259,0.00546,0.00284
2026-06-01 04:24:00,0.00231,0.0031,0.00517,0.00262
2026-06-01 05:24:00,0.0021,0.00317,0.00488,0.00246
2026-06-01 06:24:00,0.00218,0.00349,0.00488,0.00216
2026-06-01 07:24:00,0.00286,0.00234,0.00531,0.00302
2026-06-01 08:24:00,0.00254,0.00271,0.00466,0.00262
2026-06-01 09:24:00,0.00241,0.0027,0.0054,0.00258
2026-06-01 10:24:00,0.00217,0.00275,0.00419,0.00246
2026-06-01 11:24:00,0.00228,0.00222,0.00355,0.00202
