DateTime,10RH-T,10RV-T,11RH-T,11RV-T,1RV-T,2RH-T,5RV-T,9RV-T
2026-05-01 11:04:00,0.14495,0.22473,0.18289,0.15986,0.19898,0.23097,0.36736,0.11761
2026-05-01 12:04:00,0.12278,0.1792,0.15617,0.1342,0.1963,0.22669,0.3713,0.12698
2026-05-01 13:04:00,0.16955,0.26108,0.19521,0.15497,0.18685,0.20747,0.39142,0.13719
2026-05-01 14:04:00,0.17675,0.2913,0.19057,0.14896,0.18859,0.19967,0.38857,0.13562
2026-05-01 15:04:00,0.15185,0.25524,0.22143,0.18961,0.18826,0.2104,0.37316,0.12088
2026-05-01 16:04:00,0.12544,0.21166,0.1686,0.14701,0.19468,0.23156,0.36468,0.11287
2026-05-01 17:04:00,0.14811,0.24741,0.18976,0.15112,0.19379,0.22497,0.3781,0.1193
2026-05-01 18:04:00,0.14379,0.2283,0.19689,0.16448,0.19816,0.23341,0.36853,0.11462
2026-05-01 19:04:00,0.17469,0.26308,0.19722,0.16351,0.1978,0.22526,0.38446,0.13359
2026-05-01 20:04:00,0.14355,0.226,0.22111,0.1749,0.19589,0.21968,0.37728,0.12744
2026-05-01 21:04:00,0.16654,0.28747,0.2345,0.19172,0.18962,0.22216,0.37065,0.12223
2026-05-01 22:04:00,0.14484,0.20737,0.16622,0.14838,0.19079,0.22964,0.36799,0.11307
2026-05-01 23:04:00,0.17636,0.29338,0.22674,0.18023,0.19767,0.22713,0.37579,0.12955
2026-05-02 00:04:00,0.15653,0.24315,0.22548,0.18037,0.18682,0.211,0.38338,0.13975
2026-05-02 01:04:00,0.1617,0.24476,0.17751,0.14343,0.18863,0.20671,0.38267,0.13916
2026-05-02 02:04:00,0.11582,0.19844,0.19135,0.15486,0.18651,0.2098,0.36746,0.12094
2026-05-02 03:04:00,0.16699,0.2647,0.24768,0.20797,0.18874,0.22386,0.37041,0.12091
2026-05-02 04:04:00,0.14401,0.22482,0.17445,0.14246,0.18831,0.21965,0.37942,0.12447
2026-05-02 05:04:00,0.17902,0.29031,0.2132,0.18025,0.18554,0.21377,0.38513,0.14345
2026-05-02 06:04:00,0.15258,0.22435,0.19358,0.16134,0.19405,0.21278,0.37008,0.12185
2026-05-02 07:04:00,0.15774,0.25759,0.1744,0.15943,0.19361,0.2249,0.36549,0.12132
2026-05-02 08:04:00,0.14164,0.24275,0.16678,0.13572,0.19505,0.23754,0.35638,0.11584
2026-05-02 09:04:00,0.13117,0.21591,0.15751,0.13259,0.19499,0.22651,0.3641,0.11338
2026-05-02 10:04:00,0.16126,0.24629,0.21632,0.17907,0.19893,0.22862,0.37071,0.1264
2026-05-02 11:04:00,0.13945,0.24332,0.19225,0.15168,0.19447,0.22241,0.37538,0.12616
2026-05-02 12:04:00,0.15338,0.23208,0.16764,0.12539,0.18633,0.20749,0.37575,0.1332
2026-05-02 13:04:00,0.17872,0.28928,0.21592,0.18165,0.18699,0.20185,0.37206,0.13429
2026-05-02 14:04:00,0.16022,0.2649,0.20653,0.16503,0.18917,0.21266,0.37867,0.12686
2026-05-02 15:04:00,0.10923,0.20096,0.13848,0.12373,0.18566,0.21987,0.36552,0.12037
2026-05-02 16:04:00,0.16231,0.23941,0.21022,0.18902,0.18499,0.21513,0.38014,0.12995
2026-05-02 17:04:00,0.12126,0.20329,0.16298,0.13696,0.18795,0.20754,0.37981,0.12414
2026-05-02 18:04:00,0.11844,0.20199,0.14627,0.13725,0.19375,0.22333,0.35749,0.111
2026-05-02 19:04:00,0.11398,0.19481,0.14475,0.14052,0.1904,0.22905,0.36169,0.1167
2026-05-02 20:04:00,0.13687,0.19155,0.18149,0.13628,0.17399,0.20824,0.3882,0.13157
2026-05-02 21:04:00,0.14289,0.22657,0.18549,0.14298,0.17419,0.19539,0.3871,0.13271
2026-05-02 22:04:00,0.16262,0.2553,0.17434,0.14464,0.18007,0.19259,0.36777,0.12287
2026-05-02 23:04:00,0.13248,0.20597,0.16627,0.13278,0.18135,0.20265,0.36897,0.11929
2026-05-03 00:04:00,0.10663,0.18961,0.15399,0.1306,0.18216,0.20616,0.37066,0.11783
2026-05-03 01:04:00,0.13466,0.24106,0.1687,0.13134,0.1861,0.21467,0.36698,0.12362
2026-05-03 02:04:00,0.11111,0.17472,0.16662,0.14527,0.19782,0.2441,0.34978,0.11383
2026-05-03 03:04:00,0.11672,0.20037,0.16371,0.17354,0.19874,0.23504,0.35265,0.11142
2026-05-03 04:04:00,0.13321,0.24083,0.1792,0.15811,0.19279,0.22957,0.36884,0.11745
2026-05-03 05:04:00,0.13741,0.21511,0.19524,0.15732,0.18805,0.21759,0.37814,0.1348
2026-05-03 06:04:00,0.15834,0.25054,0.18606,0.15236,0.17612,0.19944,0.39039,0.13721
2026-05-03 07:04:00,0.16543,0.28581,0.18078,0.14501,0.17135,0.19222,0.39346,0.13837
2026-05-03 08:04:00,0.15041,0.2499,0.17933,0.15851,0.18588,0.21636,0.37043,0.12125
2026-05-03 09:04:00,0.14075,0.20851,0.16906,0.15668,0.19382,0.2331,0.36572,0.12142
2026-05-03 10:04:00,0.12008,0.1764,0.17191,0.14557,0.18992,0.22758,0.36798,0.11232
2026-05-03 11:04:00,0.13608,0.21519,0.16498,0.13013,0.19589,0.2217,0.36655,0.11615
2026-05-03 12:04:00,0.16198,0.23075,0.19534,0.15217,0.19188,0.21844,0.37329,0.13948
2026-05-03 13:04:00,0.16681,0.28555,0.21023,0.17002,0.18907,0.21206,0.37973,0.13394
2026-05-03 14:04:00,0.1551,0.24039,0.18946,0.14797,0.18893,0.20785,0.38289,0.13087
2026-05-03 15:04:00,0.16394,0.26508,0.20114,0.17057,0.18502,0.20721,0.37228,0.12618
2026-05-03 16:04:00,0.14254,0.22368,0.17193,0.14663,0.18783,0.21,0.37801,0.12721
2026-05-03 17:04:00,0.141,0.2102,0.19222,0.15764,0.19411,0.21487,0.37785,0.12463
2026-05-03 18:04:00,0.13818,0.20452,0.18033,0.16182,0.19504,0.21502,0.36917,0.11632
2026-05-03 19:04:00,0.15804,0.24838,0.1468,0.11034,0.18726,0.21239,0.37268,0.12566
2026-05-03 20:04:00,0.14691,0.21351,0.16086,0.13422,0.18712,0.21365,0.36981,0.12334
2026-05-03 21:04:00,0.14406,0.22276,0.15133,0.13382,0.18517,0.20796,0.36596,0.12213
2026-05-03 22:04:00,0.15347,0.2324,0.16363,0.14283,0.19001,0.2071,0.36322,0.12227
2026-05-03 23:04:00,0.16885,0.24602,0.20655,0.17386,0.18396,0.2044,0.36801,0.12499
2026-05-04 00:04:00,0.11986,0.16616,0.1567,0.14155,0.18873,0.21099,0.36318,0.11301
2026-05-04 01:04:00,0.12998,0.20806,0.17425,0.14393,0.19786,0.22346,0.36282,0.12285
2026-05-04 02:04:00,0.11729,0.22691,0.17486,0.14149,0.19866,0.23508,0.35386,0.11581
2026-05-04 03:04:00,0.13391,0.21767,0.15175,0.13509,0.19827,0.2322,0.36607,0.11233
2026-05-04 04:04:00,0.14578,0.21273,0.17516,0.14091,0.18889,0.22149,0.37869,0.12498
2026-05-04 05:04:00,0.16337,0.2266,0.16812,0.13578,0.18504,0.21345,0.38083,0.13162
2026-05-04 06:04:00,0.15709,0.23787,0.18403,0.14545,0.17586,0.20661,0.38497,0.14067
2026-05-04 07:04:00,0.14228,0.24855,0.15716,0.13564,0.17978,0.19749,0.37417,0.1329
2026-05-04 08:04:00,0.09829,0.2084,0.16848,0.14447,0.19412,0.25174,0.33838,0.11516
2026-05-04 09:04:00,0.14344,0.23939,0.17545,0.15089,0.1985,0.23253,0.36914,0.11654
2026-05-04 10:04:00,0.11586,0.20366,0.20232,0.14528,0.19971,0.23407,0.35719,0.11482
2026-05-04 11:04:00,0.12147,0.2128,0.17954,0.1406,0.19904,0.23204,0.36554,0.11207
2026-05-04 12:04:00,0.15029,0.26433,0.16975,0.1467,0.19549,0.22441,0.37867,0.13145
2026-05-04 13:04:00,0.14307,0.23651,0.16111,0.14214,0.19292,0.21681,0.37861,0.12762
2026-05-04 14:04:00,0.12091,0.2019,0.16147,0.13606,0.19328,0.2158,0.36986,0.11741
2026-05-04 15:04:00,0.138,0.22928,0.16998,0.1507,0.18909,0.21856,0.37026,0.11492
2026-05-04 16:04:00,0.12962,0.23089,0.17364,0.14643,0.1928,0.21978,0.38104,0.12936
2026-05-04 17:04:00,0.15365,0.21711,0.17695,0.15208,0.19182,0.20797,0.37963,0.12987
2026-05-04 18:04:00,0.1911,0.32022,0.21295,0.17386,0.1966,0.21329,0.37948,0.13685
2026-05-04 19:04:00,0.14785,0.25873,0.15916,0.12731,0.19493,0.2286,0.35155,0.11273
2026-05-04 20:04:00,0.17343,0.26696,0.23817,0.19451,0.19099,0.22401,0.37632,0.13163
2026-05-04 21:04:00,0.11618,0.20094,0.16709,0.13393,0.18987,0.22038,0.3731,0.13551
2026-05-04 22:04:00,0.19734,0.28365,0.21326,0.15922,0.17978,0.20543,0.37693,0.14078
2026-05-04 23:04:00,0.17118,0.25762,0.20376,0.1655,0.18858,0.20317,0.37986,0.13344
2026-05-05 00:04:00,0.11764,0.19567,0.15753,0.12718,0.19091,0.21792,0.35942,0.11361
2026-05-05 01:04:00,0.17556,0.26683,0.19578,0.16276,0.19233,0.22094,0.36795,0.12975
2026-05-05 02:04:00,0.15332,0.2327,0.19969,0.15279,0.18564,0.21447,0.37973,0.1331
2026-05-05 03:04:00,0.14856,0.20024,0.18897,0.15916,0.18073,0.20634,0.39027,0.13964
2026-05-05 04:04:00,0.1485,0.2462,0.19267,0.16016,0.16886,0.19491,0.38746,0.13421
2026-05-05 05:04:00,0.1235,0.17147,0.13393,0.12017,0.18388,0.20523,0.37214,0.11706
2026-05-05 06:04:00,0.14625,0.23336,0.18499,0.15915,0.17763,0.20061,0.38285,0.13724
2026-05-05 07:04:00,0.1297,0.22519,0.16745,0.12835,0.17855,0.19857,0.37598,0.13239
2026-05-05 08:04:00,0.11462,0.18167,0.163,0.13792,0.18659,0.20242,0.36695,0.12597
2026-05-05 09:04:00,0.11118,0.14652,0.1421,0.12064,0.19325,0.22651,0.35851,0.11888
2026-05-05 10:04:00,0.16262,0.22155,0.18934,0.16306,0.19662,0.22576,0.36913,0.12313
2026-05-05 11:04:00,0.01063,0.00637,0.01389,0.01468,0.02288,0.01811,0.00587,0.01889
2026-05-05 12:04:00,0.01302,0.00677,0.01527,0.01431,0.03276,0.02475,0.00924,0.0185
2026-05-05 13:04:00,0.16883,0.27232,0.24361,0.19617,0.17555,0.18656,0.36773,0.13478
2026-05-05 14:04:00,0.13653,0.21419,0.16489,0.15116,0.18471,0.20237,0.35363,0.11723
2026-05-05 15:04:00,0.15868,0.24922,0.1776,0.14652,0.17988,0.20777,0.36717,0.1311
2026-05-05 16:04:00,0.16627,0.24305,0.19136,0.16181,0.18284,0.20853,0.36351,0.12506
2026-05-05 17:04:00,0.14197,0.19978,0.19258,0.15936,0.18862,0.20821,0.36918,0.13285
2026-05-05 18:04:00,0.1396,0.20378,0.18658,0.16184,0.18638,0.20424,0.36801,0.11923
2026-05-05 19:04:00,0.16947,0.2927,0.20668,0.17879,0.18701,0.21569,0.36487,0.12573
2026-05-05 20:04:00,0.12392,0.2043,0.19287,0.16244,0.18407,0.2091,0.37382,0.13028
2026-05-05 21:04:00,0.17254,0.32245,0.22148,0.17628,0.18106,0.20301,0.37288,0.13213
2026-05-05 22:04:00,0.14038,0.23556,0.20565,0.17171,0.18865,0.20709,0.37428,0.12528
2026-05-05 23:04:00,0.16247,0.24994,0.19016,0.15969,0.1818,0.20188,0.37741,0.13395
2026-05-06 00:04:00,0.13305,0.22183,0.1635,0.1449,0.18417,0.20166,0.36755,0.12319
2026-05-06 01:04:00,0.12451,0.18352,0.14996,0.14171,0.18128,0.19962,0.37342,0.12673
2026-05-06 02:04:00,0.19065,0.31825,0.2165,0.18396,0.18517,0.20193,0.37705,0.13948
2026-05-06 03:04:00,0.15754,0.23267,0.18865,0.15483,0.18593,0.19996,0.37248,0.13544
2026-05-06 04:04:00,0.15871,0.25082,0.21366,0.1718,0.18007,0.19987,0.37606,0.13564
2026-05-06 05:04:00,0.16582,0.26609,0.20454,0.16706,0.18365,0.2032,0.37005,0.13885
2026-05-06 06:04:00,0.14924,0.22908,0.18591,0.14447,0.1854,0.20387,0.36838,0.13726
2026-05-06 07:04:00,0.13479,0.22547,0.18749,0.15545,0.18729,0.20649,0.37622,0.12233
2026-05-06 08:04:00,0.14102,0.19675,0.17792,0.15788,0.18466,0.21598,0.35893,0.11633
2026-05-06 09:04:00,0.14094,0.23731,0.17939,0.15555,0.18814,0.21483,0.36539,0.12371
2026-05-06 10:04:00,0.15846,0.25397,0.18966,0.15015,0.18905,0.21804,0.37715,0.12714
2026-05-06 11:04:00,0.11465,0.19266,0.14708,0.11484,0.18381,0.21325,0.3773,0.11484
2026-05-06 12:04:00,0.16296,0.26792,0.19153,0.1585,0.18405,0.2095,0.37281,0.12365
2026-05-06 13:04:00,0.16266,0.25096,0.19202,0.15271,0.18924,0.21583,0.37282,0.12321
2026-05-06 14:04:00,0.14296,0.22739,0.19331,0.15282,0.19,0.21895,0.37544,0.11628
2026-05-06 15:04:00,0.16064,0.25116,0.17823,0.14913,0.18331,0.21294,0.3727,0.11988
2026-05-06 16:04:00,0.18258,0.26918,0.18813,0.14026,0.18645,0.21199,0.37388,0.12905
2026-05-06 17:04:00,0.18552,0.25921,0.21631,0.17696,0.19124,0.20593,0.38175,0.1418
2026-05-06 18:04:00,0.1605,0.235,0.21452,0.18217,0.20049,0.22405,0.37642,0.13
2026-05-06 19:04:00,0.1332,0.20603,0.15563,0.12555,0.18998,0.22398,0.36633,0.11421
2026-05-06 20:04:00,0.17266,0.28622,0.23271,0.17804,0.19285,0.21704,0.37292,0.13578
2026-05-06 21:04:00,0.13231,0.21711,0.18901,0.1514,0.1822,0.20381,0.38477,0.13255
2026-05-06 22:04:00,0.17382,0.27714,0.18657,0.16597,0.1854,0.19675,0.36558,0.12504
2026-05-06 23:04:00,0.12293,0.21208,0.19956,0.18525,0.19085,0.20822,0.36084,0.11716
2026-05-07 00:04:00,0.14014,0.21617,0.21691,0.1794,0.18765,0.21178,0.38431,0.13987
2026-05-07 01:04:00,0.17288,0.29463,0.19892,0.16618,0.18583,0.20424,0.37686,0.13117
2026-05-07 02:04:00,0.17656,0.27018,0.21063,0.17426,0.17747,0.19824,0.38787,0.14235
2026-05-07 03:04:00,0.16311,0.23208,0.19003,0.16122,0.17954,0.19611,0.38316,0.13982
2026-05-07 04:04:00,0.13178,0.23641,0.16909,0.13606,0.18685,0.20618,0.37096,0.11603
2026-05-07 05:04:00,0.12085,0.17131,0.1682,0.14215,0.18921,0.21292,0.3698,0.11535
2026-05-07 06:04:00,0.16738,0.26159,0.21051,0.1753,0.19045,0.21654,0.38026,0.12899
2026-05-07 07:04:00,0.14977,0.27438,0.16542,0.12754,0.19158,0.21948,0.37372,0.11787
2026-05-07 08:04:00,0.14495,0.22551,0.19328,0.16979,0.19845,0.22358,0.3634,0.11625
2026-05-07 09:04:00,0.1517,0.25666,0.19477,0.15114,0.19854,0.22782,0.37063,0.1202
2026-05-07 10:04:00,0.13649,0.22855,0.19555,0.15351,0.19645,0.22706,0.36414,0.1133
2026-05-07 11:04:00,0.1325,0.22286,0.18881,0.16968,0.20273,0.22488,0.37728,0.13208
2026-05-07 12:04:00,0.17564,0.26597,0.19546,0.17376,0.19432,0.2169,0.3749,0.13623
2026-05-07 13:04:00,0.14728,0.25029,0.23571,0.18347,0.19237,0.21299,0.3766,0.125
2026-05-07 14:04:00,0.14168,0.22694,0.18217,0.15238,0.1899,0.21627,0.3781,0.12996
2026-05-07 15:04:00,0.16488,0.22788,0.17437,0.13995,0.19008,0.20958,0.38625,0.13821
2026-05-07 16:04:00,0.13471,0.18223,0.17287,0.14176,0.18053,0.20403,0.38618,0.13423
2026-05-07 17:04:00,0.1448,0.20538,0.19788,0.15415,0.17928,0.20186,0.38426,0.13369
2026-05-07 18:04:00,0.12473,0.19771,0.18571,0.14319,0.19214,0.20086,0.37376,0.12923
2026-05-07 19:04:00,0.139,0.21515,0.18264,0.1323,0.1932,0.21654,0.36777,0.11741
2026-05-07 20:04:00,0.12789,0.21591,0.19976,0.16789,0.19096,0.21454,0.37863,0.13595
2026-05-07 21:04:00,0.12116,0.18356,0.16587,0.12481,0.18276,0.20506,0.3787,0.12784
2026-05-07 22:04:00,0.15929,0.22032,0.20228,0.15889,0.18344,0.20665,0.37985,0.13378
2026-05-07 23:04:00,0.14309,0.20927,0.19396,0.16166,0.18358,0.20002,0.37858,0.13381
2026-05-08 00:04:00,0.12983,0.22038,,0.16407,0.18985,0.22173,0.35885,0.11339
2026-05-08 01:04:00,0.15331,0.24194,,0.14846,0.18382,0.20901,0.37461,0.12643
2026-05-08 02:04:00,0.1636,0.23001,,0.14471,0.19356,0.21244,0.37556,0.13188
2026-05-08 03:04:00,0.15608,0.22454,,0.17226,0.19333,0.21368,0.38162,0.13369
2026-05-08 04:04:00,0.149,0.24095,,0.16709,0.19026,0.20889,0.37241,0.12454
2026-05-08 05:04:00,0.11419,0.18983,,0.14284,0.1866,0.20865,0.36534,0.11746
2026-05-08 06:04:00,0.13058,0.21039,,0.14311,0.19032,0.21584,0.36633,0.11602
2026-05-08 07:04:00,0.1335,0.21528,,0.13195,0.18389,0.21083,0.3771,0.12468
2026-05-08 08:04:00,0.14117,0.18505,,0.15088,0.18728,0.20592,0.37298,0.11935
2026-05-08 09:04:00,0.14557,0.18631,,0.13981,0.18676,0.20743,0.38736,0.14054
2026-05-08 10:04:00,0.15488,0.25715,,0.16592,0.19207,0.21106,0.37518,0.13696
2026-05-08 11:04:00,0.14444,0.23421,,0.13263,0.19384,0.21486,0.38642,0.13768
2026-05-08 12:04:00,0.12597,0.19131,,0.10819,0.19235,0.21103,0.37572,0.12565
2026-05-08 13:04:00,0.18303,0.26389,,0.1634,0.18871,0.20956,0.38791,0.13849
2026-05-08 14:04:00,0.12981,0.19835,,0.15597,0.18755,0.20897,0.38373,0.13059
2026-05-08 15:04:00,0.16834,0.29554,,0.18017,0.18672,0.20192,0.37733,0.132
2026-05-08 16:04:00,0.12353,0.21042,,0.122,0.19135,0.2104,0.37028,0.12624
2026-05-08 17:04:00,0.12259,0.19357,,0.13431,0.1837,0.21118,0.36917,0.12086
2026-05-08 18:04:00,0.14892,0.26563,,0.16143,0.18663,0.20921,0.3897,0.13426
2026-05-08 19:04:00,0.15743,0.2351,,0.17517,0.18176,0.19845,0.38513,0.1411
2026-05-08 20:04:00,0.13927,0.21054,,0.15632,0.1882,0.20546,0.37126,0.12322
2026-05-08 21:04:00,0.15857,0.24686,,0.16594,0.18236,0.20563,0.37746,0.13185
2026-05-08 22:04:00,0.14878,0.24079,,0.19689,0.18166,0.19961,0.3824,0.13586
2026-05-08 23:04:00,0.18075,0.31099,,0.19113,0.18225,0.19525,0.37862,0.13674
2026-05-09 00:04:00,0.18475,0.26159,,0.17002,0.17905,0.19823,0.38104,0.13408
2026-05-09 01:04:00,0.17668,0.25694,,0.17279,0.18425,0.202,0.37483,0.13751
2026-05-09 02:04:00,0.14766,0.22505,,0.16265,0.18228,0.2005,0.3841,0.13335
2026-05-09 03:04:00,0.14855,0.23007,,0.1406,0.18266,0.1929,0.38284,0.1338
2026-05-09 04:04:00,0.12722,0.24356,,0.13511,0.17853,0.19188,0.37155,0.1264
2026-05-09 05:04:00,0.16686,0.26298,,0.1541,0.17643,0.18843,0.36308,0.12923
2026-05-09 06:04:00,0.18054,0.23882,,0.13802,0.17702,0.19146,0.3688,0.13711
2026-05-09 07:04:00,0.16257,0.24566,,0.16389,0.17172,0.17999,0.38096,0.14663
2026-05-09 08:04:00,0.19559,0.29094,,0.15924,0.17727,0.18547,0.36475,0.13865
2026-05-09 09:04:00,0.127,0.19421,,0.14698,0.17771,0.19116,0.36417,0.12328
2026-05-09 10:04:00,0.13293,0.21962,,0.15007,0.18029,0.194,0.3724,0.12841
2026-05-09 11:04:00,0.18242,0.30125,,0.15242,0.18663,0.2054,0.36365,0.12696
2026-05-09 12:04:00,0.1642,0.25991,,0.16958,0.19102,0.20903,0.36832,0.13012
2026-05-09 13:04:00,0.15863,0.23827,,0.16451,0.19041,0.20599,0.37126,0.13866
2026-05-09 14:04:00,0.13227,0.24804,,0.14232,0.19161,0.21463,0.35171,0.12118
2026-05-09 15:04:00,0.15251,0.22219,,0.1722,0.19358,0.22591,0.36346,0.1106
2026-05-09 16:04:00,0.16221,0.25117,,0.18228,0.19332,0.22129,0.37289,0.13397
2026-05-09 17:04:00,0.14615,0.21392,,0.14239,0.19041,0.21468,0.37627,0.13043
2026-05-09 18:04:00,0.16561,0.25868,,0.15265,0.18741,0.21034,0.37237,0.12507
2026-05-09 19:04:00,0.12455,0.21736,,0.14742,0.18537,0.20722,0.36341,0.12045
2026-05-09 20:04:00,0.15848,0.2505,,0.18306,0.18721,0.20936,0.3793,0.13767
2026-05-09 21:04:00,0.1322,0.21473,,0.14038,0.18485,0.20998,0.37437,0.1253
2026-05-09 22:04:00,0.13603,0.21457,,0.13741,0.18328,0.19942,0.3705,0.12268
2026-05-09 23:04:00,0.14908,0.25718,,0.18908,0.18826,0.20808,0.3688,0.12646
2026-05-10 00:04:00,0.16087,0.22968,,0.19801,0.19202,0.20757,0.36555,0.12227
2026-05-10 01:04:00,0.14038,0.21888,,0.16295,0.18873,0.21493,0.3717,0.11815
2026-05-10 02:04:00,0.13667,0.22075,,0.1428,0.19022,0.20949,0.38302,0.13232
2026-05-10 03:04:00,0.14655,0.23564,,0.16389,0.18971,0.20589,0.37007,0.12677
2026-05-10 04:04:00,0.12775,0.20376,,0.15574,0.18446,0.2032,0.38339,0.12565
2026-05-10 05:04:00,0.15842,0.25158,,0.14051,0.18543,0.2019,0.37118,0.12374
2026-05-10 06:04:00,0.16938,0.25304,,0.2074,0.18582,0.20309,0.38162,0.13185
2026-05-10 07:04:00,0.1616,0.26139,,0.16314,0.18693,0.20269,0.37764,0.13429
2026-05-10 08:04:00,0.14902,0.21578,,0.1533,0.1786,0.19413,0.37506,0.13121
2026-05-10 09:04:00,0.15636,0.21101,,0.15142,0.18123,0.19646,0.37773,0.1332
2026-05-10 10:04:00,0.16791,0.27212,,0.13214,0.17746,0.19702,0.37878,0.14109
2026-05-10 11:04:00,0.12359,0.21053,,0.14941,0.18297,0.19842,0.37277,0.13074
2026-05-10 12:04:00,0.16999,0.24857,,0.15432,0.19041,0.20759,0.37365,0.13963
2026-05-10 13:04:00,0.17958,0.28501,,0.16257,0.18386,0.20287,0.37064,0.14206
2026-05-10 14:04:00,0.1367,0.20167,,0.14134,0.17354,0.19844,0.37968,0.1307
2026-05-10 15:04:00,0.1603,0.23805,,0.15337,0.18593,0.20257,0.38223,0.13531
2026-05-10 16:04:00,0.15558,0.25834,,0.17043,0.18983,0.20634,0.37456,0.1279
2026-05-10 17:04:00,0.12896,0.24116,,0.15103,0.18895,0.21832,0.36789,0.1243
2026-05-10 18:04:00,0.18845,0.27845,,0.15787,0.18556,0.21016,0.36933,0.12851
2026-05-10 19:04:00,0.15866,0.27259,,0.17428,0.18665,0.20906,0.37084,0.12835
2026-05-10 20:04:00,0.13715,0.23438,,0.16868,0.17682,0.20093,0.37528,0.13972
2026-05-10 21:04:00,0.1868,0.27829,,0.15579,0.18061,0.19611,0.3743,0.14254
2026-05-10 22:04:00,0.13623,0.22102,,0.12651,0.18338,0.19997,0.3702,0.12477
2026-05-10 23:04:00,0.13808,0.26009,,0.14022,0.18243,0.19902,0.38065,0.13532
2026-05-11 00:04:00,0.14429,0.22539,,0.17219,0.18878,0.20775,0.37591,0.13543
2026-05-11 01:04:00,0.16981,0.26988,,0.14078,0.1827,0.20732,0.38072,0.13595
2026-05-11 02:04:00,0.17909,0.28069,,0.16566,0.1808,0.20402,0.37713,0.14056
2026-05-11 03:04:00,0.11788,0.18555,,0.1262,0.18323,0.20363,0.3698,0.1282
2026-05-11 04:04:00,0.18616,0.25886,,0.14973,0.18054,0.2024,0.36755,0.13541
2026-05-11 05:04:00,0.1436,0.25117,,0.14841,0.18214,0.20587,0.37845,0.13052
2026-05-11 06:04:00,0.16936,0.26613,,0.16896,0.18344,0.2019,0.37554,0.13702
2026-05-11 07:04:00,0.15229,0.24322,,0.16977,0.18681,0.20498,0.37886,0.14076
2026-05-11 08:04:00,0.14114,0.20617,,0.1393,0.18932,0.20813,0.35828,0.12049
2026-05-11 09:04:00,0.12475,0.19957,,0.10905,0.18241,0.20912,0.37531,0.13854
2026-05-11 10:04:00,0.13923,0.21238,,0.14444,0.18052,0.20774,0.36762,0.13339
2026-05-11 11:04:00,0.1516,0.23122,,0.11912,0.18338,0.20308,0.37779,0.13004
2026-05-11 12:04:00,0.16426,0.25354,,0.18814,0.18274,0.19744,0.38718,0.14267
2026-05-11 13:04:00,0.14746,0.23467,,0.16833,0.19054,0.20239,0.36892,0.12801
2026-05-11 14:04:00,0.12027,0.20233,,0.13249,0.19626,0.21632,0.35415,0.11803
2026-05-11 15:04:00,0.10879,0.19944,,0.13418,0.18238,0.21222,0.37396,0.12049
2026-05-11 16:04:00,0.1774,0.29946,,0.17131,0.18184,0.21223,0.37468,0.13122
2026-05-11 17:04:00,0.15294,0.23388,,0.15904,0.18735,0.21098,0.36787,0.12451
2026-05-11 18:04:00,0.14627,0.19909,,0.14259,0.18608,0.21083,0.37274,0.13658
2026-05-11 19:04:00,0.14256,0.27274,,0.14217,0.18292,0.20493,0.37248,0.1291
2026-05-11 20:04:00,0.12426,0.19973,,0.13757,0.18504,0.2121,0.35038,0.1061
2026-05-11 21:04:00,0.11749,0.17915,,0.13212,0.18446,0.20999,0.35968,0.11041
2026-05-11 22:04:00,0.15935,0.2606,,0.15512,0.19206,0.20733,0.37406,0.12296
2026-05-11 23:04:00,0.15725,0.23555,,0.14672,0.18781,0.21509,0.36814,0.11454
2026-05-12 00:04:00,0.13905,0.21358,,0.14513,0.19121,0.21044,0.38949,0.12919
2026-05-12 01:04:00,0.14339,0.19986,,0.16358,0.18281,0.19914,0.38358,0.13003
2026-05-12 02:04:00,0.16553,0.26941,,0.18518,0.18265,0.20652,0.38021,0.13804
2026-05-12 03:04:00,0.14677,0.22428,,0.14764,0.17862,0.20046,0.37434,0.1285
2026-05-12 04:04:00,0.14824,0.2011,,0.15014,0.18278,0.19416,0.38385,0.13558
2026-05-12 05:04:00,0.15213,0.22256,,0.14396,0.17951,0.19164,0.37941,0.12687
2026-05-12 06:04:00,0.17101,0.26322,,0.17638,0.18171,0.2001,0.36838,0.12237
2026-05-12 07:04:00,0.13882,0.24434,,0.16312,0.18153,0.20018,0.37367,0.11971
2026-05-12 08:04:00,0.14007,0.19501,,0.14377,0.17918,0.20225,0.37923,0.13201
2026-05-12 09:04:00,0.15085,0.25559,,0.14537,0.18325,0.20313,0.38274,0.13301
2026-05-12 10:04:00,0.13587,0.22897,,0.13094,0.17952,0.20327,0.36712,0.12619
2026-05-12 11:04:00,0.11376,0.17765,,0.12443,0.17739,0.20636,0.36908,0.11201
2026-05-12 12:04:00,0.16471,0.24046,,0.163,0.18266,0.2071,0.37696,0.12852
2026-05-12 13:04:00,0.12358,0.22259,,0.11789,0.18151,0.2073,0.38049,0.1296
2026-05-12 14:04:00,0.18573,0.29073,,0.15611,0.18464,0.20377,0.37842,0.1368
2026-05-12 15:04:00,0.14997,0.241,,0.15141,0.18404,0.20397,0.37722,0.12719
2026-05-12 16:04:00,0.12833,0.22093,,0.14045,0.18899,0.20835,0.37751,0.12766
2026-05-12 17:04:00,0.15717,0.26038,,0.16393,0.18715,0.21563,0.37702,0.13049
2026-05-12 18:04:00,0.12368,0.19901,,0.12512,0.17899,0.21008,0.37897,0.1282
2026-05-12 19:04:00,0.16624,0.25958,,0.15585,0.17585,0.20453,0.37928,0.1313
2026-05-12 20:04:00,0.17991,0.27754,,0.18926,0.18086,0.20246,0.38295,0.13894
2026-05-12 21:04:00,0.14733,0.23961,,0.14314,0.17455,0.19526,0.38185,0.13488
2026-05-12 22:04:00,0.15904,0.2542,,0.1561,0.17847,0.19688,0.36215,0.11801
2026-05-12 23:04:00,0.13086,0.19484,,0.1519,0.17484,0.20372,0.37917,0.1343
2026-05-13 00:04:00,0.14167,0.2359,,0.12171,0.17469,0.201,0.37962,0.13096
2026-05-13 01:04:00,0.16062,0.23308,,0.13841,0.17981,0.20296,0.37157,0.12822
2026-05-13 02:04:00,0.153,0.23296,,0.14307,0.17785,0.20511,0.37827,0.13346
2026-05-13 03:04:00,0.13564,0.24233,,0.15815,0.17868,0.20344,0.38321,0.14153
2026-05-13 04:04:00,0.14967,0.20651,,0.13718,0.18335,0.20444,0.37417,0.12952
2026-05-13 05:04:00,0.14468,0.25166,,0.15418,0.18219,0.21133,0.36579,0.12707
2026-05-13 06:04:00,0.15497,0.22369,,0.16184,0.17586,0.20174,0.38254,0.13402
2026-05-13 07:04:00,0.15465,0.25809,,0.16239,0.17305,0.19548,0.38093,0.1389
2026-05-13 08:04:00,0.11356,0.20062,,0.15113,0.18581,0.20635,0.35947,0.11977
2026-05-13 09:04:00,0.14362,0.23028,,0.15988,0.18687,0.21873,0.36482,0.11848
2026-05-13 10:04:00,0.13646,0.23917,,0.14418,0.18043,0.21406,0.37157,0.13485
2026-05-13 11:04:00,0.1463,0.20063,,0.13993,0.18113,0.20957,0.36905,0.13056
2026-05-13 12:04:00,0.16865,0.26287,,0.05026,0.17343,0.19837,0.37484,0.1429
2026-05-13 13:04:00,0.15845,0.27654,,0.05229,0.18826,0.19885,0.37314,0.13521
2026-05-13 14:04:00,0.12477,0.1905,,0.0466,0.18161,0.20665,0.36753,0.12582
2026-05-13 15:04:00,0.13598,0.18006,,0.04407,0.18761,0.217,0.35667,0.11326
2026-05-13 16:04:00,0.10603,0.16766,,0.04123,0.1857,0.21743,0.35905,0.12021
2026-05-13 17:04:00,0.16683,0.25774,,0.05282,0.18968,0.21597,0.36808,0.13109
2026-05-13 18:04:00,0.15588,0.2271,,0.05544,0.18832,0.21696,0.37567,0.13793
2026-05-13 19:04:00,0.15951,0.24346,,0.05764,0.18224,0.2013,0.37095,0.13151
2026-05-13 20:04:00,0.15238,0.27824,,0.05292,0.18221,0.20072,0.36425,0.1297
2026-05-13 21:04:00,0.18795,0.30939,,0.05045,0.17965,0.20289,0.36724,0.13257
2026-05-13 22:04:00,0.15773,0.25977,,0.04949,0.1831,0.20448,0.36337,0.13001
2026-05-13 23:04:00,0.14259,0.21325,,0.05302,0.18016,0.20655,0.37045,0.13408
2026-05-14 00:04:00,0.13959,0.1982,,0.05787,0.17173,0.19723,0.38171,0.13335
2026-05-14 01:04:00,0.19019,0.28824,,0.06315,0.1724,0.19481,0.3864,0.14597
2026-05-14 02:04:00,0.18889,0.26006,,0.04886,0.17541,0.19108,0.37537,0.13895
2026-05-14 03:04:00,0.15639,0.24329,,0.05482,0.18077,0.1961,0.37428,0.13866
2026-05-14 04:04:00,0.17043,0.24837,,0.05913,0.1807,0.20187,0.37001,0.13854
2026-05-14 05:04:00,0.14917,0.23783,,0.05141,0.17534,0.19747,0.37054,0.13448
2026-05-14 06:04:00,0.16827,0.27823,,0.04855,0.18189,0.20483,0.3694,0.12606
2026-05-14 07:04:00,0.1743,0.25186,,0.05302,0.17518,0.20315,0.37268,0.13465
2026-05-14 08:04:00,0.19832,0.32007,,0.05684,0.17557,0.19622,0.37233,0.14051
2026-05-14 09:04:00,0.13975,0.24213,,0.04478,0.18506,0.20919,0.36295,0.12419
2026-05-14 10:04:00,0.1363,0.22966,,0.04932,0.1828,0.20938,0.37332,0.12832
2026-05-14 11:04:00,0.16618,0.26663,,0.049,0.18332,0.20751,0.36411,0.12252
2026-05-14 12:04:00,0.16234,0.24171,,0.05163,0.17871,0.20224,0.36608,0.13417
2026-05-14 13:04:00,0.14171,0.20708,,0.05219,0.18499,0.20935,0.36674,0.12491
2026-05-14 14:04:00,0.15885,0.25503,,0.06485,0.18225,0.20666,0.38177,0.14086
2026-05-14 15:04:00,0.13972,0.22057,,0.06003,0.17647,0.19823,0.37325,0.13515
2026-05-14 16:04:00,0.1584,0.24982,,0.05573,0.1851,0.20993,0.36393,0.12481
2026-05-14 17:04:00,0.1423,0.21973,,0.04886,0.18128,0.20894,0.37125,0.13027
2026-05-14 18:04:00,0.16613,0.24741,,0.06083,0.1788,0.20522,0.37687,0.1343
2026-05-14 19:04:00,0.17575,0.28285,,0.05619,0.17632,0.19986,0.37322,0.13627
2026-05-14 20:04:00,0.17168,0.26005,,0.0591,0.18294,0.20053,0.36702,0.12781
2026-05-14 21:04:00,0.12334,0.19648,,0.04866,0.18416,0.20485,0.34959,0.10953
2026-05-14 22:04:00,0.12076,0.18263,,0.04441,0.18768,0.22273,0.34208,0.10971
2026-05-14 23:04:00,0.12906,0.20829,,0.04825,0.18728,0.21493,0.35892,0.11311
2026-05-15 00:04:00,0.12477,0.19041,,0.04548,0.18049,0.20807,0.3713,0.12543
2026-05-15 01:04:00,0.15651,0.24741,,0.05014,0.18245,0.19889,0.36883,0.1275
2026-05-15 02:04:00,0.19546,0.30228,,0.0502,0.17612,0.19716,0.37404,0.13879
2026-05-15 03:04:00,0.1691,0.25739,,0.06404,0.18059,0.18903,0.37957,0.13797
2026-05-15 04:04:00,0.13879,0.21122,,0.04571,0.18187,0.19911,0.35283,0.11361
2026-05-15 05:04:00,0.13277,0.22384,,0.04366,0.19325,0.22497,0.34454,0.11331
2026-05-15 06:04:00,0.1822,0.31257,,0.04437,0.19185,0.22138,0.36476,0.1233
2026-05-15 07:04:00,0.16446,0.26972,,0.04669,0.18665,0.21385,0.36557,0.1335
2026-05-15 08:04:00,0.1203,0.19419,,0.04428,0.1798,0.20558,0.36748,0.13086
2026-05-15 09:04:00,0.15586,0.26261,,0.05471,0.17904,0.19736,0.3684,0.12855
2026-05-15 10:04:00,0.15428,0.24925,,0.0511,0.18783,0.21199,0.3517,0.11448
2026-05-15 11:04:00,0.1602,0.24521,,0.05049,0.18555,0.21556,0.37309,0.13262
2026-05-15 12:04:00,0.18699,0.30677,,0.04668,0.17961,0.19959,0.37006,0.13643
2026-05-15 13:04:00,0.12097,0.21824,,0.04432,0.17661,0.19211,0.36817,0.12745
2026-05-15 14:04:00,0.17718,0.3,,0.05244,0.17629,0.19506,0.37911,0.14383
2026-05-15 15:04:00,0.13354,0.21167,,0.04765,0.18069,0.19118,0.37059,0.1308
2026-05-15 16:04:00,0.11241,0.15456,,0.04936,0.17848,0.19653,0.37334,0.12288
2026-05-15 17:04:00,0.01267,0.00808,,0.0072,0.02687,0.02223,0.01293,0.02923
2026-05-15 18:04:00,0.15726,0.25402,,0.05284,0.18401,0.19998,0.34992,0.11767
2026-05-15 19:04:00,0.11193,0.17478,,0.04526,0.18399,0.20961,0.35273,0.11342
2026-05-15 20:04:00,0.13692,0.26501,,0.05107,0.17899,0.21048,0.37595,0.12647
2026-05-15 21:04:00,0.1429,0.23445,,0.04497,0.17989,0.20413,0.37328,0.12736
2026-05-15 22:04:00,0.14939,0.24722,,0.05068,0.17874,0.20366,0.37541,0.13213
2026-05-15 23:04:00,0.1529,0.27296,,0.0533,0.177,0.20046,0.37173,0.13023
2026-05-16 00:04:00,0.14772,0.24468,,0.05587,0.18122,0.1968,0.36942,0.12536
2026-05-16 01:04:00,0.16027,0.27294,,0.05871,0.18344,0.21056,0.36027,0.12481
2026-05-16 02:04:00,0.13387,0.22243,,0.05303,0.1811,0.20641,0.36731,0.12264
2026-05-16 03:04:00,0.1415,0.2282,,0.0539,0.1784,0.20498,0.36527,0.12938
2026-05-16 04:04:00,0.1366,0.20688,,0.04562,0.17614,0.199,0.37123,0.12122
2026-05-16 05:04:00,0.15799,0.26921,,0.05518,0.18176,0.20072,0.3768,0.13231
2026-05-16 06:04:00,0.14582,0.25505,,0.05225,0.18441,0.20605,0.37285,0.12348
2026-05-16 07:04:00,0.14681,0.24006,,0.04546,0.1779,0.20562,0.36061,0.11391
2026-05-16 08:04:00,0.16996,0.21196,,0.05821,0.18068,0.20687,0.36881,0.12457
2026-05-16 09:04:00,0.15937,0.25663,,0.05763,0.18092,0.2025,0.38621,0.14076
2026-05-16 10:04:00,0.14321,0.21356,,0.058,0.17494,0.19139,0.37584,0.13796
2026-05-16 11:04:00,0.15949,0.28839,,0.05166,0.17649,0.20055,0.37108,0.12592
2026-05-16 12:04:00,0.11834,0.20952,,0.04649,0.18619,0.21256,0.36189,0.11365
2026-05-16 13:04:00,0.13766,0.23916,,0.05261,0.18362,0.20811,0.36372,0.12769
2026-05-16 14:04:00,0.13146,0.26125,,0.06315,0.18298,0.20675,0.37866,0.13729
2026-05-16 15:04:00,0.17359,0.23688,,0.05033,0.1808,0.20086,0.37061,0.13803
2026-05-16 16:04:00,0.11439,0.20686,,0.04969,0.17852,0.20244,0.37742,0.128
2026-05-16 17:04:00,0.13894,0.2596,,0.04561,0.18483,0.20391,0.37757,0.12842
2026-05-16 18:04:00,0.1416,0.22657,,0.04644,0.18017,0.20786,0.37637,0.13331
2026-05-16 19:04:00,0.142,0.20001,,0.04904,0.18027,0.20436,0.37347,0.13598
2026-05-16 20:04:00,0.15142,0.24167,,0.05114,0.17794,0.20159,0.38216,0.13581
2026-05-16 21:04:00,0.18179,0.24613,,0.05558,0.17486,0.19535,0.38645,0.14036
2026-05-16 22:04:00,0.12527,0.21484,,0.04883,0.179,0.1962,0.37152,0.1268
2026-05-16 23:04:00,0.139,0.23206,,0.05089,0.18302,0.20806,0.36446,0.11756
2026-05-17 00:04:00,0.1498,0.25637,,0.05675,0.18042,0.20496,0.37477,0.13331
2026-05-17 01:04:00,0.16326,0.23757,,0.05647,0.17674,0.20539,0.38229,0.13917
2026-05-17 02:04:00,0.16501,0.24438,,0.05906,0.18662,0.20321,0.37448,0.13633
2026-05-17 03:04:00,0.14251,0.23517,,0.05156,0.19492,0.21823,0.35969,0.12566
2026-05-17 04:04:00,0.1654,0.26238,,0.04682,0.18566,0.21905,0.36253,0.12231
2026-05-17 05:04:00,0.16224,0.25291,,0.0521,0.18679,0.21506,0.35867,0.12135
2026-05-17 06:04:00,0.15894,0.29498,,0.05047,0.19802,0.23054,0.34681,0.12121
2026-05-17 07:04:00,0.13707,0.27426,,0.05813,0.19739,0.2274,0.35037,0.12391
2026-05-17 08:04:00,0.14545,0.24179,,0.05744,0.18723,0.21703,0.3632,0.12022
2026-05-17 09:04:00,0.13775,0.23033,,0.04897,0.18901,0.21949,0.35419,0.11412
2026-05-17 10:04:00,0.19555,0.30279,,0.04869,0.18432,0.21273,0.37213,0.13567
2026-05-17 11:04:00,0.19069,0.28911,,0.05277,0.18173,0.20497,0.3726,0.1414
2026-05-17 12:04:00,0.15118,0.23248,,0.05298,0.18002,0.19854,0.37628,0.12905
2026-05-17 13:04:00,0.14318,0.21541,,0.04873,0.17817,0.19769,0.37887,0.12739
2026-05-17 14:04:00,0.17116,0.2517,,0.05774,0.17326,0.19763,0.37703,0.1352
2026-05-17 15:04:00,0.18849,0.30727,,0.06532,0.18184,0.19984,0.38246,0.14293
2026-05-17 16:04:00,0.13086,0.22727,,0.05682,0.18537,0.20287,0.35484,0.11639
2026-05-17 17:04:00,0.1513,0.22492,,0.04806,0.1849,0.21633,0.35302,0.11272
2026-05-17 18:04:00,0.15746,0.22724,,0.05077,0.18105,0.21502,0.37703,0.13789
2026-05-17 19:04:00,0.13769,0.20859,,0.0512,0.18418,0.20598,0.37197,0.13195
2026-05-17 20:04:00,0.14795,0.223,,0.05799,0.17685,0.20108,0.38225,0.14075
2026-05-17 21:04:00,0.17657,0.25745,,0.05521,0.17386,0.19148,0.38548,0.14431
2026-05-17 22:04:00,0.14965,0.23316,,0.06002,0.18391,0.19484,0.36476,0.12227
2026-05-17 23:04:00,0.16086,0.27531,,0.05431,0.18252,0.2023,0.36501,0.13149
2026-05-18 00:04:00,0.1275,0.20856,,0.05026,0.17521,0.19896,0.37375,0.13847
2026-05-18 01:04:00,0.12479,0.20475,,0.04987,0.18186,0.19785,0.3779,0.13326
2026-05-18 02:04:00,0.16972,0.23888,,0.0657,0.20156,0.20262,0.39687,0.19096
2026-05-18 03:04:00,0.00236,0.00147,,0.00216,0.00334,0.00275,0.00199,0.00197
2026-05-18 04:04:00,0.00213,0.0017,,0.00199,0.00586,0.00329,0.00265,0.00311
2026-05-18 05:04:00,0.00209,0.00141,,0.0027,0.00378,0.0029,0.00256,0.00247
2026-05-18 06:04:00,0.00164,0.00145,,0.00196,0.00304,0.00291,0.00245,0.00216
2026-05-18 07:04:00,0.00148,0.00142,,0.00193,0.0023,0.00207,0.00202,0.00183
2026-05-18 08:04:00,0.00142,0.00143,,0.00192,0.00248,0.00192,0.00171,0.00183
2026-05-18 09:04:00,0.00147,0.00143,,0.00179,0.0028,0.00219,0.00216,0.00215
2026-05-18 10:04:00,0.00394,0.00346,,0.00824,0.00435,0.00337,0.00348,0.00287
2026-05-18 11:04:00,0.00149,0.00159,,0.00179,0.00352,0.00276,0.00308,0.00304
2026-05-18 12:04:00,0.00142,0.00135,,0.0019,0.00299,0.00205,0.00175,0.00163
2026-05-18 13:04:00,0.00141,0.00149,,0.00183,0.00328,0.00198,0.00255,0.00249
2026-05-18 14:04:00,0.00146,0.00145,,0.00181,0.00261,0.002,0.00216,0.00227
2026-05-18 15:04:00,0.00141,0.00136,,0.00181,0.00219,0.00185,0.00173,0.00192
2026-05-18 16:04:00,0.00144,0.00142,,0.00178,0.00276,0.00193,0.00201,0.00205
2026-05-18 17:04:00,0.00161,0.00143,,0.00186,0.00384,0.00234,0.00206,0.00193
2026-05-18 18:04:00,0.00142,0.00143,,0.00175,0.00215,0.0017,0.00185,0.00184
2026-05-18 19:04:00,0.0016,0.00149,,0.00205,0.0038,0.0029,0.0021,0.00214
2026-05-18 20:04:00,0.00143,0.0015,,0.00185,0.0035,0.00217,0.00264,0.00243
2026-05-18 21:04:00,0.00147,0.00141,,0.00186,0.00253,0.00223,0.00205,0.00205
2026-05-18 22:04:00,0.00156,0.00151,,0.00189,0.00418,0.00274,0.00214,0.00246
2026-05-18 23:04:00,0.0015,0.00148,,0.00186,0.00292,0.00239,0.0024,0.0023
2026-05-19 00:04:00,0.00143,0.00141,,0.0019,0.00232,0.00208,0.00205,0.00201
2026-05-19 01:04:00,0.00159,0.0015,,0.00191,0.00456,0.0021,0.00298,0.00274
2026-05-19 02:04:00,0.00146,0.00141,,0.0019,0.00302,0.00195,0.00161,0.00188
2026-05-19 03:04:00,0.00179,0.00201,,0.00217,0.00435,0.00351,0.00345,0.00303
2026-05-19 04:04:00,0.16039,0.23739,,0.08048,0.15959,0.18931,0.30073,0.14667
2026-05-19 05:04:00,0.14386,0.2225,,0.08643,0.15966,0.18407,0.31972,0.14167
2026-05-19 06:04:00,0.18705,0.25735,,0.09755,0.15506,0.1846,0.33387,0.14921
2026-05-19 07:04:00,0.1362,0.23818,,0.08451,0.15784,0.18038,0.33842,0.12584
2026-05-19 08:04:00,0.11207,0.20108,,0.06913,0.16769,0.19974,0.32054,0.11115
2026-05-19 09:04:00,0.14391,0.24464,,0.07008,0.17386,0.21548,0.33283,0.10937
2026-05-19 10:04:00,0.00625,0.01737,,0.00668,0.01308,0.01286,0.00927,0.01892
2026-05-19 11:04:00,0.01426,0.01744,,0.01014,0.02668,0.02909,0.00968,0.02906
2026-05-19 12:04:00,0.01059,0.01748,,0.01057,0.0235,0.02031,0.00833,0.02062
2026-05-19 13:04:00,0.09985,0.12793,,0.09883,0.02609,0.02058,0.01087,0.01697
2026-05-19 14:04:00,0.11594,0.18246,,0.0554,0.17218,0.21441,0.30312,0.1114
2026-05-19 15:04:00,0.20872,0.29596,,0.07839,0.17941,0.17393,0.36586,0.16976
2026-05-19 16:04:00,0.22141,0.30331,,0.07633,0.15141,0.16403,0.35943,0.12846
2026-05-19 17:04:00,0.15385,0.27396,,0.07054,0.15842,0.17919,0.35451,0.13242
2026-05-19 18:04:00,0.11279,0.15557,,0.05361,0.17112,0.23329,0.32636,0.10804
2026-05-19 19:04:00,0.14531,0.25832,,0.06229,0.17442,0.25432,0.34198,0.1226
2026-05-19 20:04:00,0.14204,0.27707,,0.06777,0.17622,0.23154,0.36178,0.11429
2026-05-19 21:04:00,0.11083,0.22211,,0.06845,0.16954,0.2166,0.37474,0.1245
2026-05-19 22:04:00,0.18291,0.30513,,0.07636,0.1979,0.19062,0.3971,0.19227
2026-05-19 23:04:00,0.20248,0.29093,,0.07247,0.19575,0.18661,0.39151,0.18585
2026-05-20 00:04:00,0.1768,0.28328,,0.08111,0.20875,0.19667,0.40287,0.19723
2026-05-20 01:04:00,0.19691,0.28004,,0.07141,0.19973,0.19255,0.39299,0.19027
2026-05-20 02:04:00,0.12466,0.19924,,0.05414,0.1569,0.18643,0.3607,0.12684
2026-05-20 03:04:00,0.1235,0.18424,,0.05785,0.15729,0.19297,0.35349,0.11978
2026-05-20 04:04:00,0.14394,0.23456,,0.05897,0.15839,0.20457,0.37115,0.12482
2026-05-20 05:04:00,0.11888,0.19357,,0.05121,0.16666,0.21866,0.3427,0.10857
2026-05-20 06:04:00,0.11193,0.19867,,0.04483,0.17082,0.23065,0.35044,0.11226
2026-05-20 07:04:00,0.13251,0.22773,,0.05543,0.1691,0.21283,0.3681,0.11866
2026-05-20 08:04:00,0.11257,0.20974,,0.04579,0.16234,0.20606,0.35983,0.11075
2026-05-20 09:04:00,0.13889,0.23548,,0.05784,0.1631,0.2069,0.37383,0.12619
2026-05-20 10:04:00,0.15113,0.23249,,0.05833,0.16006,0.1964,0.36983,0.13189
2026-05-20 11:04:00,0.13428,0.22152,,0.04768,0.1688,0.21482,0.36751,0.11176
2026-05-20 12:04:00,0.12512,0.22659,,0.05547,0.17966,0.23956,0.36141,0.10937
2026-05-20 13:04:00,0.12257,0.18454,,0.04847,0.1741,0.2198,0.37433,0.10912
2026-05-20 14:04:00,0.13741,0.21625,,0.05337,0.17269,0.21712,0.39238,0.12168
2026-05-20 15:04:00,0.10991,0.18282,,0.04631,0.16835,0.21433,0.38233,0.11711
2026-05-20 16:04:00,0.13145,0.22158,,0.0591,0.17094,0.2111,0.38171,0.12494
2026-05-20 17:04:00,0.1552,0.22755,,0.06089,0.17211,0.21446,0.386,0.1297
2026-05-20 18:04:00,0.12995,0.22618,,0.05162,0.17256,0.2137,0.37547,0.12157
2026-05-20 19:04:00,0.13285,0.27382,,0.04756,0.17077,0.2178,0.3794,0.12188
2026-05-20 20:04:00,0.1325,0.20698,,0.04695,0.17199,0.22343,0.37085,0.1113
2026-05-20 21:04:00,0.11034,0.2015,,0.04399,0.17152,0.23123,0.3622,0.11191
2026-05-20 22:04:00,0.12059,0.2013,,0.04498,0.16479,0.21408,0.37967,0.11731
2026-05-20 23:04:00,0.13887,0.1777,,0.05045,0.16607,0.20717,0.38529,0.1366
2026-05-21 00:04:00,0.16577,0.24962,,0.05619,0.1678,0.20523,0.38256,0.12998
2026-05-21 01:04:00,0.11211,0.17396,,0.04406,0.17068,0.21709,0.36815,0.10963
2026-05-21 02:04:00,0.15707,0.24807,,0.04775,0.17821,0.22229,0.36429,0.11653
2026-05-21 03:04:00,0.129,0.2015,,0.04183,0.16993,0.213,0.39021,0.13121
2026-05-21 04:04:00,0.13636,0.19302,,0.04587,0.16851,0.2133,0.38423,0.11918
2026-05-21 05:04:00,0.13334,0.20484,,0.04221,0.16945,0.21889,0.37486,0.11092
2026-05-21 06:04:00,0.13494,0.22383,,0.04857,0.17637,0.22146,0.37967,0.11485
2026-05-21 07:04:00,0.16877,0.21466,,0.0485,0.16705,0.21363,0.38885,0.1275
2026-05-21 08:04:00,0.01441,0.0168,,0.01124,0.02474,0.02715,0.00828,0.02154
2026-05-21 09:04:00,0.142,0.28543,,0.04934,0.1648,0.2077,0.34918,0.11076
2026-05-21 10:04:00,0.14547,0.21676,,0.04642,0.17377,0.2209,0.37039,0.12308
2026-05-21 11:04:00,0.11568,0.17992,,0.04373,0.18475,0.22974,0.36978,0.11087
2026-05-21 12:04:00,0.15717,0.24155,,0.04635,0.18019,0.2222,0.38672,0.11869
2026-05-21 13:04:00,0.115,0.20392,,0.04743,0.16927,0.24235,0.37027,0.11471
2026-05-21 14:04:00,0.11875,0.19326,,0.04797,0.17098,0.22953,0.38888,0.11015
2026-05-21 15:04:00,0.15694,0.25429,,0.04665,0.17671,0.2207,0.38539,0.11412
2026-05-21 16:04:00,0.11208,0.16208,,0.04655,0.1742,0.2162,0.39404,0.117
2026-05-21 17:04:00,0.11848,0.19194,,0.04688,0.17667,0.2243,0.38713,0.10847
2026-05-21 18:04:00,0.13177,0.20715,,0.05586,0.17511,0.21788,0.3896,0.12038
2026-05-21 19:04:00,0.14968,0.25613,,0.04657,0.17587,0.22637,0.36884,0.11473
2026-05-21 20:04:00,0.15984,0.24344,,0.05209,0.16868,0.21366,0.38043,0.11118
2026-05-21 21:04:00,0.13766,0.227,,0.05716,0.17238,0.21698,0.37369,0.11327
2026-05-21 22:04:00,0.14492,0.22922,,0.05743,0.16715,0.1755,0.4032,0.12858
2026-05-21 23:04:00,0.12513,0.19178,,0.04647,0.1742,0.21216,0.36827,0.11344
2026-05-22 00:04:00,0.13396,0.17558,,0.05127,0.17221,0.21207,0.38754,0.119
2026-05-22 01:04:00,0.0987,0.19214,,0.05438,0.17703,0.22667,0.36466,0.10994
2026-05-22 02:04:00,0.16822,0.26057,,0.06342,0.19457,0.19253,0.41497,0.18282
2026-05-22 03:04:00,0.01112,0.00558,,0.01054,0.02318,0.01766,0.00779,0.01956
2026-05-22 04:04:00,0.01441,0.00609,,0.01268,0.03497,0.02447,0.00732,0.01391
2026-05-22 05:04:00,0.1133,0.16215,,0.05799,0.15834,0.20091,0.36519,0.12099
2026-05-22 06:04:00,0.13056,0.21309,,0.04996,0.1722,0.23299,0.35399,0.10638
2026-05-22 07:04:00,0.12002,0.1903,,0.04501,0.17534,0.23037,0.35755,0.11061
2026-05-22 08:04:00,0.12173,0.16974,,0.04465,0.17882,0.21919,0.37156,0.10958
2026-05-22 09:04:00,0.15797,0.23478,,0.05556,0.17493,0.21502,0.37755,0.12182
2026-05-22 10:04:00,0.14361,0.23401,,0.05199,0.18328,0.22681,0.35985,0.11434
2026-05-22 11:04:00,0.15502,0.2749,,0.06366,0.17864,0.21238,0.38516,0.12472
2026-05-22 12:04:00,0.14,0.22948,,0.04826,0.17519,0.21184,0.38214,0.12103
2026-05-22 13:04:00,0.12625,0.17441,,0.05083,0.17729,0.22084,0.3588,0.11304
2026-05-22 14:04:00,0.13406,0.20127,,0.04639,0.17312,0.21351,0.38608,0.12325
2026-05-22 15:04:00,0.1261,0.21906,,0.0429,0.17304,0.21656,0.381,0.11075
2026-05-22 16:04:00,0.10818,0.19369,,0.04836,0.17662,0.22524,0.36421,0.11264
2026-05-22 17:04:00,0.12051,0.20051,,0.04734,0.18216,0.22717,0.37237,0.11566
2026-05-22 18:04:00,0.1286,0.20089,,0.06008,0.17678,0.21328,0.39505,0.12422
2026-05-22 19:04:00,0.14229,0.22633,,0.06215,0.17161,0.20384,0.37885,0.12645
2026-05-22 20:04:00,0.11129,0.19804,,0.04718,0.17404,0.21503,0.34639,0.10367
2026-05-22 21:04:00,0.14257,0.23934,,0.05691,0.17855,0.23269,0.34917,0.11182
2026-05-22 22:04:00,0.1145,0.2011,,0.05158,0.1764,0.21636,0.36213,0.11164
2026-05-22 23:04:00,0.15068,0.23331,,0.05482,0.18065,0.22301,0.35864,0.11543
2026-05-23 00:04:00,0.13177,0.1918,,0.0456,0.17097,0.21115,0.36966,0.11075
2026-05-23 01:04:00,0.14086,0.20495,,0.05946,0.17412,0.215,0.37365,0.11979
2026-05-23 02:04:00,0.10934,0.20711,,0.04855,0.17824,0.21977,0.37319,0.11053
2026-05-23 03:04:00,0.1502,0.22041,,0.04941,0.17814,0.21812,0.37458,0.11467
2026-05-23 04:04:00,0.12563,0.16916,,0.04503,0.17464,0.21068,0.38623,0.1244
2026-05-23 05:04:00,0.14936,0.23854,,0.04862,0.17323,0.21091,0.37742,0.1168
2026-05-23 06:04:00,0.11803,0.19903,,0.04498,0.17338,0.2337,0.35768,0.1122
2026-05-23 07:04:00,0.10698,0.17112,,0.05203,0.18032,0.22403,0.36306,0.11214
2026-05-23 08:04:00,0.15104,0.24912,,0.05498,0.18015,0.21498,0.3772,0.11792
2026-05-23 09:04:00,0.15685,0.26077,,0.05442,0.18164,0.21727,0.36156,0.11892
2026-05-23 10:04:00,0.1602,0.24349,,0.04941,0.17895,0.21412,0.37584,0.1274
2026-05-23 11:04:00,0.15433,0.26595,,0.05313,0.1819,0.21493,0.38945,0.12748
2026-05-23 12:04:00,0.11433,0.19766,,0.04858,0.17883,0.24145,0.34714,0.12013
2026-05-23 13:04:00,0.11913,0.19305,,0.04957,0.17465,0.23283,0.36103,0.11717
2026-05-23 14:04:00,0.11195,0.15463,,0.04235,0.18044,0.22793,0.369,0.1092
2026-05-23 15:04:00,0.11535,0.17375,,0.04212,0.18643,0.22001,0.37066,0.10946
2026-05-23 16:04:00,0.1447,0.20302,,0.04501,0.18043,0.21878,0.38001,0.11743
2026-05-23 17:04:00,0.10292,0.19255,,0.05547,0.18109,0.2348,0.36465,0.10874
2026-05-23 18:04:00,0.12565,0.22812,,0.06386,0.18712,0.22751,0.37055,0.11382
2026-05-23 19:04:00,0.17613,0.28813,,0.05755,0.1805,0.21591,0.38648,0.12323
2026-05-23 20:04:00,0.18476,0.24577,,0.05371,0.17395,0.20433,0.38619,0.12997
2026-05-23 21:04:00,0.15985,0.24386,,0.05359,0.17796,0.20901,0.38028,0.12352
2026-05-23 22:04:00,0.15746,0.23677,,0.04854,0.18009,0.21303,0.37538,0.12303
2026-05-23 23:04:00,0.1317,0.22123,,0.04504,0.18165,0.22345,0.36332,0.1142
2026-05-24 00:04:00,0.13576,0.21206,,0.04236,0.18139,0.22013,0.36604,0.11433
2026-05-24 01:04:00,0.11701,0.2235,,0.04719,0.18208,0.23373,0.3592,0.11177
2026-05-24 02:04:00,0.11691,0.17403,,0.04235,0.17952,0.23605,0.35315,0.11419
2026-05-24 03:04:00,0.13963,0.20575,,0.0491,0.17911,0.22667,0.35353,0.11424
2026-05-24 04:04:00,0.14862,0.23591,,0.05707,0.18412,0.21927,0.3602,0.11223
2026-05-24 05:04:00,0.1492,0.20382,,0.05418,0.18296,0.2179,0.36715,0.11689
2026-05-24 06:04:00,0.13363,0.19826,,0.04494,0.18401,0.21951,0.36265,0.11156
2026-05-24 07:04:00,0.15607,0.26221,,0.05383,0.18222,0.21968,0.36451,0.11791
2026-05-24 08:04:00,0.16554,0.23368,,0.04816,0.18204,0.21807,0.36685,0.12038
2026-05-24 09:04:00,0.15539,0.23607,,0.04652,0.18778,0.22298,0.36129,0.11825
2026-05-24 10:04:00,0.14817,0.23622,,0.05275,0.18329,0.21523,0.37326,0.11722
2026-05-24 11:04:00,0.15234,0.2439,,0.05111,0.18909,0.22625,0.35221,0.11373
2026-05-24 12:04:00,0.13291,0.22995,,0.04383,0.1779,0.22805,0.35841,0.10987
2026-05-24 13:04:00,0.1543,0.21737,,0.05393,0.17462,0.23266,0.35977,0.11368
2026-05-24 14:04:00,0.13385,0.23799,,0.04894,0.1745,0.23016,0.37401,0.11318
2026-05-24 15:04:00,0.13988,0.24645,,0.0461,0.17833,0.2174,0.37438,0.11464
2026-05-24 16:04:00,0.11646,0.17862,,0.05299,0.16407,0.1703,0.38792,0.13265
2026-05-24 17:04:00,0.11302,0.17409,,0.04272,0.18541,0.25169,0.32979,0.11529
2026-05-24 18:04:00,0.10861,0.17389,,0.0421,0.17999,0.22497,0.36352,0.11124
2026-05-24 19:04:00,0.11176,0.17231,,0.046,0.183,0.22808,0.35187,0.11315
2026-05-24 20:04:00,0.14416,0.25393,,0.04985,0.18295,0.21723,0.36564,0.11663
2026-05-24 21:04:00,0.12888,0.1934,,0.04705,0.17615,0.21252,0.37343,0.12229
2026-05-24 22:04:00,0.16627,0.2711,,0.06421,0.18181,0.20925,0.38583,0.13382
2026-05-24 23:04:00,0.16972,0.26494,,0.05672,0.17712,0.20705,0.37332,0.12708
2026-05-25 00:04:00,0.1296,0.25134,,0.05042,0.18465,0.23233,0.34683,0.11621
2026-05-25 01:04:00,0.1135,0.20036,,0.05361,0.18234,0.23359,0.34684,0.11616
2026-05-25 02:04:00,0.11516,0.17565,,0.04595,0.18711,0.22051,0.3587,0.11234
2026-05-25 03:04:00,0.16521,0.27067,,0.04466,0.18319,0.21739,0.37301,0.1246
2026-05-25 04:04:00,0.15899,0.22741,,0.04947,0.17989,0.2149,0.36673,0.1192
2026-05-25 05:04:00,0.19766,0.28287,,0.06917,0.18152,0.2005,0.3927,0.13893
2026-05-25 06:04:00,0.13363,0.22475,,0.04507,0.17612,0.21035,0.36334,0.11786
2026-05-25 07:04:00,0.13897,0.25412,,0.05034,0.17961,0.23567,0.34409,0.11723
2026-05-25 08:04:00,0.15584,0.22092,,0.05222,0.18403,0.22074,0.36344,0.12151
2026-05-25 09:04:00,0.13354,0.18026,,0.04558,0.18388,0.21761,0.36698,0.1131
2026-05-25 10:04:00,0.12147,0.19653,,0.04332,0.18472,0.21659,0.36285,0.1145
2026-05-25 11:04:00,0.1462,0.21611,,0.0534,0.18376,0.21148,0.36604,0.11993
2026-05-25 12:04:00,0.00866,0.00522,,0.0078,0.02326,0.02574,0.00989,0.02194
2026-05-25 13:04:00,0.00355,0.00285,,0.00405,0.00699,0.00717,0.00276,0.00364
2026-05-25 14:04:00,0.12144,0.21582,,0.04574,0.18222,0.21368,0.3672,0.12105
2026-05-25 15:04:00,0.17805,0.28042,,0.04967,0.18291,0.21723,0.35686,0.11937
2026-05-25 16:04:00,0.13837,0.23498,,0.04189,0.1749,0.24343,0.35278,0.10935
2026-05-25 17:04:00,0.12872,0.18127,,0.04648,0.15911,0.24674,0.36003,0.10706
2026-05-25 18:04:00,0.14412,0.24681,,0.04624,0.171,0.23202,0.35326,0.1115
2026-05-25 19:04:00,0.11942,0.20272,,0.04601,0.17104,0.21387,0.36597,0.10935
2026-05-25 20:04:00,0.09957,0.17615,,0.03836,0.17799,0.21638,0.35842,0.108
2026-05-25 21:04:00,0.12831,0.1999,,0.04071,0.1776,0.2097,0.35638,0.108
2026-05-25 22:04:00,0.18324,0.27252,,0.04788,0.18331,0.2098,0.37923,0.13089
2026-05-25 23:04:00,0.1307,0.18647,,0.04477,0.17987,0.21551,0.35219,0.107
2026-05-26 00:04:00,0.15533,0.26328,,0.04866,0.18539,0.21716,0.36278,0.11719
2026-05-26 01:04:00,0.15291,0.25406,,0.0551,0.18728,0.21628,0.36235,0.11923
2026-05-26 02:04:00,0.13027,0.24122,,0.05227,0.18419,0.21407,0.36975,0.12655
2026-05-26 03:04:00,0.12731,0.19081,,0.04276,0.18268,0.215,0.37516,0.11698
2026-05-26 04:04:00,0.10634,0.17694,,0.05066,0.18174,0.2138,0.36745,0.11277
2026-05-26 05:04:00,0.16814,0.23234,,0.04755,0.18362,0.2198,0.3674,0.11705
2026-05-26 06:04:00,0.1375,0.22547,,0.05263,0.18231,0.21498,0.37208,0.12597
2026-05-26 07:04:00,0.14756,0.25417,,0.04301,0.18147,0.21827,0.35979,0.11126
2026-05-26 08:04:00,0.12904,0.23618,,0.04147,0.17441,0.22783,0.34965,0.11202
2026-05-26 09:04:00,0.1002,0.17357,,0.0376,0.18291,0.21384,0.36513,0.11397
2026-05-26 10:04:00,0.15275,0.24056,,0.04614,0.18311,0.22619,0.35101,0.11925
2026-05-26 11:04:00,0.13696,0.18304,,0.04755,0.16851,0.2176,0.35159,0.11572
2026-05-26 12:04:00,0.13338,0.19198,,0.04352,0.17142,0.21084,0.36561,0.11015
2026-05-26 13:04:00,0.17359,0.25277,,0.04516,0.17219,0.20716,0.37451,0.11912
2026-05-26 14:04:00,0.27099,0.35896,,0.05147,0.17665,0.22327,0.36307,0.12392
2026-05-26 15:04:00,0.12858,0.21214,,0.03877,0.1671,0.22945,0.35655,0.11321
2026-05-26 16:04:00,0.13959,0.19439,,0.04435,0.16665,0.2344,0.37112,0.10837
2026-05-26 17:04:00,0.12566,0.21628,,0.0483,0.16642,0.2351,0.37684,0.11178
2026-05-26 18:04:00,0.14067,0.21578,,0.04534,0.17009,0.23771,0.36985,0.1053
2026-05-26 19:04:00,0.12742,0.19786,,0.04635,0.18125,0.23553,0.38369,0.11734
2026-05-26 20:04:00,0.19098,0.28147,,0.04693,0.17914,0.24303,0.35717,0.12118
2026-05-26 21:04:00,0.11692,0.18178,,0.05043,0.17263,0.24654,0.34532,0.11864
2026-05-26 22:04:00,0.13178,0.21229,,0.05418,0.17621,0.24425,0.35765,0.11425
2026-05-26 23:04:00,0.12891,0.21036,,0.04657,0.18332,0.23956,0.37257,0.11375
2026-05-27 00:04:00,0.15891,0.22078,,0.04874,0.18953,0.2398,0.36039,0.11803
2026-05-27 01:04:00,0.15964,0.22258,,0.04291,0.19288,0.24296,0.36647,0.11925
2026-05-27 02:04:00,0.12262,0.19195,,0.04091,0.18703,0.24168,0.34382,0.12185
2026-05-27 03:04:00,0.13581,0.21695,,0.04859,0.18918,0.2393,0.35425,0.11478
2026-05-27 04:04:00,0.14653,0.21913,,0.04444,0.1943,0.24097,0.36518,0.11381
2026-05-27 05:04:00,0.14923,0.23858,,0.04615,0.19533,0.24394,0.36168,0.11725
2026-05-27 06:04:00,0.15036,0.21961,,0.05427,0.1985,0.24167,0.36036,0.11358
2026-05-27 07:04:00,0.15702,0.23663,,0.05875,0.19481,0.23814,0.38216,0.13486
2026-05-27 08:04:00,0.15083,0.23135,,0.04926,0.18862,0.22718,0.35354,0.12081
2026-05-27 09:04:00,0.18347,0.26063,,0.05344,0.19343,0.23917,0.35504,0.12302
2026-05-27 10:04:00,0.1545,0.21765,,0.04893,0.18931,0.23276,0.34484,0.11721
2026-05-27 11:04:00,0.15493,0.22724,,0.05656,0.18979,0.23627,0.34453,0.1196
2026-05-27 12:04:00,0.19629,0.26621,,0.04668,0.19208,0.23503,0.34863,0.12271
2026-05-27 13:04:00,0.18525,0.24942,,0.05059,0.19107,0.23244,0.34907,0.12511
2026-05-27 14:04:00,0.16804,0.20497,,0.04644,0.1908,0.23094,0.33538,0.11834
2026-05-27 15:04:00,0.15123,0.23822,,0.05401,0.18965,0.23108,0.3388,0.11458
2026-05-27 16:04:00,0.13517,0.18406,,0.04674,0.19349,0.24063,0.33264,0.1122
2026-05-27 17:04:00,0.12811,0.20895,,0.05241,0.19447,0.24471,0.32772,0.12386
2026-05-27 18:04:00,0.1156,0.18018,,0.0497,0.19076,0.2422,0.32758,0.12094
2026-05-27 19:04:00,0.15447,0.22782,,0.05342,0.20053,0.24038,0.34597,0.11686
2026-05-27 20:04:00,0.16674,0.24233,,0.05093,0.19706,0.2351,0.34114,0.11685
2026-05-27 21:04:00,0.18265,0.28772,,0.05774,0.19452,0.23497,0.34822,0.12715
2026-05-27 22:04:00,0.18078,0.26506,,0.0615,0.19495,0.22825,0.36189,0.13247
2026-05-27 23:04:00,0.14042,0.19839,,0.0428,0.18877,0.22859,0.32739,0.11248
2026-05-28 00:04:00,0.18001,0.22276,,0.05511,0.19114,0.2375,0.35326,0.13161
2026-05-28 01:04:00,0.14811,0.21285,,0.05935,0.18804,0.22534,0.3457,0.12138
2026-05-28 02:04:00,0.14205,0.20252,,0.05294,0.18728,0.22634,0.35644,0.12998
2026-05-28 03:04:00,0.18387,0.26433,,0.04912,0.18735,0.22943,0.35269,0.13047
2026-05-28 04:04:00,0.18185,0.24788,,0.05522,0.18536,0.22007,0.3451,0.13144
2026-05-28 05:04:00,0.15786,0.22014,,0.05105,0.1833,0.22562,0.34171,0.12065
2026-05-28 06:04:00,0.19858,0.26847,,0.0647,0.18535,0.22526,0.35618,0.13607
2026-05-28 07:04:00,0.14207,0.19087,,0.04463,0.18383,0.21986,0.34666,0.10933
2026-05-28 08:04:00,0.15912,0.24488,,0.04705,0.19177,0.22688,0.32914,0.11609
2026-05-28 09:04:00,0.1714,0.28672,,0.05288,0.19295,0.2396,0.33143,0.1136
2026-05-28 10:04:00,0.11,0.1872,,0.0468,0.19461,0.25057,0.32923,0.11314
2026-05-28 11:04:00,0.14996,0.23162,,0.0541,0.19142,0.249,0.34391,0.11542
2026-05-28 12:04:00,0.16558,0.22706,,0.05243,0.19751,0.24626,0.37655,0.12845
2026-05-28 13:04:00,0.19039,0.23658,,0.05306,0.18741,0.22427,0.357,0.12784
2026-05-28 14:04:00,0.14951,0.22446,,0.05592,0.1945,0.24007,0.33896,0.1181
2026-05-28 15:04:00,0.26575,0.34246,,0.06445,0.18822,0.20598,0.37766,0.14472
2026-05-28 16:04:00,0.01248,0.00583,,0.01267,0.0389,0.02725,0.00801,0.01441
2026-05-28 17:04:00,0.01401,0.00549,,0.01272,0.04792,0.03526,0.01157,0.018
2026-05-28 18:04:00,0.01383,0.0074,,0.0166,0.04584,0.03918,0.01282,0.01448
2026-05-28 19:04:00,0.0149,0.00539,,0.01444,0.04777,0.03642,0.01182,0.01822
2026-05-28 20:04:00,0.01365,0.00739,,0.0149,0.04559,0.03494,0.01277,0.01905
2026-05-28 21:04:00,0.01413,0.00553,,0.01371,0.04691,0.03215,0.0122,0.02126
2026-05-28 22:04:00,0.23323,0.35608,,0.07377,0.16511,0.18175,0.35394,0.13754
2026-05-28 23:04:00,0.17017,0.29282,,0.05283,0.17818,0.22674,0.31779,0.11024
2026-05-29 00:04:00,0.11863,0.18959,,0.05075,0.18713,0.24287,0.31867,0.11038
2026-05-29 01:04:00,0.12285,0.20914,,0.05039,0.18582,0.25446,0.32974,0.11152
2026-05-29 02:04:00,0.14126,0.17854,,0.05046,0.18693,0.235,0.34691,0.11261
2026-05-29 03:04:00,0.19289,0.28835,,0.06631,0.184,0.22894,0.36877,0.12993
2026-05-29 04:04:00,0.13477,0.21085,,0.04747,0.18059,0.21391,0.34946,0.11126
2026-05-29 05:04:00,0.13689,0.19902,,0.04783,0.18858,0.23771,0.34757,0.10988
2026-05-29 06:04:00,0.14181,0.23311,,0.05191,0.1844,0.23763,0.34927,0.11068
2026-05-29 07:04:00,0.19959,0.26086,,0.0593,0.18081,0.22501,0.38079,0.13557
2026-05-29 08:04:00,0.17732,0.25674,,0.05782,0.17855,0.2136,0.38452,0.136
2026-05-29 09:04:00,0.20154,0.31558,,0.06611,0.18017,0.21112,0.36022,0.12819
2026-05-29 10:04:00,0.17467,0.24423,,0.05369,0.18717,0.22592,0.36801,0.11279
2026-05-29 11:04:00,0.18102,0.25543,,0.05633,0.18278,0.22938,0.36952,0.12336
2026-05-29 12:04:00,0.15696,0.22627,,0.04781,0.184,0.23303,0.34366,0.10997
2026-05-29 13:04:00,0.11525,0.17546,,0.04469,0.19045,0.23757,0.34552,0.11127
2026-05-29 14:04:00,0.14825,0.22151,,0.04721,0.19114,0.23812,0.35296,0.11563
2026-05-29 15:04:00,0.179,0.23547,,0.04982,0.19349,0.23714,0.34855,0.12443
2026-05-29 16:04:00,0.16886,0.22886,,0.04936,0.18619,0.23454,0.37638,0.12615
2026-05-29 17:04:00,0.19154,0.24825,,0.06204,0.18421,0.21647,0.37585,0.12944
2026-05-29 18:04:00,0.17598,0.24313,,0.05147,0.18282,0.21658,0.37634,0.11915
2026-05-29 19:04:00,0.17364,0.22247,,0.05405,0.18408,0.21807,0.37731,0.12653
2026-05-29 20:04:00,0.19182,0.26019,,0.07777,0.17434,0.21432,0.37928,0.13641
2026-05-29 21:04:00,0.0027,0.0018,,0.00297,0.0057,0.00527,0.00254,0.00217
2026-05-29 22:04:00,0.00189,0.00201,,0.00195,0.003,0.00252,0.00236,0.00247
2026-05-29 23:04:00,0.00166,0.00208,,0.00192,0.00338,0.0027,0.00242,0.00243
2026-05-30 00:04:00,0.00151,0.00196,,0.00198,0.0033,0.00289,0.00209,0.00251
2026-05-30 01:04:00,0.0015,0.0019,,0.00173,0.00337,0.00275,0.00235,0.00255
2026-05-30 02:04:00,0.00152,0.00197,,0.00173,0.0034,0.00317,0.00173,0.00216
2026-05-30 03:04:00,0.00165,0.00196,,0.00195,0.00366,0.00363,0.00231,0.00277
2026-05-30 04:04:00,0.00181,0.00172,,0.00221,0.00296,0.00275,0.0018,0.00184
2026-05-30 05:04:00,0.00156,0.00179,,0.00219,0.00297,0.00278,0.00228,0.00241
2026-05-30 06:04:00,0.0015,0.00179,,0.00181,0.0027,0.00223,0.00162,0.00192
2026-05-30 07:04:00,0.00161,0.00172,,0.00199,0.00284,0.00238,0.0017,0.00166
2026-05-30 08:04:00,0.00144,0.00142,,0.00193,0.00239,0.00184,0.00163,0.00161
2026-05-30 09:04:00,0.00134,0.00156,,0.00206,0.00261,0.00174,0.00175,0.00199
2026-05-30 10:04:00,0.00178,0.0014,,0.00209,0.0027,0.00242,0.00175,0.00187
2026-05-30 11:04:00,0.00166,0.00141,,0.00189,0.00231,0.00196,0.00171,0.00163
2026-05-30 12:04:00,0.00177,0.00149,,0.00201,0.00207,0.00196,0.00157,0.00161
2026-05-30 13:04:00,0.00168,0.00162,,0.00206,0.00267,0.00239,0.00188,0.00183
2026-05-30 14:04:00,0.00157,0.00142,,0.00172,0.00264,0.00179,0.00157,0.00206
2026-05-30 15:04:00,0.00163,0.00156,,0.00199,0.00248,0.00209,0.00148,0.00155
2026-05-30 16:04:00,0.00159,0.00153,,0.00195,0.00356,0.00229,0.00178,0.00175
2026-05-30 17:04:00,0.00136,0.0014,,0.00174,0.00218,0.00185,0.00161,0.00152
2026-05-30 18:04:00,0.00195,0.00145,,0.00198,0.00262,0.0022,0.00169,0.00162
2026-05-30 19:04:00,0.12037,0.13977,,0.0789,0.16215,0.18754,0.27331,0.08904
2026-05-30 20:04:00,0.14898,0.20544,,0.0882,0.17214,0.21739,0.28605,0.09817
2026-05-30 21:04:00,0.13251,0.19878,,0.0672,0.17576,0.22676,0.30923,0.10405
2026-05-30 22:04:00,0.16385,0.22563,,0.08132,0.18263,0.23458,0.31951,0.11553
2026-05-30 23:04:00,0.13204,0.19565,,0.07088,0.17551,0.22654,0.33445,0.1153
2026-05-31 00:04:00,0.15134,0.2138,,0.08401,0.18087,0.23408,0.34792,0.12416
2026-05-31 01:04:00,0.16077,0.22478,,0.0653,0.1805,0.22424,0.3295,0.11623
2026-05-31 02:04:00,0.15057,0.21602,,0.07696,0.18404,0.22823,0.34245,0.11731
2026-05-31 03:04:00,0.16095,0.21805,,0.06535,0.18722,0.24188,0.32895,0.11556
2026-05-31 04:04:00,0.17582,0.2242,,0.05819,0.18969,0.23676,0.34371,0.1216
2026-05-31 05:04:00,0.16165,0.22188,,0.07416,0.18467,0.2337,0.34516,0.1211
2026-05-31 06:04:00,0.14141,0.22141,,0.06994,0.18624,0.24306,0.36313,0.12478
2026-05-31 07:04:00,0.18363,0.24101,,0.08668,0.18146,0.22873,0.36934,0.13524
2026-05-31 08:04:00,0.11438,0.14684,,0.06144,0.18179,0.23688,0.3322,0.1139
2026-05-31 09:04:00,0.1318,0.19085,,0.06695,0.19077,0.24808,0.33857,0.1146
2026-05-31 10:04:00,0.15432,0.19974,,0.0539,0.18452,0.24016,0.33642,0.11404
2026-05-31 11:04:00,0.15289,0.23067,,0.06757,0.19122,0.23826,0.37085,0.12463
2026-05-31 12:04:00,0.15727,0.23133,,0.05593,0.188,0.23501,0.36118,0.11616
2026-05-31 13:04:00,0.1722,0.24111,,0.07758,0.18217,0.22206,0.38406,0.13103
2026-05-31 14:04:00,0.12567,0.16748,,0.05157,0.18939,0.23986,0.34524,0.11389
2026-05-31 15:04:00,0.12783,0.20213,,0.05805,0.18331,0.24016,0.33553,0.11521
2026-05-31 16:04:00,0.00326,0.00504,,0.00246,0.00707,0.00673,0.00457,0.01105
2026-05-31 17:04:00,0.00168,0.00159,,0.00279,0.00532,0.00464,0.00208,0.00268
2026-05-31 18:04:00,0.0023,0.00264,,0.00286,0.00639,0.00503,0.0025,0.00304
2026-05-31 19:04:00,0.00236,0.00201,,0.00196,0.00421,0.00296,0.00213,0.00259
2026-05-31 20:04:00,0.00281,0.00212,,0.00194,0.00363,0.00315,0.00198,0.00227
2026-05-31 21:04:00,0.0032,0.0019,,0.00257,0.00416,0.00341,0.00226,0.00259
2026-05-31 22:04:00,0.00202,0.00208,,0.00187,0.0039,0.00317,0.00201,0.00267
2026-05-31 23:04:00,0.00176,0.00184,,0.0022,0.00442,0.00384,0.00263,0.0025
2026-06-01 00:04:00,0.00173,0.00182,,0.00209,0.00434,0.00392,0.00241,0.00241
2026-06-01 01:04:00,0.00182,0.00213,,0.0017,0.00312,0.00233,0.0021,0.00233
2026-06-01 02:04:00,0.00179,0.00215,,0.00194,0.00332,0.00266,0.00225,0.00245
2026-06-01 03:04:00,0.00238,0.00184,,0.00214,0.00484,0.00332,0.00243,0.00291
2026-06-01 04:04:00,0.0017,0.00215,,0.0021,0.00338,0.00273,0.00219,0.00262
2026-06-01 05:04:00,0.00166,0.00218,,0.00184,0.00338,0.0025,0.00208,0.00258
2026-06-01 06:04:00,0.00179,0.00185,,0.00194,0.00335,0.00306,0.00258,0.00266
2026-06-01 07:04:00,0.00161,0.00181,,0.00198,0.00298,0.00255,0.00208,0.00232
2026-06-01 08:04:00,0.00174,0.00178,,0.00193,0.00406,0.00297,0.00207,0.00246
2026-06-01 09:04:00,0.00192,0.00198,,0.00197,0.00298,0.00272,0.0026,0.00294
2026-06-01 10:04:00,0.00159,0.00185,,0.00203,0.00275,0.00213,0.00222,0.00219
2026-06-01 11:04:00,0.00139,0.00208,,0.00188,0.00257,0.002,0.00226,0.0025
