DateTime,2RV-V,3RV-V
2026-05-01 11:34:00,0.17547,0.05877
2026-05-01 12:34:00,0.17509,0.05975
2026-05-01 13:34:00,0.16991,0.06201
2026-05-01 14:34:00,0.17215,0.06392
2026-05-01 15:34:00,0.17086,0.06197
2026-05-01 16:34:00,0.17152,0.07054
2026-05-01 17:34:00,0.17148,0.06134
2026-05-01 18:34:00,0.16918,0.05926
2026-05-01 19:34:00,0.17584,0.06603
2026-05-01 20:34:00,0.19045,0.05543
2026-05-01 21:34:00,0.19093,0.06298
2026-05-01 22:34:00,0.2043,0.06054
2026-05-01 23:34:00,0.22352,0.06104
2026-05-02 00:34:00,0.21292,0.0654
2026-05-02 01:34:00,0.23231,0.06455
2026-05-02 02:34:00,0.2432,0.06409
2026-05-02 03:34:00,0.20634,0.06161
2026-05-02 04:34:00,0.2056,0.06914
2026-05-02 05:34:00,0.2324,0.06217
2026-05-02 06:34:00,0.23216,0.05975
2026-05-02 07:34:00,0.22178,0.06926
2026-05-02 08:34:00,0.20524,0.05674
2026-05-02 09:34:00,0.21114,0.05501
2026-05-02 10:34:00,0.18941,0.06901
2026-05-02 11:34:00,0.18105,0.05756
2026-05-02 12:34:00,0.17718,0.05925
2026-05-02 13:34:00,0.17646,0.06033
2026-05-02 14:34:00,0.1763,0.06005
2026-05-02 15:34:00,0.16816,0.05936
2026-05-02 16:34:00,0.16877,0.06161
2026-05-02 17:34:00,0.16719,0.06244
2026-05-02 18:34:00,0.18641,0.06239
2026-05-02 19:34:00,0.17746,0.05623
2026-05-02 20:34:00,0.19211,0.05833
2026-05-02 21:34:00,0.21146,0.06175
2026-05-02 22:34:00,0.21887,0.05847
2026-05-02 23:34:00,0.20078,0.05887
2026-05-03 00:34:00,0.20188,0.05917
2026-05-03 01:34:00,0.19536,0.06183
2026-05-03 02:34:00,0.20135,0.0604
2026-05-03 03:34:00,0.21803,0.05712
2026-05-03 04:34:00,0.21172,0.06001
2026-05-03 05:34:00,0.19692,0.06088
2026-05-03 06:34:00,0.21005,0.05692
2026-05-03 07:34:00,0.21218,0.06136
2026-05-03 08:34:00,0.20488,0.06171
2026-05-03 09:34:00,0.19759,0.05869
2026-05-03 10:34:00,0.1967,0.0662
2026-05-03 11:34:00,0.18142,0.05939
2026-05-03 12:34:00,0.17872,0.06089
2026-05-03 13:34:00,0.17665,0.05902
2026-05-03 14:34:00,0.17024,0.0571
2026-05-03 15:34:00,0.16509,0.05819
2026-05-03 16:34:00,0.17151,0.06523
2026-05-03 17:34:00,0.16603,0.06092
2026-05-03 18:34:00,0.17094,0.05938
2026-05-03 19:34:00,0.18079,0.06175
2026-05-03 20:34:00,0.19118,0.05754
2026-05-03 21:34:00,0.21591,0.05907
2026-05-03 22:34:00,0.20319,0.05907
2026-05-03 23:34:00,0.21522,0.05969
2026-05-04 00:34:00,0.21511,0.05882
2026-05-04 01:34:00,0.21233,0.05596
2026-05-04 02:34:00,0.20269,0.06651
2026-05-04 03:34:00,0.21537,0.05967
2026-05-04 04:34:00,0.20739,0.05948
2026-05-04 05:34:00,0.19521,0.06239
2026-05-04 06:34:00,0.20381,0.05806
2026-05-04 07:34:00,0.22847,0.05824
2026-05-04 08:34:00,0.21769,0.05719
2026-05-04 09:34:00,0.18672,0.05651
2026-05-04 10:34:00,0.18834,0.05818
2026-05-04 11:34:00,0.19565,0.05527
2026-05-04 12:34:00,0.17932,0.05906
2026-05-04 13:34:00,0.1691,0.05854
2026-05-04 14:34:00,0.17266,0.06395
2026-05-04 15:34:00,0.16812,0.06366
2026-05-04 16:34:00,0.16742,0.06076
2026-05-04 17:34:00,0.16464,0.05909
2026-05-04 18:34:00,0.1656,0.05999
2026-05-04 19:34:00,0.16668,0.0612
2026-05-04 20:34:00,0.18792,0.06093
2026-05-04 21:34:00,0.20019,0.06002
2026-05-04 22:34:00,0.21307,0.05662
2026-05-04 23:34:00,0.21816,0.05842
2026-05-05 00:34:00,0.21525,0.05736
2026-05-05 01:34:00,0.20762,0.05853
2026-05-05 02:34:00,0.24062,0.05586
2026-05-05 03:34:00,0.20553,0.05719
2026-05-05 04:34:00,0.20563,0.06061
2026-05-05 05:34:00,0.19907,0.06056
2026-05-05 06:34:00,0.23687,0.05463
2026-05-05 07:34:00,0.23462,0.05974
2026-05-05 08:34:00,0.23647,0.05872
2026-05-05 09:34:00,0.19634,0.06438
2026-05-05 10:34:00,0.19636,0.05699
2026-05-05 11:34:00,0.1908,0.06005
2026-05-05 12:34:00,0.17673,0.06471
2026-05-05 13:34:00,0.17757,0.06448
2026-05-05 14:34:00,0.17709,0.05681
2026-05-05 15:34:00,0.16845,0.05962
2026-05-05 16:34:00,0.16935,0.05915
2026-05-05 17:34:00,0.18534,0.06329
2026-05-05 18:34:00,0.18186,0.05707
2026-05-05 19:34:00,0.18536,0.05657
2026-05-05 20:34:00,0.20307,0.05581
2026-05-05 21:34:00,0.19473,0.05859
2026-05-05 22:34:00,0.2085,0.05615
2026-05-05 23:34:00,0.19627,0.05822
2026-05-06 00:34:00,0.20279,0.06111
2026-05-06 01:34:00,0.21977,0.06279
2026-05-06 02:34:00,0.23564,0.05541
2026-05-06 03:34:00,0.23322,0.05955
2026-05-06 04:34:00,0.20891,0.061
2026-05-06 05:34:00,0.19844,0.05969
2026-05-06 06:34:00,0.24111,0.0587
2026-05-06 07:34:00,0.22738,0.05653
2026-05-06 08:34:00,0.19689,0.06173
2026-05-06 09:34:00,0.19058,0.06376
2026-05-06 10:34:00,0.20829,0.0561
2026-05-06 11:34:00,0.1995,0.05816
2026-05-06 12:34:00,0.18297,0.06111
2026-05-06 13:34:00,0.18709,0.06546
2026-05-06 14:34:00,0.17291,0.07079
2026-05-06 15:34:00,0.16839,0.06385
2026-05-06 16:34:00,0.17354,0.05729
2026-05-06 17:34:00,0.17621,0.05834
2026-05-06 18:34:00,0.17278,0.05917
2026-05-06 19:34:00,0.18831,0.05984
2026-05-06 20:34:00,0.21021,0.06895
2026-05-06 21:34:00,0.19812,0.05902
2026-05-06 22:34:00,0.19593,0.05805
2026-05-06 23:34:00,0.22011,0.05807
2026-05-07 00:34:00,0.21733,0.05524
2026-05-07 01:34:00,0.20122,0.05999
2026-05-07 02:34:00,0.22466,0.06493
2026-05-07 03:34:00,0.20905,0.05519
2026-05-07 04:34:00,0.23108,0.05787
2026-05-07 05:34:00,0.21867,0.05912
2026-05-07 06:34:00,0.25527,0.05888
2026-05-07 07:34:00,0.22832,0.05817
2026-05-07 08:34:00,0.22649,0.05598
2026-05-07 09:34:00,0.20905,0.05994
2026-05-07 10:34:00,0.1824,0.05819
2026-05-07 11:34:00,0.19303,0.05881
2026-05-07 12:34:00,0.18154,0.0563
2026-05-07 13:34:00,0.16935,0.05727
2026-05-07 14:34:00,0.17363,0.06199
2026-05-07 15:34:00,0.17011,0.06129
2026-05-07 16:34:00,0.17476,0.05781
2026-05-07 17:34:00,0.17285,0.06548
2026-05-07 18:34:00,0.18325,0.0571
2026-05-07 19:34:00,0.18462,0.05533
2026-05-07 20:34:00,0.20539,0.05842
2026-05-07 21:34:00,0.20761,0.06512
2026-05-07 22:34:00,0.21434,0.05548
2026-05-07 23:34:00,0.22543,0.05515
2026-05-08 00:34:00,0.22187,0.05809
2026-05-08 01:34:00,0.22593,0.06151
2026-05-08 02:34:00,0.24214,0.06062
2026-05-08 03:34:00,0.2355,0.05984
2026-05-08 04:34:00,0.23444,0.05759
2026-05-08 05:34:00,0.25318,0.05791
2026-05-08 06:34:00,0.25411,0.05711
2026-05-08 07:34:00,0.25616,0.06137
2026-05-08 08:34:00,0.23015,0.05884
2026-05-08 09:34:00,0.23602,0.05599
2026-05-08 10:34:00,0.20173,0.05854
2026-05-08 11:34:00,0.19902,0.05862
2026-05-08 12:34:00,0.18872,0.07247
2026-05-08 13:34:00,0.1891,0.05757
2026-05-08 14:34:00,0.1959,0.05905
2026-05-08 15:34:00,0.20095,0.0609
2026-05-08 16:34:00,0.19641,0.05833
2026-05-08 17:34:00,0.2012,0.06323
2026-05-08 18:34:00,0.20701,0.05873
2026-05-08 19:34:00,0.21513,0.058
2026-05-08 20:34:00,0.2219,0.05909
2026-05-08 21:34:00,0.21628,0.05938
2026-05-08 22:34:00,0.24649,0.05835
2026-05-08 23:34:00,0.24692,0.056
2026-05-09 00:34:00,0.23467,0.05841
2026-05-09 01:34:00,0.24223,0.05896
2026-05-09 02:34:00,0.24456,0.05617
2026-05-09 03:34:00,0.23197,0.05949
2026-05-09 04:34:00,0.21369,0.06281
2026-05-09 05:34:00,0.2323,0.06425
2026-05-09 06:34:00,0.22991,0.05958
2026-05-09 07:34:00,0.25026,0.05675
2026-05-09 08:34:00,0.22516,0.05596
2026-05-09 09:34:00,0.208,0.05921
2026-05-09 10:34:00,0.2133,0.0548
2026-05-09 11:34:00,0.20667,0.06053
2026-05-09 12:34:00,0.19056,0.05945
2026-05-09 13:34:00,0.19133,0.0597
2026-05-09 14:34:00,0.20306,0.05812
2026-05-09 15:34:00,0.19041,0.05881
2026-05-09 16:34:00,0.20024,0.05842
2026-05-09 17:34:00,0.19051,0.05799
2026-05-09 18:34:00,0.19383,0.05824
2026-05-09 19:34:00,0.21141,0.05991
2026-05-09 20:34:00,0.21365,0.05786
2026-05-09 21:34:00,0.22634,0.05961
2026-05-09 22:34:00,0.20606,0.06134
2026-05-09 23:34:00,0.22181,0.06122
2026-05-10 00:34:00,0.20803,0.06181
2026-05-10 01:34:00,0.22448,0.05978
2026-05-10 02:34:00,0.19944,0.07139
2026-05-10 03:34:00,0.21201,0.06087
2026-05-10 04:34:00,0.20809,0.05965
2026-05-10 05:34:00,0.22519,0.0616
2026-05-10 06:34:00,0.24341,0.05868
2026-05-10 07:34:00,0.22324,0.05889
2026-05-10 08:34:00,0.22687,0.06348
2026-05-10 09:34:00,0.20647,0.05777
2026-05-10 10:34:00,0.20383,0.06419
2026-05-10 11:34:00,0.21177,0.0584
2026-05-10 12:34:00,0.19377,0.06821
2026-05-10 13:34:00,0.18817,0.06236
2026-05-10 14:34:00,0.18881,0.06127
2026-05-10 15:34:00,0.19016,0.05869
2026-05-10 16:34:00,0.18785,0.05991
2026-05-10 17:34:00,0.18991,0.06151
2026-05-10 18:34:00,0.19076,0.06134
2026-05-10 19:34:00,0.19218,0.05759
2026-05-10 20:34:00,0.19622,0.05865
2026-05-10 21:34:00,0.20718,0.06052
2026-05-10 22:34:00,0.22407,0.06281
2026-05-10 23:34:00,0.21078,0.06532
2026-05-11 00:34:00,0.2092,0.06097
2026-05-11 01:34:00,0.22648,0.05658
2026-05-11 02:34:00,0.22316,0.06037
2026-05-11 03:34:00,0.22603,0.05932
2026-05-11 04:34:00,0.20451,0.05897
2026-05-11 05:34:00,0.22688,0.05735
2026-05-11 06:34:00,0.2244,0.05644
2026-05-11 07:34:00,0.21911,0.05915
2026-05-11 08:34:00,0.22916,0.0578
2026-05-11 09:34:00,0.21472,0.05674
2026-05-11 10:34:00,0.20104,0.0572
2026-05-11 11:34:00,0.19446,0.05625
2026-05-11 12:34:00,0.18635,0.06073
2026-05-11 13:34:00,0.17945,0.0606
2026-05-11 14:34:00,0.1715,0.06299
2026-05-11 15:34:00,0.17138,0.064
2026-05-11 16:34:00,0.17272,0.0627
2026-05-11 17:34:00,0.17146,0.05936
2026-05-11 18:34:00,0.17269,0.05999
2026-05-11 19:34:00,0.1787,0.06039
2026-05-11 20:34:00,0.20606,0.05887
2026-05-11 21:34:00,0.20722,0.05771
2026-05-11 22:34:00,0.21337,0.0597
2026-05-11 23:34:00,0.20061,0.05788
2026-05-12 00:34:00,0.19345,0.05966
2026-05-12 01:34:00,0.21012,0.06324
2026-05-12 02:34:00,0.20601,0.06698
2026-05-12 03:34:00,0.22756,0.05709
2026-05-12 04:34:00,0.20949,0.06058
2026-05-12 05:34:00,0.20216,0.06206
2026-05-12 06:34:00,0.22976,0.06372
2026-05-12 07:34:00,0.2286,0.0598
2026-05-12 08:34:00,0.22291,0.05741
2026-05-12 09:34:00,0.22453,0.05761
2026-05-12 10:34:00,0.18837,0.06059
2026-05-12 11:34:00,0.19229,0.05976
2026-05-12 12:34:00,0.18856,0.05599
2026-05-12 13:34:00,0.18918,0.06725
2026-05-12 14:34:00,0.17432,0.06332
2026-05-12 15:34:00,0.17209,0.06651
2026-05-12 16:34:00,0.17079,0.05991
2026-05-12 17:34:00,0.17002,0.06312
2026-05-12 18:34:00,0.18285,0.06267
2026-05-12 19:34:00,0.18332,0.06208
2026-05-12 20:34:00,0.20843,0.05689
2026-05-12 21:34:00,0.20162,0.05576
2026-05-12 22:34:00,0.2148,0.06066
2026-05-12 23:34:00,0.20096,0.06077
2026-05-13 00:34:00,0.21933,0.06341
2026-05-13 01:34:00,0.20987,0.05872
2026-05-13 02:34:00,0.25794,0.06606
2026-05-13 03:34:00,0.24609,0.05999
2026-05-13 04:34:00,0.23657,0.06385
2026-05-13 05:34:00,0.24895,0.05859
2026-05-13 06:34:00,0.25577,0.05835
2026-05-13 07:34:00,0.24849,0.05807
2026-05-13 08:34:00,0.21233,0.06055
2026-05-13 09:34:00,0.22388,0.05831
2026-05-13 10:34:00,0.20596,0.06175
2026-05-13 11:34:00,0.18405,0.05935
2026-05-13 12:34:00,0.19679,0.05853
2026-05-13 13:34:00,0.18969,0.0591
2026-05-13 14:34:00,0.17337,0.06124
2026-05-13 15:34:00,0.18203,0.06598
2026-05-13 16:34:00,0.18032,0.05802
2026-05-13 17:34:00,0.1777,0.06007
2026-05-13 18:34:00,0.19161,0.05768
2026-05-13 19:34:00,0.19938,0.05864
2026-05-13 20:34:00,0.20257,0.06065
2026-05-13 21:34:00,0.22972,0.06099
2026-05-13 22:34:00,0.22233,0.05951
2026-05-13 23:34:00,0.20716,0.0626
2026-05-14 00:34:00,0.20825,0.06135
2026-05-14 01:34:00,0.2321,0.06003
2026-05-14 02:34:00,0.21789,0.05628
2026-05-14 03:34:00,0.22383,0.05685
2026-05-14 04:34:00,0.22005,0.05679
2026-05-14 05:34:00,0.20309,0.06093
2026-05-14 06:34:00,0.21234,0.05808
2026-05-14 07:34:00,0.22409,0.06024
2026-05-14 08:34:00,0.21081,0.057
2026-05-14 09:34:00,0.19983,0.05969
2026-05-14 10:34:00,0.20257,0.0598
2026-05-14 11:34:00,0.1904,0.05626
2026-05-14 12:34:00,0.19983,0.06115
2026-05-14 13:34:00,0.18685,0.05971
2026-05-14 14:34:00,0.17873,0.05827
2026-05-14 15:34:00,0.17825,0.064
2026-05-14 16:34:00,0.17352,0.06197
2026-05-14 17:34:00,0.17195,0.06135
2026-05-14 18:34:00,0.17142,0.05985
2026-05-14 19:34:00,0.18294,0.05717
2026-05-14 20:34:00,0.20392,0.06004
2026-05-14 21:34:00,0.21331,0.05681
2026-05-14 22:34:00,0.21275,0.05778
2026-05-14 23:34:00,0.22478,0.06399
2026-05-15 00:34:00,0.21049,0.05546
2026-05-15 01:34:00,0.21631,0.05825
2026-05-15 02:34:00,0.20621,0.06003
2026-05-15 03:34:00,0.21343,0.05839
2026-05-15 04:34:00,0.21577,0.05741
2026-05-15 05:34:00,0.23298,0.05862
2026-05-15 06:34:00,0.21517,0.06158
2026-05-15 07:34:00,0.2244,0.05799
2026-05-15 08:34:00,0.23324,0.05732
2026-05-15 09:34:00,0.23932,0.05559
2026-05-15 10:34:00,0.21331,0.05793
2026-05-15 11:34:00,0.19692,0.05447
2026-05-15 12:34:00,0.18875,0.06181
2026-05-15 13:34:00,0.19039,0.06065
2026-05-15 14:34:00,0.19186,0.0611
2026-05-15 15:34:00,0.19218,0.06229
2026-05-15 16:34:00,0.19994,0.05855
2026-05-15 17:34:00,0.18815,0.06153
2026-05-15 18:34:00,0.19986,0.05803
2026-05-15 19:34:00,0.22294,0.06017
2026-05-15 20:34:00,0.21622,0.05561
2026-05-15 21:34:00,0.2222,0.0571
2026-05-15 22:34:00,0.2277,0.05739
2026-05-15 23:34:00,0.23379,0.05731
2026-05-16 00:34:00,0.21324,0.05688
2026-05-16 01:34:00,0.24474,0.05956
2026-05-16 02:34:00,0.219,0.06011
2026-05-16 03:34:00,0.22805,0.05892
2026-05-16 04:34:00,0.21831,0.05947
2026-05-16 05:34:00,0.21448,0.05467
2026-05-16 06:34:00,0.22862,0.05828
2026-05-16 07:34:00,0.22322,0.05739
2026-05-16 08:34:00,0.20944,0.05758
2026-05-16 09:34:00,0.21157,0.05871
2026-05-16 10:34:00,0.23262,0.05566
2026-05-16 11:34:00,0.2144,0.05849
2026-05-16 12:34:00,0.20794,0.05937
2026-05-16 13:34:00,0.21162,0.0581
2026-05-16 14:34:00,0.21084,0.05896
2026-05-16 15:34:00,0.18106,0.05807
2026-05-16 16:34:00,0.19045,0.05745
2026-05-16 17:34:00,0.18212,0.06606
2026-05-16 18:34:00,0.18529,0.05802
2026-05-16 19:34:00,0.20384,0.05575
2026-05-16 20:34:00,0.20866,0.05263
2026-05-16 21:34:00,0.21404,0.0552
2026-05-16 22:34:00,0.21576,0.05822
2026-05-16 23:34:00,0.21044,0.06383
2026-05-17 00:34:00,0.22066,0.0579
2026-05-17 01:34:00,0.21567,0.05871
2026-05-17 02:34:00,0.20905,0.05896
2026-05-17 03:34:00,0.21696,0.05957
2026-05-17 04:34:00,0.23364,0.0603
2026-05-17 05:34:00,0.23518,0.05809
2026-05-17 06:34:00,0.2199,0.05797
2026-05-17 07:34:00,0.20994,0.06449
2026-05-17 08:34:00,0.21251,0.05298
2026-05-17 09:34:00,0.20997,0.05783
2026-05-17 10:34:00,0.20018,0.0556
2026-05-17 11:34:00,0.19658,0.05412
2026-05-17 12:34:00,0.19312,0.05935
2026-05-17 13:34:00,0.20009,0.06272
2026-05-17 14:34:00,0.18487,0.05886
2026-05-17 15:34:00,0.18868,0.05686
2026-05-17 16:34:00,0.19018,0.05579
2026-05-17 17:34:00,0.19342,0.05863
2026-05-17 18:34:00,0.19,0.05807
2026-05-17 19:34:00,0.19198,0.05762
2026-05-17 20:34:00,0.21198,0.0557
2026-05-17 21:34:00,0.21772,0.05682
2026-05-17 22:34:00,0.22626,0.0564
2026-05-17 23:34:00,0.21521,0.05616
2026-05-18 00:34:00,0.21703,0.05556
2026-05-18 01:34:00,0.20707,0.05952
2026-05-18 02:34:00,0.22138,0.05732
2026-05-18 03:34:00,0.21521,0.0561
2026-05-18 04:34:00,0.20926,0.05793
2026-05-18 05:34:00,0.20854,0.05691
2026-05-18 06:34:00,0.23593,0.0571
2026-05-18 07:34:00,0.2237,0.05911
2026-05-18 08:34:00,0.20142,0.05807
2026-05-18 09:34:00,0.20258,0.05904
2026-05-18 10:34:00,0.18961,0.05668
2026-05-18 11:34:00,0.19245,0.05958
2026-05-18 12:34:00,0.18428,0.0579
2026-05-18 13:34:00,0.18064,0.05529
2026-05-18 14:34:00,0.1826,0.0594
2026-05-18 15:34:00,0.18395,0.05935
2026-05-18 16:34:00,0.18124,0.06018
2026-05-18 17:34:00,0.17575,0.05537
2026-05-18 18:34:00,0.17891,0.06171
2026-05-18 19:34:00,0.18736,0.05893
2026-05-18 20:34:00,0.2248,0.05548
2026-05-18 21:34:00,0.21777,0.06636
2026-05-18 22:34:00,0.22523,0.05965
2026-05-18 23:34:00,0.20279,0.05561
2026-05-19 00:34:00,0.21158,0.06268
2026-05-19 01:34:00,0.22186,0.05996
2026-05-19 02:34:00,0.21164,0.06007
2026-05-19 03:34:00,0.2213,0.05715
2026-05-19 04:34:00,0.21783,0.05833
2026-05-19 05:34:00,0.21737,0.06236
2026-05-19 06:34:00,0.23948,0.05811
2026-05-19 07:34:00,0.22016,0.0608
2026-05-19 08:34:00,0.22186,0.05174
2026-05-19 09:34:00,0.20735,0.05898
2026-05-19 10:34:00,0.19551,0.05797
2026-05-19 11:34:00,0.19255,0.0604
2026-05-19 12:34:00,0.19095,0.05933
2026-05-19 13:34:00,0.18427,0.06153
2026-05-19 14:34:00,0.18796,0.05539
2026-05-19 15:34:00,0.18158,0.06187
2026-05-19 16:34:00,0.17597,0.06064
2026-05-19 17:34:00,0.17712,0.05977
2026-05-19 18:34:00,0.17071,0.05941
2026-05-19 19:34:00,0.1913,0.05629
2026-05-19 20:34:00,0.20585,0.05929
2026-05-19 21:34:00,0.20517,0.05728
2026-05-19 22:34:00,0.20907,0.0575
2026-05-19 23:34:00,0.20564,0.05855
2026-05-20 00:34:00,0.21509,0.06416
2026-05-20 01:34:00,0.22035,0.05618
2026-05-20 02:34:00,0.21277,0.05648
2026-05-20 03:34:00,0.20704,0.06244
2026-05-20 04:34:00,0.20618,0.05725
2026-05-20 05:34:00,0.22803,0.05698
2026-05-20 06:34:00,0.20928,0.0581
2026-05-20 07:34:00,0.25722,0.05814
2026-05-20 08:34:00,0.2164,0.06382
2026-05-20 09:34:00,0.2036,0.05658
2026-05-20 10:34:00,0.19318,0.06195
2026-05-20 11:34:00,0.18981,0.06416
2026-05-20 12:34:00,0.18337,0.06522
2026-05-20 13:34:00,0.16952,0.06119
2026-05-20 14:34:00,0.15583,0.06635
2026-05-20 15:34:00,0.15464,0.06316
2026-05-20 16:34:00,0.15024,0.062
2026-05-20 17:34:00,0.15195,0.06523
2026-05-20 18:34:00,0.15474,0.06561
2026-05-20 19:34:00,0.1689,0.0701
2026-05-20 20:34:00,0.1814,0.05685
2026-05-20 21:34:00,0.18426,0.05756
2026-05-20 22:34:00,0.19199,0.06759
2026-05-20 23:34:00,0.18913,0.05345
2026-05-21 00:34:00,0.18621,0.05828
2026-05-21 01:34:00,0.19279,0.05947
2026-05-21 02:34:00,0.18868,0.05983
2026-05-21 03:34:00,0.18701,0.05796
2026-05-21 04:34:00,0.19006,0.05808
2026-05-21 05:34:00,0.18963,0.05897
2026-05-21 06:34:00,0.21227,0.05722
2026-05-21 07:34:00,0.21985,0.05453
2026-05-21 08:34:00,0.19558,0.05385
2026-05-21 09:34:00,0.17077,0.05671
2026-05-21 10:34:00,0.16025,0.06194
2026-05-21 11:34:00,0.15018,0.06123
2026-05-21 12:34:00,0.14951,0.06491
2026-05-21 13:34:00,0.14504,0.06976
2026-05-21 14:34:00,0.15267,0.0669
2026-05-21 15:34:00,0.17365,0.06414
2026-05-21 16:34:00,0.17759,0.06251
2026-05-21 17:34:00,0.17822,0.06312
2026-05-21 18:34:00,0.18426,0.06032
2026-05-21 19:34:00,0.19111,0.0596
2026-05-21 20:34:00,0.19655,0.06117
2026-05-21 21:34:00,0.18724,0.0626
2026-05-21 22:34:00,0.18954,0.06223
2026-05-21 23:34:00,0.18265,0.05919
2026-05-22 00:34:00,0.19109,0.05528
2026-05-22 01:34:00,0.18095,0.06237
2026-05-22 02:34:00,0.19298,0.05776
2026-05-22 03:34:00,0.20008,0.05838
2026-05-22 04:34:00,0.19872,0.06862
2026-05-22 05:34:00,0.20091,0.06195
2026-05-22 06:34:00,0.20618,0.06004
2026-05-22 07:34:00,0.22581,0.05952
2026-05-22 08:34:00,0.19738,0.05752
2026-05-22 09:34:00,0.18401,0.06051
2026-05-22 10:34:00,0.17424,0.06621
2026-05-22 11:34:00,0.15628,0.06389
2026-05-22 12:34:00,0.17069,0.06331
2026-05-22 13:34:00,0.17488,0.06308
2026-05-22 14:34:00,0.18088,0.06665
2026-05-22 15:34:00,0.1925,0.06108
2026-05-22 16:34:00,0.19245,0.06507
2026-05-22 17:34:00,0.18647,0.05956
2026-05-22 18:34:00,0.19108,0.06402
2026-05-22 19:34:00,0.19802,0.05776
2026-05-22 20:34:00,0.20196,0.05933
2026-05-22 21:34:00,0.20602,0.06122
2026-05-22 22:34:00,0.20657,0.06262
2026-05-22 23:34:00,0.21182,0.0608
2026-05-23 00:34:00,0.20276,0.06226
2026-05-23 01:34:00,0.19757,0.06552
2026-05-23 02:34:00,0.19438,0.06411
2026-05-23 03:34:00,0.20601,0.05824
2026-05-23 04:34:00,0.20256,0.05932
2026-05-23 05:34:00,0.20496,0.05873
2026-05-23 06:34:00,0.21397,0.06102
2026-05-23 07:34:00,0.20951,0.05884
2026-05-23 08:34:00,0.1951,0.06128
2026-05-23 09:34:00,0.18827,0.05881
2026-05-23 10:34:00,0.17615,0.0605
2026-05-23 11:34:00,0.1788,0.06718
2026-05-23 12:34:00,0.18365,0.06442
2026-05-23 13:34:00,0.1719,0.06086
2026-05-23 14:34:00,0.16828,0.06106
2026-05-23 15:34:00,0.18242,0.06399
2026-05-23 16:34:00,0.18159,0.06447
2026-05-23 17:34:00,0.18833,0.06707
2026-05-23 18:34:00,0.18828,0.065
2026-05-23 19:34:00,0.18988,0.06225
2026-05-23 20:34:00,0.18792,0.063
2026-05-23 21:34:00,0.19778,0.06445
2026-05-23 22:34:00,0.19333,0.06206
2026-05-23 23:34:00,0.19531,0.063
2026-05-24 00:34:00,0.21093,0.06641
2026-05-24 01:34:00,0.1999,0.06021
2026-05-24 02:34:00,0.19287,0.05937
2026-05-24 03:34:00,0.19528,0.06245
2026-05-24 04:34:00,0.20231,0.06189
2026-05-24 05:34:00,0.21021,0.0635
2026-05-24 06:34:00,0.1932,0.06651
2026-05-24 07:34:00,0.20287,0.05966
2026-05-24 08:34:00,0.19732,0.06033
2026-05-24 09:34:00,0.18642,0.06242
2026-05-24 10:34:00,0.17804,0.06724
2026-05-24 11:34:00,0.16567,0.06722
2026-05-24 12:34:00,0.1576,0.06621
2026-05-24 13:34:00,0.15053,0.06919
2026-05-24 14:34:00,0.13671,0.0661
2026-05-24 15:34:00,0.13939,0.06966
2026-05-24 16:34:00,0.14233,0.06655
2026-05-24 17:34:00,0.15324,0.06806
2026-05-24 18:34:00,0.16103,0.06562
2026-05-24 19:34:00,0.17241,0.06351
2026-05-24 20:34:00,0.18351,0.06299
2026-05-24 21:34:00,0.18711,0.06025
2026-05-24 22:34:00,0.19004,0.06278
2026-05-24 23:34:00,0.19064,0.06162
2026-05-25 00:34:00,0.19803,0.06415
2026-05-25 01:34:00,0.19119,0.06377
2026-05-25 02:34:00,0.18779,0.06077
2026-05-25 03:34:00,0.19053,0.059
2026-05-25 04:34:00,0.19753,0.07066
2026-05-25 05:34:00,0.18923,0.06086
2026-05-25 06:34:00,0.19173,0.05894
2026-05-25 07:34:00,0.19571,0.05778
2026-05-25 08:34:00,0.21479,0.05981
2026-05-25 09:34:00,0.18292,0.06325
2026-05-25 10:34:00,0.17188,0.06418
2026-05-25 11:34:00,0.15536,0.06948
2026-05-25 12:34:00,0.14959,0.07153
2026-05-25 13:34:00,0.13611,0.06809
2026-05-25 14:34:00,0.18285,0.07444
2026-05-25 15:34:00,0.20701,0.06037
2026-05-25 16:34:00,0.22442,0.05373
2026-05-25 17:34:00,0.22657,0.05677
2026-05-25 18:34:00,0.22418,0.057
2026-05-25 19:34:00,0.21196,0.06057
2026-05-25 20:34:00,0.2095,0.05641
2026-05-25 21:34:00,0.2053,0.06022
2026-05-25 22:34:00,0.20299,0.05479
2026-05-25 23:34:00,0.20336,0.05747
2026-05-26 00:34:00,0.20068,0.05907
2026-05-26 01:34:00,0.20469,0.06198
2026-05-26 02:34:00,0.20558,0.05544
2026-05-26 03:34:00,0.20568,0.05829
2026-05-26 04:34:00,0.20872,0.06097
2026-05-26 05:34:00,0.21259,0.0576
2026-05-26 06:34:00,0.21487,0.05795
2026-05-26 07:34:00,0.21373,0.05821
2026-05-26 08:34:00,0.21323,0.06376
2026-05-26 09:34:00,0.19245,0.06435
2026-05-26 10:34:00,0.17542,0.06072
2026-05-26 11:34:00,0.20638,0.06055
2026-05-26 12:34:00,0.22675,0.06033
2026-05-26 13:34:00,0.23111,0.05794
2026-05-26 14:34:00,0.22921,0.05812
2026-05-26 15:34:00,0.23703,0.05806
2026-05-26 16:34:00,0.2386,0.05504
2026-05-26 17:34:00,0.23544,0.06042
2026-05-26 18:34:00,0.23054,0.05539
2026-05-26 19:34:00,0.23498,0.05546
2026-05-26 20:34:00,0.2161,0.05579
2026-05-26 21:34:00,0.21583,0.0596
2026-05-26 22:34:00,0.20435,0.06058
2026-05-26 23:34:00,0.19783,0.05903
2026-05-27 00:34:00,0.20027,0.05934
2026-05-27 01:34:00,0.20866,0.06215
2026-05-27 02:34:00,0.20972,0.06022
2026-05-27 03:34:00,0.20985,0.05866
2026-05-27 04:34:00,0.20899,0.05937
2026-05-27 05:34:00,0.21177,0.06448
2026-05-27 06:34:00,0.21016,0.05812
2026-05-27 07:34:00,0.21471,0.06152
2026-05-27 08:34:00,0.20801,0.05923
2026-05-27 09:34:00,0.21032,0.06072
2026-05-27 10:34:00,0.22172,0.05842
2026-05-27 11:34:00,0.22558,0.06434
2026-05-27 12:34:00,0.22318,0.06104
2026-05-27 13:34:00,0.21433,0.05687
2026-05-27 14:34:00,0.21803,0.05398
2026-05-27 15:34:00,0.2226,0.05605
2026-05-27 16:34:00,0.22256,0.05342
2026-05-27 17:34:00,0.22364,0.0547
2026-05-27 18:34:00,0.2233,0.05588
2026-05-27 19:34:00,0.22832,0.05627
2026-05-27 20:34:00,0.2354,0.05863
2026-05-27 21:34:00,0.21677,0.05347
2026-05-27 22:34:00,0.21502,0.05492
2026-05-27 23:34:00,0.21331,0.05803
2026-05-28 00:34:00,0.21686,0.05622
2026-05-28 01:34:00,0.22146,0.06015
2026-05-28 02:34:00,0.21519,0.05816
2026-05-28 03:34:00,0.21131,0.05617
2026-05-28 04:34:00,0.20777,0.05657
2026-05-28 05:34:00,0.21111,0.05709
2026-05-28 06:34:00,0.21821,0.05964
2026-05-28 07:34:00,0.20893,0.05657
2026-05-28 08:34:00,0.20629,0.05663
2026-05-28 09:34:00,0.20977,0.05887
2026-05-28 10:34:00,0.24216,0.06007
2026-05-28 11:34:00,0.23417,0.05448
2026-05-28 12:34:00,0.21699,0.05983
2026-05-28 13:34:00,0.22071,0.05656
2026-05-28 14:34:00,0.00399,0.00341
2026-05-28 15:34:00,0.00297,0.003
2026-05-28 16:34:00,0.0032,0.00349
2026-05-28 17:34:00,0.00528,0.00397
2026-05-28 18:34:00,0.00469,0.00422
2026-05-28 19:34:00,0.18922,0.06485
2026-05-28 20:34:00,0.19771,0.05714
2026-05-28 21:34:00,0.21018,0.05749
2026-05-28 22:34:00,0.21357,0.05606
2026-05-28 23:34:00,0.21596,0.05899
2026-05-29 00:34:00,0.2167,0.06351
2026-05-29 01:34:00,0.21892,0.05929
2026-05-29 02:34:00,0.21739,0.06178
2026-05-29 03:34:00,0.22474,0.05784
2026-05-29 04:34:00,0.23629,0.06096
2026-05-29 05:34:00,0.21743,0.05908
2026-05-29 06:34:00,0.21757,0.05852
2026-05-29 07:34:00,0.22831,0.05872
2026-05-29 08:34:00,0.22128,0.05699
2026-05-29 09:34:00,0.21617,0.05953
2026-05-29 10:34:00,0.21775,0.06324
2026-05-29 11:34:00,0.21807,0.05776
2026-05-29 12:34:00,0.21996,0.05987
2026-05-29 13:34:00,0.21862,0.06241
2026-05-29 14:34:00,0.21855,0.06197
2026-05-29 15:34:00,0.21528,0.06284
2026-05-29 16:34:00,0.23141,0.06214
2026-05-29 17:34:00,0.22879,0.06065
2026-05-29 18:34:00,0.23231,0.05905
2026-05-29 19:34:00,0.24509,0.06386
2026-05-29 20:34:00,0.23877,0.05727
2026-05-29 21:34:00,0.21765,0.05968
2026-05-29 22:34:00,0.00427,0.00396
2026-05-29 23:34:00,0.00575,0.00371
2026-05-30 00:34:00,0.00409,0.00334
2026-05-30 01:34:00,0.00353,0.00295
2026-05-30 02:34:00,0.00357,0.00372
2026-05-30 03:34:00,0.00379,0.00334
2026-05-30 04:34:00,0.00589,0.00379
2026-05-30 05:34:00,0.0048,0.00345
2026-05-30 06:34:00,0.00496,0.00339
2026-05-30 07:34:00,0.00553,0.00376
2026-05-30 08:34:00,0.00417,0.00336
2026-05-30 09:34:00,0.00381,0.00306
2026-05-30 10:34:00,0.00351,0.00305
2026-05-30 11:34:00,0.00448,0.00299
2026-05-30 12:34:00,0.18826,0.05545
2026-05-30 13:34:00,0.19871,0.06399
2026-05-30 14:34:00,0.21156,0.06537
2026-05-30 15:34:00,0.21126,0.06589
2026-05-30 16:34:00,0.21358,0.06634
2026-05-30 17:34:00,0.2173,0.05981
2026-05-30 18:34:00,0.22216,0.05787
2026-05-30 19:34:00,0.21729,0.06059
2026-05-30 20:34:00,0.22569,0.0578
2026-05-30 21:34:00,0.21832,0.06061
2026-05-30 22:34:00,0.21594,0.06205
2026-05-30 23:34:00,0.22005,0.06268
2026-05-31 00:34:00,0.22548,0.06115
2026-05-31 01:34:00,0.21816,0.06538
2026-05-31 02:34:00,0.21762,0.06029
2026-05-31 03:34:00,0.21468,0.06041
2026-05-31 04:34:00,0.21618,0.06344
2026-05-31 05:34:00,0.21203,0.05913
2026-05-31 06:34:00,0.21641,0.06197
2026-05-31 07:34:00,0.22563,0.06284
2026-05-31 08:34:00,0.21033,0.06007
2026-05-31 09:34:00,0.20977,0.06166
2026-05-31 10:34:00,0.21514,0.06539
2026-05-31 11:34:00,0.21348,0.06431
2026-05-31 12:34:00,0.21186,0.06139
2026-05-31 13:34:00,0.20498,0.0641
2026-05-31 14:34:00,0.19805,0.06243
2026-05-31 15:34:00,0.20047,0.06563
2026-05-31 16:34:00,0.19572,0.06307
2026-05-31 17:34:00,0.19719,0.06847
2026-05-31 18:34:00,0.20265,0.06091
2026-05-31 19:34:00,0.20718,0.06064
2026-05-31 20:34:00,0.20998,0.0645
2026-05-31 21:34:00,0.21288,0.0614
2026-05-31 22:34:00,0.2074,0.06376
2026-05-31 23:34:00,0.20925,0.05908
2026-06-01 00:34:00,0.00301,0.00313
2026-06-01 01:34:00,0.00399,0.00421
2026-06-01 02:34:00,0.00597,0.00554
2026-06-01 03:34:00,0.00321,0.00289
2026-06-01 04:34:00,0.00419,0.00365
2026-06-01 05:34:00,0.0051,0.00346
2026-06-01 06:34:00,0.00398,0.00347
2026-06-01 07:34:00,0.00577,0.00484
2026-06-01 08:34:00,0.00385,0.00388
2026-06-01 09:34:00,0.00385,0.00324
2026-06-01 10:34:00,0.0037,0.00372
2026-06-01 11:34:00,0.0038,0.00321
