"DateTime","1RV","2RV","3RV"
"2026-02-22 00:34:00",0.48807,0.21719,0.06424
"2026-02-22 01:34:00",0.49406,0.22035,0.06507
"2026-02-22 02:34:00",0.49251,0.22368,0.05905
"2026-02-22 03:34:00",0.48659,0.21849,0.06196
"2026-02-22 04:34:00",0.47211,0.24374,0.06238
"2026-02-22 05:34:00",0.50265,0.23195,0.06211
"2026-02-22 06:34:00",0.51612,0.2313,0.06588
"2026-02-22 07:34:00",0.51608,0.23181,0.06118
"2026-02-22 08:34:00",0.51372,0.23209,0.0611
"2026-02-22 09:34:00",0.44477,0.22275,0.05957
"2026-02-22 10:34:00",0.4308,0.2209,0.06677
"2026-02-22 11:34:00",0.39344,0.20225,0.06028
"2026-02-22 12:34:00",0.49085,0.19724,0.05744
"2026-02-22 13:34:00",0.46182,0.18958,0.06317
"2026-02-22 14:34:00",0.48034,0.17939,0.05793
"2026-02-22 15:34:00",0.53014,0.17975,0.06075
"2026-02-22 16:34:00",0.43491,0.181,0.06509
"2026-02-22 17:34:00",0.38674,0.18085,0.06565
"2026-02-22 18:34:00",0.37236,0.18539,0.06773
"2026-02-22 19:34:00",0.41025,0.1901,0.06414
"2026-02-22 20:34:00",0.44797,0.20172,0.07388
"2026-02-22 21:34:00",0.44905,0.20625,0.06171
"2026-02-22 22:34:00",0.45413,0.20813,0.05918
"2026-02-22 23:34:00",0.44601,0.20985,0.06643
"2026-02-23 00:34:00",0.44769,0.21036,0.06303
"2026-02-23 01:34:00",0.47017,0.21665,0.06696
"2026-02-23 02:34:46",0.49448,0.22057,0.0612
"2026-02-23 03:34:00",0.48836,0.22758,0.05916
"2026-02-23 04:34:00",0.50069,0.22557,0.05926
"2026-02-23 05:34:00",0.50588,0.22368,0.05681
"2026-02-23 06:34:00",0.50587,0.22175,0.06572
"2026-02-23 07:34:00",0.48787,0.24338,0.05852
"2026-02-23 08:34:00",0.50441,0.22212,0.06064
"2026-02-23 09:34:00",0.45385,0.22542,0.06236
"2026-02-23 10:34:00",0.40213,0.21081,0.06307
"2026-02-23 11:34:00",0.43058,0.20698,0.06082
"2026-02-23 12:34:00",0.43771,0.19797,0.06388
"2026-02-23 13:34:00",0.45158,0.18841,0.06831
"2026-02-23 14:34:00",0.50937,0.18711,0.06444
"2026-02-23 15:34:00",0.52465,0.18324,0.06257
"2026-02-23 16:34:00",0.481,0.17811,0.06208
"2026-02-23 17:34:00",0.41048,0.18476,0.06433
"2026-02-23 18:34:00",0.38521,0.18972,0.07001
"2026-02-23 19:34:00",0.41435,0.19332,0.05916
"2026-02-23 20:34:00",0.44407,0.2012,0.0639
"2026-02-23 21:34:00",0.42678,0.20561,0.0643
"2026-02-23 22:34:00",0.44118,0.2087,0.06459
"2026-02-23 23:34:00",0.46731,0.21511,0.06284
"2026-02-24 00:34:00",0.44868,0.20875,0.06317
"2026-02-24 01:34:00",0.49182,0.21942,0.0634
"2026-02-24 02:34:00",0.49294,0.2166,0.06608
"2026-02-24 03:34:00",0.48412,0.21267,0.06483
"2026-02-24 04:34:00",0.49614,0.22949,0.06072
"2026-02-24 05:34:00",0.48958,0.2328,0.05818
"2026-02-24 06:34:00",0.5053,0.22735,0.0603
"2026-02-24 07:34:00",0.49871,0.21925,0.05892
"2026-02-24 08:34:00",0.49626,0.22121,0.06229
"2026-02-24 09:34:00",0.40461,0.20836,0.06037
"2026-02-24 10:34:00",0.4213,0.21484,0.05789
"2026-02-24 11:34:00",0.39562,0.20733,0.06361
"2026-02-24 12:34:00",0.392,0.20342,0.0692
"2026-02-24 13:34:00",0.36844,0.19509,0.0641
"2026-02-24 14:34:00",0.38509,0.19569,0.0659
"2026-02-24 15:34:00",0.38694,0.19149,0.06655
"2026-02-24 16:34:00",0.37651,0.1951,0.06232
"2026-02-24 17:34:00",0.4252,0.20049,0.06125
"2026-02-24 18:34:00",0.40751,0.20442,0.06178
"2026-02-24 19:34:00",0.43596,0.2089,0.06669
"2026-02-24 20:34:00",0.47043,0.21808,0.05983
"2026-02-24 21:34:00",0.46345,0.21241,0.06363
"2026-02-24 22:34:00",0.47919,0.21549,0.06071
"2026-02-24 23:34:00",0.48015,0.21147,0.05999
"2026-02-25 00:34:00",0.50049,0.22646,0.06759
"2026-02-25 01:34:00",0.49797,0.23166,0.05964
"2026-02-25 02:34:00",0.49896,0.23663,0.06206
"2026-02-25 03:34:00",0.49664,0.24142,0.06222
"2026-02-25 04:34:00",0.50996,0.23416,0.06203
"2026-02-25 05:34:00",0.50298,0.24545,0.0681
"2026-02-25 06:34:00",0.50572,0.22985,0.05737
"2026-02-25 07:34:00",0.51754,0.2318,0.06215
"2026-02-25 08:34:00",0.51066,0.22781,0.06095
"2026-02-25 09:34:00",0.44917,0.22058,0.06129
"2026-02-25 10:34:00",0.40917,0.20955,0.06202
"2026-02-25 11:34:00",0.40682,0.209,0.06248
"2026-02-25 12:34:00",0.40245,0.20557,0.06242
"2026-02-25 13:34:00",0.35889,0.19986,0.06498
"2026-02-25 14:34:00",0.41037,0.20899,0.06763
"2026-02-25 15:34:00",0.42177,0.2141,0.06578
"2026-02-25 16:34:00",0.45593,0.22205,0.06491
"2026-02-25 17:34:00",0.47184,0.22423,0.06694
"2026-02-25 18:34:00",0.46343,0.21416,0.06513
"2026-02-25 19:34:28",0.44696,0.21069,0.06879
"2026-02-25 20:34:00",0.50851,0.22306,0.06406
"2026-02-25 21:34:00",0.46367,0.21086,0.06333
"2026-02-25 22:34:00",0.4909,0.21412,0.06039
"2026-02-25 23:34:00",0.51296,0.22417,0.06617
"2026-02-26 00:34:00",0.51335,0.21584,0.06277
"2026-02-26 01:34:00",0.51932,0.22352,0.0604
"2026-02-26 02:34:00",0.51889,0.2173,0.06022
"2026-02-26 03:34:00",0.531,0.2263,0.06364
"2026-02-26 04:34:00",0.52275,0.23032,0.06126
"2026-02-26 05:34:00",0.50935,0.21732,0.0654
"2026-02-26 06:34:00",0.50966,0.22172,0.06248
"2026-02-26 07:34:00",0.49269,0.21214,0.06231
"2026-02-26 08:34:00",0.49283,0.20975,0.06059
"2026-02-26 09:34:00",0.45002,0.20291,0.06056
"2026-02-26 10:34:00",0.44711,0.20673,0.06226
"2026-02-26 11:34:00",0.445,0.20808,0.06199
"2026-02-26 12:34:00",0.42448,0.20451,0.06264
"2026-02-26 13:34:00",0.42159,0.2075,0.0617
"2026-02-26 14:34:00",0.39904,0.20516,0.06445
"2026-02-26 15:34:00",0.44451,0.21344,0.06346
"2026-02-26 16:34:00",0.45474,0.21154,0.06214
"2026-02-26 17:34:00",0.45548,0.21034,0.06332
"2026-02-26 18:34:00",0.45891,0.2083,0.0668
"2026-02-26 19:34:00",0.46479,0.20777,0.06689
"2026-02-26 20:34:00",0.5004,0.21528,0.06353
"2026-02-26 21:34:00",0.49465,0.21164,0.06303
"2026-02-26 22:34:00",0.50703,0.22696,0.06586
"2026-02-26 23:34:00",0.50643,0.21528,0.06188
"2026-02-27 00:34:00",0.52118,0.22432,0.06285
"2026-02-27 01:34:00",0.5006,0.21521,0.06019
"2026-02-27 02:34:00",0.50837,0.22555,0.06491
"2026-02-27 03:34:00",0.50135,0.21486,0.06374
"2026-02-27 04:34:00",0.5041,0.22576,0.06371
"2026-02-27 05:34:00",0.48407,0.21347,0.06369
"2026-02-27 06:34:00",0.49906,0.22214,0.06377
"2026-02-27 07:34:00",0.4774,0.21073,0.06815
"2026-02-27 08:34:00",0.45083,0.20621,0.06302
"2026-02-27 09:34:00",0.42727,0.20801,0.06427
"2026-02-27 10:34:00",0.40922,0.20545,0.06286
"2026-02-27 11:34:00",0.43639,0.21339,0.06047
"2026-02-27 12:34:00",0.3693,0.20194,0.06286
"2026-02-27 13:34:00",0.42071,0.20901,0.05931
"2026-02-27 14:34:00",0.41234,0.20481,0.06617
"2026-02-27 15:34:00",0.42612,0.2066,0.06805
"2026-02-27 16:08:41",0.43226,0.2093,0.06564
"2026-02-27 17:34:00",0.46092,0.21434,0.06318
"2026-02-27 18:34:00",0.48363,0.2182,0.06595
"2026-02-27 19:34:00",0.49029,0.21603,0.06633
"2026-02-27 20:34:00",0.49539,0.22495,0.06963
"2026-02-27 21:34:00",0.50559,0.22465,0.0628
"2026-02-27 22:34:00",0.48342,0.21256,0.06397
"2026-02-27 23:34:00",0.45819,0.2082,0.0641
"2026-02-28 00:34:00",0.50328,0.22488,0.06515
"2026-02-28 01:34:00",0.50274,0.23065,0.064
"2026-02-28 02:34:00",0.50774,0.22488,0.06898
"2026-02-28 03:34:00",0.49738,0.21679,0.06032
"2026-02-28 04:34:00",0.50059,0.2191,0.0596
"2026-02-28 05:34:00",0.49082,0.21264,0.06095
"2026-02-28 06:34:00",0.49963,0.21566,0.06012
"2026-02-28 07:34:00",0.5036,0.22193,0.05652
"2026-02-28 08:34:00",0.45964,0.22215,0.06116
"2026-02-28 09:34:00",0.45944,0.22035,0.06907
"2026-02-28 10:34:00",0.4357,0.21558,
"2026-02-28 11:34:00",0.3778,0.20306,0.06251
"2026-02-28 12:34:00",0.40397,0.2054,0.0624
"2026-02-28 13:34:00",0.39101,0.20202,0.05906
"2026-02-28 14:34:00",0.45588,0.22219,0.0622
"2026-02-28 15:34:00",0.44996,0.21276,0.06066
"2026-02-28 16:34:00",0.47486,0.2222,0.06347
"2026-02-28 17:34:00",0.47257,0.21313,0.0618
"2026-02-28 18:34:00",0.48214,0.21509,0.0601
"2026-02-28 19:34:00",0.49061,0.23235,0.06248
"2026-02-28 20:34:00",0.48823,0.22817,0.06081
"2026-02-28 21:34:00",0.49281,0.22144,0.06144
"2026-02-28 22:34:00",0.50286,0.22526,0.06399
"2026-02-28 23:34:00",0.49918,0.22165,0.06039
"2026-03-01 00:34:00",0.50563,0.22893,0.06475
"2026-03-01 01:34:00",0.49995,0.2268,0.06074
"2026-03-01 02:34:00",0.49507,0.21884,0.06245
"2026-03-01 03:34:00",0.47444,0.23956,0.06035
"2026-03-01 04:34:00",0.48137,0.21486,0.06733
"2026-03-01 05:34:00",0.49539,0.22436,0.06825
"2026-03-01 06:34:00",0.49417,0.2256,0.06112
"2026-03-01 07:34:00",0.49797,0.22498,0.06864
"2026-03-01 08:34:00",0.4773,0.2134,0.06223
"2026-03-01 09:34:00",0.45272,0.21861,0.06365
"2026-03-01 10:34:00",0.42075,0.21349,0.06448
"2026-03-01 11:34:00",0.36773,0.20229,0.06097
"2026-03-01 12:34:00",0.40359,0.20691,0.06397
"2026-03-01 13:34:00",0.40769,0.20606,0.06494
"2026-03-01 14:34:00",0.39042,0.20664,0.06984
"2026-03-01 15:34:00",0.4226,0.21412,0.06462
"2026-03-01 16:34:00",0.39775,0.20588,0.06779
"2026-03-01 17:34:00",0.44104,0.21405,0.06719
"2026-03-01 18:34:00",0.45971,0.21262,0.06313
"2026-03-01 19:34:00",0.48007,0.21381,0.0595
"2026-03-01 20:34:00",0.49497,0.22438,0.06483
"2026-03-01 21:34:00",0.50331,0.22116,0.06005
"2026-03-01 22:34:00",0.48934,0.21395,0.05974
"2026-03-01 23:34:00",0.47057,0.21242,0.06344
"2026-03-02 00:34:00",0.49582,0.21901,0.06515
"2026-03-02 01:34:00",0.50023,0.21959,0.05846
"2026-03-02 02:34:00",0.5116,0.22275,0.07975
"2026-03-02 03:34:00",0.51371,0.21915,0.06043
"2026-03-02 04:34:00",0.49318,0.24527,0.06334
"2026-03-02 05:34:00",0.51572,0.23357,0.06303
"2026-03-02 06:34:00",0.50396,0.23206,0.0583
"2026-03-02 07:34:00",0.48009,0.25273,0.05934
"2026-03-02 08:34:00",0.47103,0.24764,0.05943
"2026-03-02 09:34:00",0.48083,0.22693,0.06213
"2026-03-02 10:34:00",0.47451,0.22717,0.06145
"2026-03-02 11:34:00",0.48006,0.22821,0.0619
"2026-03-02 12:34:00",0.4697,0.21527,0.05934
"2026-03-02 13:34:00",0.48354,0.22753,0.06424
"2026-03-02 14:34:00",0.46842,0.21826,0.06038
"2026-03-02 15:34:00",0.48473,0.22428,0.0652
"2026-03-02 16:34:00",0.46538,0.21376,0.06166
"2026-03-02 17:34:00",0.49677,0.21844,0.06512
"2026-03-02 18:34:00",0.5189,0.22663,0.06078
"2026-03-02 19:34:00",0.51124,0.23564,0.06017
"2026-03-02 20:34:00",0.51073,0.23563,0.05731
"2026-03-02 21:34:00",0.53425,0.23497,0.06015
"2026-03-02 22:34:00",0.53754,0.23605,0.06031
"2026-03-02 23:34:00",0.50761,0.25087,0.0627
"2026-03-03 00:34:00",0.51295,0.24226,0.06177
"2026-03-03 01:34:00",0.49062,0.2388,0.05854
"2026-03-03 02:34:00",0.59003,0.23854,0.06008
"2026-03-03 03:34:00",0.754,0.24136,0.05584
"2026-03-03 04:34:00",0.64834,0.25793,0.06131
"2026-03-03 05:34:00",0.65968,0.25968,0.06047
"2026-03-03 06:34:00",0.61525,0.24799,0.05697
"2026-03-03 07:34:00",0.61843,0.25633,0.05708
"2026-03-03 08:34:00",0.65045,0.24952,0.05587
"2026-03-03 09:34:00",0.63192,0.25797,0.06151
"2026-03-03 10:34:00",0.64453,0.24499,0.05475
"2026-03-03 11:34:00",0.6828,0.24208,0.0567
"2026-03-03 12:34:00",0.64664,0.21729,0.0576
"2026-03-03 13:34:00",0.69856,0.21652,0.0551
"2026-03-03 14:34:00",0.53687,0.24188,0.06146
"2026-03-03 15:34:00",0.66748,0.23454,0.057
"2026-03-03 16:34:00",0.6998,0.21551,0.0584
"2026-03-03 17:34:00",0.68804,0.23015,0.06036
"2026-03-03 18:34:00",0.7009,0.23881,0.05974
"2026-03-03 19:34:00",0.70263,0.24738,0.06017
"2026-03-03 20:34:00",0.71597,0.24111,0.05828
"2026-03-03 21:34:00",0.72624,0.23803,0.0654
"2026-03-03 22:34:00",0.70257,0.24518,0.05928
"2026-03-03 23:34:00",0.72377,0.25243,0.05713
"2026-03-04 00:34:00",0.69875,0.25028,0.05744
"2026-03-04 01:34:00",0.70419,0.26049,0.05968
"2026-03-04 02:34:00",0.69511,0.25545,0.05521
"2026-03-04 03:34:00",0.7041,0.25877,0.05903
"2026-03-04 04:34:00",0.71248,0.25516,0.06258
"2026-03-04 05:34:00",0.71544,0.24568,0.05454
"2026-03-04 06:34:00",0.72578,0.24709,0.06084
"2026-03-04 07:34:00",0.72372,0.26052,0.05959
"2026-03-04 08:34:00",0.62288,0.2495,0.05901
"2026-03-04 09:34:00",0.53976,0.25734,0.0538
"2026-03-04 10:34:00",0.54451,0.25558,0.05621
"2026-03-04 11:34:00",0.55556,0.25555,0.05584
"2026-03-04 12:34:00",0.60088,0.2475,0.05648
"2026-03-04 13:34:00",0.72383,0.23639,0.05514
"2026-03-04 14:34:00",0.59637,0.23263,0.05873
"2026-03-04 15:34:00",0.72485,0.22461,0.05876
"2026-03-04 16:34:00",0.7227,0.20888,0.05772
"2026-03-04 17:34:00",0.7388,0.21268,0.06054
"2026-03-04 18:34:00",0.74495,0.21119,0.06279
"2026-03-04 19:34:00",0.76921,0.22724,0.05982
"2026-03-04 20:34:00",0.78238,0.20766,0.06118
"2026-03-04 21:34:00",0.79536,0.21799,0.0601
"2026-03-04 22:34:00",0.75572,0.2071,0.0621
"2026-03-04 23:34:00",0.75664,0.22161,0.05755
"2026-03-05 00:34:00",0.68012,0.22224,0.07093
"2026-03-05 01:34:00",0.62073,0.21505,0.0595
"2026-03-05 02:34:00",0.56104,0.23267,0.05992
"2026-03-05 03:34:00",0.53831,0.24509,0.06085
"2026-03-05 04:34:00",0.54427,0.23552,0.06778
"2026-03-05 05:34:00",0.54084,0.23115,0.05824
"2026-03-05 06:34:00",0.52673,0.24182,0.05622
"2026-03-05 07:34:00",0.47098,0.25452,0.06065
"2026-03-05 08:34:00",0.53097,0.24103,0.06071
"2026-03-05 09:34:00",0.52589,0.24246,0.06188
"2026-03-05 10:34:00",0.54656,0.21616,0.05737
"2026-03-05 11:34:00",0.55971,0.2119,0.05953
"2026-03-05 12:34:00",0.52941,0.21493,0.06078
"2026-03-05 13:34:00",0.53299,0.22719,0.06262
"2026-03-05 14:34:00",0.49436,0.22139,0.06214
"2026-03-05 15:34:00",0.46338,0.21018,0.06372
"2026-03-05 16:34:00",0.43829,0.20033,0.05891
"2026-03-05 17:34:00",0.47103,0.20975,0.06483
"2026-03-05 18:34:00",0.49101,0.21634,0.06482
"2026-03-05 19:34:00",0.49018,0.22661,0.05782
"2026-03-05 20:34:00",0.48869,0.22467,0.05888
"2026-03-05 21:34:00",0.49101,0.22484,0.06016
"2026-03-05 22:34:00",0.47907,0.21391,0.06128
"2026-03-05 23:34:00",0.48478,0.21576,0.0594
"2026-03-06 00:34:00",0.4439,0.2353,0.06617
"2026-03-06 01:34:00",0.50299,0.23999,0.05799
"2026-03-06 02:34:00",0.55247,0.23094,0.06341
"2026-03-06 03:34:00",0.56961,0.21803,0.06334
"2026-03-06 04:34:00",0.55782,0.2096,0.05722
"2026-03-06 05:34:00",0.57604,0.21043,0.05678
"2026-03-06 06:34:00",0.58366,0.21377,0.06468
"2026-03-06 07:34:00",0.54931,0.23189,0.05664
"2026-03-06 08:34:00",0.55071,0.20775,0.05759
"2026-03-06 09:34:00",0.52574,0.22497,0.05798
"2026-03-06 10:34:00",0.51167,0.20986,0.05866
"2026-03-06 11:34:00",0.48495,0.21014,0.05766
"2026-03-06 11:34:00",,0.21014,
"2026-03-06 12:34:00",0.44788,0.20594,0.05582
"2026-03-06 12:34:00",,,0.05582
"2026-03-06 13:34:00",0.42854,0.19535,0.05672
"2026-03-06 14:34:00",0.42426,0.19581,0.05897
"2026-03-06 15:34:00",0.4253,0.20539,0.05861
"2026-03-06 16:34:00",0.39997,0.20334,0.06739
"2026-03-06 17:34:00",0.45163,0.21284,0.06112
"2026-03-06 18:34:00",0.45501,0.22404,0.06093
"2026-03-06 19:34:00",0.43649,0.21357,0.05873
"2026-03-06 20:34:00",0.44706,0.21781,0.05689
"2026-03-06 21:34:00",0.43923,0.21837,0.05822
"2026-03-06 22:34:00",0.42568,0.2256,0.05977
"2026-03-06 23:34:00",0.42906,0.22402,0.06069
"2026-03-07 00:34:00",0.40851,0.23937,0.05617
"2026-03-07 01:34:00",0.39755,0.24794,0.06194
"2026-03-07 02:34:00",0.36188,0.25729,0.06385
"2026-03-07 03:34:00",0.3805,0.24451,0.05706
"2026-03-07 04:34:00",0.349,0.26709,0.05634
"2026-03-07 05:34:00",0.36305,0.2594,0.062
"2026-03-07 06:34:00",0.37047,0.26392,0.05913
"2026-03-07 07:34:00",0.36047,0.26839,0.05735
"2026-03-07 08:34:00",0.36557,0.26446,0.05565
"2026-03-07 09:34:00",0.40775,0.25623,0.05839
"2026-03-07 10:34:00",0.42048,0.22942,0.05726
"2026-03-07 11:34:00",0.4483,0.223,0.06089
"2026-03-07 12:34:00",0.41176,0.23937,0.06171
"2026-03-07 13:34:00",0.39613,0.22781,0.06016
"2026-03-07 14:34:00",0.33083,0.21477,0.05774
"2026-03-07 15:34:00",0.33238,0.22693,0.05845
"2026-03-07 16:34:00",0.32978,0.21954,0.05816
"2026-03-07 17:34:00",0.33315,0.21807,0.05831
"2026-03-07 18:34:00",0.32579,0.2353,0.05751
"2026-03-07 19:34:00",0.32796,0.23871,0.0623
"2026-03-07 20:34:00",0.33483,0.23329,0.0607
"2026-03-07 21:34:00",0.3369,0.2321,0.06008
"2026-03-07 22:34:00",0.32971,0.24613,0.06335
"2026-03-07 23:34:00",0.36288,0.2288,0.05996
"2026-03-08 00:34:00",0.36451,0.22898,0.06188
"2026-03-08 01:34:00",0.33553,0.24096,0.06008
"2026-03-08 02:34:00",0.35633,0.24595,0.06353
"2026-03-08 03:34:00",0.47467,0.23597,0.06012
"2026-03-08 04:34:00",0.49682,0.23982,0.05799
"2026-03-08 05:34:00",0.49359,0.24186,0.06104
"2026-03-08 06:34:00",0.52429,0.22364,0.06048
"2026-03-08 07:34:00",0.50221,0.24812,0.06127
"2026-03-08 08:34:00",0.50494,0.24469,0.06134
"2026-03-08 09:34:00",0.46753,0.21775,0.05623
"2026-03-08 10:34:00",0.44185,0.2155,0.05745
"2026-03-08 11:34:00",0.43591,0.20164,0.05764
"2026-03-08 12:34:00",0.43886,0.20269,0.05831
"2026-03-08 13:34:00",0.41569,0.19411,0.05828
"2026-03-08 14:34:00",0.46235,0.20533,0.05742
"2026-03-08 15:34:00",0.45861,0.20747,0.06181
"2026-03-08 16:34:00",0.4671,0.20435,0.05919
"2026-03-08 17:34:00",0.45328,0.20514,0.05762
"2026-03-08 18:34:00",0.49282,0.21278,0.05813
"2026-03-08 19:34:00",0.49175,0.22024,0.06233
"2026-03-08 20:34:00",0.48445,0.21887,0.06346
"2026-03-08 21:34:00",0.45942,0.2205,0.05671
"2026-03-08 22:34:00",0.45051,0.23057,0.05696
"2026-03-08 23:34:00",0.45155,0.23557,0.06725
"2026-03-09 00:34:00",0.45211,0.22778,0.05931
"2026-03-09 01:34:00",0.4597,0.2234,0.05648
"2026-03-09 02:34:00",0.46067,0.22852,0.05894
"2026-03-09 03:34:00",0.47133,0.23034,0.06266
"2026-03-09 04:34:00",0.46847,0.22855,0.05753
"2026-03-09 05:34:00",0.45744,0.21503,0.06024
"2026-03-09 06:34:00",0.47177,0.22922,0.05936
"2026-03-09 07:34:00",0.47108,0.24252,0.06244
"2026-03-09 08:34:00",0.45939,0.24006,0.05609
"2026-03-09 09:34:00",0.43981,0.22853,0.0604
"2026-03-09 10:34:00",0.43013,0.20896,0.06018
"2026-03-09 11:34:00",0.42357,0.2032,0.06169
"2026-03-09 12:34:00",0.43065,0.21114,0.06199
"2026-03-09 13:34:00",0.39568,0.19971,0.06165
"2026-03-09 14:34:00",0.40314,0.19845,0.06281
"2026-03-09 15:34:00",0.41545,0.19848,0.05775
"2026-03-09 16:34:00",0.42476,0.19818,0.06193
"2026-03-09 17:34:00",0.46637,0.21145,0.0618
"2026-03-09 18:34:00",0.46069,0.21319,0.06198
"2026-03-09 19:34:00",0.47349,0.21873,0.06212
"2026-03-09 20:34:00",0.46234,0.20785,0.06019
"2026-03-09 21:34:00",0.44057,0.20438,0.05705
"2026-03-09 22:34:00",0.45685,0.21242,0.05879
"2026-03-09 23:34:00",0.45669,0.22097,0.05724
"2026-03-10 00:34:00",0.42025,0.23501,0.05885
"2026-03-10 01:34:00",0.48026,0.23317,0.06062
"2026-03-10 02:34:00",0.49228,0.22186,0.05915
"2026-03-10 03:34:00",0.50699,0.22497,0.06221
"2026-03-10 04:34:00",0.51069,0.21288,0.05811
"2026-03-10 05:34:00",0.45261,0.20007,0.05924
"2026-03-10 06:34:00",0.51804,0.21799,0.05923
"2026-03-10 07:34:00",0.49481,0.21661,0.05667
"2026-03-10 08:34:00",0.48762,0.22276,0.05868
"2026-03-10 09:34:00",0.46659,0.21318,0.06115
"2026-03-10 10:34:00",0.45613,0.21965,0.05584
"2026-03-10 11:34:00",0.41922,0.21611,0.06173
"2026-03-10 12:34:00",0.37343,0.20206,0.0601
"2026-03-10 13:34:00",0.3483,0.20176,0.06146
"2026-03-10 14:34:00",0.34835,0.20769,0.05734
"2026-03-10 15:34:00",0.32066,0.20737,0.06238
"2026-03-10 16:34:00",0.32876,0.21358,0.0571
"2026-03-10 17:34:00",0.34744,0.2234,0.05983
"2026-03-10 18:34:00",0.46301,0.23205,0.05682
"2026-03-10 19:34:00",0.4632,0.23567,0.05941
"2026-03-10 20:34:00",0.49932,0.22207,0.05738
"2026-03-10 21:34:00",0.51111,0.23071,0.06007
"2026-03-10 22:34:00",0.51639,0.22445,0.06567
"2026-03-10 23:34:00",0.51348,0.22603,0.06096
"2026-03-11 00:34:00",0.48276,0.24484,0.05803
"2026-03-11 01:34:00",0.50243,0.24665,0.05608
"2026-03-11 02:34:00",0.5108,0.24951,0.05822
"2026-03-11 03:34:00",0.51288,0.24383,0.05728
"2026-03-11 04:34:00",0.52823,0.2415,0.05728
"2026-03-11 05:34:00",0.53717,0.22264,0.05497
"2026-03-11 06:34:00",0.54656,0.23927,0.05778
"2026-03-11 07:34:00",0.54126,0.23675,0.05816
"2026-03-11 08:34:00",0.4739,0.2497,0.05956
"2026-03-11 09:34:00",0.46462,0.21271,0.06246
"2026-03-11 10:34:00",0.41499,0.20625,0.05992
"2026-03-11 11:34:00",0.4711,0.21221,0.05796
"2026-03-11 12:34:00",0.44612,0.21046,0.05668
"2026-03-11 13:34:00",0.43593,0.20243,0.05828
"2026-03-11 14:34:00",0.45131,0.21655,0.06441
"2026-03-11 15:34:00",0.4333,0.20885,0.05732
"2026-03-11 16:34:00",0.41037,0.20254,0.05943
"2026-03-11 17:34:00",0.43588,0.20685,0.05803
"2026-03-11 18:34:00",0.45372,0.2231,0.05822
"2026-03-11 19:34:00",0.44857,0.23099,0.05707
"2026-03-11 20:34:00",0.44365,0.23102,0.06381
"2026-03-11 21:34:00",0.42244,0.23339,0.05941
"2026-03-11 22:34:00",0.41441,0.22936,0.05606
"2026-03-11 23:34:00",0.39804,0.2429,0.05697
"2026-03-12 00:34:00",0.39076,0.24027,0.05811
"2026-03-12 01:34:00",0.38161,0.2432,0.05757
"2026-03-12 02:34:00",0.38568,0.2466,0.05655
"2026-03-12 03:34:00",0.40387,0.2419,0.05707
"2026-03-12 04:34:00",0.3892,0.24885,0.05804
"2026-03-12 05:34:00",0.39904,0.24421,0.05555
"2026-03-12 06:34:00",0.40364,0.24777,0.05836
"2026-03-12 07:34:00",0.39541,0.25693,0.05814
"2026-03-12 08:34:00",0.3971,0.24234,0.0545
"2026-03-12 09:34:00",0.3908,0.22945,0.05756
"2026-03-12 10:34:00",0.35451,0.20531,0.06027
"2026-03-12 11:34:00",0.34695,0.20102,0.05908
"2026-03-12 12:34:00",0.34929,0.20605,0.06071
"2026-03-12 13:34:00",0.34137,0.19776,0.06174
"2026-03-12 14:34:00",0.34467,0.1984,0.06039
"2026-03-12 15:34:00",0.3584,0.20408,0.06232
"2026-03-12 16:34:00",0.36237,0.19988,0.06408
"2026-03-12 17:34:00",0.35237,0.20012,0.06328
"2026-03-12 18:34:00",0.38199,0.21919,0.06107
"2026-03-12 19:34:00",0.3667,0.22439,0.06294
"2026-03-12 20:34:00",0.34338,0.23641,0.06347
"2026-03-12 21:34:00",0.34319,0.22545,0.05957
"2026-03-12 22:34:00",0.35848,0.22267,0.06312
"2026-03-12 23:34:00",0.37234,0.22487,0.06319
"2026-03-13 00:34:00",0.3657,0.22585,0.05399
"2026-03-13 01:34:00",0.37169,0.24522,0.06263
"2026-03-13 02:34:00",0.37989,0.24131,0.06313
"2026-03-13 03:34:00",0.40277,0.22705,0.06196
"2026-03-13 04:34:00",0.38091,0.20125,0.06266
"2026-03-13 05:34:00",0.41737,0.21021,0.06336
"2026-03-13 06:34:00",0.43344,0.21429,0.0586
"2026-03-13 07:34:00",0.43511,0.21698,0.05883
"2026-03-13 08:34:00",0.43719,0.23258,0.0636
"2026-03-13 09:34:00",0.44243,0.21436,0.06062
"2026-03-13 10:34:00",0.418,0.20925,0.06317
"2026-03-13 11:34:00",0.34155,0.20305,0.06359
"2026-03-13 12:34:00",0.33267,0.21014,0.06348
"2026-03-13 13:34:00",0.32864,0.20875,0.06389
"2026-03-13 14:34:00",0.30485,0.2,0.05996
"2026-03-13 15:34:00",0.30729,0.20282,0.0647
"2026-03-13 16:34:00",0.30079,0.19999,0.06254
"2026-03-13 17:34:00",0.32883,0.21191,0.05994
"2026-03-13 18:34:00",0.32505,0.21382,0.06217
"2026-03-13 19:34:00",0.32577,0.2283,0.06505
"2026-03-13 20:34:00",0.3295,0.22779,0.06549
"2026-03-13 21:34:00",0.33437,0.21017,0.0624
"2026-03-13 22:34:00",0.3526,0.21966,0.05901
"2026-03-13 23:34:00",0.35503,0.21412,0.06491
"2026-03-14 00:34:00",0.35911,0.2312,0.05975
"2026-03-14 01:34:00",0.36606,0.22228,0.0597
"2026-03-14 02:34:00",0.35124,0.22352,0.05797
"2026-03-14 03:34:00",0.33009,0.21509,0.0682
"2026-03-14 04:34:00",0.29963,0.21057,0.05991
"2026-03-14 05:34:00",0.28479,0.21065,0.06533
"2026-03-14 06:34:00",0.27304,0.20735,0.06343
"2026-03-14 07:34:00",0.28875,0.22744,0.06177
"2026-03-14 08:34:00",0.28325,0.22123,0.0671
"2026-03-14 09:34:00",0.27683,0.21009,0.05814
"2026-03-14 10:34:00",0.2755,0.21363,0.06384
"2026-03-14 11:34:00",0.27393,0.20624,0.06422
"2026-03-14 12:34:00",0.27591,0.2071,0.06058
"2026-03-14 13:34:00",0.28219,0.20945,0.0623
"2026-03-14 14:34:00",0.26092,0.20262,0.06508
"2026-03-14 15:34:00",0.27377,0.21162,0.06343
"2026-03-14 16:34:00",0.26943,0.20666,0.06688
"2026-03-14 17:34:00",0.28142,0.20996,0.06207
"2026-03-14 18:34:00",0.29387,0.21788,0.0657
"2026-03-14 19:34:00",0.28813,0.2183,0.0638
"2026-03-14 20:34:00",0.28419,0.22863,0.05999
"2026-03-14 21:34:00",0.28532,0.21273,0.06675
"2026-03-14 22:34:00",0.29461,0.22192,0.06004
"2026-03-14 23:34:00",0.2939,0.21453,0.05893
"2026-03-15 00:34:00",0.30019,0.22975,0.06035
"2026-03-15 01:34:00",0.29688,0.24454,0.06655
"2026-03-15 02:34:00",0.30077,0.22175,0.05916
"2026-03-15 03:34:00",0.29221,0.22995,0.06333
"2026-03-15 04:34:00",0.28256,0.22269,0.06232
"2026-03-15 05:34:00",0.2787,0.22732,0.05876
"2026-03-15 06:34:00",0.28191,0.24224,0.06298
"2026-03-15 07:34:00",0.28824,0.23758,0.06278
"2026-03-15 08:34:00",0.29367,0.2372,0.06151
"2026-03-15 09:34:00",0.28587,0.21788,0.06511
"2026-03-15 10:34:00",0.27283,0.20331,0.06141
"2026-03-15 11:34:00",0.26427,0.1988,0.06377
"2026-03-15 12:34:00",0.26628,0.2017,0.06099
"2026-03-15 13:34:00",0.25685,0.19957,0.06032
"2026-03-15 14:34:00",0.26689,0.20185,0.06633
"2026-03-15 15:34:00",0.26746,0.20228,0.06666
"2026-03-15 16:34:00",0.262,0.19669,0.06384
"2026-03-15 17:34:00",0.27717,0.20336,0.06404
"2026-03-15 18:34:00",0.29905,0.21965,0.06264
"2026-03-15 19:34:00",0.2969,0.22766,0.06302
"2026-03-15 20:34:00",0.2804,0.23113,0.0606
"2026-03-15 21:34:00",0.28597,0.22389,0.06196
"2026-03-15 22:34:00",0.28154,0.21963,0.06199
"2026-03-15 23:34:00",0.27709,0.22431,0.05973
"2026-03-16 00:34:00",0.27819,0.235,0.06043
"2026-03-16 01:34:00",0.28207,0.22593,0.06351
"2026-03-16 02:34:00",0.28162,0.22969,0.06172
"2026-03-16 03:34:00",0.28872,0.22684,0.0584
"2026-03-16 04:34:00",0.28606,0.21846,0.05374
"2026-03-16 05:34:00",0.29838,0.22135,0.062
"2026-03-16 06:34:00",0.29318,0.23462,0.0567
"2026-03-16 07:34:00",0.28894,0.23902,0.06287
"2026-03-16 08:34:00",0.28393,0.22992,0.06333
"2026-03-16 09:34:00",0.27262,0.20911,0.06144
"2026-03-16 10:34:00",0.27669,0.21256,0.06202
"2026-03-16 11:34:00",0.25917,0.20109,0.06458
"2026-03-16 12:34:00",0.26468,0.19853,0.06383
"2026-03-16 13:34:00",0.25986,0.19293,0.06416
"2026-03-16 14:34:00",0.27385,0.19528,0.06266
"2026-03-16 15:34:00",0.27697,0.19547,0.06212
"2026-03-16 16:34:00",0.28526,0.19254,0.0629
"2026-03-16 17:34:00",0.31127,0.20422,0.06203
"2026-03-16 18:34:00",0.32192,0.20923,0.06249
"2026-03-16 19:34:00",0.32894,0.22471,0.06114
"2026-03-16 20:34:00",0.33117,0.22224,0.06611
"2026-03-16 21:34:00",0.32854,0.22536,0.06138
"2026-03-16 22:34:00",0.324,0.23744,0.06197
"2026-03-16 23:34:00",0.32907,0.22584,0.06444
"2026-03-17 00:34:00",0.31212,0.24415,0.05841
"2026-03-17 01:34:00",0.31119,0.25487,0.05997
"2026-03-17 02:34:00",0.30608,0.25341,0.05713
"2026-03-17 03:34:00",0.31441,0.25181,0.06117
"2026-03-17 04:34:00",0.31609,0.22645,0.05645
"2026-03-17 05:34:00",0.32395,0.2392,0.05893
"2026-03-17 06:34:00",0.33465,0.2512,0.06338
"2026-03-17 07:34:00",0.22914,0.25415,0.06021
"2026-03-17 08:34:00",0.36976,0.23647,0.0589
"2026-03-17 09:34:00",0.4007,0.20851,0.05856
"2026-03-17 10:34:00",0.41511,0.19758,0.06134
"2026-03-17 11:34:00",0.49103,0.20755,0.06189
"2026-03-17 12:34:00",0.47686,0.21965,0.06525
"2026-03-17 13:34:00",0.4803,0.20474,0.06552
"2026-03-17 14:34:00",0.48968,0.21236,0.05827
"2026-03-17 15:34:00",0.47061,0.20357,0.06277
"2026-03-17 16:34:00",0.28331,0.21303,0.07036
"2026-03-17 17:34:00",0.43201,0.21891,0.06479
"2026-03-17 18:34:00",0.41697,0.22679,0.05743
"2026-03-17 19:34:00",0.44759,0.24357,0.06366
"2026-03-17 20:34:00",0.55953,0.2267,0.06307
"2026-03-17 21:34:00",0.58011,0.21779,0.05893
"2026-03-17 22:34:00",0.58353,0.23232,0.06048
"2026-03-17 23:34:00",0.61299,0.23689,0.06005
"2026-03-18 00:34:00",0.64404,0.23636,0.06137
"2026-03-18 01:34:00",0.65156,0.24692,0.05795
"2026-03-18 02:34:00",0.66233,0.23292,0.05404
"2026-03-18 03:34:00",0.67918,0.24317,0.05674
"2026-03-18 04:34:00",0.68538,0.24202,0.0573
"2026-03-18 05:34:00",0.67673,0.23568,0.0621
"2026-03-18 06:34:00",0.68718,0.24526,0.05517
"2026-03-18 07:34:00",0.70024,0.23184,0.05549
"2026-03-18 08:34:00",0.83546,0.22046,0.06035
"2026-03-18 09:34:00",0.76548,0.21958,0.05473
"2026-03-18 10:34:00",0.77144,0.19601,0.06085
"2026-03-18 11:34:00",0.59185,0.19896,0.06185
"2026-03-18 12:34:00",0.42308,0.19561,0.06751
"2026-03-18 13:34:00",0.4131,0.19356,0.05325
"2026-03-18 14:34:00",0.38933,0.19549,0.06073
"2026-03-18 15:34:00",0.42479,0.20193,0.05812
"2026-03-18 16:34:00",0.37613,0.19237,0.05736
"2026-03-18 17:34:00",0.43057,0.20626,0.05582
"2026-03-18 18:34:00",0.4329,0.21873,0.06488
"2026-03-18 19:34:00",0.42258,0.215,0.05844
"2026-03-18 20:34:00",0.42423,0.23542,0.06196
"2026-03-18 20:34:00",,,0.06196
"2026-03-18 21:34:00",0.42542,0.20738,0.0663
"2026-03-18 22:34:00",0.42708,0.21616,0.05836
"2026-03-18 23:34:00",0.41218,0.21588,0.06102
"2026-03-19 00:34:00",0.38251,0.22217,0.05615
"2026-03-19 01:34:00",0.36502,0.2441,0.06411
"2026-03-19 02:34:00",0.38969,0.21143,0.05965
"2026-03-19 03:34:00",0.35277,0.24327,0.0596
"2026-03-19 04:34:00",0.41931,0.24028,0.0603
"2026-03-19 05:34:00",0.50099,0.22801,0.06154
"2026-03-19 06:34:00",0.47143,0.25854,0.06426
"2026-03-19 07:34:00",0.46765,0.25355,0.06268
"2026-03-19 08:34:00",0.51184,0.22948,0.06086
"2026-03-19 09:34:00",0.52455,0.21721,0.06101
"2026-03-19 10:34:00",0.50157,0.20774,0.06336
"2026-03-19 11:34:00",0.43986,0.20779,0.06315
"2026-03-19 12:34:00",0.42133,0.21526,0.05829
"2026-03-19 13:34:00",0.37565,0.21975,0.06265
"2026-03-19 14:34:00",0.35132,0.21093,0.06351
"2026-03-19 15:34:00",0.32309,0.22197,0.06655
"2026-03-19 16:34:00",0.38284,0.22649,0.06013
"2026-03-19 17:34:00",0.38596,0.23022,0.05724
"2026-03-19 18:34:00",0.26094,0.22342,0.05821
"2026-03-19 19:34:00",0.40395,0.2406,0.06412
"2026-03-19 20:34:00",0.35567,0.24041,0.06082
"2026-03-19 21:34:00",0.24683,0.23286,0.0564
"2026-03-19 22:34:00",0.27892,0.24725,0.06587
"2026-03-19 23:34:00",0.28822,0.24338,0.05569
"2026-03-20 00:34:00",0.30457,0.24497,0.05496
"2026-03-20 01:34:00",0.33283,0.25121,0.05862
"2026-03-20 02:34:00",0.33532,0.24666,0.05641
"2026-03-20 03:34:00",0.34108,0.2426,0.0538
"2026-03-20 04:34:00",0.36046,0.26936,0.05997
"2026-03-20 05:34:00",0.36398,0.25528,0.0607
"2026-03-20 06:34:00",0.36725,0.24148,0.0567
"2026-03-20 07:34:00",0.40007,0.25365,0.05998
"2026-03-20 08:34:00",0.40924,0.25527,0.05804
"2026-03-20 09:34:00",0.44454,0.23902,0.0572
"2026-03-20 10:34:00",0.44996,0.2256,0.06384
"2026-03-20 11:34:00",0.43702,0.21884,0.0635
"2026-03-20 12:34:00",0.45524,0.22572,0.06835
"2026-03-20 13:34:00",0.46485,0.22138,0.0645
"2026-03-20 14:34:00",0.41293,0.2138,0.05992
"2026-03-20 15:34:00",0.38293,0.21066,0.06291
"2026-03-20 16:34:00",0.41357,0.20982,0.05879
"2026-03-20 17:34:00",0.44552,0.226,0.06046
"2026-03-20 18:34:00",0.44597,0.2365,0.06682
"2026-03-20 19:34:00",0.4259,0.23758,0.06335
"2026-03-20 20:34:00",0.39449,0.23366,0.0655
"2026-03-20 21:34:00",0.3866,0.254,0.05944
"2026-03-20 22:34:00",0.37812,0.25648,0.0656
"2026-03-20 23:34:00",0.36209,0.24861,0.06221
"2026-03-21 00:34:00",0.32797,0.23091,0.06486
"2026-03-21 01:34:00",0.33344,0.25093,0.05687
"2026-03-21 02:34:00",0.32434,0.24292,0.06012
"2026-03-21 03:34:00",0.31846,0.24912,0.05835
"2026-03-21 04:34:00",0.30763,0.23901,0.06417
"2026-03-21 05:34:00",0.29562,0.23819,0.06008
"2026-03-21 06:34:00",0.27821,0.22904,0.05903
"2026-03-21 07:34:00",0.26883,0.24098,0.05792
"2026-03-21 08:34:00",0.23001,0.22895,0.05986
"2026-03-21 09:34:00",0.28712,0.24557,0.06336
"2026-03-21 10:34:00",0.31891,0.23741,0.0659
"2026-03-21 11:34:00",0.23853,0.2082,0.05957
"2026-03-21 12:34:00",0.2392,0.20194,0.05926
"2026-03-21 13:34:00",0.26893,0.21011,0.05844
"2026-03-21 14:34:00",0.25294,0.23002,0.05773
"2026-03-21 15:34:00",0.23421,0.20953,0.05948
"2026-03-21 16:34:00",0.24941,0.20517,0.05967
"2026-03-21 17:34:00",0.27619,0.23352,0.0629
"2026-03-21 18:34:00",0.27321,0.2275,0.05746
"2026-03-21 19:34:00",0.26886,0.22966,0.05729
"2026-03-21 20:34:00",0.26542,0.25212,0.06126
"2026-03-21 21:34:00",0.25682,0.22632,0.05842
"2026-03-21 22:34:00",0.25558,0.22982,0.06093
"2026-03-21 23:34:00",0.25559,0.24317,0.05755
"2026-03-22 00:34:00",0.24857,0.23037,0.06006
"2026-03-22 01:34:00",0.25246,0.23928,0.0586
"2026-03-22 04:24:25",0.25037,0.24707,0.05773
"2026-03-22 04:34:00",0.24598,0.25568,0.05948
"2026-03-22 05:34:00",0.24353,0.25448,0.05818
"2026-03-22 06:34:00",0.24416,0.24053,0.06041
"2026-03-22 07:34:00",0.23868,0.26255,0.05629
"2026-03-22 08:34:00",0.24117,0.24838,0.05802
"2026-03-22 09:34:00",0.23311,0.26107,0.05943
"2026-03-22 10:34:00",0.2333,0.23837,0.05805
"2026-03-22 11:34:00",0.21458,0.21413,0.05748
"2026-03-22 12:34:00",0.20165,0.20357,0.0619
"2026-03-22 13:34:00",0.19522,0.19796,0.0622
"2026-03-22 14:34:00",0.19568,0.19303,0.0587
"2026-03-22 15:34:00",0.19137,0.19514,0.0604
"2026-03-22 16:34:00",0.19661,0.1902,0.05768
"2026-03-22 17:34:00",0.20506,0.19629,0.0692
"2026-03-22 18:34:00",0.21106,0.19131,0.06179
"2026-03-22 19:34:00",0.21631,0.19837,0.0616
"2026-03-22 20:34:00",0.21874,0.19929,0.05783
"2026-03-22 21:34:00",0.22715,0.20895,0.0605
"2026-03-22 22:34:00",0.24004,0.22962,0.06278
"2026-03-22 23:34:00",0.2327,0.22053,0.05779
"2026-03-23 00:34:00",0.23971,0.23755,0.0625
"2026-03-23 01:34:00",0.24787,0.24301,0.05928
"2026-03-23 02:34:00",0.23168,0.23739,0.05858
"2026-03-23 03:34:00",0.27087,0.23681,0.06149
"2026-03-23 04:34:00",0.298,0.23371,0.06344
"2026-03-23 05:34:00",0.31346,0.21214,0.05839
"2026-03-23 06:34:00",0.33617,0.23027,0.05834
"2026-03-23 07:34:00",0.33466,0.22848,0.0567
"2026-03-23 08:34:00",0.30975,0.25338,0.05864
"2026-03-23 09:34:00",0.30465,0.25807,0.05871
"2026-03-23 10:34:00",0.30898,0.21518,0.0572
"2026-03-23 11:34:00",0.30059,0.20503,0.06043
"2026-03-23 12:34:00",0.29479,0.19689,0.06212
"2026-03-23 13:34:00",0.33251,0.20432,0.06035
"2026-03-23 14:34:00",0.31612,0.18847,0.06689
"2026-03-23 15:34:00",0.35067,0.19534,0.06023
"2026-03-23 16:34:00",0.33508,0.1887,0.06142
"2026-03-23 17:34:00",0.35189,0.19155,0.06075
"2026-03-23 18:34:00",0.34898,0.19052,0.06085
"2026-03-23 19:34:00",0.39814,0.20209,0.06591
"2026-03-23 20:34:00",0.35729,0.19381,0.06264
"2026-03-23 21:34:00",0.36103,0.20875,0.06085
"2026-03-23 22:34:00",0.36436,0.2213,0.06286
"2026-03-23 23:34:00",0.36249,0.21867,0.05648
"2026-03-24 00:34:00",0.36599,0.21968,0.05831
"2026-03-24 01:34:00",0.37169,0.24068,0.05713
"2026-03-24 02:34:00",0.37105,0.24044,0.05997
"2026-03-24 03:34:00",0.37455,0.23752,0.05834
"2026-03-24 04:34:00",0.36953,0.22512,0.05767
"2026-03-24 05:34:00",0.37798,0.23049,0.06197
"2026-03-24 06:34:00",0.36362,0.21665,0.06133
"2026-03-24 07:34:00",0.38562,0.24542,0.06041
"2026-03-24 08:34:00",0.37489,0.24561,0.05697
"2026-03-24 09:34:00",0.37304,0.24089,0.06107
"2026-03-24 10:34:00",0.36819,0.23511,0.06013
"2026-03-24 11:34:00",0.34021,0.20892,0.05783
"2026-03-24 12:34:00",0.41221,0.21541,0.05828
"2026-03-24 13:34:00",0.39819,0.19541,0.06102
"2026-03-24 14:34:00",0.38117,0.19448,0.06254
"2026-03-24 15:34:00",0.36831,0.18566,0.06208
"2026-03-24 16:34:00",0.38215,0.19081,0.06215
"2026-03-24 17:34:00",0.37253,0.19369,0.05918
"2026-03-24 18:34:00",0.38607,0.19596,0.0635
"2026-03-24 19:34:00",0.39037,0.19919,0.05768
"2026-03-24 20:34:00",0.39957,0.2026,0.0618
"2026-03-24 21:34:00",0.38197,0.21608,0.05791
"2026-03-24 22:34:00",0.37406,0.22669,0.06268
"2026-03-24 23:34:00",0.37526,0.23391,0.06917
"2026-03-25 00:34:00",0.3521,0.20776,0.06319
"2026-03-25 01:34:00",0.3681,0.22021,0.05646
"2026-03-25 02:34:00",0.37826,0.21944,0.05873
"2026-03-25 03:34:00",0.37307,0.21776,0.06343
"2026-03-25 04:34:00",0.36048,0.21104,0.05751
"2026-03-25 05:34:00",0.37887,0.22736,0.06022
"2026-03-25 06:34:00",0.36688,0.21281,0.05839
"2026-03-25 07:34:00",0.35305,0.21107,0.05852
"2026-03-25 08:34:00",0.38073,0.23138,0.0675
"2026-03-25 09:34:00",0.34476,0.20977,0.06024
"2026-03-25 10:34:00",0.33677,0.21092,0.05464
"2026-03-25 11:34:00",0.35625,0.20275,0.06495
"2026-03-25 12:34:00",0.34888,0.19505,0.06198
"2026-03-25 13:34:00",0.38385,0.20568,0.06404
"2026-03-25 14:34:00",0.34266,0.18644,0.06221
"2026-03-25 15:34:00",0.35548,0.18645,0.06321
"2026-03-25 16:34:00",0.34289,0.18234,0.05838
"2026-03-25 17:34:00",0.36838,0.19051,0.06412
"2026-03-25 18:34:00",0.35859,0.18854,0.05681
"2026-03-25 19:34:00",0.33483,0.19155,0.05924
"2026-03-25 20:34:00",0.38204,0.20895,0.06423
"2026-03-25 21:34:00",0.35877,0.2155,0.05763
"2026-03-25 22:34:00",0.35764,0.22304,0.05699
"2026-03-25 23:34:00",0.3558,0.23153,0.05685
"2026-03-26 00:34:00",0.36227,0.23637,0.05876
"2026-03-26 01:34:00",0.35434,0.22303,0.05902
"2026-03-26 02:34:00",0.34522,0.25752,0.05683
"2026-03-26 03:34:00",0.35918,0.22865,0.05822
"2026-03-26 04:34:00",0.36173,0.23246,0.05909
"2026-03-26 05:34:00",0.36139,0.23274,0.05587
"2026-03-26 06:34:00",0.35984,0.23049,0.05654
"2026-03-26 07:34:00",0.36059,0.2303,0.06063
"2026-03-26 08:34:00",0.34576,0.21954,0.05947
"2026-03-26 09:34:00",0.35142,0.23817,0.0562
"2026-03-26 10:34:00",0.33988,0.22929,0.06028
"2026-03-26 11:34:00",0.33437,0.20589,0.06116
"2026-03-26 12:34:00",0.3338,0.19856,0.06246
"2026-03-26 13:34:00",0.32729,0.19226,0.05656
"2026-03-26 14:34:00",0.28212,0.19165,0.05955
"2026-03-26 15:34:00",0.29396,0.19485,0.06112
"2026-03-26 16:34:00",0.29937,0.20477,0.05852
"2026-03-26 17:34:00",0.2693,0.20059,0.05958
"2026-03-26 18:34:00",0.24473,0.20298,0.06067
"2026-03-26 19:34:00",0.24493,0.20234,0.0626
"2026-03-26 20:34:00",0.25098,0.20223,0.05851
"2026-03-26 21:34:00",0.26814,0.21776,0.05668
"2026-03-26 22:34:00",0.26469,0.2072,0.0591
"2026-03-26 23:34:00",0.27456,0.21876,0.05709
"2026-03-27 00:34:00",0.28447,0.22664,0.06158
"2026-03-27 01:34:00",0.28285,0.22564,0.05457
"2026-03-27 02:34:00",0.29571,0.24786,0.05931
"2026-03-27 03:34:00",0.2833,0.23537,0.06699
"2026-03-27 04:34:00",0.2749,0.23165,0.06051
"2026-03-27 05:34:00",0.30002,0.23072,0.06511
"2026-03-27 06:34:00",0.29485,0.22133,0.05901
"2026-03-27 07:34:00",0.30286,0.22863,0.05658
"2026-03-27 08:34:00",0.30683,0.232,0.05829
"2026-03-27 09:34:00",0.31833,0.25072,0.05604
"2026-03-27 10:34:00",0.29507,0.23546,0.05855
"2026-03-27 11:34:00",0.29235,0.21158,0.06037
"2026-03-27 12:34:00",0.30931,0.21363,0.05726
"2026-03-27 13:34:00",0.29607,0.21074,0.05938
"2026-03-27 14:34:00",0.25059,0.21168,0.05597
"2026-03-27 15:34:00",0.24414,0.19279,0.05927
"2026-03-27 16:34:00",0.22741,0.20048,0.0626
"2026-03-27 17:34:00",0.22552,0.19823,0.05829
"2026-03-27 18:34:00",0.23441,0.20276,0.05891
"2026-03-27 19:34:00",0.24773,0.20328,0.06536
"2026-03-27 20:34:00",0.25873,0.2098,0.05888
"2026-03-27 21:34:00",0.26322,0.21665,0.05652
"2026-03-27 22:34:00",0.28102,0.23329,0.06632
"2026-03-27 23:34:00",0.27216,0.215,0.06197
"2026-03-28 00:34:00",0.28581,0.22923,0.05648
"2026-03-28 01:34:00",0.29667,0.2307,0.06147
"2026-03-28 02:34:00",0.29471,0.22973,0.05913
"2026-03-28 03:34:00",0.30366,0.22529,0.0626
"2026-03-28 04:34:00",0.30852,0.23442,0.05996
"2026-03-28 05:34:00",0.302,0.25337,0.05481
"2026-03-28 06:34:00",0.2933,0.22445,0.05761
"2026-03-28 07:34:00",0.29361,0.22053,0.05682
"2026-03-28 08:34:00",0.30295,0.23313,0.05705
"2026-03-28 09:34:00",0.30705,0.23446,0.05862
"2026-03-28 10:34:00",0.3045,0.22425,0.06032
"2026-03-28 11:34:00",0.29807,0.21447,0.06043
"2026-03-28 12:34:00",0.27841,0.20228,0.06607
"2026-03-28 13:34:00",0.24445,0.20323,0.06641
"2026-03-28 14:34:00",0.21733,0.209,0.06269
"2026-03-28 15:34:00",0.21124,0.20446,0.05734
"2026-03-28 16:34:00",0.22647,0.21082,0.06201
"2026-03-28 17:34:00",0.21429,0.20213,0.06031
"2026-03-28 18:34:00",0.22135,0.20626,0.06331
"2026-03-28 19:34:00",0.22526,0.20515,0.06685
"2026-03-28 20:34:00",0.23073,0.20262,0.06054
"2026-03-28 21:34:00",0.2422,0.219,0.05981
"2026-03-28 22:34:00",0.24727,0.2279,0.06137
"2026-03-28 23:34:00",0.24953,0.24037,0.06178
"2026-03-29 00:34:00",0.25122,0.22762,0.05819
"2026-03-29 01:34:00",0.25432,0.22004,0.05624
"2026-03-29 02:34:00",0.26424,0.24177,0.05704
"2026-03-29 04:34:00",0.26911,0.2438,0.06476
"2026-03-29 05:34:00",0.27276,0.24509,0.0629
"2026-03-29 06:34:00",0.26128,0.22484,0.06129
"2026-03-29 07:34:00",0.26096,0.22304,0.05429
"2026-03-29 08:34:00",0.27002,0.24005,0.06152
"2026-03-29 09:34:00",0.26866,0.2381,0.05909
"2026-03-29 10:34:00",0.2534,0.21078,0.05935
"2026-03-29 11:34:00",0.26137,0.20417,0.06228
"2026-03-29 12:34:00",0.27749,0.20952,0.0641
"2026-03-29 13:34:00",0.07292,0.19494,0.06028
"2026-03-29 14:34:00",0.06756,0.19491,0.06022
"2026-03-29 15:34:00",0.07272,0.18936,0.05768
"2026-03-29 16:34:00",0.06665,0.19664,0.06195
"2026-03-29 17:34:00",0.0652,0.19867,0.06388
"2026-03-29 18:34:00",0.06941,0.19844,0.06147
"2026-03-29 19:34:00",0.01004,0.00408,0.00436
"2026-03-29 20:34:00",0.01198,0.00621,0.00621
"2026-03-29 21:34:00",0.0099,0.00366,0.00357
"2026-03-29 22:34:00",0.00848,0.00529,0.00449
"2026-03-29 23:34:00",0.00973,0.00381,0.00356
"2026-03-30 00:34:00",0.008,0.00199,0.00206
"2026-03-30 01:34:00",0.00536,0.00196,0.00203
"2026-03-30 02:34:00",0.00378,0.00196,0.00204
"2026-03-30 03:34:00",0.004,0.00198,0.00206
"2026-03-30 04:34:00",0.00778,0.0036,0.00327
"2026-03-30 05:34:00",0.06882,0.20914,0.05845
"2026-03-30 06:34:00",0.06834,0.22645,0.06162
"2026-03-30 07:34:00",0.05982,0.23098,0.05936
"2026-03-30 08:34:00",0.0568,0.23819,0.05177
"2026-03-30 09:34:00",0.09108,0.23934,0.05542
"2026-03-30 10:34:00",0.06012,0.20969,0.05616
"2026-03-30 11:34:00",0.08665,0.1944,0.06845
"2026-03-30 12:34:00",0.0748,0.19933,0.06089
"2026-03-30 13:34:00",0.06429,0.18852,0.06067
"2026-03-30 14:34:00",0.09643,0.19527,0.06355
"2026-03-30 15:34:00",0.07577,0.19371,0.06423
"2026-03-30 16:34:00",0.06035,0.18894,0.06292
"2026-03-30 17:34:00",0.07574,0.18654,0.06302
"2026-03-30 18:34:00",0.06566,0.1855,0.05985
"2026-03-30 19:34:00",0.07358,0.19806,0.06076
"2026-03-30 20:34:00",0.06947,0.20181,0.06395
"2026-03-30 21:34:00",0.06017,0.21403,0.0647
"2026-03-30 22:34:00",0.06136,0.21556,0.06255
"2026-03-30 23:34:00",0.06154,0.23346,0.06103
"2026-03-31 00:34:00",0.06604,0.22607,0.06164
"2026-03-31 01:34:00",0.06053,0.22238,0.06037
"2026-03-31 02:34:00",0.06083,0.22901,0.06451
"2026-03-31 03:34:00",0.05988,0.22195,0.06319
"2026-03-31 04:34:00",0.06126,0.22391,0.06061
"2026-03-31 05:34:00",0.05509,0.23755,0.06341
"2026-03-31 06:34:00",0.05688,0.23673,0.05866
"2026-03-31 07:34:00",0.06221,0.23763,0.06264
"2026-03-31 08:34:00",0.05665,0.21154,0.06248
"2026-03-31 09:34:00",0.05133,0.24574,0.05978
"2026-03-31 10:34:00",0.07513,0.23875,0.06014
"2026-03-31 11:34:00",0.08101,0.21516,0.06425
"2026-03-31 12:34:00",0.369,0.20196,0.06407
"2026-03-31 13:34:00",0.33227,0.19068,0.06405
"2026-03-31 14:34:00",0.31887,0.19014,0.0634
"2026-03-31 15:34:00",0.31134,0.18542,0.06496
"2026-03-31 16:34:00",0.33078,0.19248,0.06375
"2026-03-31 17:34:00",0.29497,0.18734,0.06812
"2026-03-31 18:34:00",0.28325,0.18289,0.06613
"2026-03-31 19:34:00",0.32289,0.18839,0.06507
"2026-03-31 20:34:00",0.35648,0.19729,0.06423
"2026-03-31 21:34:00",0.39057,0.20084,0.06686
"2026-03-31 22:34:00",0.40648,0.20169,0.06051
"2026-03-31 23:34:00",0.41837,0.2234,0.06068
"2026-04-01 00:34:00",0.43301,0.22606,0.06014
"2026-04-01 01:34:00",0.44625,0.2277,0.06103
"2026-04-01 02:34:00",0.49145,0.23193,0.06295
"2026-04-01 03:34:00",0.54111,0.23643,0.06399
"2026-04-01 04:34:00",0.5402,0.23688,0.06142
"2026-04-01 05:34:00",0.52911,0.23884,0.06171
"2026-04-01 06:34:00",0.41932,0.23606,0.06072
"2026-04-01 07:34:00",0.64859,0.255,0.06604
"2026-04-01 08:34:00",0.6364,0.25658,0.06564
"2026-04-01 09:34:00",0.52982,0.2546,0.06172
"2026-04-01 10:34:00",0.58857,0.24495,0.06394
"2026-04-01 11:34:00",0.61464,0.23098,0.06103
"2026-04-01 12:34:00",0.61223,0.20154,0.06563
"2026-04-01 13:34:00",0.63437,0.20153,0.06144
"2026-04-01 14:34:00",0.59211,0.20031,0.06201
"2026-04-01 15:34:00",0.59274,0.19465,0.06337
"2026-04-01 16:34:00",0.59032,0.19596,0.06784
"2026-04-01 17:34:00",0.57905,0.19249,0.06557
"2026-04-01 18:34:00",0.57138,0.18461,0.0663
"2026-04-01 19:34:00",0.6149,0.19357,0.06303
"2026-04-01 20:34:00",0.63419,0.19409,0.06102
"2026-04-01 21:34:00",0.66649,0.21489,0.05928
"2026-04-01 22:34:00",0.67272,0.21748,0.06182
"2026-04-01 23:34:00",0.68046,0.22247,0.05833
"2026-04-02 00:34:00",0.65468,0.20539,0.06653
"2026-04-02 01:34:00",0.66523,0.217,0.05979
"2026-04-02 02:34:00",0.68142,0.22732,0.05775
"2026-04-02 03:34:00",0.68483,0.23387,0.06428
"2026-04-02 04:34:00",0.67452,0.22575,0.05963
"2026-04-02 05:34:00",0.71309,0.24073,0.06314
"2026-04-02 06:34:00",0.66911,0.22547,0.05908
"2026-04-02 07:34:00",0.70126,0.25018,0.05827
"2026-04-02 08:34:00",0.68748,0.2537,0.06048
"2026-04-02 09:34:00",0.67128,0.24929,0.06071
"2026-04-02 10:34:00",0.6135,0.20615,0.06032
"2026-04-02 11:34:00",0.59914,0.19804,0.06172
"2026-04-02 12:34:00",0.6507,0.19431,0.06067
"2026-04-02 13:34:00",0.58625,0.18554,0.0621
"2026-04-02 14:34:00",0.53745,0.18109,0.0626
"2026-04-02 15:34:00",0.5775,0.1825,0.06117
"2026-04-02 16:34:00",0.51596,0.17943,0.0653
"2026-04-02 17:34:00",0.50695,0.17671,0.06242
"2026-04-02 18:34:00",0.48871,0.17716,0.06433
"2026-04-02 19:34:00",0.5378,0.18606,0.06109
"2026-04-02 20:34:00",0.55953,0.19235,0.06211
"2026-04-02 21:34:00",0.58097,0.19683,0.06288
"2026-04-02 22:34:00",0.61613,0.21051,0.06032
"2026-04-02 23:34:00",0.62967,0.21857,0.0624
"2026-04-03 00:34:00",0.62963,0.22826,0.05828
"2026-04-03 01:34:00",0.6242,0.20854,0.06368
"2026-04-03 02:34:00",0.64654,0.21707,0.05942
"2026-04-03 03:34:00",0.65855,0.23777,0.0606
"2026-04-03 04:34:00",0.64973,0.21386,0.06007
"2026-04-03 05:34:00",0.65503,0.21976,0.0619
"2026-04-03 06:34:00",0.66595,0.22374,0.06169
"2026-04-03 07:34:00",0.6733,0.23122,0.0623
"2026-04-03 08:34:00",0.6781,0.24102,0.06325
"2026-04-03 09:34:00",0.66087,0.2448,0.05549
"2026-04-03 10:34:00",0.65304,0.23377,0.06725
"2026-04-03 11:34:00",0.61153,0.19756,0.06123
"2026-04-03 12:34:00",0.5369,0.18757,0.0631
"2026-04-03 13:34:00",0.55246,0.18371,0.06372
"2026-04-03 14:34:00",0.52117,0.17877,0.06337
"2026-04-03 15:34:00",0.50948,0.17136,0.06286
"2026-04-03 16:34:00",0.46712,0.17539,0.06404
"2026-04-03 17:34:00",0.43713,0.175,0.06707
"2026-04-03 18:34:00",0.43854,0.17742,0.06537
"2026-04-03 19:34:00",0.45705,0.17785,0.06148
"2026-04-03 20:34:00",0.50114,0.1878,0.06351
"2026-04-03 21:34:00",0.54523,0.1975,0.06367
"2026-04-03 22:34:00",0.5491,0.20007,0.06102
"2026-04-03 23:34:00",0.57725,0.21262,0.06252
"2026-04-04 00:34:00",0.56733,0.20576,0.06001
"2026-04-04 01:34:00",0.5781,0.20521,0.05952
"2026-04-04 02:34:00",0.57968,0.21154,0.05978
"2026-04-04 03:34:00",0.58223,0.22271,0.0624
"2026-04-04 04:34:00",0.58515,0.21707,0.05888
"2026-04-04 05:34:00",0.59148,0.22862,0.0641
"2026-04-04 06:34:00",0.59631,0.22454,0.06191
"2026-04-04 07:34:00",0.56635,0.20289,0.0583
"2026-04-04 08:34:00",0.5935,0.22957,0.06064
"2026-04-04 09:34:00",0.60932,0.23331,0.05843
"2026-04-04 10:34:00",0.60454,0.21824,0.05936
"2026-04-04 11:34:00",0.55344,0.18896,0.06647
"2026-04-04 12:34:00",0.54399,0.19077,0.06388
"2026-04-04 13:34:00",0.50317,0.17997,0.06468
"2026-04-04 14:34:00",0.44757,0.17063,0.06379
"2026-04-04 15:34:00",0.45482,0.16333,0.06528
"2026-04-04 16:34:00",0.4348,0.16836,0.067
"2026-04-04 17:34:00",0.43053,0.17383,0.06513
"2026-04-04 18:34:00",0.45467,0.17913,0.06393
"2026-04-04 19:34:00",0.43328,0.17865,0.06218
"2026-04-04 20:34:00",0.47694,0.18932,0.06721
"2026-04-04 21:34:00",0.482,0.19356,0.0642
"2026-04-04 22:34:00",0.47844,0.19168,0.06354
"2026-04-04 23:34:00",0.52361,0.20334,0.0651
"2026-04-05 00:34:00",0.52548,0.2047,0.05994
"2026-04-05 01:34:00",0.5194,0.20154,0.06171
"2026-04-05 02:34:00",0.51395,0.20079,0.06006
"2026-04-05 03:34:00",0.52913,0.20678,0.06106
"2026-04-05 04:34:00",0.55811,0.23204,0.06344
"2026-04-05 05:34:00",0.54929,0.22093,0.06253
"2026-04-05 06:34:00",0.56871,0.21583,0.0624
"2026-04-05 07:34:00",0.55892,0.21104,0.06132
"2026-04-05 08:34:00",0.57223,0.23025,0.06312
"2026-04-05 09:34:00",0.52276,0.20138,0.05954
"2026-04-05 10:34:00",0.50188,0.19215,0.06054
"2026-04-05 11:34:00",0.48756,0.18486,0.06627
"2026-04-05 12:34:00",0.47161,0.17848,0.06832
"2026-04-05 13:34:00",0.48273,0.17317,0.06416
"2026-04-05 14:34:00",0.51962,0.18869,0.06388
"2026-04-05 15:34:00",0.57821,0.19035,0.0651
"2026-04-05 16:34:00",0.58642,0.20151,0.06538
"2026-04-05 17:34:00",0.51598,0.19305,0.06476
"2026-04-05 18:34:00",0.50523,0.18617,0.06673
"2026-04-05 19:34:00",0.58482,0.20062,0.0608
"2026-04-05 20:34:00",0.64277,0.21262,0.0619
"2026-04-05 21:34:00",0.54657,0.19023,0.06377
"2026-04-05 22:34:00",0.54187,0.18982,0.06442
"2026-04-05 23:34:00",0.51387,0.1907,0.06508
"2026-04-06 00:34:00",0.51313,0.19206,0.06515
"2026-04-06 01:34:00",0.58011,0.20671,0.06179
"2026-04-06 02:34:00",0.53141,0.19098,0.06313
"2026-04-06 03:34:00",0.52491,0.19274,0.06417
"2026-04-06 04:34:00",0.51945,0.19204,0.0642
"2026-04-06 05:34:00",0.5555,0.2001,0.06222
"2026-04-06 06:34:00",0.53096,0.19246,0.06491
"2026-04-06 07:34:00",0.52144,0.19052,0.06403
"2026-04-06 08:34:00",0.55066,0.20229,0.068
"2026-04-06 09:34:00",0.51152,0.19128,0.06372
"2026-04-06 10:34:00",0.57166,0.20341,0.06162
"2026-04-06 11:34:00",0.50891,0.19227,0.06684
"2026-04-06 12:34:00",0.49524,0.19122,0.06911
"2026-04-06 13:34:00",0.51299,0.19141,0.06399
"2026-04-06 14:34:00",0.53977,0.19173,0.06332
"2026-04-06 15:34:00",0.52118,0.18901,0.06484
"2026-04-06 16:34:00",0.4708,0.18466,0.06703
"2026-04-06 17:34:00",0.46356,0.17977,0.06535
"2026-04-06 18:34:00",0.46729,0.18097,0.06463
"2026-04-06 19:34:00",0.46038,0.17983,0.06584
"2026-04-06 20:34:00",0.49314,0.18353,0.06538
"2026-04-06 21:34:00",0.52421,0.19346,0.06275
"2026-04-06 22:34:00",0.54654,0.20004,0.06506
"2026-04-06 23:34:00",0.53975,0.19673,0.06164
"2026-04-07 00:34:00",0.5758,0.20629,0.06101
"2026-04-07 01:34:00",0.5779,0.20927,0.06407
"2026-04-07 02:34:00",0.64851,0.21798,0.06303
"2026-04-07 03:34:00",0.63616,0.22227,0.0653
"2026-04-07 04:34:00",0.58221,0.20811,0.06655
"2026-04-07 05:34:00",0.61732,0.22009,0.06557
"2026-04-07 06:34:00",0.61461,0.21233,0.06754
"2026-04-07 07:34:00",0.63487,0.21691,0.0639
"2026-04-07 08:34:00",0.64774,0.23663,0.0623
"2026-04-07 09:34:00",0.61471,0.22526,0.06126
"2026-04-07 10:34:00",0.61845,0.23482,0.06487
"2026-04-07 11:34:00",0.60091,0.2331,0.05973
"2026-04-07 12:34:00",0.56399,0.21138,0.06111
"2026-04-07 13:34:00",0.60296,0.21515,0.06124
"2026-04-07 14:34:00",0.53884,0.19984,0.06195
"2026-04-07 15:34:00",0.53077,0.20016,0.0613
"2026-04-07 16:34:00",0.51936,0.19723,0.06365
"2026-04-07 17:34:00",0.56433,0.20573,0.0602
"2026-04-07 18:34:00",0.58616,0.20998,0.06233
"2026-04-07 19:34:00",0.6043,0.21602,0.0617
"2026-04-07 20:34:00",0.62849,0.23374,0.06596
"2026-04-07 21:34:00",0.59244,0.2321,0.06194
"2026-04-07 22:34:00",0.57527,0.22717,0.05889
"2026-04-07 23:34:00",0.58655,0.2339,0.06003
"2026-04-08 00:34:00",0.58708,0.24404,0.06228
"2026-04-08 01:34:00",0.56383,0.24026,0.05984
"2026-04-08 02:34:00",0.56789,0.24795,0.06006
"2026-04-08 03:34:00",0.57169,0.24436,0.06386
"2026-04-08 04:34:00",0.57011,0.2428,0.06069
"2026-04-08 05:34:00",0.57051,0.24976,0.05995
"2026-04-08 06:34:00",0.56234,0.22827,0.06233
"2026-04-08 07:34:00",0.56428,0.24552,0.05809
"2026-04-08 08:34:00",0.54518,0.25293,0.05761
"2026-04-08 09:34:00",0.56339,0.23866,0.05938
"2026-04-08 10:34:00",0.56105,0.22963,0.05848
"2026-04-08 11:34:00",0.50339,0.21176,0.05998
"2026-04-08 12:34:00",0.52366,0.23408,0.06046
"2026-04-08 13:34:00",0.50019,0.22114,0.06182
"2026-04-08 14:34:00",0.50566,0.21209,0.05667
"2026-04-08 15:34:00",0.53942,0.22159,0.05937
"2026-04-08 16:34:00",0.51792,0.21313,0.05965
"2026-04-08 17:34:00",0.50973,0.20341,0.05976
"2026-04-08 18:34:00",0.53073,0.21044,0.06067
"2026-04-08 19:34:00",0.5398,0.22737,0.06475
"2026-04-08 20:34:00",0.56488,0.22986,0.05876
"2026-04-08 21:34:00",0.56872,0.23723,0.06247
"2026-04-08 22:34:00",0.56036,0.23778,0.05994
"2026-04-08 23:34:00",0.54905,0.24725,0.05926
"2026-04-09 00:34:00",0.55049,0.24056,0.05744
"2026-04-09 01:34:00",0.55803,0.24217,0.05963
"2026-04-09 02:34:00",0.55083,0.24115,0.06038
"2026-04-09 03:34:00",0.56406,0.24531,0.06317
"2026-04-09 04:34:00",0.55613,0.25383,0.06055
"2026-04-09 05:34:00",0.55876,0.24702,0.06257
"2026-04-09 06:34:00",0.55428,0.24545,0.05901
"2026-04-09 07:34:00",0.554,0.24078,0.05894
"2026-04-09 08:34:00",0.55054,0.24003,0.05886
"2026-04-09 09:34:00",0.5566,0.2507,0.0624
"2026-04-09 10:34:00",0.55281,0.24005,0.05977
"2026-04-09 11:34:00",0.4981,0.22897,0.06173
"2026-04-09 12:34:00",0.49002,0.21252,0.06152
"2026-04-09 13:34:00",0.46619,0.19966,0.06311
"2026-04-09 14:34:00",0.49433,0.21408,0.06029
"2026-04-09 15:34:00",0.50577,0.21154,0.06383
"2026-04-09 16:34:00",0.48343,0.20735,0.0612
"2026-04-09 17:34:00",0.47606,0.20629,0.0639
"2026-04-09 18:34:00",0.48646,0.20086,0.065
"2026-04-09 19:34:00",0.49488,0.1984,0.06317
"2026-04-09 20:34:00",0.52595,0.2159,0.06088
"2026-04-09 21:34:00",0.5934,0.22943,0.06245
"2026-04-09 22:34:00",0.64787,0.2281,0.0625
"2026-04-09 23:34:00",0.45953,0.25132,0.06112
"2026-04-10 00:34:00",0.61162,0.22541,0.05933
"2026-04-10 01:34:00",0.63545,0.22617,0.06429
"2026-04-10 02:34:00",0.67118,0.23372,0.06146
"2026-04-10 03:34:00",0.67165,0.22955,0.06623
"2026-04-10 04:34:00",0.69916,0.23058,0.06009
"2026-04-10 05:34:00",0.66325,0.21242,0.06238
"2026-04-10 06:34:00",0.68411,0.2266,0.06322
"2026-04-10 07:34:00",0.67825,0.23436,0.06054
"2026-04-10 08:34:00",0.68587,0.22075,0.0681
"2026-04-10 09:34:00",0.70826,0.22504,0.06114
"2026-04-10 10:34:00",0.71907,0.23295,0.06181
"2026-04-10 11:34:00",0.70623,0.23278,0.06357
"2026-04-10 12:34:00",0.70016,0.23839,0.06348
"2026-04-10 13:34:00",0.66438,0.23332,0.05833
"2026-04-10 14:34:00",0.61491,0.20345,0.06307
"2026-04-10 15:34:00",0.63869,0.20508,0.06617
"2026-04-10 16:34:00",0.63814,0.19834,0.06472
"2026-04-10 17:34:00",0.63791,0.19913,0.06455
"2026-04-10 18:34:00",0.71398,0.20458,0.06422
"2026-04-10 19:34:00",0.6889,0.20027,0.0669
"2026-04-10 20:34:00",0.67754,0.20785,0.06022
"2026-04-10 21:34:00",0.69358,0.21139,0.06139
"2026-04-10 22:34:00",0.68496,0.20455,0.06101
"2026-04-10 23:34:00",0.71725,0.22087,0.062
"2026-04-11 00:34:00",0.70763,0.20825,0.06158
"2026-04-11 01:34:00",0.73519,0.22183,0.0608
"2026-04-11 02:34:00",0.73208,0.21624,0.06455
"2026-04-11 03:34:00",0.74694,0.23934,0.06185
"2026-04-11 04:34:00",0.74995,0.24392,0.06314
"2026-04-11 05:34:00",0.73837,0.2426,0.06344
"2026-04-11 06:34:00",0.73986,0.24211,0.06286
"2026-04-11 07:34:00",0.72986,0.23582,0.06377
"2026-04-11 08:34:00",0.74386,0.2484,0.06161
"2026-04-11 09:34:00",0.74527,0.2474,0.0626
"2026-04-11 10:34:00",0.70137,0.2531,0.06009
"2026-04-11 11:34:00",0.67217,0.23771,0.05977
"2026-04-11 12:34:00",0.67718,0.23566,0.05942
"2026-04-11 13:34:00",0.69536,0.2181,0.06373
"2026-04-11 14:34:00",0.63773,0.20007,0.05789
"2026-04-11 15:34:00",0.6433,0.20032,0.05929
"2026-04-11 16:34:00",0.62928,0.19916,0.06165
"2026-04-11 17:34:00",0.68931,0.22102,0.06142
"2026-04-11 18:34:00",0.68407,0.21462,0.0608
"2026-04-11 19:34:00",0.76338,0.21914,0.06246
"2026-04-11 20:34:00",0.79934,0.22841,0.05946
"2026-04-11 21:34:00",0.77148,0.22009,0.06037
"2026-04-11 22:34:00",0.78058,0.22855,0.06143
"2026-04-11 23:34:00",0.77051,0.22666,0.06178
"2026-04-12 00:34:00",0.78145,0.2301,0.05873
"2026-04-12 01:34:00",0.73726,0.22317,0.06234
"2026-04-12 02:34:00",0.6972,0.2243,0.06296
"2026-04-12 03:34:00",0.66729,0.21761,0.06058
"2026-04-12 04:34:00",0.64263,0.20799,0.06317
"2026-04-12 05:34:00",0.66988,0.23011,0.06125
"2026-04-12 06:34:00",0.66588,0.22908,0.05984
"2026-04-12 07:34:00",0.64454,0.21507,0.06028
"2026-04-12 08:34:00",0.6394,0.2305,0.0584
"2026-04-12 09:34:00",0.60504,0.21725,0.06026
"2026-04-12 10:34:00",0.57349,0.20813,0.05622
"2026-04-12 11:34:00",0.54092,0.20457,0.05834
"2026-04-12 12:34:00",0.51568,0.19294,0.0598
"2026-04-12 13:34:00",0.53644,0.19613,0.06479
"2026-04-12 14:34:00",0.54888,0.20974,0.06258
"2026-04-12 15:34:00",0.52077,0.20701,0.05808
"2026-04-12 16:34:00",0.54388,0.20573,0.06235
"2026-04-12 17:34:00",0.49999,0.20049,0.05967
"2026-04-12 18:34:00",0.56099,0.2022,0.06336
"2026-04-12 19:34:00",0.59187,0.21058,0.05898
"2026-04-12 20:34:00",0.58406,0.20275,0.06132
"2026-04-12 21:34:00",0.59182,0.22168,0.06223
"2026-04-12 22:34:00",0.59012,0.22405,0.05858
"2026-04-12 23:34:00",0.58676,0.22076,0.0592
"2026-04-13 00:34:00",0.56535,0.21582,0.06065
"2026-04-13 01:34:00",0.57421,0.21648,0.05842
"2026-04-13 02:34:00",0.56516,0.20775,0.05816
"2026-04-13 03:34:00",0.57209,0.21787,0.05605
"2026-04-13 04:34:00",0.57403,0.22426,0.06176
"2026-04-13 05:34:00",0.57041,0.21955,0.0624
"2026-04-13 06:34:00",0.55948,0.2164,0.06014
"2026-04-13 07:34:00",0.54704,0.21335,0.05899
"2026-04-13 08:34:00",0.56221,0.23884,0.06074
"2026-04-13 09:34:00",0.57168,0.23986,0.05968
"2026-04-13 10:34:00",0.55905,0.22588,0.06416
"2026-04-13 11:34:00",0.48822,0.20465,0.06022
"2026-04-13 12:34:00",0.49872,0.19957,0.06154
"2026-04-13 13:34:00",0.44348,0.18851,0.05856
"2026-04-13 14:34:00",0.48008,0.19872,0.06039
"2026-04-13 15:34:00",0.47792,0.19577,0.0625
"2026-04-13 16:34:00",0.48187,0.19803,0.05971
"2026-04-13 17:34:00",0.47142,0.19936,0.06377
"2026-04-13 18:34:00",0.47942,0.19629,0.06674
"2026-04-13 19:34:00",0.53645,0.21566,0.05698
"2026-04-13 20:34:00",0.54835,0.20294,0.05454
"2026-04-13 21:34:00",0.57011,0.21517,0.05909
"2026-04-13 22:34:00",0.56333,0.21953,0.05801
"2026-04-13 23:34:00",0.5535,0.2213,0.05774
"2026-04-14 00:34:00",0.54793,0.22639,0.06008
"2026-04-14 01:34:00",0.5516,0.23197,0.05828
"2026-04-14 02:34:00",0.55148,0.23894,0.05576
"2026-04-14 03:34:00",0.54979,0.23872,0.05632
"2026-04-14 04:34:00",0.54472,0.23764,0.05755
"2026-04-14 05:34:00",0.56004,0.25984,0.05982
"2026-04-14 06:34:00",0.5305,0.23431,0.05485
"2026-04-14 07:34:00",0.53204,0.23652,0.0567
"2026-04-14 08:34:00",0.55283,0.26096,0.05986
"2026-04-14 09:34:00",0.56949,0.25806,0.0561
"2026-04-14 10:34:00",0.53984,0.21952,0.05783
"2026-04-14 11:34:00",0.49074,0.21116,0.05582
"2026-04-14 12:34:00",0.46487,0.19424,0.05686
"2026-04-14 13:34:00",0.45684,0.1936,0.05887
"2026-04-14 14:34:00",0.46574,0.19304,0.06016
"2026-04-14 15:34:00",0.44389,0.18795,0.06007
"2026-04-14 16:34:00",0.44283,0.18764,0.06036
"2026-04-14 17:34:00",0.4503,0.19939,0.05687
"2026-04-14 18:34:00",0.44762,0.18946,0.05906
"2026-04-14 19:34:00",0.47113,0.19519,0.05614
"2026-04-14 20:34:00",0.50537,0.19708,0.05671
"2026-04-14 21:34:00",0.54059,0.20934,0.06113
"2026-04-14 22:34:00",0.55508,0.22394,0.06389
"2026-04-14 23:34:00",0.53366,0.21046,0.05912
"2026-04-15 00:34:00",0.55189,0.23487,0.05476
"2026-04-15 01:34:00",0.52852,0.21474,0.05898
"2026-04-15 02:34:00",0.52928,0.21916,0.05772
"2026-04-15 03:34:00",0.53767,0.23285,0.05889
"2026-04-15 04:34:00",0.54107,0.2426,0.06096
"2026-04-15 05:34:00",0.5269,0.23104,0.05511
"2026-04-15 06:34:00",0.52385,0.22437,0.05626
"2026-04-15 07:34:00",0.53751,0.24257,0.05913
"2026-04-15 08:34:00",0.54083,0.2562,0.05692
"2026-04-15 09:34:00",0.52419,0.23891,0.05585
"2026-04-15 10:34:00",0.50604,0.22351,0.05634
"2026-04-15 11:34:00",0.43521,0.19513,0.05775
"2026-04-15 12:34:00",0.4211,0.18979,0.05709
"2026-04-15 13:34:00",0.42604,0.19537,0.05894
"2026-04-15 14:34:00",0.43471,0.19451,0.05859
"2026-04-15 15:34:00",0.42531,0.18607,0.05952
"2026-04-15 16:34:00",0.41957,0.19031,0.05932
"2026-04-15 17:34:00",0.41015,0.18741,0.05919
"2026-04-15 18:34:00",0.4153,0.18275,0.06125
"2026-04-15 19:34:00",0.42672,0.189,0.06292
"2026-04-15 20:34:00",0.46371,0.19283,0.05636
"2026-04-15 21:34:00",0.50986,0.21566,0.06441
"2026-04-15 22:34:00",0.50935,0.21266,0.05688
"2026-04-15 23:34:00",0.49883,0.21485,0.05733
"2026-04-16 00:34:00",0.49741,0.21057,0.06338
"2026-04-16 01:34:00",0.49188,0.2138,0.05614
"2026-04-16 02:34:00",0.51079,0.23351,0.05848
"2026-04-16 03:34:00",0.49374,0.22216,0.05817
"2026-04-16 04:34:00",0.49422,0.22108,0.05773
"2026-04-16 05:34:00",0.47404,0.2079,0.05912
"2026-04-16 06:34:00",0.48219,0.21484,0.05726
"2026-04-16 07:34:00",0.48445,0.21808,0.05822
"2026-04-16 08:34:00",0.50078,0.23354,0.05874
"2026-04-16 09:34:00",0.48375,0.22498,0.05474
"2026-04-16 10:34:00",0.47947,0.23143,0.05659
"2026-04-16 11:34:00",0.38943,0.19026,0.05687
"2026-04-16 12:34:00",0.41317,0.1995,0.06002
"2026-04-16 13:34:00",0.39919,0.19148,0.06168
"2026-04-16 14:34:00",0.3739,0.17421,0.06128
"2026-04-16 15:34:00",0.37365,0.17046,0.06025
"2026-04-16 16:34:00",0.3609,0.16877,0.06396
"2026-04-16 17:34:00",0.35423,0.1659,0.07219
"2026-04-16 18:34:00",0.3544,0.16241,0.06033
"2026-04-16 19:34:00",0.3633,0.17063,0.06334
"2026-04-16 20:34:00",0.37552,0.17346,0.05693
"2026-04-16 21:34:00",0.41854,0.18897,0.05859
"2026-04-16 22:34:00",0.43176,0.20364,0.05978
"2026-04-16 23:34:00",0.42139,0.20747,0.05857
"2026-04-17 00:34:00",0.41549,0.20786,0.06072
"2026-04-17 01:34:00",0.42558,0.2125,0.06487
"2026-04-17 02:34:00",0.43137,0.2311,0.05927
"2026-04-17 03:34:00",0.42119,0.21852,0.05946
"2026-04-17 04:34:00",0.42119,0.22629,0.06171
"2026-04-17 05:34:00",0.42367,0.2244,0.06095
"2026-04-17 06:34:00",0.42077,0.21588,0.06138
"2026-04-17 07:34:00",0.42032,0.22622,0.0593
"2026-04-17 08:34:00",0.413,0.22366,0.06079
"2026-04-17 09:34:00",0.40772,0.22226,0.05835
"2026-04-17 10:34:00",0.38301,0.20304,0.0578
"2026-04-17 11:34:00",0.37095,0.19069,0.06481
"2026-04-17 12:34:00",0.34979,0.18219,0.06067
"2026-04-17 13:34:00",0.32712,0.17197,0.05743
"2026-04-17 14:34:00",0.34655,0.16981,0.06467
"2026-04-17 15:34:00",0.33495,0.15954,0.05912
"2026-04-17 16:34:00",0.34041,0.16211,0.06034
"2026-04-17 17:34:00",0.33643,0.16503,0.06333
"2026-04-17 18:34:00",0.32583,0.15834,0.06228
"2026-04-17 19:34:00",0.34786,0.17529,0.0577
"2026-04-17 20:34:00",0.37446,0.18971,0.0598
"2026-04-17 21:34:00",0.37718,0.19341,0.0616
"2026-04-17 22:34:00",0.38293,0.19868,0.06015
"2026-04-17 23:34:00",0.3757,0.19772,0.05823
"2026-04-18 00:34:00",0.39205,0.20943,0.05829
"2026-04-18 01:34:00",0.42198,0.22165,0.05708
"2026-04-18 02:34:00",0.35869,0.21805,0.06113
"2026-04-18 03:34:00",0.33338,0.21708,0.0582
"2026-04-18 04:34:00",0.50305,0.22029,0.06522
"2026-04-18 05:34:00",0.52008,0.22622,0.06185
"2026-04-18 06:34:00",0.33237,0.21104,0.0583
"2026-04-18 07:34:00",0.32019,0.22957,0.05912
"2026-04-18 08:34:00",0.30555,0.22184,0.05689
"2026-04-18 09:34:00",0.30055,0.22145,0.05735
"2026-04-18 10:34:00",0.28149,0.20674,0.05841
"2026-04-18 11:34:00",0.25931,0.19464,0.06055
"2026-04-18 12:34:00",0.24585,0.18122,0.059
"2026-04-18 13:34:00",0.24379,0.17831,0.06549
"2026-04-18 14:34:00",0.243,0.16661,0.06218
"2026-04-18 15:34:00",0.24894,0.16621,0.0675
"2026-04-18 16:34:00",0.25049,0.16331,0.05982
"2026-04-18 17:34:00",0.2516,0.16485,0.0584
"2026-04-18 18:34:00",0.25651,0.16624,0.06751
"2026-04-18 19:34:00",0.25638,0.16542,0.05977
"2026-04-18 20:34:00",0.25383,0.17189,0.06187
"2026-04-18 21:34:00",0.26562,0.17574,0.05665
"2026-04-18 22:34:00",0.27807,0.18285,0.05979
"2026-04-18 23:34:00",0.26757,0.17814,0.05637
"2026-04-19 00:34:00",0.25152,0.17655,0.06603
"2026-04-19 01:34:00",0.25614,0.18499,0.06063
"2026-04-19 02:34:00",0.2885,0.20336,0.05615
"2026-04-19 03:34:00",0.29096,0.20747,0.05836
"2026-04-19 04:34:00",0.28732,0.2038,0.05856
"2026-04-19 05:34:00",0.30054,0.2172,0.05931
"2026-04-19 06:34:00",0.28967,0.21046,0.05646
"2026-04-19 07:34:00",0.28713,0.20835,0.05865
"2026-04-19 08:34:00",0.27812,0.20386,0.05766
"2026-04-19 09:34:00",0.2807,0.20706,0.05935
"2026-04-19 10:34:00",0.26037,0.19401,0.0561
"2026-04-19 11:34:00",0.24347,0.18255,0.06008
"2026-04-19 12:34:00",0.2417,0.18091,0.05972
"2026-04-19 13:34:00",0.25363,0.17301,0.06325
"2026-04-19 14:34:00",0.24005,0.15877,0.06285
"2026-04-19 15:34:00",0.24701,0.16044,0.06138
"2026-04-19 16:34:00",0.24864,0.16295,0.06385
"2026-04-19 17:34:00",0.25812,0.17255,0.06151
"2026-04-19 18:34:00",0.25451,0.17089,0.06009
"2026-04-19 19:34:00",0.25786,0.17138,0.05543
"2026-04-19 20:34:00",0.25571,0.1774,0.05802
"2026-04-19 21:34:00",0.26282,0.17927,0.05622
"2026-04-19 22:34:00",0.26308,0.18483,0.06179
"2026-04-19 23:34:00",0.26912,0.19068,0.05598
"2026-04-20 00:34:00",0.27024,0.19422,0.05842
"2026-04-20 01:34:00",0.26155,0.18532,0.0597
"2026-04-20 02:34:00",0.27096,0.19473,0.05897
"2026-04-20 03:34:00",0.27393,0.1993,0.06298
"2026-04-20 04:34:00",0.27755,0.20494,0.05765
"2026-04-20 05:34:00",0.26087,0.18803,0.05874
"2026-04-20 06:34:00",0.25852,0.18829,0.05713
"2026-04-20 07:34:00",0.27455,0.20092,0.05744
"2026-04-20 08:34:00",0.2767,0.19923,0.06214
"2026-04-20 09:34:00",0.2622,0.20325,0.05536
"2026-04-20 10:34:00",0.24552,0.17943,0.05975
"2026-04-20 11:34:00",0.24296,0.18269,0.06298
"2026-04-20 12:34:00",0.24193,0.17364,0.06126
"2026-04-20 13:34:00",0.24449,0.16017,0.05856
"2026-04-20 14:34:00",0.24997,0.16236,0.05959
"2026-04-20 15:34:00",0.25147,0.15607,0.06462
"2026-04-20 16:34:00",,0.15554,0.0616
"2026-04-20 17:34:00",,0.15472,0.06669
"2026-04-20 18:34:00",,0.15588,0.06001
"2026-04-20 19:34:00",,0.15965,0.05918
"2026-04-20 20:34:00",,0.15882,0.05841
"2026-04-20 21:34:00",,0.16424,0.06047
"2026-04-20 22:34:00",,0.17055,0.06051
"2026-04-20 23:34:00",,0.17895,0.0624
"2026-04-21 00:34:00",,0.18426,0.06061
"2026-04-21 01:34:00",,0.18152,0.05606
"2026-04-21 02:34:00",,0.18587,0.05504
"2026-04-21 03:34:00",,0.18853,0.05736
"2026-04-21 04:34:00",,0.1897,0.0546
"2026-04-21 05:34:00",,0.19026,0.05994
"2026-04-21 06:34:00",,0.19409,0.06152
"2026-04-21 07:34:00",,0.20015,0.05802
"2026-04-21 08:34:00",,0.20008,0.05789
"2026-04-21 09:34:00",,0.21876,0.06026
"2026-04-21 10:34:00",,0.20429,0.05803
"2026-04-21 11:34:00",,0.2013,0.057
"2026-04-21 12:34:00",,0.2002,0.05747
"2026-04-21 13:34:00",,0.19062,0.05659
"2026-04-21 14:34:00",,0.18844,0.05719
"2026-04-21 15:34:00",,0.1884,0.05958
"2026-04-21 16:34:00",,0.189,0.05817
"2026-04-21 17:34:00",,0.19181,0.05888
"2026-04-21 18:34:00",,0.19665,0.06463
"2026-04-21 19:34:00",,0.18983,0.06205
"2026-04-21 20:34:00",,0.19878,0.05611
"2026-04-21 21:34:00",,0.20027,0.05839
"2026-04-21 22:34:00",,0.20291,0.06172
"2026-04-21 23:34:00",,0.20861,0.0559
"2026-04-22 00:34:00",,0.22714,0.05834
"2026-04-22 01:34:00",,0.20833,0.06241
"2026-04-22 02:34:00",,0.21701,0.05561
"2026-04-22 03:34:00",,0.21447,0.05578
"2026-04-22 04:34:00",,0.22236,0.0569
"2026-04-22 05:34:00",,0.21127,0.05685
"2026-04-22 06:34:00",,0.20699,0.05577
"2026-04-22 07:34:00",,0.23167,0.05906
"2026-04-22 08:34:00",,0.23804,0.06105
"2026-04-22 09:34:00",,0.21217,0.05609
"2026-04-22 10:34:00",,0.20091,0.0563
"2026-04-22 11:34:00",,0.19713,0.05771
"2026-04-22 12:34:00",,0.18897,0.06286
"2026-04-22 13:34:00",,0.18818,0.05808
"2026-04-22 14:34:00",,0.20345,0.059
"2026-04-22 15:34:00",,0.19034,0.06224
"2026-04-22 16:34:00",,0.17504,0.05784
"2026-04-22 17:34:00",,0.19169,0.05681
"2026-04-22 18:34:00",,0.18328,0.06247
"2026-04-22 19:34:00",,0.18821,0.05487
"2026-04-22 20:34:00",,0.19457,0.06264
"2026-04-22 21:34:00",,0.19317,0.06121
"2026-04-22 22:34:00",,0.19605,0.05843
"2026-04-22 23:34:00",,0.19668,0.06082
"2026-04-23 00:34:00",,0.19792,0.06019
"2026-04-23 01:34:00",,0.19838,0.05889
"2026-04-23 02:34:00",,0.20463,0.06024
"2026-04-23 03:34:00",,0.19258,0.05923
"2026-04-23 04:34:00",,0.19576,0.05727
"2026-04-23 05:34:00",,0.19505,0.06028
"2026-04-23 06:34:00",,0.18799,0.05802
"2026-04-23 07:34:00",,0.18937,0.05977
"2026-04-23 08:34:00",,0.19561,0.05838
"2026-04-23 09:34:00",,0.19151,0.05668
"2026-04-23 10:34:00",,0.1731,0.05745
"2026-04-23 11:34:00",,0.181,0.05896
"2026-04-23 12:34:00",,0.18649,0.06237
"2026-04-23 13:34:00",,0.19016,0.06106
"2026-04-23 14:34:00",,0.18599,0.05932
"2026-04-23 15:34:00",,0.1842,0.05854
"2026-04-23 16:34:00",,0.18614,0.07297
"2026-04-23 17:34:00",,0.18105,0.07173
"2026-04-23 18:34:00",,0.17923,0.07202
"2026-04-23 19:34:00",,0.185,0.07189
"2026-04-23 20:34:00",,0.1917,0.06275
"2026-04-23 21:34:00",,0.1929,0.05985
"2026-04-23 22:34:00",,0.19778,0.06031
"2026-04-23 23:34:00",,0.18893,0.05988
"2026-04-24 00:34:00",,0.18988,0.05892
"2026-04-24 01:34:00",,0.19084,0.06027
"2026-04-24 02:34:00",,0.20857,0.06248
"2026-04-24 03:34:00",,0.1954,0.05927
"2026-04-24 04:34:00",,0.197,0.06044
"2026-04-24 05:34:00",,0.18871,0.05748
"2026-04-24 06:34:00",,0.19311,0.06275
"2026-04-24 07:34:00",,0.18943,0.05732
"2026-04-24 08:34:00",,0.21196,0.05582
"2026-04-24 09:34:00",,0.19483,0.05791
"2026-04-24 10:34:00",,0.19997,0.05753
"2026-04-24 11:34:00",,0.18907,0.06127
"2026-04-24 12:34:00",,0.187,0.0599
"2026-04-24 13:34:00",,0.18491,0.05625
"2026-04-24 14:34:00",,0.1849,0.06088
"2026-04-24 15:34:00",,0.18312,0.05754
"2026-04-24 16:34:00",,0.18412,0.06461
"2026-04-24 17:34:00",,0.18547,0.0612
"2026-04-24 18:34:00",,0.18403,0.06039
"2026-04-24 19:34:00",,0.17937,0.06031
"2026-04-24 20:34:00",,0.18551,0.06077
"2026-04-24 21:34:00",,0.18895,0.06236
"2026-04-24 22:34:00",,0.20387,0.06342
"2026-04-24 23:34:00",,0.18512,0.05852
"2026-04-25 00:34:00",,0.19698,0.05817
"2026-04-25 01:34:00",,0.18745,0.05998
"2026-04-25 02:34:00",,0.19226,0.05764
"2026-04-25 03:34:00",,0.19286,0.05953
"2026-04-25 04:34:00",,0.20377,0.05826
"2026-04-25 05:34:00",,0.20032,0.05892
"2026-04-25 06:34:00",,0.18914,0.05634
"2026-04-25 07:34:00",,0.20769,0.05977
"2026-04-25 08:34:00",,0.19772,0.05782
"2026-04-25 09:34:00",,0.18557,0.05675
"2026-04-25 10:34:00",,0.19459,0.06118
"2026-04-25 11:34:00",,0.19178,0.05506
"2026-04-25 12:34:00",,0.18837,0.0603
"2026-04-25 13:34:00",,0.18975,0.06559
"2026-04-25 14:34:00",,0.19012,0.0562
"2026-04-25 15:34:00",,0.18949,0.05966
"2026-04-25 16:34:00",,0.19092,0.05858
"2026-04-25 17:34:00",,0.19257,0.05989
"2026-04-25 18:34:00",,0.18681,0.05808
"2026-04-25 19:34:00",,0.19024,0.0569
"2026-04-25 20:34:00",,0.19118,0.06099
"2026-04-25 21:34:00",,0.18937,0.06171
"2026-04-25 22:34:00",,0.20012,0.06239
"2026-04-25 23:34:00",,0.19238,0.06174
"2026-04-26 00:34:00",,0.20524,0.06181
"2026-04-26 01:34:00",,0.19316,0.05419
"2026-04-26 02:34:00",,0.19482,0.05879
"2026-04-26 03:34:00",,0.19472,0.0573
"2026-04-26 04:34:00",,0.18971,0.05916
"2026-04-26 05:34:00",,0.18995,0.05739
"2026-04-26 06:34:00",,0.19267,0.06045
"2026-04-26 07:34:00",,0.18836,0.06024
"2026-04-26 08:34:00",,0.20241,0.0589
"2026-04-26 09:34:00",,0.19598,0.05606
"2026-04-26 10:34:00",,0.2037,0.06056
"2026-04-26 11:34:00",,0.19069,0.05835
"2026-04-26 12:34:00",,0.18333,0.05674
"2026-04-26 13:34:00",,0.18582,0.0591
"2026-04-26 14:34:00",,0.1815,0.05848
"2026-04-26 15:34:00",,0.18296,0.05923
"2026-04-26 16:34:00",,0.17731,0.06261
"2026-04-26 17:34:00",,0.18159,0.0676
"2026-04-26 18:34:00",,0.18545,0.05759
"2026-04-26 19:34:00",,0.18451,0.05853
"2026-04-26 20:34:00",,0.18192,0.05891
"2026-04-26 21:34:00",,0.18459,0.05944
"2026-04-26 22:34:00",,0.18584,0.05549
"2026-04-26 23:34:00",,0.20023,0.06457
"2026-04-27 00:34:00",,0.19183,0.06271
"2026-04-27 01:34:00",,0.19197,0.05935
"2026-04-27 02:34:00",,0.18947,0.06834
"2026-04-27 03:34:00",,0.18763,0.05612
"2026-04-27 04:34:00",,0.18871,0.06016
"2026-04-27 05:34:00",,0.19324,0.06295
"2026-04-27 06:34:00",,0.18279,0.06228
"2026-04-27 07:34:00",,0.183,0.06313
"2026-04-27 08:34:00",,0.18291,0.05605
"2026-04-27 09:34:00",,0.18176,0.05944
"2026-04-27 10:34:00",,0.18547,0.05423
"2026-04-27 11:34:00",,0.17842,0.05786
"2026-04-27 12:34:00",,0.18069,0.06205
"2026-04-27 13:34:00",,0.18078,0.06102
"2026-04-27 14:34:00",,0.17536,0.05698
"2026-04-27 15:34:00",,0.17742,0.0578
"2026-04-27 16:34:00",,0.1766,0.0603
"2026-04-27 17:34:00",,0.17935,0.05854
"2026-04-27 18:34:00",,0.18412,0.0554
"2026-04-27 19:34:00",,0.18964,0.06557
"2026-04-27 20:34:00",,0.18613,0.05587
"2026-04-27 21:34:00",,0.19248,0.06516
"2026-04-27 22:34:00",,0.20564,0.05874
"2026-04-27 23:34:00",,0.19972,0.06039
"2026-04-28 00:34:00",,0.2016,0.06001
"2026-04-28 01:34:00",,0.19437,0.06186
"2026-04-28 02:34:00",,0.19537,0.05784
"2026-04-28 03:34:00",,0.21383,0.05852
"2026-04-28 04:34:00",,0.1984,0.05618
"2026-04-28 05:34:00",,0.20114,0.05774
"2026-04-28 06:34:00",,0.19936,0.05745
"2026-04-28 07:34:00",,0.21271,0.06103
"2026-04-28 08:34:00",,0.21425,0.06051
"2026-04-28 09:34:00",,0.21888,0.05872
"2026-04-28 10:34:00",,0.22617,0.05806
"2026-04-28 11:34:00",,0.20429,0.05783
"2026-04-28 12:34:00",,0.20746,0.05928
"2026-04-28 13:34:00",,0.21036,0.05832
"2026-04-28 14:34:00",,0.19916,0.06361
"2026-04-28 15:34:00",,0.20934,0.05535
"2026-04-28 16:34:00",,0.19971,0.05441
"2026-04-28 17:34:00",,0.1929,0.05894
"2026-04-28 18:34:00",,0.18543,0.05659
"2026-04-28 19:34:00",,0.19446,0.05724
"2026-04-28 20:34:00",,0.19195,0.06022
"2026-04-28 21:34:00",,0.20514,0.06121
"2026-04-28 22:34:00",,0.1902,0.05521
"2026-04-28 23:34:00",,0.19417,0.06207
"2026-04-29 00:34:00",,0.19023,0.06023
"2026-04-29 01:34:00",,0.18248,0.05553
"2026-04-29 02:34:00",,0.20388,0.06292
"2026-04-29 03:34:00",,0.18334,0.0595
"2026-04-29 04:34:00",,0.19084,0.06049
"2026-04-29 05:34:00",,0.18408,0.05856
"2026-04-29 06:34:00",,0.19799,0.06634
"2026-04-29 07:34:00",,0.19864,0.057
"2026-04-29 08:34:00",,0.20699,0.05842
"2026-04-29 09:34:00",,0.19777,0.06058
"2026-04-29 10:34:00",,0.19064,0.06081
"2026-04-29 11:34:00",,0.18113,0.0601
"2026-04-29 12:34:00",,0.18013,0.05623
"2026-04-29 13:34:00",,0.17622,0.06032
"2026-04-29 14:34:00",,0.17179,0.06047
"2026-04-29 15:34:00",,0.17063,0.06099
"2026-04-29 16:34:00",,0.17245,0.06331
"2026-04-29 17:34:00",,0.16783,0.06095
"2026-04-29 18:34:00",,0.16768,0.06627
"2026-04-29 19:34:00",,0.16922,0.06017
"2026-04-29 20:34:00",,0.18,0.05522
"2026-04-29 21:34:00",,0.18073,0.0663
"2026-04-29 22:34:00",,0.19921,0.06471
"2026-04-29 23:34:00",,0.19865,0.06002
"2026-04-30 00:34:00",,0.19941,0.05555
"2026-04-30 01:34:00",,0.20922,0.05575
"2026-04-30 02:34:00",,0.2076,0.05406
"2026-04-30 03:34:00",,0.18866,0.05897
"2026-04-30 04:34:00",,0.18533,0.05764
"2026-04-30 05:34:00",,0.19522,0.05644
"2026-04-30 06:34:00",,0.19902,0.05965
"2026-04-30 07:34:00",,0.22232,0.05598
"2026-04-30 08:34:00",,0.22293,0.06169
"2026-04-30 09:34:00",,0.22207,0.06178
"2026-04-30 10:34:00",,0.19259,0.05645
"2026-04-30 11:34:00",,0.18575,0.06863
"2026-04-30 12:34:00",,0.18148,0.05835
"2026-04-30 13:34:00",,0.17896,0.05945
"2026-04-30 14:34:00",,0.17245,0.06027
"2026-04-30 15:34:00",,0.16975,0.05891
"2026-04-30 16:34:00",,0.17249,0.06134
"2026-04-30 17:34:00",,0.17378,0.06021
"2026-04-30 18:34:00",,0.17414,0.06304
"2026-04-30 19:34:00",,0.18036,0.06119
"2026-04-30 20:34:00",,0.18596,0.05759
"2026-04-30 21:34:00",,0.1959,0.05903
"2026-04-30 22:34:00",,0.20261,0.05407
"2026-04-30 23:34:00",,0.18854,0.05697
"2026-05-01 00:34:00",,0.21386,0.05824