DateTime,10RV-O,1RV-O,2RH-O,3RV-O,4RV-O,7RV-O,8RV-O,9RV-O
2026-04-07 22:56:00,0.05109,0.80454,1.63898,0.35386,0.26413,0.09803,0.10501,0.08665
2026-04-07 23:56:00,0.04642,0.90613,1.66669,0.37359,0.26559,0.10265,0.10331,0.07375
2026-04-08 00:56:00,0.05151,0.78317,1.67909,0.37638,0.26721,0.09418,0.08469,0.07977
2026-04-08 01:56:00,0.04484,0.80807,1.60085,0.37272,0.26831,0.09909,0.10119,0.08722
2026-04-08 02:56:00,0.04454,1.05532,1.63881,0.38071,0.25748,0.09693,0.09903,0.09124
2026-04-08 03:56:00,0.09136,0.74935,1.7015,0.37085,0.2587,0.10061,0.09854,0.15315
2026-04-08 04:56:00,0.04576,1.02048,1.71439,0.33946,0.25806,0.09871,0.10542,0.09882
2026-04-08 05:56:00,0.06093,0.984,1.69547,0.32881,0.25207,0.08908,0.08688,0.08133
2026-04-08 06:56:00,0.049,0.98621,1.58097,0.34346,0.26174,0.10183,0.10846,0.09002
2026-04-08 07:56:00,0.05831,1.09123,1.66599,0.35867,0.2631,0.09648,0.09147,0.07652
2026-04-08 08:56:00,0.04863,1.27655,1.72582,0.34693,0.26163,0.10244,0.1092,0.09449
2026-04-08 09:56:00,0.08127,1.1245,1.73434,0.30089,0.27541,0.0915,0.09842,0.13699
2026-04-08 10:56:00,0.045,0.97516,1.77152,0.28997,0.27473,0.07994,0.08806,0.11012
2026-04-08 11:56:00,0.04945,0.86867,1.80362,0.28781,0.27511,0.08286,0.092,0.14833
2026-04-08 12:56:00,0.0379,0.95435,1.78903,0.29403,0.28359,0.0868,0.10129,0.07353
2026-04-08 13:56:00,0.03757,0.78094,1.67888,0.32043,0.29329,0.09321,0.09649,0.08567
2026-04-08 14:56:00,0.04719,0.96938,1.74379,0.35707,0.2596,0.09656,0.10145,0.11701
2026-04-08 15:56:00,0.00149,0.00624,0.00388,0.00177,0.00165,0.00176,0.00172,0.00219
2026-04-08 16:56:00,0.04055,0.56087,1.81405,0.28935,0.24529,0.08704,0.08859,0.04826
2026-04-08 17:56:00,0.04858,0.55119,1.9688,0.29571,0.25465,0.09297,0.10204,0.11662
2026-04-08 18:56:00,0.0452,0.95968,1.90221,0.29996,0.25411,0.09386,0.10348,0.11657
2026-04-08 19:56:00,0.05574,1.23491,2.20869,0.30452,0.25215,0.09074,0.09114,0.07295
2026-04-08 20:56:00,0.04617,0.74263,2.054,0.29733,0.25725,0.09103,0.10304,0.1309
2026-04-08 21:56:00,0.05406,0.73365,1.97639,0.29746,0.28596,0.08577,0.09537,0.10355
2026-04-08 22:56:00,0.04406,0.90545,2.11867,0.32855,0.25988,0.09935,0.10518,0.10683
2026-04-08 23:56:00,0.07659,1.20782,2.18971,0.32029,0.2592,0.09778,0.10348,0.17194
2026-04-09 00:56:00,0.04391,0.98082,2.14709,0.30288,0.25334,0.08924,0.10047,0.1108
2026-04-09 01:56:00,0.05943,1.15799,1.52843,0.31554,0.26107,0.09734,0.10367,0.09814
2026-04-09 02:56:00,0.04702,0.97133,1.92341,0.31966,0.25556,0.09863,0.10362,0.10111
2026-04-09 03:56:00,0.00158,0.00606,0.00378,0.00186,0.00165,0.00224,0.00194,0.00209
2026-04-09 04:56:00,0.00151,0.00456,0.00301,0.00211,0.00193,0.00189,0.00189,0.00175
2026-04-09 05:56:00,0.00146,0.00498,0.00291,0.002,0.00175,0.00198,0.00191,0.00163
2026-04-09 06:56:00,0.00147,0.00396,0.00235,0.0021,0.00189,0.0022,0.00198,0.00175
2026-04-09 07:56:00,0.00137,0.00433,0.00262,0.00249,0.00213,0.00234,0.0022,0.00172
2026-04-09 08:56:00,0.00136,0.00364,0.00208,0.00268,0.00223,0.0024,0.00224,0.00187
2026-04-09 09:56:00,0.00134,0.00322,0.00191,0.00232,0.00195,0.00204,0.00195,0.00176
2026-04-09 10:56:00,0.00132,0.00308,0.00183,0.00226,0.00197,0.00198,0.00195,0.00157
2026-04-09 11:56:00,0.00131,0.00306,0.00183,0.00243,0.00221,0.00187,0.00185,0.00163
2026-04-09 12:56:00,0.00126,0.0016,0.00135,0.00113,0.00117,0.00124,0.00126,0.00136
2026-04-09 13:56:00,0.00125,0.00162,0.00134,0.00112,0.00114,0.00125,0.00126,0.00135
2026-04-09 14:56:00,0.00126,0.00156,0.00135,0.00114,0.00115,0.00126,0.00126,0.00135
2026-04-09 15:56:00,0.00126,0.00198,0.0016,0.00115,0.0012,0.00127,0.00127,0.00138
2026-04-09 16:56:00,0.00126,0.00155,0.00135,0.00114,0.00117,0.00125,0.00127,0.00137
2026-04-09 17:56:00,0.00126,0.00161,0.00137,0.00114,0.00116,0.00127,0.00126,0.00137
2026-04-09 18:56:00,0.00125,0.0015,0.00131,0.00112,0.00118,0.00123,0.00125,0.00135
2026-04-09 19:56:00,0.00125,0.00154,0.00133,0.00112,0.00115,0.00124,0.00125,0.00136
2026-04-09 20:56:00,0.00126,0.00162,0.00137,0.00115,0.00116,0.00126,0.00127,0.00136
2026-04-09 21:56:00,0.00171,0.00166,0.00141,0.00127,0.00141,0.00141,0.00142,0.00276
2026-04-09 22:56:00,0.00167,0.00168,0.00143,0.00125,0.00141,0.00139,0.00139,0.00265
2026-04-09 23:56:00,0.00178,0.00169,0.00143,0.00132,0.00151,0.00145,0.00146,0.00365
2026-04-10 00:56:00,0.00128,0.00165,0.00139,0.00116,0.00118,0.00128,0.00128,0.00139
2026-04-10 01:56:00,0.00128,0.00157,0.00134,0.00116,0.00117,0.00127,0.00128,0.00138
2026-04-10 02:56:00,0.00128,0.00167,0.00141,0.00116,0.00117,0.00128,0.0013,0.00139
2026-04-10 03:56:00,0.00134,0.00243,0.00169,0.00142,0.00143,0.0015,0.00148,0.00157
2026-04-10 04:56:00,0.00136,0.00229,0.0018,0.00149,0.00145,0.00156,0.00161,0.00169
2026-04-10 05:56:00,0.00143,0.00354,0.00219,0.00167,0.00157,0.00185,0.00188,0.00179
2026-04-10 06:56:00,0.00162,0.00631,0.00386,0.00198,0.00178,0.00237,0.00219,0.00237
2026-04-10 07:56:00,0.00164,0.00397,0.00235,0.0018,0.00176,0.002,0.00196,0.00255
2026-04-10 08:56:00,0.00186,0.00346,0.00231,0.00175,0.00171,0.00199,0.00191,0.00276
2026-04-10 09:56:00,0.00144,0.00427,0.0027,0.00182,0.0017,0.00194,0.00185,0.00188
2026-04-10 10:56:00,0.00145,0.0048,0.00298,0.00183,0.00164,0.00227,0.00215,0.00207
2026-04-10 11:56:00,0.03375,0.76011,1.67946,0.28338,0.23112,0.07946,0.07949,0.05226
2026-04-10 12:56:00,0.05176,0.492,1.40583,0.33404,0.2373,0.07936,0.08688,0.04767
2026-04-10 13:56:00,0.04912,0.54683,1.57094,0.34886,0.24274,0.0842,0.09513,0.08761
2026-04-10 14:56:00,0.05124,0.48474,1.42722,0.35918,0.24279,0.08777,0.0953,0.08841
2026-04-10 15:56:00,0.0607,0.48121,1.48137,0.35924,0.2376,0.08548,0.09639,0.11889
2026-04-10 16:56:00,0.05439,0.55615,1.55944,0.37574,0.25382,0.08871,0.10048,0.13643
2026-04-10 17:56:00,0.05324,0.56817,1.38936,0.38112,0.26071,0.09144,0.09733,0.11075
2026-04-10 18:56:00,0.05574,0.67885,1.57696,0.35438,0.25004,0.07998,0.08376,0.04843
2026-04-10 19:56:00,0.07945,0.63846,1.52726,0.35099,0.24355,0.0836,0.08802,0.15796
2026-04-10 20:56:00,0.00159,0.00664,0.00431,0.00174,0.00171,0.00182,0.00169,0.00284
2026-04-10 21:56:00,0.0628,0.88622,1.6423,0.29112,0.25057,0.08809,0.09644,0.07913
2026-04-10 22:56:00,0.04958,0.77805,1.5506,0.29592,0.25934,0.09055,0.08927,0.06414
2026-04-10 23:56:00,0.04528,0.91077,1.69337,0.29304,0.25718,0.09147,0.10584,0.10681
2026-04-11 00:56:00,0.00143,0.00483,0.00301,0.00191,0.00162,0.00197,0.00191,0.00175
2026-04-11 01:56:00,0.00168,0.00838,0.00541,0.00232,0.002,0.0024,0.00237,0.00226
2026-04-11 02:56:00,0.0561,0.7708,1.9532,0.32743,0.24924,0.09076,0.09148,0.08726
2026-04-11 03:56:00,0.07679,1.36965,1.65176,0.32675,0.25174,0.09284,0.10183,0.10448
2026-04-11 04:56:00,0.04795,1.50484,1.78465,0.32983,0.25299,0.09878,0.10517,0.10958
2026-04-11 05:56:00,0.0694,1.62209,1.76932,0.34164,0.25742,0.0958,0.09347,0.11808
2026-04-11 06:56:00,0.06167,1.35014,1.82304,0.34381,0.25641,0.09876,0.1039,0.14027
2026-04-11 07:56:00,0.04999,1.31702,1.62407,0.30264,0.25153,0.09581,0.10736,0.11846
2026-04-11 08:56:00,0.05682,1.25077,1.88841,0.29909,0.25567,0.09144,0.09834,0.11375
2026-04-11 09:56:00,0.04327,1.15116,1.8543,0.27957,0.26141,0.0852,0.10172,0.10839
2026-04-11 10:56:00,0.06256,1.06984,1.78253,0.28473,0.26401,0.08688,0.101,0.11278
2026-04-11 11:56:00,0.04704,1.26959,1.7709,0.30066,0.25913,0.09362,0.10756,0.10073
2026-04-11 12:56:00,0.06181,1.33206,1.76498,0.30162,0.25345,0.08988,0.09943,0.09643
2026-04-11 13:56:00,0.05155,1.44295,1.7434,0.29505,0.24538,0.08441,0.08607,0.05777
2026-04-11 14:56:00,0.07629,1.35517,1.75178,0.30187,0.25143,0.08865,0.0939,0.11913
2026-04-11 15:56:00,0.04798,1.22924,1.71794,0.30499,0.25809,0.08971,0.10238,0.09654
2026-04-11 16:56:00,0.04408,1.30317,1.77612,0.31381,0.26272,0.09511,0.10549,0.08529
2026-04-11 17:56:00,0.04861,1.2763,1.81933,0.29689,0.25935,0.0894,0.08756,0.07085
2026-04-11 18:56:00,0.04262,1.39452,1.8557,0.30496,0.26059,0.09081,0.10404,0.09397
2026-04-11 19:56:00,0.04774,1.40279,1.7652,0.30486,0.25542,0.08879,0.10166,0.08962
2026-04-11 20:56:00,0.06111,1.24496,1.64373,0.30377,0.2439,0.08596,0.0945,0.11268
2026-04-11 21:56:00,0.05666,1.52868,1.80189,0.31067,0.25986,0.09036,0.0934,0.12065
2026-04-11 22:56:00,0.0579,1.3325,1.77861,0.3095,0.25759,0.08985,0.09429,0.08583
2026-04-11 23:56:00,0.04562,1.2814,1.78734,0.31268,0.26171,0.09321,0.10304,0.12747
2026-04-12 00:56:00,0.04628,1.25902,1.53406,0.31398,0.25818,0.09382,0.10444,0.08865
2026-04-12 01:56:00,0.05545,1.34834,1.79823,0.31234,0.25872,0.09074,0.09452,0.10827
2026-04-12 02:56:00,0.04749,1.21544,1.75468,0.31531,0.26566,0.09444,0.10516,0.09412
2026-04-12 03:56:00,0.04562,1.31485,1.83175,0.31111,0.26175,0.09326,0.10574,0.09858
2026-04-12 04:56:00,0.05411,1.41019,1.52718,0.30269,0.25484,0.08586,0.09221,0.0869
2026-04-12 05:56:00,0.05817,1.38632,1.69246,0.31182,0.2569,0.09309,0.10474,0.16635
2026-04-12 06:56:00,0.04256,1.45132,1.55727,0.31136,0.26507,0.09546,0.10538,0.12784
2026-04-12 07:56:00,0.07544,1.38655,1.81484,0.31368,0.26599,0.09388,0.10003,0.12769
2026-04-12 08:56:00,0.04577,1.43472,1.80665,0.31091,0.25859,0.09185,0.10668,0.12957
2026-04-12 09:56:00,0.05573,1.38301,1.79929,0.30859,0.26551,0.09076,0.09578,0.11336
2026-04-12 10:56:00,0.0449,1.38192,1.79886,0.30212,0.2614,0.0908,0.10633,0.12507
2026-04-12 11:56:00,0.05377,1.49851,1.75239,0.30019,0.26402,0.08951,0.09507,0.08595
2026-04-12 12:56:00,0.04048,1.53374,1.53757,0.27974,0.26487,0.08257,0.10401,0.07691
2026-04-12 13:56:00,0.05756,1.42782,1.66572,0.30239,0.26334,0.09222,0.10688,0.11381
2026-04-12 14:56:00,0.0451,1.49173,1.55906,0.30084,0.2607,0.09243,0.10527,0.09482
2026-04-12 15:56:00,0.05638,1.43598,1.42961,0.2935,0.25185,0.08258,0.0918,0.07467
2026-04-12 16:56:00,0.04779,1.07497,1.53725,0.29822,0.24923,0.08324,0.09087,0.06847
2026-04-12 17:56:00,0.01461,0.16004,0.20582,0.0581,0.05465,0.0309,0.0248,0.01596
2026-04-12 18:56:00,0.06332,0.83789,1.92646,0.29824,0.25891,0.08909,0.09723,0.11048
2026-04-12 19:56:00,0.04739,0.84113,1.62194,0.3071,0.2568,0.09357,0.10541,0.10364
2026-04-12 20:56:00,0.06073,1.57567,1.67695,0.3015,0.25464,0.09074,0.09916,0.11909
2026-04-12 21:56:00,0.07443,1.73474,1.83163,0.31608,0.26635,0.09563,0.10031,0.11257
2026-04-12 22:56:00,0.04683,1.45996,1.70044,0.30659,0.26132,0.09523,0.10701,0.15097
2026-04-12 23:56:00,0.05634,1.60699,1.51245,0.31513,0.26365,0.09162,0.08871,0.07628
2026-04-13 00:56:00,0.04638,1.47068,1.37042,0.31133,0.26053,0.09507,0.10898,0.16145
2026-04-13 01:56:00,0.08551,1.832,1.44371,0.30434,0.26526,0.09457,0.10519,0.17941
2026-04-13 02:56:00,0.04781,1.9378,1.87469,0.29611,0.25752,0.08764,0.10412,0.12571
2026-04-13 03:56:00,0.04879,1.87281,1.79819,0.29579,0.25946,0.08867,0.10295,0.12289
2026-04-13 04:56:00,0.0593,1.42237,1.74573,0.2894,0.25514,0.08286,0.09342,0.10085
2026-04-13 05:56:00,0.04669,1.73074,1.60605,0.30853,0.25675,0.09297,0.10456,0.12114
2026-04-13 06:56:00,0.05146,2.20074,1.72042,0.30795,0.24969,0.09356,0.10221,0.10082
2026-04-13 07:56:00,0.06292,1.9948,1.62212,0.3121,0.25693,0.09011,0.09403,0.11494
2026-04-13 08:56:00,0.07808,1.94018,1.76742,0.33446,0.26624,0.1028,0.10203,0.14107
2026-04-13 09:56:00,0.04635,0.97079,1.73656,0.32567,0.26511,0.10016,0.1084,0.09827
2026-04-13 10:56:00,0.05937,2.08244,1.7428,0.31787,0.26278,0.0943,0.09549,0.11718
2026-04-13 11:56:00,0.04568,2.10867,1.78572,0.32923,0.26684,0.10035,0.10912,0.1432
2026-04-13 12:56:00,0.05617,2.23253,1.76234,0.33211,0.26767,0.09566,0.09497,0.09502
2026-04-13 13:56:00,0.04303,1.82661,1.83885,0.3058,0.2648,0.09323,0.1058,0.19003
2026-04-13 14:56:00,0.04937,1.06734,1.75924,0.31941,0.26377,0.09164,0.08984,0.06509
2026-04-13 15:56:00,0.06473,1.61114,1.66929,0.30268,0.24999,0.09022,0.10063,0.09679
2026-04-13 16:56:00,0.04436,1.06481,1.74579,0.30852,0.26049,0.09404,0.10565,0.10305
2026-04-13 17:56:00,0.05871,1.5013,1.74094,0.30156,0.25118,0.08548,0.0942,0.1433
2026-04-13 18:56:00,0.06359,1.43331,1.88872,0.30754,0.26003,0.09532,0.10366,0.14165
2026-04-13 19:56:00,0.0455,1.58033,1.89601,0.31497,0.26477,0.09755,0.10565,0.12286
2026-04-13 20:56:00,0.05121,1.55888,1.72544,0.30884,0.25985,0.09328,0.09095,0.07068
2026-04-13 21:56:00,0.04952,1.68188,1.78051,0.30895,0.25855,0.09316,0.10232,0.11466
2026-04-13 22:56:00,0.04805,1.50991,1.74548,0.31681,0.25884,0.0974,0.10455,0.13733
2026-04-13 23:56:00,0.05756,1.3763,1.84919,0.31681,0.25647,0.09192,0.09269,0.07955
2026-04-14 00:56:00,0.06435,1.56259,1.8215,0.31833,0.26431,0.09867,0.10524,0.1494
2026-04-14 01:56:00,0.0479,1.35691,1.78121,0.32047,0.26028,0.10094,0.10695,0.12883
2026-04-14 02:56:00,0.05605,1.41527,1.74128,0.30349,0.24544,0.08752,0.09018,0.09842
2026-04-14 03:56:00,0.06669,1.69474,1.74939,0.32301,0.25942,0.09779,0.10427,0.14913
2026-04-14 04:56:00,0.04886,1.19684,1.77803,0.31717,0.25339,0.0972,0.10289,0.09674
2026-04-14 05:56:00,0.06185,1.64631,1.82418,0.32418,0.2565,0.09506,0.10034,0.10402
2026-04-14 06:56:00,0.05872,1.33307,1.95523,0.31351,0.25768,0.09703,0.10628,0.16603
2026-04-14 07:56:00,0.0708,1.46848,1.9095,0.30466,0.26014,0.09547,0.09839,0.1797
2026-04-14 08:56:00,0.04642,1.3738,1.75526,0.30841,0.26111,0.09737,0.1058,0.11756
2026-04-14 09:56:00,0.06404,1.61553,1.71325,0.30472,0.26798,0.09615,0.10054,0.12892
2026-04-14 10:56:00,0.05877,1.6047,1.65907,0.30146,0.25259,0.09111,0.10273,0.13898
2026-04-14 11:56:00,0.04532,1.60692,1.67021,0.30571,0.2594,0.0968,0.10492,0.08939
2026-04-14 12:56:00,0.04218,1.31338,1.80595,0.29524,0.26207,0.09051,0.09235,0.08199
2026-04-14 13:56:00,0.03929,1.5124,1.80056,0.28847,0.26058,0.08978,0.10279,0.13054
2026-04-14 14:56:00,0.04961,1.33684,1.767,0.30475,0.259,0.09313,0.10374,0.10727
2026-04-14 15:56:00,0.05632,1.63961,1.71102,0.29941,0.25577,0.09091,0.10516,0.11526
2026-04-14 16:56:00,0.04474,1.21533,1.81413,0.30224,0.26512,0.09047,0.09378,0.10146
2026-04-14 17:56:00,0.04221,1.69452,1.88876,0.29892,0.26087,0.09164,0.10471,0.07619
2026-04-14 18:56:00,0.04868,1.44495,1.88313,0.27701,0.26534,0.08062,0.09629,0.11455
2026-04-14 19:56:00,0.04213,1.44477,1.8405,0.26651,0.26545,0.07745,0.1004,0.12241
2026-04-14 20:56:00,0.03932,1.52234,2.08016,0.27309,0.26839,0.08476,0.1053,0.15003
2026-04-14 21:56:00,0.04247,1.67902,1.81445,0.27565,0.26212,0.08264,0.10174,0.08394
2026-04-14 22:56:00,0.04407,1.53731,1.81183,0.29976,0.26292,0.09212,0.09227,0.07351
2026-04-14 23:56:00,0.04398,1.586,1.63292,0.30529,0.2598,0.09368,0.10273,0.10267
2026-04-15 00:56:00,0.04184,1.29857,1.72835,0.30871,0.26213,0.09714,0.10325,0.10729
2026-04-15 01:56:00,0.04264,1.29045,1.72213,0.30675,0.26191,0.09544,0.08948,0.07184
2026-04-15 02:56:00,0.04326,1.50399,1.77195,0.3112,0.2621,0.09585,0.10397,0.12408
2026-04-15 03:56:00,0.04286,1.23297,1.76478,0.27674,0.27169,0.07957,0.09255,0.08326
2026-04-15 04:56:00,0.03896,1.36946,1.82156,0.27946,0.25917,0.08495,0.10197,0.09948
2026-04-15 05:56:00,0.05983,1.40643,1.80981,0.29765,0.26176,0.09559,0.10439,0.13
2026-04-15 06:56:00,0.04143,1.37837,1.85155,0.30074,0.25806,0.09463,0.10169,0.09234
2026-04-15 07:56:00,0.04866,1.44592,1.82058,0.30513,0.25746,0.09474,0.10285,0.14323
2026-04-15 08:56:00,0.04233,1.47564,1.73531,0.30718,0.26049,0.0973,0.10346,0.12312
2026-04-15 09:56:00,0.04888,1.66016,1.72433,0.28729,0.26082,0.08989,0.09904,0.12172
2026-04-15 10:56:00,0.04144,1.62993,1.83155,0.30224,0.29674,0.09831,0.10394,0.07264
2026-04-15 11:56:00,0.05075,2.50423,1.71789,0.30216,0.26181,0.09241,0.10106,0.13643
2026-04-15 12:56:00,0.0435,1.59529,1.73459,0.30932,0.26209,0.09255,0.10456,0.09226
2026-04-15 13:56:00,0.04721,1.6844,1.68867,0.31283,0.26386,0.09525,0.10317,0.10489
2026-04-15 14:56:00,0.04759,1.61239,1.7731,0.30678,0.25907,0.09202,0.10188,0.13912
2026-04-15 15:56:00,0.0407,1.75007,1.66175,0.30925,0.26175,0.09392,0.10418,0.09124
2026-04-15 16:56:00,0.04706,1.53627,1.80589,0.29515,0.25995,0.09014,0.1035,0.17312
2026-04-15 17:56:00,0.04569,2.06242,1.63552,0.28405,0.25819,0.08474,0.09178,0.09398
2026-04-15 18:56:00,0.04125,1.57935,1.61758,0.29778,0.26015,0.09115,0.10352,0.13551
2026-04-15 19:56:00,0.04401,1.44336,1.81886,0.30332,0.26048,0.09345,0.09181,0.0778
2026-04-15 20:56:00,0.03929,1.6378,1.93459,0.28937,0.26345,0.0894,0.10257,0.14098
2026-04-15 21:56:00,0.04263,1.38822,1.57673,0.29624,0.26345,0.09142,0.10169,0.09049
2026-04-15 22:56:00,0.04716,1.369,1.86892,0.30839,0.26485,0.09429,0.09587,0.08437
2026-04-15 23:56:00,0.04352,1.3788,1.76936,0.31529,0.26477,0.09669,0.10504,0.08489
2026-04-16 00:56:00,0.04294,1.38125,1.80383,0.31729,0.26595,0.09756,0.09328,0.12073
2026-04-16 01:56:00,0.03964,1.35303,1.83264,0.29421,0.26118,0.08981,0.10284,0.12163
2026-04-16 02:56:00,0.04566,1.42336,1.83333,0.29343,0.25864,0.08852,0.09258,0.09201
2026-04-16 03:56:00,0.04172,1.64462,1.83803,0.28012,0.26989,0.08407,0.10056,0.12354
2026-04-16 04:56:00,0.0401,1.70732,1.78005,0.27932,0.26316,0.08496,0.10311,0.08725
2026-04-16 05:56:00,0.0483,1.3526,1.79715,0.30568,0.2628,0.09594,0.10464,0.13852
2026-04-16 06:56:00,0.00934,0.02185,0.03659,0.03764,0.03359,0.01612,0.01861,0.02287
2026-04-16 07:56:00,0.00128,0.00283,0.00219,0.00127,0.00122,0.00168,0.00139,0.00164
2026-04-16 08:56:00,0.00127,0.0015,0.00134,0.00116,0.0012,0.0013,0.00128,0.00139
2026-04-16 09:56:00,0.00129,0.00286,0.00202,0.00141,0.00136,0.00151,0.00147,0.00158
2026-04-16 10:56:00,0.00128,0.00258,0.00179,0.0013,0.00131,0.00142,0.00139,0.00152
2026-04-16 11:56:00,0.00127,0.00291,0.00197,0.00138,0.00131,0.00147,0.00144,0.00148
2026-04-16 12:56:00,0.00127,0.00329,0.00215,0.00134,0.00133,0.00141,0.00143,0.00151
2026-04-16 13:56:00,0.00127,0.00324,0.00197,0.00131,0.00129,0.00145,0.00142,0.0015
2026-04-16 14:56:00,0.00125,0.00154,0.00133,0.00114,0.00116,0.00124,0.00126,0.0014
2026-04-16 15:56:00,0.00124,0.00156,0.00138,0.00114,0.00117,0.00123,0.00123,0.00138
2026-04-16 16:56:00,0.00128,0.00199,0.0015,0.00132,0.0013,0.00139,0.00142,0.00149
2026-04-16 17:56:00,0.00128,0.00198,0.00152,0.00136,0.00133,0.00145,0.00152,0.0015
2026-04-16 18:56:00,0.0013,0.00412,0.00224,0.0016,0.00149,0.00173,0.00178,0.0017
2026-04-16 19:56:00,0.00128,0.0039,0.00224,0.00149,0.00141,0.00166,0.00165,0.00162
2026-04-16 20:56:00,0.00134,0.00353,0.00232,0.00152,0.00147,0.00159,0.00162,0.00152
2026-04-16 21:56:00,0.0013,0.00345,0.00216,0.00153,0.00144,0.00163,0.00168,0.00173
2026-04-16 22:56:00,0.00134,0.00389,0.0025,0.00143,0.00138,0.00159,0.00157,0.00156
2026-04-16 23:56:00,0.00133,0.0037,0.00233,0.00166,0.00154,0.00181,0.00184,0.00174
2026-04-17 00:56:00,0.00129,0.00351,0.00233,0.00137,0.00134,0.00151,0.00152,0.00157
2026-04-17 01:56:00,0.00139,0.00405,0.00271,0.00165,0.00152,0.00172,0.00166,0.00208
2026-04-17 02:56:00,0.03851,0.74719,1.82827,0.33119,0.29852,0.09982,0.09951,0.047
2026-04-17 03:56:00,0.05067,0.70851,1.6286,0.29509,0.24841,0.0898,0.09629,0.06886
2026-04-17 04:56:00,0.04247,0.70897,2.16281,0.31148,0.24547,0.08344,0.09051,0.05716
2026-04-17 05:56:00,0.05131,0.61528,1.87929,0.3343,0.24887,0.09219,0.10349,0.10109
2026-04-17 06:56:00,0.04144,0.59652,1.92294,0.34148,0.24326,0.08529,0.08743,0.0523
2026-04-17 07:56:00,0.04956,0.59483,1.83007,0.36365,0.2461,0.09242,0.10241,0.1174
2026-04-17 08:56:00,0.04,0.67169,2.10735,0.2947,0.25764,0.07741,0.09125,0.10545
2026-04-17 09:56:00,0.03387,1.19839,2.15186,0.33381,0.28127,0.09178,0.08606,0.07207
2026-04-17 10:56:00,0.03891,1.32645,1.9697,0.30794,0.28184,0.08126,0.09235,0.10317
2026-04-17 11:56:00,0.04355,1.15591,1.82817,0.33042,0.24213,0.08115,0.09363,0.0981
2026-04-17 12:56:00,0.04353,1.0753,2.16783,0.36059,0.24571,0.08392,0.08638,0.07367
2026-04-17 13:56:00,0.04088,0.92478,1.84154,0.32834,0.23727,0.08157,0.09515,0.10929
2026-04-17 14:56:00,0.03808,1.0639,1.99927,0.29616,0.26206,0.0751,0.08969,0.12141
2026-04-17 15:56:00,0.04929,0.92292,1.85829,0.31467,0.24201,0.07715,0.09134,0.09145
2026-04-17 16:56:00,0.04318,0.796,1.95359,0.39679,0.26664,0.08661,0.0865,0.05607
2026-04-17 17:56:00,0.04319,0.79854,1.69721,0.38872,0.2586,0.09168,0.0967,0.10588
2026-04-17 18:56:00,0.04427,1.26509,1.81876,0.36513,0.24447,0.08019,0.08409,0.0769
2026-04-17 19:56:00,0.04344,0.78188,1.95989,0.29935,0.27483,0.07743,0.09274,0.0937
2026-04-17 20:56:00,0.0442,1.12613,1.83621,0.28618,0.25284,0.06799,0.08931,0.1048
2026-04-17 21:56:00,0.04241,1.20165,1.76937,0.33578,0.23795,0.08223,0.09658,0.11566
2026-04-17 22:56:00,0.05809,1.38739,1.54796,0.35976,0.24407,0.08872,0.09262,0.09761
2026-04-17 23:56:00,0.03867,1.34442,1.80238,0.34377,0.23539,0.08486,0.095,0.10063
2026-04-18 00:56:00,0.03766,1.38827,1.88848,0.29483,0.24147,0.07345,0.09282,0.0808
2026-04-18 01:56:00,0.0355,0.97782,1.89978,0.32403,0.28746,0.08173,0.09223,0.10668
2026-04-18 02:56:00,0.03977,1.10284,1.8955,0.30241,0.23547,0.07395,0.09444,0.08414
2026-04-18 03:56:00,0.04259,1.38124,1.83908,0.34889,0.23717,0.07978,0.0853,0.05873
2026-04-18 04:56:00,0.04583,1.01315,1.83293,0.37324,0.24571,0.09206,0.0986,0.10677
2026-04-18 05:56:00,0.04232,1.12744,1.73608,0.37041,0.24943,0.08662,0.08669,0.08011
2026-04-18 06:56:00,0.04118,1.24204,1.90534,0.34807,0.2344,0.08468,0.09725,0.11516
2026-04-18 07:56:00,0.04141,0.97645,1.90132,0.3101,0.2308,0.0734,0.09326,0.07947
2026-04-18 08:56:00,0.0594,0.87653,1.90679,0.30161,0.24092,0.07665,0.09319,0.12391
2026-04-18 09:56:00,0.04422,0.81452,1.78991,0.33472,0.22691,0.07831,0.08707,0.11009
2026-04-18 10:56:00,0.04374,0.77296,1.614,0.36096,0.24259,0.09132,0.09738,0.10856
2026-04-18 11:56:00,0.05612,1.29532,1.65799,0.32427,0.24015,0.08311,0.09232,0.18692
2026-04-18 12:56:00,0.04231,1.12134,1.54549,0.38682,0.25525,0.0948,0.09548,0.10633
2026-04-18 13:56:00,0.04277,0.89922,1.59128,0.39282,0.25867,0.09301,0.09609,0.10333
2026-04-18 14:56:00,0.04784,0.66841,1.58308,0.4151,0.28541,0.09247,0.09306,0.13585
2026-04-18 15:56:00,0.063,0.7941,1.60904,0.40664,0.26079,0.09434,0.09564,0.17588
2026-04-18 16:56:00,0.0431,0.79799,1.82357,0.30898,0.23519,0.07197,0.08947,0.08652
2026-04-18 17:56:00,0.04454,0.86773,1.62966,0.38721,0.2599,0.09085,0.09856,0.13875
2026-04-18 18:56:00,0.04463,0.94212,1.68635,0.37181,0.25279,0.08126,0.08708,0.10755
2026-04-18 19:56:00,0.04657,0.7439,1.66108,0.4049,0.2744,0.09815,0.09896,0.11719
2026-04-18 20:56:00,0.04877,0.7741,1.73333,0.39193,0.28528,0.09784,0.08848,0.08506
2026-04-18 21:56:00,0.04258,0.78483,1.69045,0.37783,0.28176,0.10378,0.10297,0.11352
2026-04-18 22:56:00,0.04733,1.00614,1.65762,0.3944,0.29192,0.09948,0.09,0.10008
2026-04-18 23:56:00,0.04,0.99565,1.8889,0.31044,0.26319,0.08346,0.09719,0.12953
2026-04-19 00:56:00,0.04094,0.95753,1.80591,0.31554,0.26164,0.08433,0.09545,0.10617
2026-04-19 01:56:00,0.0474,0.87305,1.69327,0.37267,0.27764,0.09422,0.08862,0.08202
2026-04-19 02:56:00,0.04114,0.82906,1.65861,0.38057,0.27978,0.10095,0.09936,0.08827
2026-04-19 03:56:00,0.0515,0.86699,1.78979,0.35408,0.25954,0.08936,0.08787,0.07682
2026-04-19 04:56:00,0.03699,0.94364,1.8246,0.30957,0.25352,0.08085,0.09528,0.10781
2026-04-19 05:56:00,0.03444,0.9006,1.89642,0.31071,0.28121,0.08069,0.0933,0.11086
2026-04-19 06:56:00,0.03729,1.02285,1.91627,0.29638,0.26008,0.07681,0.09354,0.08318
2026-04-19 07:56:00,0.04487,1.23556,1.69616,0.38262,0.28651,0.10133,0.09001,0.11257
2026-04-19 08:56:00,0.04501,1.11635,1.63704,0.37356,0.27807,0.0971,0.09631,0.1067
2026-04-19 09:56:00,0.04348,1.16069,1.61998,0.37929,0.28744,0.1019,0.09841,0.0897
2026-04-19 10:56:00,0.04519,1.27554,1.61181,0.36668,0.28957,0.09476,0.09079,0.06395
2026-04-19 11:56:00,0.04577,1.02879,1.5611,0.39956,0.29963,0.10343,0.10229,0.10567
2026-04-19 12:56:00,0.04317,0.86503,1.57108,0.41923,0.29834,0.10572,0.10325,0.09711
2026-04-19 13:56:00,0.04225,0.61558,1.55423,0.39976,0.27559,0.09932,0.09716,0.10323
2026-04-19 14:56:00,0.04669,0.6332,1.66923,0.37713,0.25873,0.08593,0.08806,0.09203
2026-04-19 15:56:00,0.04731,0.64161,1.71911,0.3143,0.24421,0.08059,0.093,0.10683
2026-04-19 16:56:00,0.03557,0.91443,1.82004,0.30591,0.27608,0.07656,0.09532,0.10542
2026-04-19 17:56:00,0.03936,0.80067,1.78765,0.3077,0.24169,0.07559,0.09395,0.07415
2026-04-19 18:56:00,0.04981,0.80197,1.59331,0.39953,0.28507,0.08817,0.08978,0.05386
2026-04-19 19:56:00,0.04502,0.83251,1.53891,0.39954,0.28886,0.09815,0.09815,0.0718
2026-04-19 20:56:00,0.05058,0.84357,1.5903,0.40741,0.28017,0.10238,0.09635,0.09752
2026-04-19 21:56:00,0.04279,1.17389,1.63435,0.36699,0.25557,0.09341,0.09623,0.08705
2026-04-19 22:56:00,0.04394,1.09374,1.72042,0.32605,0.24519,0.07548,0.08571,0.13819
2026-04-19 23:56:00,0.04845,1.16292,1.67624,0.35395,0.24802,0.09188,0.09492,0.08693
2026-04-20 00:56:00,0.07186,1.40739,1.6276,0.36508,0.25446,0.09548,0.09499,0.11213
2026-04-20 01:56:00,0.0456,1.20383,1.63994,0.30788,0.24654,0.0751,0.08772,0.09156
2026-04-20 02:56:00,0.0487,1.1768,1.62106,0.32123,0.24737,0.08528,0.09151,0.11329
2026-04-20 03:56:00,0.02968,0.80212,1.99228,0.2674,0.23147,0.08976,0.09232,0.09849
2026-04-20 04:56:00,0.04874,1.01689,2.10464,0.3201,0.25835,0.09359,0.09967,0.11056
2026-04-20 05:56:00,0.04866,1.02487,1.85205,0.3021,0.25995,0.08802,0.09411,0.10345
2026-04-20 06:56:00,0.04265,1.32335,1.91928,0.29454,0.26398,0.08884,0.10131,0.09566
2026-04-20 07:56:00,0.03685,0.92734,1.95729,0.30698,0.29394,0.09396,0.09997,0.07301
2026-04-20 08:56:00,0.04189,1.0435,1.88985,0.28615,0.27143,0.08477,0.0994,0.09453
2026-04-20 09:56:00,0.04568,1.68641,1.79426,0.30259,0.26069,0.09326,0.094,0.07742
2026-04-20 10:56:00,0.04336,1.68893,1.75827,0.30706,0.26427,0.09376,0.10289,0.11681
2026-04-20 11:56:00,0.06361,0.71662,1.6521,0.31322,0.26616,0.0968,0.10263,0.11072
2026-04-20 12:56:00,0.04436,0.64618,1.65886,0.31716,0.26152,0.09379,0.10178,0.09749
2026-04-20 13:56:00,0.04464,0.66109,1.75608,0.32917,0.26667,0.09335,0.10251,0.10351
2026-04-20 14:56:00,0.04622,0.59114,1.77063,0.31779,0.26243,0.08757,0.09226,0.11949
2026-04-20 15:56:00,0.04111,0.60482,1.45965,0.36046,0.2755,0.0993,0.10603,0.1203
2026-04-20 16:56:00,0.04828,0.63586,1.67335,0.37246,0.2889,0.10024,0.09864,0.09062
2026-04-20 17:56:00,0.00138,0.00403,0.00289,0.00146,0.00146,0.00154,0.00158,0.00168
2026-04-20 18:56:00,0.06585,0.69236,1.4961,0.33081,0.28116,0.10207,0.10501,0.10995
2026-04-20 19:56:00,0.0464,0.67273,2.10059,0.32436,0.28102,0.09981,0.10457,0.09221
2026-04-20 20:56:00,0.05337,0.64576,1.93925,0.341,0.28765,0.09775,0.0936,0.08406
2026-04-20 21:56:00,0.04579,0.74349,2.03167,0.33315,0.27972,0.10527,0.10728,0.08733
2026-04-20 22:56:00,0.05087,1.30106,2.00093,0.33098,0.27828,0.10257,0.09419,0.06287
2026-04-20 23:56:00,0.04519,0.98383,1.99057,0.31369,0.27144,0.1014,0.10559,0.09675
2026-04-21 00:56:00,0.05194,1.31916,2.18607,0.29916,0.27073,0.09335,0.09419,0.08057
2026-04-21 01:56:00,0.04637,0.71236,2.07189,0.30309,0.26793,0.09665,0.10273,0.09578
2026-04-21 02:56:00,0.05027,0.82952,1.95222,0.31817,0.27395,0.10077,0.09425,0.08496
2026-04-21 03:56:00,0.04016,0.99933,1.98948,0.29178,0.26316,0.09263,0.102,0.11012
2026-04-21 04:56:00,0.04953,1.00695,1.9329,0.28704,0.2777,0.08956,0.10604,0.13785
2026-04-21 05:56:00,0.05389,0.70457,2.02353,0.29905,0.26792,0.094,0.09624,0.06191
2026-04-21 06:56:00,0.04621,1.10845,2.05402,0.31251,0.26889,0.09854,0.10496,0.10127
2026-04-21 07:56:00,0.05265,1.30718,2.19514,0.30948,0.27067,0.09558,0.09056,0.0823
2026-04-21 08:56:00,0.04275,1.27101,2.12371,0.29521,0.26515,0.09285,0.10309,0.07092
2026-04-21 09:56:00,0.05714,1.40547,2.14134,0.31497,0.26513,0.09773,0.09841,0.10888
2026-04-21 10:56:00,0.05131,1.20161,1.96478,0.3015,0.25616,0.09324,0.10346,0.0644
2026-04-21 11:56:00,0.04584,1.22671,1.8181,0.30902,0.26626,0.09909,0.10623,0.07896
2026-04-21 12:56:00,0.04739,1.13193,2.06012,0.30285,0.26456,0.09358,0.09288,0.06016
2026-04-21 13:56:00,0.04783,1.17033,2.18943,0.28881,0.26324,0.08902,0.10445,0.10792
2026-04-21 14:56:00,0.04767,1.17415,2.17524,0.28584,0.26159,0.08834,0.0957,0.10512
2026-04-21 15:56:00,0.03885,1.24214,2.01234,0.3016,0.28726,0.0965,0.11084,0.1114
2026-04-21 16:56:00,0.05646,1.73323,1.94519,0.27386,0.26595,0.08336,0.10196,0.09736
2026-04-21 17:56:00,0.05053,1.07792,1.99692,0.30719,0.26327,0.09318,0.09923,0.11398
2026-04-21 18:56:00,0.05563,1.84304,1.90364,0.30573,0.26309,0.09319,0.10259,0.10174
2026-04-21 19:56:00,0.04451,1.42619,2.12712,0.30787,0.26564,0.09789,0.10639,0.08681
2026-04-21 20:56:00,0.0441,1.46346,2.12509,0.30251,0.26472,0.09497,0.09294,0.08573
2026-04-21 21:56:00,0.03789,1.3202,2.20246,0.29452,0.28737,0.09345,0.10798,0.11331
2026-04-21 22:56:00,0.03992,1.46477,2.11805,0.29528,0.28428,0.09485,0.10871,0.13981
2026-04-21 23:56:00,0.04774,0.90639,1.98487,0.29903,0.26023,0.09293,0.0935,0.0634
2026-04-22 00:56:00,0.04642,1.6399,2.09582,0.30161,0.26239,0.09682,0.10772,0.13316
2026-04-22 01:56:00,0.04709,1.34398,2.08988,0.30612,0.26045,0.09536,0.09247,0.09405
2026-04-22 02:56:00,0.04548,1.124,2.01794,0.29878,0.26017,0.09399,0.10106,0.10723
2026-04-22 03:56:00,0.04564,0.98057,2.11893,0.27984,0.26816,0.08205,0.09884,0.13892
2026-04-22 04:56:00,0.0402,1.09828,2.19847,0.27679,0.26919,0.08628,0.10666,0.08852
2026-04-22 05:56:00,0.04661,1.19391,2.19661,0.29068,0.25916,0.09157,0.103,0.09921
2026-04-22 06:56:00,0.05111,0.9109,2.06222,0.29301,0.26072,0.09092,0.09446,0.10452
2026-04-22 07:56:00,0.04618,1.32777,1.97288,0.29694,0.26405,0.0965,0.1065,0.10348
2026-04-22 08:56:00,0.04474,1.09725,1.84792,0.29664,0.26402,0.09295,0.09146,0.08833
2026-04-22 09:56:00,0.0455,1.16576,1.93426,0.30107,0.26691,0.09929,0.10709,0.09649
2026-04-22 10:56:00,0.04849,0.79256,1.82311,0.2935,0.24547,0.0877,0.09921,0.06836
2026-04-22 11:56:00,0.04614,1.24137,1.98965,0.30395,0.26771,0.09154,0.09024,0.1005
2026-04-22 12:56:00,0.04543,1.24408,1.94877,0.30563,0.26684,0.09246,0.10512,0.08548
2026-04-22 13:56:00,0.0499,1.07296,1.92272,0.29873,0.26847,0.0895,0.09774,0.14506
2026-04-22 14:56:00,0.04071,1.06096,1.99221,0.27881,0.26713,0.08151,0.10267,0.08856
2026-04-22 15:56:00,0.0608,1.05055,1.92415,0.28156,0.26587,0.08612,0.10349,0.15777
2026-04-22 16:56:00,0.04214,1.08827,2.00937,0.30307,0.26534,0.09146,0.10702,0.11967
2026-04-22 17:56:00,0.04928,0.96093,1.85835,0.30492,0.26481,0.08972,0.09632,0.07098
2026-04-22 18:56:00,0.04751,1.09433,1.97181,0.305,0.26682,0.09344,0.107,0.09907
2026-04-22 19:56:00,0.04899,1.19359,2.10977,0.29883,0.26632,0.09251,0.10327,0.16126
2026-04-22 20:56:00,0.03845,1.24556,2.15396,0.29434,0.29565,0.09642,0.11197,0.14285
2026-04-22 21:56:00,0.04243,1.49771,2.20882,0.27362,0.27388,0.08129,0.10255,0.10138
2026-04-22 22:56:00,0.04732,1.22773,2.01216,0.30218,0.26372,0.09367,0.09501,0.09291
2026-04-22 23:56:00,0.04726,1.15147,1.90804,0.30115,0.26048,0.0924,0.10592,0.12003
2026-04-23 00:56:00,0.0496,1.01814,1.95878,0.30023,0.26269,0.0928,0.10381,0.11356
2026-04-23 01:56:00,0.04283,0.94332,2.16417,0.27755,0.26664,0.08331,0.10162,0.11554
2026-04-23 02:56:00,0.07027,1.2395,1.97436,0.29476,0.28877,0.09951,0.11226,0.16953
2026-04-23 03:56:00,0.04916,1.18157,2.01629,0.30487,0.2613,0.09226,0.10329,0.12635
2026-04-23 04:56:00,0.06289,1.18023,2.02099,0.31238,0.26638,0.09613,0.10034,0.10728
2026-04-23 05:56:00,0.03949,1.30636,2.1311,0.28991,0.26084,0.08977,0.10374,0.09832
2026-04-23 06:56:00,0.03728,1.15949,2.00988,0.28642,0.28355,0.08927,0.10303,0.08225
2026-04-23 07:56:00,0.06251,1.31132,2.10484,0.28804,0.26604,0.08958,0.10585,0.14189
2026-04-23 08:56:00,0.00126,0.00148,0.00128,0.00114,0.00119,0.00127,0.00126,0.00133
2026-04-23 09:56:00,0.00134,0.00441,0.00285,0.00202,0.00179,0.00203,0.00191,0.00182
2026-04-23 10:56:00,0.00154,0.00541,0.0036,0.00219,0.00218,0.00212,0.00213,0.00197
2026-04-23 11:56:00,0.00137,0.00624,0.00424,0.00207,0.0018,0.00215,0.00211,0.00244
2026-04-23 12:56:00,0.04257,0.94073,1.87841,0.25895,0.25772,0.08009,0.10176,0.07833
2026-04-23 13:56:00,0.05901,1.01561,1.72733,0.28107,0.26324,0.09105,0.09901,0.11242
2026-04-23 14:56:00,0.05668,1.16529,1.79739,0.28733,0.26577,0.0898,0.09902,0.07887
2026-04-23 15:56:00,0.04364,1.4124,1.82947,0.28245,0.26481,0.08919,0.10604,0.13457
2026-04-23 16:56:00,0.05908,1.54835,1.96913,0.28709,0.26948,0.08915,0.10629,0.12391
2026-04-23 17:56:00,0.04541,1.16767,1.80794,0.29325,0.26465,0.09247,0.10557,0.09866
2026-04-23 18:56:00,0.05788,1.43373,1.77279,0.29096,0.26088,0.08704,0.09835,0.08437
2026-04-23 19:56:00,0.04789,1.57273,1.78351,0.2961,0.26246,0.09002,0.08998,0.07749
2026-04-23 20:56:00,0.05175,1.85919,1.80426,0.30522,0.26937,0.095,0.10522,0.11367
2026-04-23 21:56:00,0.04598,1.82792,1.81439,0.30392,0.26566,0.09413,0.10463,0.08997
2026-04-23 22:56:00,0.05275,1.66275,1.76898,0.30004,0.26157,0.08719,0.09323,0.1145
2026-04-23 23:56:00,0.05103,1.41157,1.78155,0.30663,0.26198,0.09126,0.09477,0.08988
2026-04-24 00:56:00,0.04955,1.24227,1.8522,0.31964,0.26862,0.09708,0.10467,0.10543
2026-04-24 01:56:00,0.05229,1.4453,1.86496,0.31727,0.27084,0.09781,0.10263,0.15245
2026-04-24 02:56:00,0.05731,1.26578,2.06867,0.30127,0.26473,0.09124,0.09516,0.13134
2026-04-24 03:56:00,0.04668,1.49055,1.77971,0.31075,0.25904,0.09228,0.10272,0.10072
2026-04-24 04:56:00,0.05098,1.4646,1.78486,0.31092,0.26671,0.09338,0.09409,0.08912
2026-04-24 05:56:00,0.04659,1.60931,1.83012,0.30798,0.26751,0.09603,0.10364,0.09101
2026-04-24 06:56:00,0.05127,1.59772,1.98328,0.27151,0.26777,0.0793,0.09229,0.09526
2026-04-24 07:56:00,0.00126,0.00172,0.00141,0.00118,0.00131,0.00127,0.00128,0.00135
2026-04-24 08:56:00,0.00126,0.00171,0.00142,0.00119,0.0013,0.00127,0.00128,0.00137
2026-04-24 09:56:00,0.00126,0.00167,0.0014,0.00118,0.00132,0.00125,0.00127,0.00139
2026-04-24 10:56:00,0.00134,0.00271,0.00194,0.00189,0.0018,0.00164,0.00166,0.0017
2026-04-24 11:56:00,0.0013,0.00196,0.00159,0.00149,0.00145,0.00142,0.00146,0.00149
2026-04-24 12:56:00,0.00136,0.00234,0.00174,0.00164,0.00153,0.00157,0.00165,0.00162
2026-04-24 13:56:00,0.00129,0.00211,0.00153,0.00138,0.00134,0.00146,0.00145,0.00141
2026-04-24 14:56:00,0.00138,0.0024,0.0018,0.00163,0.00168,0.00157,0.00165,0.00155
2026-04-24 15:56:00,0.00137,0.00236,0.00182,0.00153,0.0017,0.00153,0.00161,0.00162
2026-04-24 16:56:00,0.00125,0.0017,0.00136,0.00113,0.00119,0.00128,0.00123,0.00134
2026-04-24 17:56:00,0.00125,0.00163,0.00137,0.00114,0.0012,0.00124,0.00127,0.00134
2026-04-24 18:56:00,0.00125,0.00167,0.00138,0.00117,0.00121,0.00126,0.00128,0.00134
2026-04-24 19:56:00,0.00126,0.00168,0.00139,0.00114,0.00119,0.00127,0.00126,0.00135
2026-04-24 20:56:00,0.00126,0.00175,0.00144,0.00115,0.00118,0.00125,0.00127,0.00136
2026-04-24 21:56:00,0.00131,0.00406,0.00255,0.00148,0.00158,0.00153,0.00157,0.00165
2026-04-24 22:56:00,0.00138,0.00347,0.00234,0.00153,0.0017,0.00158,0.00163,0.00168
2026-04-24 23:56:00,0.00136,0.00364,0.0025,0.00154,0.00169,0.00166,0.00169,0.00167
2026-04-25 00:56:00,0.0014,0.00498,0.00329,0.0016,0.00178,0.0017,0.00166,0.0016
2026-04-25 01:56:00,0.00173,0.00541,0.00369,0.00193,0.00213,0.00201,0.00201,0.00209
2026-04-25 02:56:00,0.00137,0.00457,0.00312,0.00158,0.0018,0.00173,0.00177,0.00165
2026-04-25 03:56:00,0.0367,0.79117,1.96326,0.41622,0.38081,0.10075,0.09833,0.06367
2026-04-25 04:56:00,0.0382,0.76695,1.84389,0.41741,0.42068,0.10044,0.1077,0.08556
2026-04-25 05:56:00,0.04265,1.05005,2.0592,0.32445,0.37262,0.08229,0.10312,0.11191
2026-04-25 06:56:00,0.04691,0.82795,2.00143,0.32171,0.34396,0.07862,0.09747,0.09781
2026-04-25 07:56:00,0.06244,0.96136,1.57042,0.41518,0.36864,0.08202,0.09363,0.09219
2026-04-25 08:56:00,0.06989,0.8691,1.53206,0.45451,0.38356,0.09165,0.09657,0.15081
2026-04-25 09:56:00,0.05321,0.84085,1.45687,0.45196,0.3898,0.0886,0.09735,0.07694
2026-04-25 10:56:00,0.0503,0.82725,1.48327,0.41523,0.39394,0.08378,0.09259,0.13807
2026-04-25 11:56:00,0.05258,0.68759,1.42873,0.41275,0.41152,0.08164,0.09076,0.1182
2026-04-25 12:56:00,0.05568,0.62152,1.59055,0.406,0.47138,0.0797,0.08959,0.09765
2026-04-25 13:56:00,0.04835,0.67512,1.56784,0.42074,0.48473,0.08581,0.09144,0.07984
2026-04-25 14:56:00,0.06349,0.78313,1.55724,0.46271,0.48092,0.09302,0.09737,0.13374
2026-04-25 15:56:00,0.05103,1.0545,1.37217,0.43547,0.47107,0.08745,0.0974,0.09343
2026-04-25 16:56:00,0.04404,1.02896,1.5523,0.45878,0.48338,0.09069,0.09817,0.09193
2026-04-25 17:56:00,0.05703,1.08436,1.53646,0.45242,0.47968,0.08895,0.09442,0.13619
2026-04-25 18:56:00,0.04893,1.10974,1.57253,0.44714,0.47896,0.08804,0.09019,0.07498
2026-04-25 19:56:00,0.07027,1.22973,1.5937,0.47212,0.47405,0.10075,0.09864,0.21524
2026-04-25 20:56:00,0.03993,1.1318,1.60271,0.44436,0.47197,0.09341,0.09558,0.13237
2026-04-25 21:56:00,0.05071,1.11601,1.59663,0.46269,0.50727,0.08852,0.08887,0.08618
2026-04-25 22:56:00,0.0459,1.27357,1.60234,0.45571,0.46268,0.09488,0.09998,0.09131
2026-04-25 23:56:00,0.04823,1.27009,1.65767,0.40002,0.47828,0.08069,0.08387,0.09004
2026-04-26 00:56:00,0.04774,1.13086,1.55749,0.44776,0.46544,0.0932,0.10068,0.09502
2026-04-26 01:56:00,0.05437,1.14824,1.74244,0.41615,0.46389,0.08286,0.09423,0.07267
2026-04-26 02:56:00,0.05153,0.95111,1.64771,0.40946,0.48367,0.08511,0.09732,0.06925
2026-04-26 03:56:00,0.04925,0.88064,1.62555,0.40789,0.4768,0.08627,0.09728,0.07394
2026-04-26 04:56:00,0.06201,0.87658,1.60793,0.391,0.46797,0.08057,0.08922,0.07055
2026-04-26 05:56:00,0.05882,0.80175,1.70831,0.41602,0.47463,0.07594,0.08668,0.08742
2026-04-26 06:56:00,0.05089,0.87016,1.64231,0.39656,0.47353,0.07977,0.08721,0.08363
2026-04-26 07:56:00,0.05155,1.09791,1.6669,0.43495,0.47586,0.08921,0.08821,0.08534
2026-04-26 08:56:00,0.04879,1.04659,1.60128,0.44428,0.4676,0.09473,0.10004,0.07825
2026-04-26 09:56:00,0.05126,1.18669,1.65398,0.46595,0.4592,0.10215,0.10152,0.0762
2026-04-26 10:56:00,0.07038,0.96379,1.61506,0.44616,0.45977,0.09515,0.09808,0.11612
2026-04-26 11:56:00,0.04829,1.33638,1.69241,0.42745,0.45696,0.09275,0.10069,0.06974
2026-04-26 12:56:00,0.05845,1.41486,1.68351,0.42837,0.46138,0.08889,0.09686,0.08264
2026-04-26 13:56:00,0.05158,1.23061,1.71316,0.4404,0.46249,0.08445,0.08751,0.08321
2026-04-26 14:56:00,0.06847,1.19786,1.75405,0.42646,0.46448,0.08491,0.0938,0.11003
2026-04-26 15:56:00,0.04915,1.17169,1.61924,0.44599,0.45501,0.08985,0.09908,0.08689
2026-04-26 16:56:00,0.0468,1.10889,1.62106,0.44352,0.45843,0.09174,0.09997,0.07702
2026-04-26 17:56:00,0.05443,1.22327,1.68363,0.42594,0.44798,0.08227,0.08841,0.11189
2026-04-26 18:56:00,0.05126,1.1671,1.65866,0.42727,0.44359,0.0802,0.08724,0.08327
2026-04-26 19:56:00,0.04729,1.3271,1.61713,0.46482,0.42982,0.09722,0.0994,0.07851
2026-04-26 20:56:00,0.05452,1.33031,1.69444,0.46139,0.43164,0.09747,0.092,0.09967
2026-04-26 21:56:00,0.06569,1.1142,1.73831,0.43012,0.42044,0.0922,0.09683,0.09299
2026-04-26 22:56:00,0.0454,1.31433,1.66509,0.44412,0.42397,0.10043,0.10278,0.10682
2026-04-26 23:56:00,0.05291,1.317,1.66182,0.44868,0.41899,0.09629,0.09172,0.1094
2026-04-27 00:56:00,0.04857,1.34802,1.66148,0.44986,0.42375,0.0989,0.10151,0.09212
2026-04-27 01:56:00,0.05628,1.13376,1.61023,0.44434,0.42099,0.10122,0.09839,0.10812
2026-04-27 02:56:00,0.04849,1.07048,1.68441,0.40687,0.41294,0.09578,0.09662,0.08464
2026-04-27 03:56:00,0.05431,1.21505,1.66432,0.44176,0.41366,0.09992,0.0972,0.15845
2026-04-27 04:56:00,0.05557,0.97454,1.67311,0.43917,0.42522,0.09641,0.10122,0.12137
2026-04-27 05:56:00,0.04798,1.27605,1.67827,0.42769,0.42429,0.09364,0.10053,0.09658
2026-04-27 06:56:00,0.04993,1.42135,1.65205,0.43617,0.42359,0.09395,0.09345,0.09677
2026-04-27 07:56:00,0.05344,1.01236,1.6316,0.45499,0.4261,0.10131,0.10258,0.1316
2026-04-27 08:56:00,0.05365,1.30257,1.65184,0.45598,0.42217,0.10096,0.09531,0.13535
2026-04-27 09:56:00,0.05455,1.10902,1.65041,0.44135,0.42663,0.09898,0.10017,0.11364
2026-04-27 10:56:00,0.05191,1.29817,1.66757,0.45123,0.29124,0.10298,0.10079,0.12135
2026-04-27 11:56:00,0.04925,1.38682,1.60246,0.44434,0.28904,0.10372,0.102,0.14589
2026-04-27 12:56:00,0.05042,1.24848,1.64303,0.4597,0.29794,0.10083,0.09878,0.17432
2026-04-27 13:56:00,0.05043,1.2351,1.65051,0.43565,0.29028,0.09718,0.10253,0.13342
2026-04-27 14:56:00,0.04262,1.1342,1.70879,0.43874,0.28903,0.09725,0.10264,0.14217
2026-04-27 15:56:00,0.04679,1.21526,1.65289,0.40286,0.27961,0.08695,0.09064,0.07274
2026-04-27 16:56:00,0.05448,1.05249,1.65494,0.44362,0.28996,0.09634,0.10024,0.14092
2026-04-27 17:56:00,0.04383,1.11335,1.68289,0.43424,0.28871,0.0941,0.10151,0.16803
2026-04-27 18:56:00,0.04846,1.10728,1.64776,0.42036,0.28779,0.08827,0.09159,0.09774
2026-04-27 19:56:00,0.06539,1.0003,1.63349,0.43979,0.29365,0.0971,0.09789,0.1639
2026-04-27 20:56:00,0.0458,1.00882,1.67579,0.449,0.28884,0.10069,0.10588,0.09889
2026-04-27 21:56:00,0.05061,1.33734,1.60688,0.42442,0.2732,0.09327,0.08878,0.10632
2026-04-27 22:56:00,0.04352,0.91409,1.649,0.39677,0.26536,0.09486,0.09878,0.11763
2026-04-27 23:56:00,0.04579,1.36372,1.61049,0.43564,0.2854,0.09525,0.08974,0.11367
2026-04-28 00:56:00,0.04333,0.91279,1.63613,0.42717,0.28019,0.09785,0.0988,0.12502
2026-04-28 01:56:00,0.05006,1.05684,1.63514,0.43537,0.28928,0.09967,0.09752,0.10895
2026-04-28 02:56:00,0.05576,1.23708,1.63761,0.426,0.27992,0.09469,0.09298,0.1458
2026-04-28 03:56:00,0.03897,1.11593,1.6608,0.34438,0.25119,0.08451,0.09725,0.13667
2026-04-28 04:56:00,0.04106,1.27785,1.63562,0.3414,0.25838,0.08284,0.09641,0.11023
2026-04-28 05:56:00,0.04629,1.52665,1.64897,0.42585,0.28945,0.10226,0.09294,0.1137
2026-04-28 06:56:00,0.05889,1.42007,1.68451,0.41837,0.28104,0.09798,0.09746,0.15569
2026-04-28 07:56:00,0.04599,1.57686,1.63818,0.41792,0.27827,0.10309,0.10176,0.11787
2026-04-28 08:56:00,0.0469,1.28577,1.59771,0.35006,0.26012,0.08948,0.0984,0.14308
2026-04-28 09:56:00,0.05131,1.13773,1.64483,0.41121,0.2743,0.09894,0.0923,0.1523
2026-04-28 10:56:00,0.06042,0.53024,1.13015,0.43325,0.28158,0.1013,0.09658,0.19054
2026-04-28 11:56:00,0.04048,0.66714,2.09856,0.42486,0.27635,0.1012,0.10208,0.11046
2026-04-28 12:56:00,0.05651,0.67239,1.70883,0.38112,0.26574,0.09492,0.09606,0.12302
2026-04-28 13:56:00,0.04747,0.6948,1.66135,0.36298,0.25973,0.09284,0.09437,0.11041
2026-04-28 14:56:00,0.04304,0.72829,1.63199,0.40027,0.26901,0.09537,0.1001,0.12446
2026-04-28 15:56:00,0.04816,0.7306,1.58643,0.42852,0.28902,0.09837,0.09533,0.11822
2026-04-28 16:56:00,0.04889,0.67958,1.59394,0.38152,0.26766,0.09304,0.10262,0.15709
2026-04-28 17:56:00,0.0464,0.7615,1.63912,0.41923,0.28344,0.09771,0.10435,0.10113
2026-04-28 18:56:00,0.04459,0.63779,1.50984,0.40764,0.28052,0.09015,0.09927,0.08898
2026-04-28 19:56:00,0.04716,0.749,1.70349,0.43672,0.28907,0.09741,0.09218,0.1213
2026-04-28 20:56:00,0.04616,0.73571,1.63994,0.44425,0.28809,0.09876,0.10255,0.11995
2026-04-28 21:56:00,0.04285,0.74792,1.68378,0.44135,0.29319,0.1023,0.10423,0.10868
2026-04-28 22:56:00,0.05102,0.7233,1.64889,0.42271,0.27611,0.09765,0.09419,0.12355
2026-04-28 23:56:00,0.03828,0.73792,1.69747,0.34486,0.2579,0.08665,0.09833,0.1165
2026-04-29 00:56:00,0.06007,0.77743,1.69061,0.41751,0.28212,0.10305,0.10285,0.15223
2026-04-29 01:56:00,0.04421,0.77417,1.69144,0.43418,0.28721,0.09976,0.10563,0.10619
2026-04-29 02:56:00,0.04789,0.73661,1.57413,0.42759,0.28877,0.09519,0.0952,0.10526
2026-04-29 03:56:00,0.064,0.77197,1.78177,0.44233,0.28904,0.10324,0.10267,0.18693
2026-04-29 04:56:00,0.04083,0.73538,1.70702,0.40839,0.26935,0.09757,0.09999,0.13003
2026-04-29 05:56:00,0.06225,0.78618,1.73488,0.43083,0.28084,0.10045,0.09878,0.13955
2026-04-29 06:56:00,0.04423,0.80344,1.7883,0.41655,0.2825,0.09765,0.10432,0.09354
2026-04-29 07:56:00,0.04588,0.90641,1.62634,0.4229,0.29102,0.09578,0.09347,0.12053
2026-04-29 08:56:00,0.05703,0.84545,1.74139,0.44239,0.28382,0.10091,0.10087,0.15549
2026-04-29 09:56:00,0.039,0.76254,1.74627,0.39085,0.26529,0.09566,0.09864,0.11125
2026-04-29 10:56:00,0.05809,0.77955,1.77433,0.42686,0.28649,0.10485,0.10401,0.14079
2026-04-29 11:56:00,0.04667,0.84435,1.79266,0.39425,0.27308,0.09148,0.10014,0.09216
2026-04-29 12:56:00,0.04945,0.86413,1.70035,0.42134,0.28516,0.09329,0.094,0.09977
2026-04-29 13:56:00,0.0504,0.86543,1.72539,0.42927,0.28472,0.09195,0.09397,0.1201
2026-04-29 14:56:00,0.04353,0.8856,1.72424,0.42757,0.27432,0.09499,0.1015,0.13344
2026-04-29 15:56:00,0.04616,0.74605,1.69633,0.43966,0.29222,0.09517,0.09359,0.10323
2026-04-29 16:56:00,0.06281,0.79686,1.7151,0.40203,0.27229,0.08646,0.09378,0.12432
2026-04-29 17:56:00,0.04697,0.76957,1.80517,0.43666,0.28596,0.09212,0.09902,0.09992
2026-04-29 18:56:00,0.0449,0.89851,1.73953,0.44095,0.28566,0.09578,0.10169,0.08389
2026-04-29 19:56:00,0.04827,0.88371,1.73155,0.45676,0.2917,0.09922,0.09592,0.12631
2026-04-29 20:56:00,0.06888,0.76852,1.74053,0.43669,0.28461,0.09819,0.09967,0.1466
2026-04-29 21:56:00,0.04351,0.76449,1.75917,0.43889,0.28619,0.10151,0.1013,0.09108
2026-04-29 22:56:00,0.04692,0.77386,1.73263,0.44533,0.29774,0.09894,0.09242,0.08144
2026-04-29 23:56:00,0.05675,0.76455,1.72662,0.42871,0.29107,0.09864,0.09964,0.08844
2026-04-30 00:56:00,0.04571,0.97342,1.76076,0.43273,0.28618,0.09861,0.10246,0.0833
2026-04-30 01:56:00,0.0457,0.88214,1.7201,0.42905,0.28078,0.09797,0.09247,0.08321
2026-04-30 02:56:00,0.04353,0.97568,1.77589,0.4352,0.28163,0.0999,0.1029,0.08654
2026-04-30 03:56:00,0.04737,0.91815,1.74339,0.42829,0.2885,0.0947,0.09456,0.08783
2026-04-30 04:56:00,0.06351,1.24281,1.73611,0.41205,0.27797,0.09148,0.09825,0.11467
2026-04-30 05:56:00,0.04682,1.06831,1.77996,0.41193,0.28173,0.09045,0.09573,0.06979
2026-04-30 06:56:00,0.04775,1.1395,1.83491,0.41548,0.27596,0.09141,0.09935,0.09094
2026-04-30 07:56:00,0.05101,0.77055,1.68467,0.44456,0.29603,0.09686,0.09514,0.08871
2026-04-30 08:56:00,0.04503,0.74308,1.61908,0.42894,0.27775,0.0979,0.09783,0.12571
2026-04-30 09:56:00,0.04427,0.78337,1.74203,0.42584,0.2789,0.09602,0.0926,0.09511
2026-04-30 10:56:00,0.05674,1.18319,1.77837,0.41965,0.25273,0.08002,0.08953,0.08077
2026-04-30 11:56:00,0.06024,0.80414,1.81456,0.41726,0.26767,0.08396,0.09136,0.08197
2026-04-30 12:56:00,0.05063,0.76002,1.76652,0.45037,0.29063,0.09361,0.09868,0.13295
2026-04-30 13:56:00,0.04665,0.78127,1.69478,0.45108,0.29404,0.09547,0.10043,0.09465
2026-04-30 14:56:00,0.05851,0.9061,1.72396,0.45016,0.28242,0.09425,0.09607,0.08684
2026-04-30 15:56:00,0.04593,1.14243,1.79979,0.41875,0.26901,0.09617,0.10055,0.07747
2026-04-30 16:56:00,0.04466,1.04877,1.74845,0.40613,0.26873,0.09367,0.09931,0.10373
2026-04-30 17:56:00,0.04638,0.79505,1.78853,0.43456,0.28478,0.0981,0.0953,0.08459
2026-04-30 18:56:00,0.0586,0.912,1.77803,0.43747,0.28533,0.09898,0.10322,0.12562
2026-04-30 19:56:00,0.04198,1.10216,1.77389,0.4175,0.27946,0.10047,0.10264,0.06202
2026-04-30 20:56:00,0.04366,0.9074,1.38877,0.38883,0.26845,0.09525,0.10007,0.08055
2026-04-30 21:56:00,0.04768,0.97713,1.75008,0.39477,0.2681,0.09513,0.09191,0.10205
2026-04-30 22:56:00,0.04322,1.17511,1.76552,0.35025,0.2599,0.0899,0.09844,0.11669
2026-04-30 23:56:00,0.06304,0.81018,1.72539,0.35609,0.26222,0.09023,0.09657,0.14117
2026-05-01 00:56:00,0.04204,1.01936,1.71047,0.35843,0.25794,0.08939,0.09623,0.11912
2026-05-01 01:56:00,0.04768,1.16971,1.71148,0.39959,0.26931,0.09694,0.09754,0.10504
2026-05-01 02:56:00,0.04446,0.81021,1.76699,0.34565,0.25881,0.08729,0.09066,0.08328
2026-05-01 03:56:00,0.03965,0.89991,1.71729,0.30964,0.26008,0.08281,0.09696,0.13169
2026-05-01 04:56:00,0.0403,0.98465,1.76959,0.32192,0.26591,0.08696,0.09915,0.097
2026-05-01 05:56:00,0.05904,1.09185,1.80434,0.37146,0.26829,0.09639,0.0962,0.12106
2026-05-01 06:56:00,0.04495,1.15933,1.76142,0.39466,0.26684,0.09641,0.09565,0.08957
2026-05-01 07:56:00,0.04886,1.22592,1.73501,0.42907,0.28571,0.10088,0.09711,0.0918
2026-05-01 08:56:00,0.04533,1.57275,1.72258,0.42162,0.28914,0.10321,0.09991,0.0737
2026-05-01 09:56:00,0.04361,0.82187,1.72982,0.41584,0.291,0.10187,0.09168,0.07012
2026-05-01 10:56:00,0.04625,0.86811,1.70196,0.42637,0.28397,0.10347,0.10417,0.08332
2026-05-01 11:56:00,0.0496,1.03072,1.76893,0.37445,0.26885,0.09249,0.08882,0.09152
2026-05-01 12:56:00,0.0503,0.89966,1.78915,0.31797,0.29713,0.08442,0.09344,0.10587
2026-05-01 13:56:00,0.04304,0.92697,1.72352,0.41603,0.27863,0.10001,0.10506,0.08961
2026-05-01 14:56:00,0.04879,1.0993,1.73792,0.40727,0.28371,0.08885,0.09231,0.08335
2026-05-01 15:56:00,0.05878,1.15543,1.77873,0.43106,0.2859,0.09639,0.10207,0.0855
2026-05-01 16:56:00,0.04151,0.80539,1.76524,0.41395,0.27111,0.0949,0.10197,0.0679
2026-05-01 17:56:00,0.06322,1.00965,1.77051,0.40574,0.27384,0.09803,0.10295,0.16758
2026-05-01 18:56:00,0.04757,1.12625,1.73386,0.43394,0.28746,0.09861,0.1048,0.07678
2026-05-01 19:56:00,0.05056,1.44012,1.73792,0.41739,0.28591,0.09434,0.09157,0.07885
2026-05-01 20:56:00,0.06258,1.35293,1.73865,0.42563,0.28398,0.09517,0.0987,0.12085
2026-05-01 21:56:00,0.04709,1.09229,1.72697,0.44204,0.28822,0.10364,0.10195,0.07827
2026-05-01 22:56:00,0.05092,1.19406,1.7691,0.36474,0.25503,0.08602,0.08724,0.08381
2026-05-01 23:56:00,0.05155,1.08393,1.72264,0.31096,0.28702,0.08395,0.09591,0.10619
2026-05-02 00:56:00,0.04777,1.06744,1.7428,0.40109,0.27495,0.1003,0.10385,0.08575
2026-05-02 01:56:00,0.05056,1.20077,1.78472,0.40069,0.27652,0.10022,0.09102,0.08189
2026-05-02 02:56:00,0.04431,1.2466,1.76387,0.37738,0.26428,0.09365,0.10001,0.08239
2026-05-02 03:56:00,0.04735,0.77755,1.70711,0.31005,0.25844,0.07883,0.08979,0.09624
2026-05-02 04:56:00,0.05469,0.95037,1.75765,0.39809,0.2733,0.09974,0.09458,0.11197
2026-05-02 05:56:00,0.0679,1.23755,1.77618,0.43046,0.28307,0.10192,0.09724,0.11379
2026-05-02 06:56:00,0.04843,1.25847,1.77489,0.42211,0.27536,0.09827,0.09777,0.08812
2026-05-02 07:56:00,0.047,1.2345,1.83312,0.40143,0.28518,0.09564,0.09107,0.07112
2026-05-02 08:56:00,0.05144,1.15682,1.75002,0.43654,0.29196,0.09747,0.09992,0.10844
2026-05-02 09:56:00,0.04883,1.15507,1.70578,0.41251,0.26839,0.09752,0.09748,0.1013
2026-05-02 10:56:00,0.04303,1.66935,1.72662,0.30818,0.27703,0.082,0.09449,0.09708
2026-05-02 11:56:00,0.04798,0.79542,1.71955,0.30391,0.27448,0.083,0.09856,0.11591
2026-05-02 12:56:00,0.04858,0.83272,1.73835,0.39769,0.27222,0.09432,0.09451,0.07893
2026-05-02 13:56:00,0.0496,0.96822,1.77017,0.41673,0.28029,0.09869,0.10469,0.0817
2026-05-02 14:56:00,0.04673,1.13016,1.69845,0.41628,0.28366,0.09975,0.09643,0.08764
2026-05-02 15:56:00,0.04588,1.05044,1.7179,0.35515,0.263,0.08995,0.10109,0.09635
2026-05-02 16:56:00,0.05091,1.05717,1.72633,0.40577,0.28568,0.09161,0.09384,0.08621
2026-05-02 17:56:00,0.06121,1.19395,1.73437,0.4243,0.28396,0.08951,0.09557,0.10987
2026-05-02 18:56:00,0.04665,1.27624,1.70229,0.43627,0.28368,0.09667,0.10111,0.08129
2026-05-02 19:56:00,0.05426,1.55804,1.71727,0.44335,0.28662,0.09878,0.10069,0.10765
2026-05-02 20:56:00,0.05917,1.45846,1.71185,0.43037,0.28609,0.09438,0.09499,0.07858
2026-05-02 21:56:00,0.05156,1.15777,1.73197,0.39745,0.27249,0.08617,0.09449,0.09079
2026-05-02 22:56:00,0.04888,1.25745,1.71646,0.42235,0.27947,0.09431,0.10008,0.11054
2026-05-02 23:56:00,0.05884,1.2196,1.73702,0.43573,0.28859,0.09278,0.09428,0.13606
2026-05-03 00:56:00,0.06584,1.06331,1.7677,0.44089,0.28677,0.10281,0.10141,0.15747
2026-05-03 01:56:00,0.04937,0.81587,1.76043,0.43528,0.28669,0.09919,0.10151,0.12306
2026-05-03 02:56:00,0.05323,0.95833,1.70095,0.44115,0.28755,0.09865,0.09125,0.09684
2026-05-03 03:56:00,0.04822,1.11956,1.75321,0.41285,0.26915,0.09544,0.09742,0.10966
2026-05-03 04:56:00,0.05105,1.13658,1.78613,0.42044,0.2778,0.09053,0.08629,0.09864
2026-05-03 05:56:00,0.04538,1.35107,1.7302,0.40208,0.26797,0.09645,0.09858,0.10444
2026-05-03 06:56:00,0.05027,1.1875,1.74403,0.38075,0.26829,0.08605,0.08591,0.08346
2026-05-03 07:56:00,0.0672,1.33369,1.73996,0.43253,0.28564,0.0985,0.09704,0.15811
2026-05-03 08:56:00,0.04962,1.37722,1.76689,0.43426,0.28957,0.09894,0.09863,0.09206
2026-05-03 09:56:00,0.04931,1.27553,1.75238,0.40915,0.28241,0.09427,0.09555,0.08523
2026-05-03 10:56:00,0.05022,1.40677,1.71426,0.4337,0.29063,0.09946,0.08871,0.0761
2026-05-03 11:56:00,0.04502,1.34114,1.69718,0.40481,0.27216,0.0963,0.10103,0.09394
2026-05-03 12:56:00,0.0697,1.22495,1.71183,0.39805,0.27117,0.09818,0.10078,0.13166
2026-05-03 13:56:00,0.05227,1.27673,1.65619,0.34616,0.25732,0.08652,0.09332,0.16727
2026-05-03 14:56:00,0.04641,1.4304,1.70827,0.36216,0.26157,0.09032,0.10027,0.0908
2026-05-03 15:56:00,0.04807,1.04604,1.69799,0.37579,0.26712,0.09109,0.09316,0.06406
2026-05-03 16:56:00,0.04719,1.22513,1.65228,0.39753,0.27209,0.09532,0.10392,0.10981
2026-05-03 17:56:00,0.0504,1.16155,1.72255,0.42243,0.28169,0.09481,0.09216,0.08559
2026-05-03 18:56:00,0.0467,1.32606,1.70408,0.42099,0.28067,0.09684,0.10271,0.09006
2026-05-03 19:56:00,0.04837,1.13155,1.69506,0.43616,0.28491,0.09989,0.10211,0.11501
2026-05-03 20:56:00,0.06304,1.01862,1.73628,0.393,0.26908,0.09779,0.10174,0.19533
2026-05-03 21:56:00,0.05471,1.24849,1.75013,0.41012,0.27878,0.09854,0.09967,0.10178
2026-05-03 22:56:00,0.05773,1.34041,1.75348,0.39943,0.2813,0.09294,0.09468,0.0951
2026-05-03 23:56:00,0.06781,1.29315,1.82178,0.42304,0.25257,0.08219,0.09237,0.13301
2026-05-04 00:56:00,0.06107,1.29846,1.72411,0.40789,0.27569,0.08796,0.09629,0.14397
2026-05-04 01:56:00,0.05014,1.11234,1.70016,0.41154,0.27656,0.08911,0.09557,0.08832
2026-05-04 02:56:00,0.04386,1.09088,1.73214,0.441,0.28737,0.09731,0.10043,0.10185
2026-05-04 03:56:00,0.05044,1.30146,1.75584,0.41776,0.28838,0.09259,0.09129,0.09618
2026-05-04 04:56:00,0.04983,1.34335,1.69815,0.4166,0.26998,0.09659,0.09537,0.16208
2026-05-04 05:56:00,0.05181,1.5601,1.69151,0.43585,0.28788,0.09992,0.09793,0.11474
2026-05-04 06:56:00,0.05059,1.16791,1.72602,0.39464,0.25804,0.08087,0.08502,0.07765
2026-05-04 07:56:00,0.06901,1.33012,1.69542,0.43953,0.28859,0.10099,0.09668,0.15234
2026-05-04 08:56:00,0.04882,0.81836,1.68133,0.43318,0.29104,0.09619,0.09782,0.10595
2026-05-04 09:56:00,0.046,1.12454,1.68226,0.43325,0.28713,0.09608,0.09765,0.11567
2026-05-04 10:56:00,0.0514,1.11738,1.72881,0.44694,0.2837,0.09403,0.08791,0.06935
2026-05-04 11:56:00,0.04445,1.1456,1.74026,0.41037,0.27103,0.09725,0.10041,0.13414
2026-05-04 12:56:00,0.05249,0.97797,1.70141,0.44463,0.28341,0.09514,0.09181,0.08268
2026-05-04 13:56:00,0.04588,1.20298,1.68811,0.45,0.29039,0.09726,0.10157,0.11705
2026-05-04 14:56:00,0.05234,1.12563,1.75186,0.45829,0.28798,0.09923,0.09964,0.10825
2026-05-04 15:56:00,0.05113,1.32372,1.69754,0.36146,0.25937,0.08909,0.09783,0.13181
2026-05-04 16:56:00,0.05152,1.21448,1.77222,0.42859,0.29203,0.09433,0.09701,0.09227
2026-05-04 17:56:00,0.05377,1.19405,1.73565,0.42425,0.28824,0.08776,0.09156,0.11507
2026-05-04 18:56:00,0.05428,1.28908,1.70848,0.42225,0.28316,0.09145,0.09683,0.12095
2026-05-04 19:56:00,0.04475,1.20936,1.73358,0.43546,0.27741,0.09757,0.10188,0.0922
2026-05-04 20:56:00,0.04614,1.29449,1.69264,0.30952,0.26027,0.07997,0.09489,0.08735
2026-05-04 21:56:00,0.05371,1.30187,1.75032,0.35498,0.26629,0.08752,0.08762,0.08071
2026-05-04 22:56:00,0.05212,1.28427,1.72251,0.42829,0.28945,0.10025,0.10438,0.06724
2026-05-04 23:56:00,0.05512,1.05807,1.71899,0.44951,0.29226,0.10226,0.09942,0.06937
2026-05-05 00:56:00,0.06046,1.14315,1.70332,0.4329,0.28641,0.10242,0.10124,0.08329
2026-05-05 01:56:00,0.06098,1.23576,1.72782,0.43234,0.27781,0.10126,0.09793,0.13042
2026-05-05 02:56:00,0.05271,1.30168,1.71092,0.43063,0.28458,0.10186,0.10142,0.08626
2026-05-05 03:56:00,0.05428,1.21941,1.71357,0.39117,0.27011,0.08926,0.09752,0.07519
2026-05-05 04:56:00,0.05905,1.28416,1.66893,0.41502,0.25108,0.0822,0.09194,0.07421
2026-05-05 05:56:00,0.05806,1.29663,1.72348,0.41508,0.25668,0.08085,0.09086,0.08286
2026-05-05 06:56:00,0.05065,1.39344,1.64294,0.28723,0.26363,0.06577,0.08919,0.08863
2026-05-05 07:56:00,0.04799,1.22775,1.73797,0.41294,0.2673,0.09535,0.09771,0.06843
2026-05-05 08:56:00,0.0715,1.32296,1.7249,0.40547,0.2625,0.09286,0.09397,0.12038
2026-05-05 09:56:00,0.05071,1.23036,1.75014,0.42888,0.2749,0.09739,0.0969,0.07652
2026-05-05 10:56:00,0.00152,0.00571,0.00369,0.00181,0.00186,0.00184,0.0018,0.00194
2026-05-05 11:56:00,0.00166,0.0043,0.00263,0.002,0.00191,0.00201,0.00196,0.00214
2026-05-05 12:56:00,0.05198,0.69933,1.45877,0.29164,0.26556,0.08981,0.10203,0.07623
2026-05-05 13:56:00,0.05461,0.62773,1.70779,0.29685,0.27258,0.08778,0.09215,0.07753
2026-05-05 14:56:00,0.04509,0.70567,1.73264,0.2877,0.27458,0.08257,0.10223,0.06337
2026-05-05 15:56:00,0.06192,0.77249,0.98006,0.31529,0.26806,0.09018,0.10373,0.08157
2026-05-05 16:56:00,0.05308,0.70636,1.71539,0.32467,0.2679,0.09421,0.103,0.06707
2026-05-05 17:56:00,0.06133,0.6118,1.72436,0.32576,0.26372,0.09,0.09317,0.10632
2026-05-05 18:56:00,0.06612,0.73971,1.6837,0.33572,0.27183,0.09556,0.10052,0.11135
2026-05-05 19:56:00,0.04338,0.80125,1.64472,0.31433,0.27133,0.08919,0.10254,0.07589
2026-05-05 20:56:00,0.06742,0.97978,1.65927,0.31426,0.27181,0.09,0.09982,0.12587
2026-05-05 21:56:00,0.04562,1.41087,1.78423,0.3396,0.27237,0.09721,0.10636,0.07356
2026-05-05 22:56:00,0.05698,0.89793,1.68062,0.34487,0.27493,0.09787,0.09538,0.05871
2026-05-05 23:56:00,0.05071,1.01064,1.70498,0.35428,0.27382,0.10015,0.10723,0.07839
2026-05-06 00:56:00,0.06037,1.07979,1.75773,0.3226,0.27206,0.09578,0.09056,0.11448
2026-05-06 01:56:00,0.04234,0.83187,1.76781,0.3052,0.26899,0.08939,0.10194,0.05734
2026-05-06 02:56:00,0.0764,1.68958,1.72778,0.31123,0.2683,0.09226,0.10326,0.1101
2026-05-06 03:56:00,0.05908,1.34922,1.51535,0.32423,0.27077,0.09513,0.09928,0.07167
2026-05-06 04:56:00,0.0534,1.24838,1.68823,0.33983,0.26836,0.09727,0.10435,0.079
2026-05-06 05:56:00,0.05717,1.15767,1.66751,0.35539,0.27292,0.09836,0.10197,0.06422
2026-05-06 06:56:00,0.07562,1.09989,1.67796,0.3604,0.27571,0.10175,0.10854,0.12564
2026-05-06 07:56:00,0.04408,1.17027,1.74963,0.35573,0.27536,0.10006,0.10362,0.06626
2026-05-06 08:56:00,0.05778,0.91242,1.8391,0.32658,0.27216,0.09635,0.10334,0.10654
2026-05-06 09:56:00,0.0609,0.92284,1.58659,0.35238,0.27466,0.09915,0.09669,0.08951
2026-05-06 10:56:00,0.05166,0.96083,1.5674,0.34772,0.27726,0.10126,0.10854,0.07538
2026-05-06 11:56:00,0.05651,1.40178,1.72042,0.34837,0.27727,0.09908,0.09235,0.09078
2026-05-06 12:56:00,0.05745,0.88896,1.7373,0.34714,0.2694,0.09533,0.10591,0.10161
2026-05-06 13:56:00,0.06281,0.93097,1.74189,0.34821,0.27625,0.09659,0.09835,0.10698
2026-05-06 14:56:00,0.04618,0.81261,1.98613,0.30779,0.26903,0.08767,0.10277,0.10276
2026-05-06 15:56:00,0.05814,1.48816,1.69694,0.31616,0.27226,0.09009,0.09503,0.12457
2026-05-06 16:56:00,0.05182,1.34967,1.6107,0.33815,0.2726,0.09664,0.10618,0.06537
2026-05-06 17:56:00,0.06256,1.54079,1.76529,0.34495,0.27038,0.09361,0.09924,0.08007
2026-05-06 18:56:00,0.07372,1.17059,1.4811,0.35277,0.27382,0.10085,0.10841,0.09516
2026-05-06 19:56:00,0.04785,1.0238,1.73907,0.32584,0.26914,0.09515,0.10554,0.07399
2026-05-06 20:56:00,0.05216,0.98615,1.92836,0.32532,0.27141,0.09345,0.10443,0.07331
2026-05-06 21:56:00,0.06024,1.15347,1.67158,0.34197,0.2734,0.09566,0.10327,0.06204
2026-05-06 22:56:00,0.07289,1.05763,1.72423,0.35231,0.27829,0.0996,0.10255,0.09599
2026-05-06 23:56:00,0.04883,1.26256,1.90111,0.33252,0.27436,0.0958,0.10845,0.10116
2026-05-07 00:56:00,0.06097,1.02235,1.77494,0.33255,0.27058,0.09394,0.09092,0.10425
2026-05-07 01:56:00,0.04274,0.96728,1.79984,0.28311,0.28224,0.08557,0.1046,0.10536
2026-05-07 02:56:00,0.05985,1.31837,1.73575,0.3428,0.27102,0.09448,0.09642,0.06402
2026-05-07 03:56:00,0.05098,1.29877,1.87065,0.34287,0.27106,0.09857,0.10799,0.08375
2026-05-07 04:56:00,0.05831,1.2922,1.92524,0.31002,0.26939,0.08828,0.08905,0.11634
2026-05-07 05:56:00,0.04907,1.16014,1.78247,0.27838,0.27487,0.0821,0.10295,0.07398
2026-05-07 06:56:00,0.05121,1.29515,1.82489,0.30702,0.26648,0.09028,0.10365,0.08794
2026-05-07 07:56:00,0.05528,1.36541,1.76543,0.34412,0.27229,0.09915,0.0982,0.09269
2026-05-07 08:56:00,0.05108,1.24533,1.6705,0.34535,0.27152,0.09935,0.10255,0.07265
2026-05-07 09:56:00,0.04737,0.95766,1.73374,0.34442,0.27052,0.0994,0.10515,0.08158
2026-05-07 10:56:00,0.08363,0.7004,1.71864,0.33022,0.27316,0.09867,0.10409,0.1105
2026-05-07 11:56:00,0.06059,1.03901,1.72626,0.35164,0.27558,0.10339,0.10487,0.08049
2026-05-07 12:56:00,0.05773,1.19556,1.87827,0.3541,0.27855,0.10105,0.09319,0.09559
2026-05-07 13:56:00,0.05597,1.14595,1.96829,0.31392,0.26938,0.0913,0.10223,0.08764
2026-05-07 14:56:00,0.06156,0.96011,2.06958,0.29075,0.27844,0.08538,0.09508,0.08447
2026-05-07 15:56:00,0.05051,1.151,2.00697,0.30963,0.27232,0.0919,0.10188,0.07517
2026-05-07 16:56:00,0.07019,1.08911,1.81082,0.33032,0.2732,0.09915,0.09796,0.10402
2026-05-07 17:56:00,0.05962,1.13803,1.71651,0.32913,0.26681,0.09547,0.09988,0.07138
2026-05-07 18:56:00,0.05828,1.23104,1.86883,0.33255,0.27247,0.09724,0.09745,0.10743
2026-05-07 19:56:00,0.06277,1.03871,1.77067,0.31175,0.27381,0.09084,0.10259,0.12703
2026-05-07 20:56:00,0.05685,0.97875,1.85329,0.29683,0.26889,0.08754,0.09622,0.09711
2026-05-07 21:56:00,0.04654,1.24453,1.8791,0.28581,0.28326,0.08548,0.10707,0.0943
2026-05-07 22:56:00,0.06889,1.39027,1.68427,0.33124,0.26969,0.09658,0.09693,0.09532
