DateTime,1RV-V,2RH-V,3RV-V,6RV-V,7RH-V,8RH-V
2026-02-19 09:35:53,0.36062,0.17986,0.0319,0.38781,0.28254,1.44345
2026-02-19 10:20:00,0.36702,0.17418,0.02885,0.39284,0.24334,1.55347
2026-02-19 11:20:00,0.36214,0.18216,0.04217,0.39085,0.22927,1.40388
2026-02-19 12:20:00,0.35862,0.18175,0.03159,0.39754,0.23068,1.37728
2026-02-19 13:20:00,0.35553,0.17686,0.03719,0.39113,0.24577,1.45294
2026-02-19 23:29:06,0.36191,0.17398,0.11424,0.39843,0.27834,1.50214
2026-02-20 00:20:00,0.35865,0.18273,0.03372,0.39701,0.24755,1.63247
2026-02-20 01:20:00,0.35956,0.1649,0.03616,0.39268,0.24066,1.61833
2026-02-20 02:20:00,0.35697,0.16723,0.03499,0.39222,0.24328,1.53516
2026-02-20 03:20:00,0.35802,0.16729,0.03148,0.38746,0.24278,1.42036
2026-02-20 04:20:00,0.36473,0.16703,0.03269,0.39522,0.24937,1.43721
2026-02-20 05:20:00,0.3587,0.17466,0.03491,0.39167,0.24931,1.46328
2026-02-20 06:20:00,0.35904,0.16337,0.02495,0.38838,0.25161,1.49632
2026-02-20 07:20:00,0.35944,0.1752,0.05475,0.39526,0.2527,1.58876
2026-02-20 08:20:00,0.35919,0.1802,0.02679,0.38575,0.25088,1.57381
2026-02-20 09:20:00,0.36109,0.18102,0.03049,0.39344,0.24436,1.50563
2026-02-20 10:20:00,0.35776,0.16454,0.03975,0.39509,0.23288,1.40928
2026-02-20 11:20:00,0.35091,0.20642,0.02867,0.39368,0.22866,1.44168
2026-02-20 12:20:00,0.35586,0.16948,0.02688,0.39796,0.21751,1.58224
2026-02-20 13:20:00,0.35779,0.15168,0.03266,0.39712,0.23683,1.49431
2026-02-20 14:20:00,0.36485,0.15314,0.02789,0.40022,0.23475,1.51506
2026-02-20 15:20:00,0.36548,0.16959,0.03083,0.40511,0.23747,1.49443
2026-02-20 16:20:00,0.36693,0.15968,0.0389,0.39692,0.2316,1.48993
2026-02-20 17:20:00,0.3715,0.16726,0.03307,0.39712,0.26839,1.55616
2026-02-20 18:20:00,0.36384,0.17991,0.03205,0.39732,0.266,1.45887
2026-02-20 19:20:00,0.3567,0.19466,0.03012,0.39858,0.26566,1.39499
2026-02-20 20:20:00,0.35672,0.20018,0.03134,0.39369,0.25826,1.56388
2026-02-20 21:20:00,0.36133,0.16562,0.0302,0.39304,0.25763,1.62778
2026-02-20 22:20:00,0.36697,0.16437,0.0344,0.40432,0.25442,1.48395
2026-02-20 23:20:00,0.35678,0.16333,0.03327,0.39124,0.25234,1.39215
2026-02-21 00:20:00,0.36235,0.18883,0.03192,0.39299,0.24086,1.57978
2026-02-21 01:20:00,0.35502,0.16257,0.02729,0.38597,0.25501,1.52725
2026-02-21 02:20:00,0.34897,0.16503,0.03111,0.38815,0.24873,1.4702
2026-02-21 03:20:00,0.35722,0.16511,0.02922,0.38752,0.25052,1.4359
2026-02-21 04:20:00,0.36055,0.16909,0.02972,0.38687,0.25508,1.56334
2026-02-21 05:20:00,0.3608,0.16043,0.0314,0.392,0.25803,1.47713
2026-02-21 06:20:00,0.35385,0.16758,0.03438,0.38822,0.25577,1.49345
2026-02-21 07:20:00,0.35582,0.15803,0.03278,0.38793,0.25543,1.49627
2026-02-21 08:20:00,0.36221,0.17397,0.02904,0.39342,0.25679,1.60166
2026-02-21 09:20:00,0.35652,0.16551,0.02814,0.39465,0.25084,1.63456
2026-02-21 10:20:00,0.36053,0.16518,0.03394,0.39739,0.24258,1.54424
2026-02-21 11:20:00,0.34733,0.16808,0.10251,0.39751,0.22465,1.44556
2026-02-21 12:20:00,0.36169,0.15712,0.02908,0.40334,0.21754,1.50991
2026-02-21 13:20:00,0.37064,0.16765,0.03626,0.40278,0.21454,1.57309
2026-02-21 14:20:00,0.37812,0.16217,0.04325,0.39736,0.20885,1.59768
2026-02-21 15:20:00,0.376,0.16896,0.06183,0.39445,0.21162,1.63634
2026-02-21 16:20:00,0.36885,0.16089,0.03348,0.39632,0.2149,1.54259
2026-02-21 17:20:00,0.37057,0.17365,0.0406,0.38999,0.23104,1.59766
2026-02-21 18:20:00,0.36437,0.15508,0.03391,0.39384,0.20392,1.563
2026-02-21 19:20:00,0.37113,0.15525,0.03732,0.39632,0.20515,1.56996
2026-02-21 20:20:00,0.36726,0.16292,0.03172,0.39428,0.21266,1.6002
2026-02-21 21:20:00,0.36433,0.16655,0.0314,0.39859,0.21393,1.44195
2026-02-21 22:20:00,0.3581,0.1483,0.02794,0.40206,0.21844,1.46926
2026-02-21 23:20:00,0.36171,0.17921,0.03709,0.39807,0.22122,1.57666
2026-02-22 00:20:00,0.35496,0.16317,0.02841,0.39513,0.21793,1.44359
2026-02-22 01:20:00,0.34869,0.1584,0.04998,0.39335,0.2085,1.45436
2026-02-22 02:20:00,0.3516,0.14882,0.06947,0.39403,0.2035,1.50502
2026-02-22 03:20:00,0.35465,0.16861,0.02991,0.39867,0.218,1.39484
2026-02-22 04:20:00,0.36317,0.16922,0.04957,0.41062,0.21946,1.43031
2026-02-22 05:20:00,0.35383,0.15969,0.0269,0.3967,0.22083,1.52719
2026-02-22 06:20:00,0.35872,0.17158,0.03513,0.39979,0.22936,1.462
2026-02-22 07:20:00,0.34639,0.15253,0.03041,0.38731,0.23346,1.45801
2026-02-22 08:20:00,0.35348,0.16601,0.03451,0.39353,0.24809,1.47497
2026-02-22 09:20:00,0.34888,0.15561,0.02427,0.39082,0.23145,1.48588
2026-02-22 10:20:00,0.35316,0.16152,0.2154,0.39403,0.21996,1.48582
2026-02-22 11:20:00,0.35735,0.17292,0.02642,0.40227,0.20503,1.51489
2026-02-22 12:20:00,0.37063,0.1667,0.0272,0.39804,0.19285,1.51784
2026-02-22 13:20:00,0.36946,0.17249,0.03224,0.39768,0.19647,1.61599
2026-02-22 14:20:00,0.37116,0.16775,0.04101,0.40524,0.18165,1.65997
2026-02-22 15:20:00,0.36356,0.19268,0.06125,0.40222,0.19138,1.58344
2026-02-22 16:20:00,0.36073,0.15236,0.03161,0.40181,0.20251,1.58927
2026-02-22 17:20:00,0.36633,0.1752,0.04665,0.39639,0.17309,1.60537
2026-02-22 18:20:00,0.36081,0.1736,0.07348,0.3934,0.17806,1.5297
2026-02-22 19:20:00,0.3692,0.17544,0.03116,0.39402,0.18316,1.64313
2026-02-22 20:20:00,0.36932,0.16002,0.03926,0.39412,0.19574,1.51291
2026-02-22 21:20:00,0.37065,0.16206,0.07633,0.39722,0.1935,1.59665
2026-02-22 22:20:00,0.35683,0.15227,0.05828,0.39126,0.19635,1.44661
2026-02-22 23:20:00,0.36932,0.16558,0.04521,0.39762,0.19391,1.5728
2026-02-23 00:20:00,0.37676,0.18653,0.04136,0.39721,0.19344,1.58746
2026-02-23 01:20:00,0.37377,0.16296,0.02711,0.39933,0.18493,1.50609
2026-02-23 02:20:00,0.36771,0.17104,0.09361,0.39636,0.20112,1.59769
2026-02-23 03:20:00,0.36751,0.16812,0.03519,0.39793,0.19636,1.6011
2026-02-23 04:20:00,0.37911,0.17023,0.09325,0.4043,0.20929,1.49587
2026-02-23 05:20:00,0.37546,0.17105,0.07114,0.4077,0.21231,1.56478
2026-02-23 06:20:00,0.37801,0.17191,0.03104,0.40387,0.19962,1.72018
2026-02-23 07:20:00,0.37251,0.16733,0.02915,0.40101,0.21246,1.52093
2026-02-23 08:20:00,0.35901,0.17443,0.0699,0.39437,0.23378,1.49694
2026-02-23 09:20:00,0.36254,0.17685,0.02625,0.39331,0.21944,1.52029
2026-02-23 10:20:00,0.37028,0.16164,0.03205,0.40052,0.21382,1.46483
2026-02-23 11:20:00,0.35988,0.16654,0.0353,0.39831,0.19834,1.47476
2026-02-23 12:20:00,0.36037,0.15563,0.07312,0.39914,0.18949,1.43823
2026-02-23 13:20:00,0.36528,0.181,0.04621,0.38631,0.18507,1.67153
2026-02-23 14:20:00,0.35316,0.15765,0.04041,0.39312,0.17759,1.53961
2026-02-23 15:20:00,0.3509,0.16677,0.05565,0.39642,0.18912,1.514
2026-02-23 16:20:00,0.34623,0.16515,0.06493,0.39756,0.18873,1.63535
2026-02-23 17:20:00,0.35806,0.15453,0.04024,0.39257,0.18277,1.62588
2026-02-23 18:20:00,0.35845,0.1622,0.17081,0.39376,0.19739,1.59855
2026-02-23 19:20:00,0.38184,0.18475,0.06846,0.3963,0.18639,1.54268
2026-02-23 20:20:00,0.36815,0.16259,0.04897,0.38917,0.20714,1.48165
2026-02-23 21:20:00,0.36383,0.16891,0.04707,0.38971,0.17658,1.61177
2026-02-23 22:20:00,0.35943,0.16195,0.04385,0.38561,0.18395,1.40948
2026-02-23 23:20:00,0.35872,0.16268,0.04514,0.38758,0.18498,1.45907
2026-02-24 00:20:00,0.36395,0.16593,0.04792,0.39324,0.18059,1.43935
2026-02-24 01:20:00,0.36521,0.15073,0.03915,0.38821,0.18633,1.51759
2026-02-24 02:20:00,0.37174,0.1525,0.04768,0.3967,0.18804,1.49639
2026-02-24 03:20:00,0.37308,0.16994,0.0458,0.39528,0.1936,1.58408
2026-02-24 04:20:00,0.3657,0.16672,0.05472,0.39951,0.1919,1.45555
2026-02-24 05:20:00,0.36647,0.16209,0.04444,0.39641,0.19637,1.44856
2026-02-24 06:20:00,0.37446,0.16875,0.05369,0.40207,0.20434,1.55653
2026-02-24 07:20:00,0.36947,0.17544,0.04754,0.40001,0.20156,1.53822
2026-02-24 08:20:00,0.37507,0.16354,0.05002,0.39607,0.22561,1.59301
2026-02-24 09:20:00,0.37537,0.17143,0.05391,0.40295,0.22129,1.39361
2026-02-24 10:20:00,0.36637,0.17051,0.05567,0.40421,0.21588,1.54059
2026-02-24 11:20:00,0.36665,0.1619,0.06498,0.39989,0.20405,1.50326
2026-02-24 12:20:00,0.36484,0.14753,0.09002,0.40737,0.21539,1.4248
2026-02-24 13:20:00,0.37206,0.17437,0.07128,0.40294,0.21645,1.64004
2026-02-24 14:20:00,0.3652,0.15368,0.06811,0.38944,0.21183,1.55212
2026-02-24 15:20:00,0.36389,0.16367,0.11702,0.3931,0.18249,1.58765
2026-02-24 16:20:00,0.36787,0.15298,0.0657,0.3898,0.19691,1.52556
2026-02-24 17:20:00,0.36656,0.16069,0.07522,0.38807,0.17592,1.56822
2026-02-24 18:20:00,0.36881,0.16884,0.07595,0.38788,0.18177,1.57182
2026-02-24 19:20:00,0.3764,0.18114,0.06427,0.38958,0.19741,1.60025
2026-02-24 20:20:00,0.36909,0.16287,0.09091,0.40253,0.19077,1.46643
2026-02-24 21:20:00,0.36124,0.15815,0.06551,0.39794,0.1959,1.49149
2026-02-24 22:20:00,0.36371,0.15747,0.07922,0.39975,0.20765,1.62221
2026-02-24 23:20:00,0.35871,0.16219,0.06113,0.39607,0.19393,1.53553
2026-02-25 00:20:00,0.36691,0.16891,0.07455,0.39993,0.21948,1.48402
2026-02-25 01:20:00,0.36341,0.17338,0.09283,0.40499,0.22512,1.49618
2026-02-25 02:20:00,0.36841,0.17644,0.0818,0.41016,0.23308,1.43781
2026-02-25 03:20:00,0.36792,0.17808,0.06667,0.4054,0.23373,1.4927
2026-02-25 04:20:00,0.36675,0.17489,0.07689,0.40867,0.23542,1.49183
2026-02-25 05:20:00,0.36944,0.17947,0.0427,0.40425,0.2162,1.54994
2026-02-25 06:20:00,0.36755,0.17225,0.0689,0.40912,0.23118,1.53913
2026-02-25 07:20:00,0.36613,0.17064,0.10414,0.40081,0.22351,1.44221
2026-02-25 08:20:00,0.36191,0.16043,0.06223,0.38983,0.24439,1.49648
2026-02-25 09:20:00,0.35525,0.1545,0.13346,0.40572,0.24749,1.61221
2026-02-25 10:20:00,0.3567,0.16314,0.17691,0.40557,0.24372,1.48689
2026-02-25 11:20:00,0.34198,0.15355,0.06556,0.40385,0.23838,1.57781
2026-02-25 12:20:00,0.34805,0.158,0.06136,0.40435,0.23198,1.55534
2026-02-25 13:20:00,0.35553,0.15913,0.07916,0.39871,0.22937,1.54037
2026-02-25 14:20:00,0.35226,0.1704,0.07395,0.38844,0.22264,1.60771
2026-02-25 15:20:00,0.3672,0.17203,0.06964,0.39279,0.231,1.63872
2026-02-25 16:20:00,0.36957,0.15671,0.07008,0.39758,0.23347,1.55831
2026-02-25 17:20:00,0.36572,0.15595,0.07295,0.39772,0.21213,1.55371
2026-02-25 18:20:00,0.36381,0.15375,0.07025,0.39701,0.21025,1.51136
2026-02-25 19:20:00,0.36671,0.16397,0.06799,0.39851,0.2159,1.57
2026-02-25 20:20:00,0.37092,0.16992,0.06081,0.40155,0.19825,1.63928
2026-02-25 21:20:00,0.36461,0.16399,0.04933,0.39968,0.19779,1.48256
2026-02-25 22:20:00,0.37173,0.15692,0.03539,0.39841,0.18959,1.52426
2026-02-25 23:20:00,0.37154,0.18314,0.04205,0.39673,0.1897,1.56439
2026-02-26 00:20:00,0.37219,0.16828,0.15961,0.40139,0.20404,1.53827
2026-02-26 01:20:00,0.36043,0.1673,0.04151,0.39442,0.19777,1.55646
2026-02-26 02:20:00,0.36011,0.16873,0.10024,0.38941,0.20258,1.56887
2026-02-26 03:20:00,0.3655,0.15033,0.04846,0.39698,0.20219,1.53655
2026-02-26 04:20:00,0.37341,0.15725,0.10901,0.39953,0.20279,1.63414
2026-02-26 05:20:00,0.37171,0.16218,0.104,0.3978,0.20584,1.57397
2026-02-26 06:20:00,0.35921,0.15833,0.05009,0.39287,0.21218,1.52848
2026-02-26 07:20:00,0.37043,0.17346,0.07342,0.40242,0.20941,1.59019
2026-02-26 08:20:00,0.35996,0.15798,0.1029,0.3982,0.21897,1.58369
2026-02-26 09:20:00,0.37298,0.16661,0.04576,0.40014,0.22273,1.62753
2026-02-26 10:20:00,0.37176,0.16313,0.05561,0.40628,0.21368,1.62545
2026-02-26 11:20:00,0.36575,0.17574,0.12179,0.39708,0.21076,1.46683
2026-02-26 12:20:00,0.37614,0.16049,0.04066,0.39649,0.21216,1.70191
2026-02-26 13:20:00,0.37227,0.16174,0.04983,0.39719,0.21147,1.42427
2026-02-26 14:20:00,0.38259,0.1582,0.05139,0.40058,0.22076,1.64546
2026-02-26 15:20:00,0.377,0.1641,0.07247,0.39961,0.21871,1.58588
2026-02-26 16:20:00,0.36696,0.16334,0.11022,0.39524,0.21022,1.44727
2026-02-26 17:20:00,0.36089,0.16325,0.11357,0.39143,0.21356,1.43756
2026-02-26 18:20:00,0.36076,0.1515,0.09605,0.39553,0.21261,1.4954
2026-02-26 19:20:00,0.35868,0.16078,0.04438,0.3943,0.21777,1.5554
2026-02-26 20:20:00,0.36757,0.16521,0.1504,0.39523,0.21701,1.57384
2026-02-26 21:20:00,0.36389,0.16201,0.0897,0.39602,0.21591,1.53595
2026-02-26 22:20:00,0.36881,0.17537,0.04728,0.39867,0.21227,1.53758
2026-02-26 23:20:00,0.36273,0.16442,0.07259,0.39335,0.2138,1.43446
2026-02-27 00:20:00,0.3586,0.15978,0.10864,0.39752,0.20649,1.59595
2026-02-27 01:20:00,0.35132,0.15674,0.10167,0.391,0.20214,1.42004
2026-02-27 02:20:00,0.35137,0.15063,0.10121,0.39721,0.20028,1.44703
2026-02-27 03:20:00,0.35978,0.15743,0.07125,0.39535,0.19874,1.44547
2026-02-27 04:20:00,0.35772,0.15292,0.03912,0.39573,0.20542,1.51573
2026-02-27 05:20:00,0.35579,0.16114,0.07597,0.39551,0.19856,1.54141
2026-02-27 06:20:00,0.35623,0.16242,0.06902,0.40004,0.19662,1.56346
2026-02-27 07:20:00,0.36094,0.18505,0.10779,0.40077,0.20252,1.56113
2026-02-27 08:20:00,0.37103,0.16468,0.1004,0.39848,0.20011,1.49387
2026-02-27 09:20:00,0.36166,0.167,0.0823,0.39188,0.201,1.54904
2026-02-27 10:20:00,0.36221,0.162,0.04272,0.39703,0.19667,1.533
2026-02-27 11:20:00,0.36959,0.17503,0.04465,0.40026,0.21538,1.62628
2026-02-27 12:20:00,0.37343,0.15295,0.04318,0.39771,0.2076,1.47567
2026-02-27 13:20:00,0.36672,0.15065,0.04712,0.39777,0.20835,1.51516
2026-02-27 14:20:00,0.36987,0.16599,0.04244,0.39253,0.20973,1.52608
2026-02-27 15:20:00,0.36249,0.16903,0.0512,0.39116,0.2137,1.57424
2026-02-27 16:20:00,0.36849,0.15406,0.04172,0.39541,0.22125,1.55649
2026-02-27 17:20:00,0.36605,0.16126,0.05078,0.39473,0.211,1.577
2026-02-27 18:20:00,0.36623,0.16476,0.04693,0.39832,0.21229,1.5045
2026-02-27 19:20:00,0.36407,0.16698,0.0381,0.39857,0.2165,1.47488
2026-02-27 20:20:00,0.36106,0.1545,0.05192,0.3891,0.21621,1.48064
2026-02-27 21:20:00,0.357,0.14698,0.03812,0.39029,0.21773,1.56087
2026-02-27 22:20:00,0.36155,0.16963,0.03984,0.39386,0.21589,1.42461
2026-02-27 23:20:00,0.36501,0.17134,0.03954,0.39472,0.21644,1.45933
2026-02-28 00:20:00,0.37613,0.15346,0.0455,0.40026,0.21459,1.53408
2026-02-28 01:20:00,0.37243,0.15907,0.04369,0.40265,0.21808,1.54114
2026-02-28 02:20:00,0.36243,0.15156,0.04385,0.39237,0.21855,1.41899
2026-02-28 03:20:00,0.3662,0.17216,0.04833,0.39382,0.22059,1.51811
2026-02-28 04:20:00,0.36617,0.1527,0.04608,0.3922,0.21844,1.50885
2026-02-28 05:20:00,0.36541,0.16509,0.04284,0.39011,0.21721,1.49406
2026-02-28 06:20:00,0.36458,0.15425,0.04962,0.39712,0.2203,1.50826
2026-02-28 07:20:00,0.3629,0.16256,0.04255,0.38951,0.22145,1.63878
2026-02-28 08:20:00,0.35713,0.15986,0.04182,0.39027,0.22388,1.42353
2026-02-28 09:20:00,0.36414,0.15118,0.04623,0.39165,0.2242,1.47968
2026-02-28 10:20:00,0.36406,,0.04133,0.3992,0.22261,1.57375
2026-02-28 11:20:00,0.38174,0.16594,0.0473,0.40011,0.22198,1.58065
2026-02-28 12:20:00,0.3834,0.16286,0.05033,0.39982,0.22313,1.76641
2026-02-28 13:20:00,0.37605,0.15068,0.04693,0.39753,0.22136,1.54337
2026-02-28 14:20:00,0.36728,0.15404,0.04104,0.39132,0.22203,1.51645
2026-02-28 15:20:00,0.36561,0.15098,0.04349,0.39109,0.22569,1.65122
2026-02-28 16:20:00,0.3648,0.15701,0.04162,0.39297,0.23216,1.54271
2026-02-28 17:20:00,0.37176,0.16312,0.04921,0.40249,0.22011,1.64109
2026-02-28 18:20:00,0.36826,0.15481,0.04481,0.39374,0.21511,1.52567
2026-02-28 19:20:00,0.36794,0.15571,0.04317,0.3894,0.22148,1.51791
2026-02-28 20:20:00,0.37552,0.17068,0.05114,0.39908,0.22354,1.60137
2026-02-28 21:20:00,0.37342,0.1502,0.04433,0.39542,0.22106,1.60466
2026-02-28 22:20:00,0.38173,0.16807,0.03887,0.40149,0.22305,1.57343
2026-02-28 23:20:00,0.37143,0.17327,0.03957,0.39887,0.2211,1.51011
2026-03-01 00:20:00,0.37136,0.16477,0.04866,0.39641,0.22276,1.50421
2026-03-01 01:20:00,0.3743,0.15741,0.03825,0.39956,0.22367,1.58703
2026-03-01 02:20:00,0.36833,0.14947,0.04167,0.39498,0.22393,1.52669
2026-03-01 03:20:00,0.37505,0.17146,0.04761,0.39534,0.22207,1.46916
2026-03-01 04:20:00,0.37852,0.15609,0.04215,0.40199,0.22155,1.5608
2026-03-01 05:20:00,0.37941,0.17307,0.04785,0.39666,0.21773,1.54958
2026-03-01 06:20:00,0.36894,0.15405,0.04949,0.39087,0.21597,1.52637
2026-03-01 07:20:00,0.36785,0.15326,0.0441,0.39397,0.21504,1.59124
2026-03-01 08:20:00,0.37319,0.17021,0.04367,0.399,0.22599,1.54378
2026-03-01 09:20:00,0.37939,0.16316,0.03877,0.39718,0.22561,1.64143
2026-03-01 10:20:00,0.37852,0.16585,0.04219,0.39856,0.22539,1.59562
2026-03-01 11:20:00,0.38851,0.17797,0.0396,0.40005,0.22095,1.56336
2026-03-01 12:20:00,0.37838,0.15516,0.04213,0.40172,0.22024,1.57936
2026-03-01 13:20:00,0.38283,0.16286,0.04944,0.39869,0.22027,1.74678
2026-03-01 14:20:00,0.38029,0.16414,0.04244,0.39543,0.22074,1.7254
2026-03-01 15:20:00,0.38553,0.16654,0.04455,0.40371,0.21879,1.53738
2026-03-01 16:20:00,0.38877,0.17977,0.04441,0.40531,0.22003,1.69911
2026-03-01 17:20:00,0.38781,0.16586,0.04274,0.39739,0.20789,1.51293
2026-03-01 18:20:00,0.36449,0.16341,0.04365,0.39532,0.21433,1.54771
2026-03-01 19:20:00,0.37324,0.15829,0.04234,0.39781,0.21542,1.51394
2026-03-01 20:20:00,0.36914,0.16171,0.04591,0.39587,0.21974,1.55629
2026-03-01 21:20:00,0.36429,0.17483,0.0431,0.39641,0.21651,1.67487
2026-03-01 22:20:00,0.36288,0.17326,0.04374,0.39451,0.21174,1.49228
2026-03-01 23:20:00,0.3677,0.15583,0.03435,0.39284,0.21288,1.52109
2026-03-02 00:20:00,0.37505,0.16106,0.04631,0.3976,0.21184,1.64934
2026-03-02 01:20:00,0.36261,0.17696,0.04416,0.39232,0.21202,1.49864
2026-03-02 02:20:00,0.36829,0.16369,0.03874,0.39623,0.21233,1.56565
2026-03-02 03:20:00,0.36619,0.16036,0.03868,0.39661,0.21276,1.51198
2026-03-02 04:20:00,0.36831,0.16807,0.03322,0.39335,0.22131,1.54546
2026-03-02 05:20:00,0.36331,0.16591,0.03222,0.39493,0.227,1.50794
2026-03-02 06:20:00,0.3656,0.16631,0.03455,0.39414,0.23526,1.61976
2026-03-02 07:20:00,0.36132,0.1814,0.03923,0.39684,0.24543,1.57863
2026-03-02 08:20:00,0.36187,0.15657,0.03405,0.39599,0.2486,1.48137
2026-03-02 09:20:00,0.35709,0.18045,0.03611,0.39629,0.24066,1.56246
2026-03-02 10:20:00,0.36423,0.16641,0.0288,0.39691,0.23296,1.44642
2026-03-02 11:20:00,0.36502,0.16043,0.03409,0.39944,0.22903,1.52148
2026-03-02 12:20:00,0.3634,0.16458,0.03413,0.39909,0.2275,1.52905
2026-03-02 13:20:00,0.3574,0.15778,0.03313,0.39386,0.22272,1.54927
2026-03-02 14:20:00,0.36449,0.16577,0.03492,0.39461,0.22005,1.56219
2026-03-02 15:20:00,0.36885,0.15978,0.03469,0.39861,0.22268,1.66663
2026-03-02 16:20:00,0.37736,0.16598,0.03732,0.39692,0.22413,1.61456
2026-03-02 17:20:00,0.37614,0.17009,0.03147,0.39997,0.22291,1.54043
2026-03-02 18:20:00,0.37574,0.15728,0.03544,0.39978,0.21743,1.60703
2026-03-02 19:20:00,0.37683,0.16777,0.0346,0.39717,0.21911,1.64895
2026-03-02 20:20:00,0.37548,0.16349,0.03437,0.4097,0.22925,1.50175
2026-03-02 21:20:00,0.36158,0.16213,0.03358,0.3977,0.22701,1.53502
2026-03-02 22:20:00,0.37735,0.16953,0.03434,0.40799,0.23013,1.57551
2026-03-02 23:20:00,0.36949,0.1713,0.03503,0.40075,0.23053,1.57576
2026-03-03 00:20:00,0.36539,0.16792,0.03312,0.39912,0.234,1.47109
2026-03-03 01:20:00,0.36478,0.16301,0.05068,0.39863,0.22972,1.39961
2026-03-03 02:20:00,0.37963,0.16203,0.03664,0.4059,0.2296,1.58716
2026-03-03 03:20:00,0.37776,0.15862,0.03534,0.4104,0.2371,1.5364
2026-03-03 04:20:00,0.3756,0.17144,0.0384,0.40856,0.24494,1.75043
2026-03-03 05:20:00,0.36522,0.16974,0.0347,0.40842,0.24919,1.50284
2026-03-03 06:20:00,0.37481,0.16287,0.03467,0.415,0.2509,1.56212
2026-03-03 07:20:00,0.37551,0.17258,0.03271,0.40918,0.25168,1.502
2026-03-03 08:20:00,0.37959,0.16042,0.03573,0.41211,0.25632,1.579
2026-03-03 09:20:00,0.37337,0.16731,0.03028,0.4061,0.25437,1.56152
2026-03-03 10:20:00,0.37766,0.1571,0.03991,0.41301,0.25596,1.53273
2026-03-03 11:20:00,0.37676,0.15853,0.03365,0.41408,0.24817,1.5143
2026-03-03 12:20:00,0.38294,0.15102,0.03437,0.41321,0.24466,1.55146
2026-03-03 13:20:00,0.37074,0.15141,0.03401,0.41015,0.23768,1.53385
2026-03-03 14:20:00,0.45833,0.15628,0.03621,0.40641,0.26348,1.60928
2026-03-03 15:20:00,0.43876,0.16804,0.02764,0.41131,0.26198,1.5404
2026-03-03 16:20:00,0.42308,0.15475,0.0255,0.39948,0.2609,1.51498
2026-03-03 17:20:00,0.00604,0.00616,0.00621,0.00516,0.25146,0.01009
2026-03-03 18:20:00,0.00388,0.00481,0.00295,0.0029,0.2551,0.00482
2026-03-03 19:20:00,0.28912,0.13844,0.02117,0.32163,0.25593,0.96903
2026-03-03 20:20:00,0.27396,0.14701,0.02328,0.39571,0.26232,1.16245
2026-03-03 21:20:00,0.26776,0.15074,0.02043,0.43032,0.26239,1.19715
2026-03-03 22:20:00,0.27208,0.16368,0.0211,0.41829,0.26496,1.19812
2026-03-03 23:20:00,0.26709,0.1578,0.01877,0.40999,0.26832,1.2667
2026-03-04 00:20:00,0.26722,0.14307,0.02096,0.42889,0.27528,1.19572
2026-03-04 01:20:00,0.26353,0.13615,0.02303,0.4265,0.27536,1.17499
2026-03-04 02:20:00,0.25961,0.15577,0.02291,0.42656,0.27695,1.19749
2026-03-04 03:20:00,0.25399,0.15034,0.01883,0.42523,0.27678,1.07057
2026-03-04 04:20:00,0.26353,0.18437,0.02128,0.42384,0.27989,1.1257
2026-03-04 05:20:00,0.24973,0.14277,0.019,0.43067,0.27822,1.09827
2026-03-04 06:20:00,0.25669,0.13118,0.0196,0.43134,0.27685,1.06477
2026-03-04 07:20:00,0.23878,0.12801,0.02374,0.43565,0.27746,0.99816
2026-03-04 08:20:00,0.00409,0.00556,0.00319,0.00331,0.27833,0.00598
2026-03-04 09:20:00,0.00406,0.00481,0.00285,0.00304,0.30638,0.00741
2026-03-04 10:20:00,0.00433,0.00564,0.00637,0.00309,0.30336,0.00523
2026-03-04 11:20:00,0.0044,0.00287,0.00854,0.00325,0.30718,0.00649
2026-03-04 12:20:00,0.00465,0.00329,0.00425,0.00367,0.3005,0.00599
2026-03-09 23:32:14,0.05832,0.75491,0.02187,0.39196,0.31657,1.41322
2026-03-10 00:20:00,0.05982,0.77187,0.0259,0.39814,0.27677,1.5815
2026-03-10 01:20:00,0.05736,0.74643,0.02343,0.3928,0.27407,1.56387
2026-03-10 02:20:00,0.05764,0.73401,0.02476,0.40192,0.26959,1.51267
2026-03-10 03:20:00,0.05702,0.69723,0.02155,0.39999,0.26803,1.50168
2026-03-10 04:20:00,0.0568,0.7066,0.02716,0.39214,0.26957,1.51343
2026-03-10 05:20:00,0.05411,0.7101,0.02749,0.39513,0.27293,1.49929
2026-03-10 06:20:00,0.05541,0.74959,0.02425,0.39961,0.27403,1.47618
2026-03-10 07:20:00,0.06183,0.76893,0.02363,0.39649,0.27412,1.55235
2026-03-10 08:20:00,0.05686,0.82863,0.02226,0.3965,0.2831,1.3942
2026-03-10 09:20:00,0.05901,0.81648,0.02283,0.4009,0.27679,1.5583
2026-03-10 10:20:00,0.05757,0.76125,0.02447,0.39945,0.27614,1.48412
2026-03-10 11:20:00,0.0587,0.67486,0.02212,0.39225,0.27654,1.49808
2026-03-10 12:20:00,0.05859,0.67198,0.02401,0.39481,0.28063,1.64362
2026-03-10 13:20:00,0.0537,0.64092,0.0231,0.39998,0.27828,1.46262
2026-03-10 14:20:00,0.05673,0.65144,0.02604,0.39873,0.30226,1.58583
2026-03-10 15:20:00,0.05724,0.74277,0.02516,0.39827,0.2798,1.47734
2026-03-10 16:20:00,0.05339,0.7285,0.02189,0.39616,0.27456,1.52281
2026-03-10 17:20:00,0.05852,0.7498,0.02342,0.39723,0.26892,1.54527
2026-03-10 18:20:00,0.05877,0.84113,0.02312,0.39369,0.27346,1.45213
2026-03-10 19:20:00,0.06356,0.82918,0.02433,0.39889,0.27088,1.55641
2026-03-10 20:20:00,0.06216,0.84473,0.02668,0.39929,0.27455,1.6137
2026-03-10 21:20:00,0.06049,0.8714,0.02644,0.40045,0.27336,1.62706
2026-03-10 22:20:00,0.05573,0.84898,0.02472,0.39955,0.27485,1.49819
2026-03-10 23:20:00,0.06429,0.83986,0.0228,0.4006,0.27332,1.60059
2026-03-11 00:20:00,0.05773,0.80752,0.0255,0.3971,0.27441,1.51768
2026-03-11 01:20:00,0.05811,0.81552,0.02774,0.39852,0.27959,1.66722
2026-03-11 02:20:00,0.06458,0.78213,0.0235,0.39394,0.283,1.5241
2026-03-11 03:20:00,0.05992,0.74359,0.02389,0.40006,0.28055,1.52512
2026-03-11 04:20:00,0.06229,0.74273,0.0237,0.39874,0.2808,1.44646
2026-03-11 05:20:00,0.05383,0.73164,0.02413,0.40407,0.28224,1.49912
2026-03-11 06:20:00,0.0579,0.72591,0.02403,0.40056,0.28238,1.58309
2026-03-11 07:20:00,0.05813,0.69789,0.02408,0.39701,0.28321,1.47667
2026-03-11 08:20:00,0.0601,0.70262,0.02396,0.40396,0.29745,1.68696
2026-03-11 09:20:00,0.05622,0.69591,0.0259,0.4032,0.29398,1.59238
2026-03-11 10:20:00,0.06335,0.58999,0.02409,0.40013,0.29766,1.52784
2026-03-11 11:20:00,0.05755,0.50977,0.02286,0.40326,0.294,1.58447
2026-03-11 12:20:00,0.06184,0.5787,0.02741,0.39935,0.30104,1.56595
2026-03-11 13:20:00,0.05731,0.62252,0.02407,0.40026,0.29547,1.55431
2026-03-11 14:20:00,0.05772,0.63373,0.02465,0.3966,0.29454,1.59641
2026-03-11 15:20:00,0.06232,0.5767,0.02781,0.40031,0.29968,1.61456
2026-03-11 16:20:00,0.06699,0.57186,0.02672,0.39876,0.29266,1.5544
2026-03-11 17:20:00,0.06409,0.57628,0.02627,0.39626,0.27147,1.55916
2026-03-11 18:20:00,0.06164,0.63185,0.02604,0.39828,0.27699,1.5613
2026-03-11 19:20:00,0.06373,0.72452,0.02623,0.39879,0.27578,1.65445
2026-03-11 20:20:00,0.06397,0.83238,0.02846,0.40115,0.27741,1.60945
2026-03-11 21:20:00,0.0648,0.82969,0.02753,0.3971,0.27885,1.57844
2026-03-11 22:20:00,0.06326,0.82983,0.02645,0.39324,0.27885,1.43449
2026-03-11 23:20:00,0.06332,0.84855,0.0271,0.40337,0.27519,1.53166
2026-03-12 00:20:00,0.06505,0.81306,0.02391,0.39392,0.27604,1.5802
2026-03-12 01:20:00,0.06574,0.79334,0.02328,0.39278,0.27907,1.51974
2026-03-12 02:20:00,0.0664,0.78345,0.02402,0.39533,0.27776,1.51253
2026-03-12 03:20:00,0.06426,0.75463,0.02409,0.39941,0.27842,1.51057
2026-03-12 04:20:00,0.06595,0.74494,0.02406,0.39493,0.2765,1.54062
2026-03-12 05:20:00,0.06851,0.72529,0.02194,0.39943,0.28066,1.57262
2026-03-12 06:20:00,0.06487,0.70601,0.02497,0.40258,0.28159,1.56974
2026-03-12 07:20:00,0.06479,0.68707,0.02637,0.39884,0.28592,1.58573
2026-03-12 08:20:00,0.06671,0.69839,0.02475,0.40042,0.30031,1.548
2026-03-12 09:48:46,0.0613,0.69273,0.02376,0.39641,0.3245,1.55521
2026-03-12 10:20:00,0.0594,0.57609,0.02172,0.39624,0.29191,1.47327
2026-03-12 11:20:00,0.06841,0.61831,0.02331,0.39074,0.27838,1.45709
2026-03-12 11:47:11,0.06442,0.689,0.02923,0.39381,0.28527,1.55119
2026-03-12 12:03:57,0.06434,0.7336,0.02641,0.40219,0.28735,1.62305
2026-03-12 13:20:00,0.0623,0.77395,0.02508,0.40363,0.26542,1.54926
2026-03-12 14:20:00,0.0607,0.80687,0.0237,0.40425,0.26866,1.51607
2026-03-12 15:20:00,0.06119,0.74449,0.02362,0.40218,0.26763,1.52621
2026-03-12 16:20:00,0.06877,0.75297,0.02491,0.40317,0.27201,1.57645
2026-03-12 17:20:00,0.0651,0.67038,0.02357,0.39547,0.25455,1.42947
2026-03-12 18:20:00,0.06329,0.64763,0.02445,0.39736,0.27459,1.54593
2026-03-12 19:20:00,0.06295,0.65812,0.02339,0.40146,0.26045,1.62376
2026-03-12 20:20:00,0.06411,0.66731,0.02313,0.39809,0.26254,1.55677
2026-03-12 21:20:00,0.06749,0.6651,0.02703,0.4019,0.26206,1.58262
2026-03-12 22:20:00,0.06836,0.57882,0.02449,0.3958,0.25511,1.54385
2026-03-12 23:20:00,0.06467,0.56981,0.02264,0.3953,0.25399,1.49216
2026-03-13 00:20:00,0.06674,0.63204,0.02809,0.39855,0.25903,1.65911
2026-03-13 01:20:00,0.0657,0.6228,0.02528,0.39924,0.26145,1.54108
2026-03-13 02:20:00,0.06494,0.59108,0.02543,0.39899,0.25793,1.54845
2026-03-13 03:20:00,0.07605,0.57055,0.02598,0.40265,0.25699,1.54458
2026-03-13 04:20:00,0.06616,0.55134,0.02483,0.39907,0.25752,1.46979
2026-03-13 05:20:00,0.06548,0.54372,0.02717,0.40104,0.25752,1.59008
2026-03-13 06:20:00,0.06168,0.54567,0.02779,0.40231,0.25797,1.52076
2026-03-13 07:20:00,0.06427,0.53035,0.02683,0.39998,0.25905,1.54184
2026-03-13 08:20:00,0.06474,0.528,0.02695,0.39618,0.27302,1.57558
2026-03-13 09:20:00,0.06601,0.49847,0.02497,0.39912,0.27125,1.54172
2026-03-13 09:58:22,0.06628,0.48235,0.02307,0.40168,0.28054,1.60244
2026-03-13 10:20:00,0.06095,0.48292,0.02703,0.40245,0.27542,1.65094
2026-03-13 11:20:00,0.07093,0.48072,0.02728,0.40296,0.26594,1.58942
2026-03-13 12:20:00,0.06802,0.47455,0.02449,0.39465,0.26865,1.63948
2026-03-13 13:20:00,0.06962,0.47502,0.02475,0.40087,0.26784,1.58489
2026-03-13 14:20:00,0.0644,0.46596,0.02386,0.4022,0.2688,1.51363
2026-03-13 15:20:00,0.06659,0.4607,0.02264,0.39058,0.26687,1.5248
2026-03-13 16:20:00,0.06693,0.4873,0.02654,0.40427,0.26714,1.55926
2026-03-13 17:20:00,0.07267,0.48046,0.02521,0.39638,0.25147,1.52845
2026-03-13 18:20:00,0.06434,0.50709,0.02517,0.39722,0.255,1.51476
2026-03-13 19:20:00,0.06477,0.55557,0.02816,0.39451,0.25785,1.46886
2026-03-13 20:20:00,0.05981,0.58468,0.02416,0.39817,0.25773,1.64286
2026-03-13 21:20:00,0.06507,0.61531,0.02395,0.39681,0.25986,1.52458
2026-03-13 22:20:00,0.06198,0.65673,0.02648,0.40346,0.25986,1.54484
2026-03-13 23:20:00,0.06065,0.63127,0.02381,0.39938,0.26125,1.53384
2026-03-14 00:20:00,0.06314,0.58877,0.02409,0.39813,0.25829,1.51943
2026-03-14 01:20:00,0.05852,0.56597,0.0277,0.40574,0.26006,1.48915
2026-03-14 02:20:00,0.06429,0.57438,0.02485,0.39887,0.25943,1.526
2026-03-14 03:20:00,0.06045,0.57583,0.02706,0.39252,0.26082,1.55075
2026-03-14 04:20:00,0.06472,0.52647,0.02558,0.39547,0.26012,1.55126
2026-03-14 05:20:00,0.0661,0.56765,0.02554,0.40274,0.26045,1.69566
2026-03-14 06:20:00,0.05707,0.53973,0.02175,0.40078,0.26125,1.47437
2026-03-14 07:20:00,0.0611,0.51526,0.02342,0.40072,0.26202,1.6886
2026-03-14 08:20:00,0.06117,0.5351,0.0254,0.39743,0.28067,1.65964
2026-03-14 09:20:00,0.06233,0.53392,0.02637,0.40119,0.28189,1.59065
2026-03-14 10:20:00,0.05697,0.52274,0.02542,0.40151,0.28377,1.49229
2026-03-14 11:20:00,0.06507,0.53198,0.0236,0.40019,0.28173,1.57285
2026-03-14 12:20:00,0.05755,0.52792,0.02242,0.40133,0.27432,1.54004
2026-03-14 13:20:00,0.06018,0.53961,0.02638,0.39924,0.28044,1.58118
2026-03-14 14:20:00,0.0578,0.57058,0.02164,0.39939,0.27643,1.54859
2026-03-14 15:20:00,0.05824,0.59638,0.02622,0.40381,0.28119,1.48115
2026-03-14 16:20:00,0.06201,0.58802,0.02793,0.39783,0.2559,1.56945
2026-03-14 17:20:00,0.06258,0.5988,0.02398,0.40589,0.25369,1.60468
2026-03-14 18:20:00,0.05637,0.63951,0.02475,0.40255,0.25615,1.48054
2026-03-14 19:20:00,0.06971,0.71416,0.02874,0.40426,0.26101,1.56919
2026-03-14 20:20:00,0.0645,0.73288,0.02545,0.39955,0.26225,1.5101
2026-03-14 21:20:00,0.05647,0.7377,0.02533,0.3983,0.26439,1.46749
2026-03-14 22:20:00,0.06103,0.73657,0.02471,0.40214,0.26292,1.50381
2026-03-14 23:20:00,0.06707,0.69802,0.02607,0.40147,0.26225,1.547
2026-03-15 00:20:00,0.06538,0.64895,0.02525,0.40077,0.26075,1.57161
2026-03-15 01:20:00,0.06574,0.58848,0.02229,0.39641,0.26281,1.56286
2026-03-15 02:20:00,0.05905,0.64283,0.02326,0.39741,0.26303,1.5154
2026-03-15 03:20:00,0.06376,0.66209,0.02402,0.40368,0.26196,1.65866
2026-03-15 04:20:00,0.05806,0.70139,0.02264,0.40112,0.26509,1.50949
2026-03-15 05:20:00,0.067,0.74572,0.026,0.39892,0.26612,1.57201
2026-03-15 06:20:00,0.06287,0.72767,0.0272,0.40091,0.26759,1.60372
2026-03-15 07:20:00,0.06207,0.71585,0.02381,0.397,0.27327,1.49786
2026-03-15 08:20:00,0.06008,0.71031,0.02216,0.39867,0.27463,1.49694
2026-03-15 09:20:00,0.06324,0.63074,0.02618,0.40672,0.27171,1.6633
2026-03-15 10:20:00,0.05972,0.48899,0.02454,0.40105,0.25763,1.58274
2026-03-15 11:20:00,0.05702,0.63723,0.02395,0.4033,0.25116,1.5878
2026-03-15 12:20:00,0.06424,0.65125,0.02483,0.39735,0.24729,1.59655
2026-03-15 13:20:00,0.06194,0.59922,0.02307,0.39413,0.24775,1.48337
2026-03-15 14:20:00,0.06066,0.53165,0.02425,0.39382,0.24809,1.48744
2026-03-15 15:20:00,0.06251,0.4892,0.0221,0.399,0.26821,1.49331
2026-03-15 16:20:00,0.06422,0.52112,0.02322,0.40031,0.27361,1.70749
2026-03-15 17:20:00,0.06739,0.54351,0.02465,0.39375,0.26118,1.52474
2026-03-15 18:20:00,0.06775,0.54812,0.0253,0.40082,0.25855,1.59368
2026-03-15 19:20:00,0.0607,0.64095,0.02357,0.39884,0.26804,1.69844
2026-03-15 20:20:00,0.06081,0.67148,0.02365,0.39583,0.26857,1.55362
2026-03-15 21:20:00,0.06646,0.66688,0.0244,0.39344,0.26452,1.56868
2026-03-15 22:20:00,0.05944,0.69964,0.02343,0.39932,0.27007,1.55264
2026-03-15 23:20:00,0.0684,0.69399,0.02473,0.39947,0.27135,1.50818
2026-03-16 00:20:00,0.06625,0.68812,0.0259,0.40158,0.27902,1.55735
2026-03-16 01:20:00,0.06352,0.66678,0.02301,0.39873,0.27878,1.38082
2026-03-16 02:20:00,0.071,0.7042,0.02672,0.40259,0.27947,1.53823
2026-03-16 03:20:00,0.06465,0.67764,0.02348,0.40587,0.27723,1.46925
2026-03-16 04:20:00,0.06335,0.68236,0.027,0.40444,0.27962,1.47155
2026-03-16 05:20:00,0.06582,0.71077,0.02792,0.40344,0.28144,1.72909
2026-03-16 06:20:00,0.06521,0.66085,0.02709,0.39901,0.28169,1.50261
2026-03-16 07:20:00,0.06938,0.691,0.02478,0.40734,0.28087,1.48057
2026-03-16 08:20:00,0.06733,0.68921,0.02836,0.40311,0.28667,1.56773
2026-03-16 09:20:00,0.06062,0.59596,0.02612,0.40278,0.28673,1.55945
2026-03-16 10:20:00,0.06094,0.58894,0.02575,0.4018,0.27905,1.62611
2026-03-16 10:39:30,0.06784,0.65521,0.02454,0.40555,0.28616,1.56044
2026-03-16 11:20:00,0.06741,0.713,0.0264,0.39805,0.27015,1.58671
2026-03-16 12:20:00,0.06622,0.75072,0.02436,0.3948,0.24576,1.60809
2026-03-16 13:20:00,0.06689,0.83213,0.02207,0.39773,0.27666,1.46243
2026-03-16 14:03:24,0.0615,0.78681,0.0236,0.40002,0.27714,1.44975
2026-03-16 15:20:00,0.06888,0.78786,0.02245,0.39454,0.27826,1.52455
2026-03-16 16:20:00,0.06898,0.66449,0.0223,0.39099,0.27179,1.39989
2026-03-16 17:20:00,0.06286,0.65656,0.02196,0.39533,0.24373,1.45628
2026-03-16 18:20:00,0.06979,0.57799,0.02395,0.39668,0.25159,1.52992
2026-03-16 19:20:00,0.07436,0.59041,0.02518,0.39895,0.25557,1.49716
2026-03-16 20:20:00,0.06718,0.62396,0.02156,0.39655,0.25913,1.50422
2026-03-16 21:20:00,0.06502,0.66052,0.02192,0.39433,0.25945,1.47732
2026-03-16 22:20:00,0.06341,0.76261,0.02476,0.39617,0.26601,1.58752
2026-03-16 23:20:00,0.06769,0.75712,0.02382,0.39691,0.2724,1.66979
2026-03-17 00:20:00,0.05972,0.76956,0.02097,0.40347,0.27948,1.52333
2026-03-17 01:20:00,0.06241,0.74341,0.02379,0.40584,0.28473,1.47079
2026-03-17 02:20:00,0.06493,0.72877,0.0255,0.40789,0.28869,1.54666
2026-03-17 03:20:00,0.05667,0.70668,0.02249,0.40495,0.29214,1.46754
2026-03-17 04:20:00,0.06023,0.72885,0.02384,0.40531,0.28909,1.60943
2026-03-17 05:20:00,0.06235,0.72186,0.02428,0.40598,0.28982,1.54939
2026-03-17 06:20:00,0.06623,0.71848,0.02623,0.40033,0.28783,1.50031
2026-03-17 07:20:00,0.07018,0.75225,0.02364,0.40248,0.28285,1.53261
2026-03-17 08:20:00,0.06583,0.70115,0.02492,0.39443,0.28438,1.42942
2026-03-17 09:20:00,0.06253,0.6983,0.02276,0.39907,0.28454,1.51247
2026-03-17 10:20:00,0.05255,0.52315,0.02129,0.3988,0.27494,1.46031
2026-03-17 11:20:00,0.06312,0.69466,0.02743,0.39915,0.27114,1.56766
2026-03-17 12:11:27,0.05986,0.65848,0.0221,0.39271,0.27301,1.53415
2026-03-17 13:20:00,0.06139,0.53841,0.02306,0.39898,0.26966,1.62955
2026-03-17 14:20:00,0.05859,0.50251,0.02596,0.39961,0.26911,1.58429
2026-03-17 15:20:00,0.05856,0.57298,0.02417,0.39987,0.26533,1.48801
2026-03-17 16:20:00,0.06191,0.65985,0.02523,0.40116,0.26155,1.56047
2026-03-17 17:20:00,0.06021,0.49857,0.02455,0.40023,0.25397,1.51201
2026-03-17 18:20:00,0.06102,0.51978,0.02289,0.39542,0.25373,1.59233
2026-03-17 19:20:00,0.06709,0.52453,0.02495,0.39614,0.25487,1.5218
2026-03-17 20:20:00,0.05419,0.51181,0.02117,0.39657,0.25714,1.41231
2026-03-17 21:20:00,0.05787,0.67407,0.02357,0.39974,0.25716,1.50726
2026-03-17 22:20:00,0.06241,0.64943,0.02518,0.39696,0.2624,1.50931
2026-03-17 23:20:00,0.06287,0.64606,0.02376,0.39531,0.26949,1.55075
2026-03-17 23:55:26,0.0636,0.64235,0.02341,0.40264,0.29952,1.59797
2026-03-18 00:20:00,0.06461,0.6216,0.02228,0.40465,0.28144,1.49787
2026-03-18 01:20:00,0.06876,0.55281,0.02372,0.40439,0.27353,1.56099
2026-03-18 02:20:00,0.06613,0.62883,0.02558,0.40376,0.27698,1.44145
2026-03-18 03:20:00,0.06846,0.71722,0.02561,0.40374,0.28169,1.56779
2026-03-18 04:20:00,0.06834,0.69952,0.02646,0.40474,0.28457,1.49291
2026-03-18 05:20:00,0.06023,0.73461,0.02302,0.40918,0.2862,1.50629
2026-03-18 06:20:00,0.06226,0.7191,0.02629,0.41043,0.28488,1.56807
2026-03-18 07:20:00,0.05571,0.68374,0.02425,0.40646,0.28647,1.45912
2026-03-18 08:20:00,0.06591,0.71301,0.02646,0.4027,0.28779,1.49818
2026-03-18 09:20:00,0.05999,0.48937,0.02406,0.40285,0.27901,1.61787
2026-03-18 10:20:00,0.06428,0.72157,0.02435,0.40874,0.30138,1.53532
2026-03-18 10:29:26,0.06347,0.69499,0.02187,0.40903,0.27036,1.43343
2026-03-18 11:20:00,0.0634,0.96644,0.02157,0.40845,0.26978,1.51631
2026-03-18 12:20:00,0.05277,1.11945,0.02407,0.40938,0.25761,1.48001
2026-03-18 13:20:00,0.0532,1.08602,0.02683,0.39898,0.26568,1.5638
2026-03-18 14:07:01,0.06185,1.00875,0.0279,0.39557,0.27015,1.56557
2026-03-18 14:11:54,0.06179,1.03458,0.02485,0.39694,0.26961,1.63453
2026-03-18 14:13:50,0.05501,1.03461,0.0242,0.40402,0.27207,1.61604
2026-03-18 14:22:18,0.05225,0.99543,0.02466,0.39848,0.27596,1.54312
2026-03-18 14:32:52,0.05873,0.96078,0.04241,0.39974,0.27301,1.57089
